B025-008	architecture/manifests-and-refs	`commitRefChunk` builds and applies a COW candidate before the ref-log PUT, so allocation failures occur before durability; the candidate is not materialized before the PUT because its shared COW base would force an O(n) rebuild per chunk.
B025-011	architecture/manifests-and-refs	The unresolved ref-log wedge is preconstructed before the PUT so its exact `{id, key, bytes}` can be moved into runtime state without allocation after an ambiguous outcome.
B027-015	architecture/manifests-and-refs	A complete catalog GET is treated as an atomic object-version cut, whereas a paginated LIST stitches separately fetched pages and is not an atomic universe observation; downstream protocol can close staleness after a cut, but cannot recover a namespace omitted from the universe listing.
B027-027	architecture/manifests-and-refs	The ref fold has one pure `buildRefWalkPlan(catalog_cut, inputs)` producer; it creates rows only for catalog `Live` or `Removing` entries, freezes the admitted key set and evidence, and supplies the same plan to DEFER, frontier, fold, and successor publication.
B030-036	architecture/manifests-and-refs	`prepareRefChunk(state, id, chain_link, ops, admitted_generation)` is a backend-free pure preparation function that produces the candidate `RefTableState`, candidate base id, `RefLogTxn`, canonical key, sealed bytes, complete wedge, and optional birth `_ckpt` contribution before the first durable effect.
B031-020	architecture/manifests-and-refs	The mandatory catalog design treats an absent or undecodable `cas/ref_catalog` after pool initialization as `CORRUPTED_DATA` and stops creation, removal, and GC instead of interpreting it as a virgin empty catalog.
B031-027	architecture/manifests-and-refs	The catalog remains the authoritative namespace universe because a single token-CAS `GET` supplies one complete object-version cut, whereas stitched paginated `LIST` results need not represent any namespace set at one instant.
B031-030	architecture/manifests-and-refs	`CasRefCatalog` should own namespace lifecycle decisions through typed operations such as `lookup`, `liveAndRemoving`, `ensureLive`, and `beginRemoval`, rather than exposing raw catalog rows to callers.
B034-068	architecture/manifests-and-refs	The per-namespace `RootShardManifest` model and `Store::shardOf` were replaced by per-table snapshot-plus-log state; root-shard-axis backlog items are obsolete.
B034-112	architecture/manifests-and-refs	`CasRefCatalog::resolveLifeOrSentinel` should return `std::optional<NamespaceLifeId>` rather than a plausible sentinel fallback so every caller must explicitly handle an unknown catalog life.
B034-113	architecture/manifests-and-refs	GC, fsck, decommission, probe, and rebuild paths must resolve namespace life once per run and thread that result instead of repeatedly re-deriving it from independent mechanisms.
B035-034	architecture/manifests-and-refs	The promote-over-committed fix fails closed with `ABORTED` when `refs[final_ref_name]` names a different committed manifest, while `ContentAddressedTransaction::republishRef` is idempotent for a destination with the same path-sorted entries and throws `ABORTED` for different content.
B035-047	architecture/manifests-and-refs	The incremental `admits()` fix maintains byte-exact body-size counters in `RefTableState` through `applyOpInPlace`, making a K-operation flush O(K) instead of O(K×N); measurements became approximately 1.8–1.9 microseconds across N=100 through N=100,000.
B037-036	architecture/manifests-and-refs	The pre-fold plan carries opaque life ids separately from catalog lifecycle states and carries the fresh cut's complete catalog token/value into ref-plan intake without importing fold lifecycle from `CaRefDeltaIntakeCore`.
B039-045	architecture/manifests-and-refs	V1 models a committed folder identity as `PartRefKey` equal to `RootNamespace` plus `ref_name`.
B039-054	architecture/manifests-and-refs	The final committed owner mutation may use `Cas::Build` for staging, blob upload, evidence adoption, and precommit, but the mutation itself must go through the facade.
B039-125	architecture/manifests-and-refs	The most pervasive repeated identity bundle is `(Cas::RootNamespace ns, std::string ref)`, which is a candidate for a `RefId` value object.
B040-019	architecture/manifests-and-refs	Recovery must install the exact last-seal identifier into the writer runtime, and commitRefChunk must copy it into every ordinary non-genesis sequence-1 transaction
B040-023	architecture/manifests-and-refs	CasRefLedger::trySnapshotPublishOnce must invoke the shared publishCkpt helper after the snapshot body is durable and before treating the snapshot as cleanup-authoritative
B040-048	architecture/manifests-and-refs	A brand-new namespace first born at global writer epoch E > 1 must start recovery at its life_epoch and be tested through its first transition
B041-009	architecture/manifests-and-refs	A dedicated slot-occupy primitive should return Created, Occupied(GetResult), or Unresolved, preserve occupant bytes and token, decode an occupied RefLogTxn or EpochSeal, and terminate immediately when it adopts a seal.
B041-017	architecture/manifests-and-refs	Concurrent _ckpt publishers must use a read/decode/merge/CAS loop that takes the semantic maximum of pointer fields and preserves unrelated fields.
B041-031	architecture/manifests-and-refs	The _cleanup removal order must be changed only after incarnation-qualified catalog/key APIs and the PartWriteTxn rebirth gate are landed, and _ckpt must receive a singleton strict-key classification or a separately excluded prefix.
B041-070	architecture/manifests-and-refs	The selected CAS ref design uses one exact-readable pool catalog, one fixed mutable head per namespace, immutable predecessor-linked transaction nodes, and a head CAS as the transaction commit point; LIST discovers garbage candidates only.
B042-042	architecture/manifests-and-refs	The proposed LIST-completeness direction is an authoritative per-namespace CHAIN plus a complete-cut gate: a record whose predecessor link is unaccounted for cannot be passed by a round's seal.
B043-014	architecture/manifests-and-refs	Namespace discovery does not use a persistent `gc/registry`; each namespace has a durable monotone never-reused `incarnation`, and the pool has a global GC `round`, because both coordinates are required to prevent newborn and ABA errors.
B043-018	architecture/manifests-and-refs	Refs use a writer-owned immutable snapshot plus an append-only log with strictly increasing ids, and a per-table `CasSingleWriterSlot` makes intra-server append conflicts structurally impossible.
B043-036	architecture/manifests-and-refs	Ref-log ids are dense `1..T` within `(namespace, epoch)`, derived from the table's `greatest_applied`; an id can be reused only when no attempt was sent or every sent attempt has conclusive rejection.
B043-038	architecture/manifests-and-refs	The per-life `_ckpt` object carries `committed_through`, the exact acknowledged frontier, plus the checkpoint-snapshot pointer and seal chain; append order is log PUT, `_ckpt` CAS, then acknowledgement.
B043-039	architecture/manifests-and-refs	The namespace catalog is a token-CAS universe read as a cut; opaque 128-bit life ids in every key make removed-life debris inert and avoid physical-emptiness proofs for removal.
B043-041	architecture/manifests-and-refs	Recovery is authority-based: catalog cut, exact `_ckpt`, validated snapshot triple, and finite arithmetic replay ending exactly at `committed_through`; it does not use a stream LIST as a recovery hint.
B049-003	architecture/manifests-and-refs	The catalog lifecycle reconciler performs no hot ref `LIST`, ref walk, fold, seal publication, `gc/state` mutation, runtime invalidation, or physical deletion.
B049-053	architecture/manifests-and-refs	The consumer boundary carries only `{catalog_token, entry, plan_has_life}` and does not reproduce parent adoption, lease takeover, ambiguity resolution, rescan, `DEFER`, or `REBUILD` policy.
B051-054	architecture/manifests-and-refs	The `moveDirectory` CAS path published a freshly written part to its final ref outside the `data_parts` lock; after the refactoring, `moveDirectory` becomes a pure staging re-key and `rename_published_refs` is removed.
B051-068	architecture/manifests-and-refs	Content-addressed object storage must use a real deferred transaction rather than `use_fake_transaction`, because per-file autocommit has no commit point for manifest and ref publication.
B051-102	architecture/manifests-and-refs	The two-phase transaction contract adds `IDiskTransaction::precommit()` with a no-op default; CAS `precommit` performs the entire publish from the overlay through `precommitAdd`, missing-blob upload, and promotion, while `commit` materializes durable intent and implies `precommit` when needed.
B051-105	architecture/manifests-and-refs	After eager re-keying and precommit-owned publication, `moveDirectory` no longer publishes and the CAS-internal `rename_published_refs` machinery is removed.
AUDIT-M-059	architecture/manifests-and-refs	`admits` was deliberately left as a scratch-copy preview rather than converted to in-place apply, because its only production call site (`item_scratch`, a detached local) copies an O(batch) overlay, not an O(N) one, so making it in-place would add complexity for no measured win.
AUDIT-M2-100	architecture/manifests-and-refs	`repointRef`'s routine-repoint log level was downgraded from `WARNING` to `LOG_DEBUG` because, post-all-tree, a standalone write/remove on an already-committed part is the designed mechanism (not an anomaly); the `!resolved` branch, covering a BACKLOG-tracked repointRef non-resolving-key audit gap and currently unreachable, stays at `WARNING`.
AUDIT-M2-159	architecture/manifests-and-refs	CAS's `RefLaneState` (`Ready`, `Writing`, `Wedged`, `NeedsRecovery`, `Closed`, `Faulted`) replaces the earlier nested apply-marker/durable-floor/wedge encoding because that encoding COMPOSED independent decisions rather than selecting among alternatives, so a TLA+ exhaustiveness argument built as a product of those dimensions bounded nothing — the same reasoning defect (a dimension computed from another) independently recurred in an unrelated C++ chain-link invariant sweep.
AUDIT-M2-175	architecture/manifests-and-refs	Round-1 remedy disposition verdicts for the ref-chain recovery redesign (from the round-2 review): seal high-water adoption sound but void precedence unusable without authoritative interval discovery (REFUTE in part); monotone rebirth sound but permanent per-fold-seal tombstone embedding rejected (REFUTE); zero `sealed_from` alone cannot encode a never-born namespace (REFUTE); pin only recovery seals, not every snapshot above cursor (REFUTE the broader pin); shared intake primitive upheld but non-cut-scoped B1/B2 accounting rejected (REFUTE); mutator inventory upheld but restart without a sticky required-coverage floor rejected (REFUTE); fsck `unchecked` principle upheld but must be whole-run without a universe/quiescence proof; "may refuse after exceeding" pending-liveness bound rejected (REFUTE) as not a bound; ID hygiene UPHELD provided allocation uses a saturating atomic CAS that never wraps the shared counter.
AUDIT-M2-238	architecture/manifests-and-refs	D10: ref-key validation exists on both the encode side and decode side (`CasRefLogCodec`/`CasRefSnapshotCodec` plus `applyRefLogTxn` preconditions) as intentional defense-in-depth, not duplication to remove — decode-side validation is what pins forged-input rejection and tests rely on it.
AUDIT-M2-273	architecture/manifests-and-refs	The controller's Task 5 removal design gives the smallest catalog state set as `Creating`, `Live`, `Removing`, `Retired` (four persisted states), where `Absent` is a lookup result rather than a persisted state, and `Decommissioning` is deliberately excluded as a namespace state — it is a server-root administrative mode that drives affected namespaces through the same four-state transitions rather than a fifth catalog state.
AUDIT-M2-277	architecture/manifests-and-refs	CAS should forbid the `Ordinary` database engine outright — its UUID-less `data/<db>/<tbl>` layout keeps a table's RootNamespace stable across drop-and-recreate, defeating the incarnation model — but this alone is insufficient: `ATTACH TABLE ... UUID '<same>'`, explicit-UUID `CREATE TABLE`, replicated-database DDL requiring UUID reuse, and shadow/backup namespace reuse (`FREEZE ... WITH NAME`) remain reachable exact-namespace-reuse routes that a forbid-Ordinary-only policy does not close.
AUDIT-M2-278	architecture/manifests-and-refs	STAGE B VERDICT (round 2, both reviewers converged): keep the namespace incarnation (option 2) rather than switching to permanent RootNamespace non-reuse or an outside-catalog retirement marker. Permanent non-reuse fails because shadow namespaces are reusable by construction and explicit-UUID attach/replicated-recovery reuse are supported workflows; a permanent `Retired` catalog state is the right shape only if retirement is wanted at all, but costs unbounded O(historical-namespaces) growth on the catalog, which is already a measured write hot spot (137/250 timeout lines).
AUDIT-M2-279	architecture/manifests-and-refs	With the incarnation kept, no namespace retirement bookkeeping is needed at all: removal ends in catalog entry deletion, debris becomes inert by foreign incarnation prefix, and the catalog stays O(active namespaces). The existing `_cleanup` marker that gates same-namespace recreation is identified as a Stage-A physical-empty vestige that the incarnation makes unnecessary and should be deleted, not carried into the new removal design.
B003-007	architecture/manifests-and-refs	The explicit namespace registry was removed by `644eb7c6ade`; namespace discovery now uses `LIST(cas/refs/)`.
B015-039	architecture/manifests-and-refs	Ref-log appends were about 7% of PUTs and batched 3.5 million logical ref operations at a 43:1 ratio.
B020-051	architecture/manifests-and-refs	The long-soak investigation measured `admit()` as an O(NlogN) operation, with about 454 ms average `CasRefQueueWaitMicroseconds` per reference operation reproduced on both replicas.
B023-012	architecture/manifests-and-refs	The baseline `BM_Admits` promote preview is O(1) at about 1 microsecond across N, while `BM_AdmitsAddPrecommit` is O(N) at about 4.0 nanoseconds per row, reaching about 400 microseconds at N=100,000.
B023-013	architecture/manifests-and-refs	The baseline `BM_ReplayHistory` benchmark takes 4.93 seconds at N=100,000 and models repeated O(N) manifest-collision scans during recovery folding.
B023-014	architecture/manifests-and-refs	The baseline `BM_ScratchCopy` of a materialized `RefTableState` is O(1) at about 46 nanoseconds regardless of N.
B023-015	architecture/manifests-and-refs	The baseline `BM_SnapshotEncode` is O(N) at about 159 nanoseconds per row.
B023-016	architecture/manifests-and-refs	The baseline `BM_Materialize` operation is O(N log N), reaching 18,145,559 nanoseconds at N=100,000.
B023-018	architecture/manifests-and-refs	The E1 `TrustedHistory` replay mode reduced `BM_ReplayHistory` by about 21.6% to 23.4% across N=100 through N=100,000, but the benchmark remained O(N).
B023-020	architecture/manifests-and-refs	The E2 owned-manifest COW index changed `BM_AdmitsAddPrecommit` from O(N) to O(1), with about 720 nanoseconds at N=100,000 versus 410,636 nanoseconds in E1.
B023-022	architecture/manifests-and-refs	The E2 owned-manifest index added about 13 nanoseconds, or 28%, to `BM_ScratchCopy` but made `BM_AdmitsAddPrecommit` flat O(1); the index also regressed `BM_ReplayHistory` to about 50,082 nanoseconds per row because its overlay grew during replay.
B023-024	architecture/manifests-and-refs	E3 reduced `BM_ReplayHistory` at N=100,000 from 4.98 seconds to 0.172 seconds, a 96.5% reduction and about 28.9 times faster.
B023-026	architecture/manifests-and-refs	The final RefTableState experiment tree reduced `BM_AdmitsAddPrecommit` at N=100,000 from 400,222 nanoseconds to 701 nanoseconds, about 571 times faster and O(N) to O(1).
B023-029	architecture/manifests-and-refs	The E5 unique-owner materialization benchmark at N=100,000 measured 13,355 nanoseconds versus 23,066,663 nanoseconds for the forced slow path, about 1,727 times faster.
B025-057	architecture/manifests-and-refs	`CasRefBatchFlushes = CasRefBatchedMutations = 1000` over 500 S41 parts, so the average ref-ledger batch size remained 1.0; stage 1 intentionally did not change serial cross-part commit.
B034-070	architecture/manifests-and-refs	The CA commit/ref-op path copied the whole `std::map<std::string, DB::Cas::RefCommittedRow>` `RefTableState` by value, creating O(refs) work per commit and O(refs·commits) over a workload.
B034-121	architecture/manifests-and-refs	After INV-4, each committed ref-log chunk pays a serial `GET _ckpt` plus token-CAS after the log PUT, so a lone INSERT pays four serial RTTs across its two ref transactions.
B035-046	architecture/manifests-and-refs	Before the incremental budget fix, `admits()` rebuilt and encoded the full ref table for each state-growing operation, scaling as O(N log N) with live ref count N; `BM_Admits` ranged from 48.8 microseconds at N=100 to 55,976 microseconds at N=100,000.
B041-069	architecture/manifests-and-refs	The catalog size bound is O(Live + Creating + Removing), and removal costs at least a Live→Removing CAS, terminal append, exact _ckpt deletion, and catalog-removal CAS.
B041-096	architecture/manifests-and-refs	The catalog is a high-value control object with an encoded-size limit; admission must fail before the limit, and the bound applies to concurrently active or removing namespaces rather than lifetime churn.
AUDIT-M2-091	architecture/manifests-and-refs	Ref-log snapshots publish in the background, best-effort, one in flight per table, once the tail exceeds `snapshot_log_count_threshold` (default 256 logs) or `snapshot_log_bytes_threshold` (default 1 MiB); publish failures arm per-table exponential backoff from 200 ms to 30 s.
B012-005	architecture/manifests-and-refs	Phase 1 permits only the specification-mandated writer-local batching queue, whole-table cache, and body reuse within one fold batch as optimizations.
B034-115	architecture/manifests-and-refs	Deleting a never-born namespace's `_ckpt` from a `CORRUPTED_DATA` conflict path is unsafe because the conflict proves another object occupies the key, so the delete could remove a live successor's recovery checkpoint; a backstop must independently verify emptiness with a real LIST.
B038-074	architecture/manifests-and-refs	The `_registry` namespace registry was removed because repeated create/drop operations caused monotone growth; per-shard incarnation enables namespace-level reclaim instead.
AUDIT-M2-419	architecture/manifests-and-refs	Reducing admits() call frequency (backlog fix #2) was rejected as an alternative to the incremental-counter design because each remaining call would still be O(N), and reducing call frequency changes per-operation validation granularity (a later op in a batch is currently validated against state reflecting earlier ops in the same batch), which would need its own separate safety review; it is lateral on cost and weaker on safety than the chosen incremental-counter approach.
AUDIT-M2-427	architecture/manifests-and-refs	A wrapper type for "life captured at admission" (which would make the finalize-lambda life-capture type-checkable) was deliberately rejected as over-engineering for a single call site in the Stage-B catalog work; the delayed-writer-finalized test is the only guard against a silent regression there and must not be dropped or weakened.
B027-042	architecture/manifests-and-refs	`cas/ns/state/<life_id>/_ckpt` stores `{life_epoch, committed_through | none, checkpoint_snapshot_id | none, last_epoch_seal | none}`; `committed_through` is the greatest transaction in durable acknowledged history, not the greatest key observed by a writer or LIST.
AUDIT-M2-080	architecture/manifests-and-refs	Part manifest caps are enforced before the body is written: 1,048,576 entries, 256 MiB of encoded text, 16 MiB total inline bytes, and 1 MiB per individual inline entry.
AUDIT-M2-275	architecture/manifests-and-refs	The ref catalog is a single raw token-CAS object capped at 256 MiB; admission is checked against both the encoded catalog byte size and a separate per-entry fold-seal reservation. A permanent never-deleted `Retired` history would eventually exhaust this cap, returning `LIMIT_EXCEEDED` on new namespace admission regardless of live cardinality — the GET/decode/encode/whole-object-CAS cost also grows with total historical births, not current live count.
B034-014	architecture/manifests-and-refs	The ref-snapshot/log Phase 2 optimization candidates include indexed or chunked snapshots, lazy snapshot blocks, a bounded row cache, a per-round ref index, decoded-body reuse, and chunked namespace removal.
B034-020	architecture/manifests-and-refs	The dominant remaining hot-pool byte cost is rewriting the full snapshot run in O(edges) per pass; the proposed remedy is O(delta)-write log-structured runs with periodic compaction.
B041-007	architecture/manifests-and-refs	Catalog lifecycle needs durable reconciliation for interrupted Creating, Live, and Removing transitions, including an actor that idempotently completes each transition.
B041-048	architecture/manifests-and-refs	The strict ref-key grammar must parse <ns>/<incarnation>/{_log,_snap,_ckpt} canonically from right to left and explicitly refuse legacy keys.
AUDIT-M2-420	architecture/manifests-and-refs	For the incremental ref-ledger byte counters, `RefTableState` equality/hashing in tests is safe only because the counters are a pure function of the rows (any two states with equal rows have equal counters); the residual risk to verify is that no test constructs a `RefTableState` with populated rows outside the two designated seeding paths.
B005-057	architecture/mounts-and-leases	S13 occurs when a hard-killed server leaves a same-UUID mount body with the old `writer_epoch` and a future `expires_at_ms`; startup has already bumped the epoch, so the one-shot `claimMount` reports `LiveDoubleStart` and aborts before lease expiry.
B006-023	architecture/mounts-and-leases	A CAS container recreated without persistent `/var/lib/clickhouse` gets a new `ServerUUID`, and the pool correctly refuses the foreign root claim with `CORRUPTED_DATA`; the refusal reports both UUIDs and three recovery paths.
B006-046	architecture/mounts-and-leases	Rapid repeated crash-restart in S13 could wedge mount-lease self-adoption with `key '...ca_soak_ch1/mount' was touched while adopting our own mount slot`; the node stayed down with exit code 49 until the mount object was manually deleted.
B006-096	architecture/mounts-and-leases	The old renewal path could let a slow retired-view refresh or `view_gate` drain delay the lease PUT beyond the 30-second TTL during RustFS retry storms, causing GC to fence a fully alive server; the observed RustFS read-error rate was about 19%.
B007-014	architecture/mounts-and-leases	The original P1 availability bug was a cold-open adoption race in which GC fencing landed between the non-atomic GET and PUT in `Store::open`, causing exit 49 with `touched while adopting our own mount slot`.
B007-018	architecture/mounts-and-leases	P1 was a chronic mount-lease race with about 26 occurrences on each node during the night; most self-healed by retry, but one S13 collision escalated to a permanent fail-closed exit 49.
B007-035	architecture/mounts-and-leases	`MountLeaseKeeper` renewal can block beyond the 30-second TTL because `prepareRenew` runs `Store::refreshViewForBeat`, which may wait for exclusive `view_gate` access and perform retired-view S3 reads.
B007-037	architecture/mounts-and-leases	The cold-open path has no retry around the GET→PUT adoption window, so a fence landing there throws `LOGICAL_ERROR` `touched while adopting our own mount slot` during metadata load and leaves the container down with exit 49.
B013-004	architecture/mounts-and-leases	During `Store` teardown, a lease-renewal `on_lost` callback can re-arm `remount_thread` after its only join because `scheduleRemount` does not guard shutdown, causing an unjoined `ThreadFromGlobalPoolImpl` to terminate the process.
B014-011	architecture/mounts-and-leases	The four B3 health columns are currently stamped identically on rows for mounts belonging to other servers in `StorageSystemContentAddressedMounts.cpp:159-162`; the rows remain truthful only because the documentation says the columns describe THIS server's health.
B014-058	architecture/mounts-and-leases	A zombie replica returning during decommission cannot continue writing because its renewal fails after the claim bumps the epoch; a full reopen sees the decommissioner's live lease and fails with `LiveDoubleStart`.
B018-002	architecture/mounts-and-leases	A sustained object-store fault can fail the mount-lease renewal PUT, let the lease deadline expire, trip the write fence, and cause every subsequent write to reject at `stageManifest` before attempting a write until self-remount recovers.
B018-004	architecture/mounts-and-leases	`SingleWriterSlot::backgroundLoop` treats any exception from `renewOnce` as terminal, while `renewOnce` can throw from `putOverwrite` before checking the returned token; a transient network fault is therefore misread as foreign-token supersession and burns the writer incarnation.
B019-065	architecture/mounts-and-leases	Review finding №9 is real: decommission can delete a successor's fresh mount and epoch objects after releasing the impersonated lease, violating durable epoch monotonicity.
B019-067	architecture/mounts-and-leases	Review finding №11 is a narrow metadata leak: a build allocated before registration can outlive namespace drop and GC reclamation, then create a reborn Live-but-ownerless empty ref table.
B022-022	architecture/mounts-and-leases	`SYSTEM CONTENT ADDRESSED DROP POOL MEMBER` bypasses the `read_only` check used by other mutating CAS entry points, allowing an observe-only disk to decommission a peer.
B022-023	architecture/mounts-and-leases	`Pool::openForDecommission` must force `background_watermark = true`; otherwise a read-only host disk does not renew the roughly 30-second administrative lease and a long drain can abort without cleanup or a report.
B022-042	architecture/mounts-and-leases	A mount renewal against a vanished backing-store slot must throw `FILE_DOESNT_EXIST`, not `LOGICAL_ERROR`, because constructing the latter aborts debug and ASan builds.
B024-081	architecture/mounts-and-leases	A mount-lease renewal mismatch under the keeper's own `(uuid, epoch)` can construct `LOGICAL_ERROR` and abort ASan or debug builds; the intended response is fail-closed uncertainty with a fence and self-remount.
B024-088	architecture/mounts-and-leases	The CI reproducer for the mount-lease self-race is a `putOverwrite` that applies to backend state and then throws a transient exception, followed by a confirmed mismatch against the stale token; the background loop must fence and invoke `on_lost` without process death.
B024-091	architecture/mounts-and-leases	`mountWritable` previously armed `bootMsNow() + TTL` after an unbounded `materialization_grace_ms`; if the grace consumed the TTL, a successor could reclaim the slot while the predecessor armed an already-superseded claim.
B024-102	architecture/mounts-and-leases	The former `MountLeaseKeeper::onRenewMismatch` classifier handled GC-fenced same-uuid bodies, different-uuid bodies, and vanished bodies but had no branch for same-uuid, same-epoch, unfenced bodies.
B024-103	architecture/mounts-and-leases	An earlier renewal PUT can land while its client-side timeout loses the acknowledgement, bumping the mount token or sequence; the next retry then presents a stale token and reaches the classifier gap even though the body looks self-owned.
B025-036	architecture/mounts-and-leases	A diagnostic process opening a live CA pool through `Pool::mountWritable` can fail ownership claiming because the running server legitimately owns the server root; the failure is indistinguishable from a real mount-ownership defect unless the tool's contract is made explicit.
B026-045	architecture/mounts-and-leases	Forcing only the owner anchor cannot mount a foreign pool because the mount slot retains the predecessor's `server_uuid` and ordinary `claimMount` rejects it as `ForeignOwner`; a graceful shutdown leaves that slot with `min_active == UINT64_MAX` rather than deleting it.
B031-011	architecture/mounts-and-leases	`cleanupOrphanedBirthCkptBestEffort` can delete a successor writer's current `_ckpt` because it resolves the checkpoint key and token at cleanup time without proving ownership by the rejected creation attempt.
B033-087	architecture/mounts-and-leases	Manual GC, rebuild, and system-table access can race metadata shutdown because scheduler pointers and `cas_store` are used after mutex unlock and lazy creation can resurrect the scheduler after shutdown.
B033-088	architecture/mounts-and-leases	Decommissioning can delete a successor mount's control objects because it releases the administrative claim before rereading and deleting current epoch, owner, and mount objects.
B034-107	architecture/mounts-and-leases	A loose object at `roots/<srid>/_files/x` satisfies the current `parseNamespaceFileKey` condition and is classified as a corrupt namespace file, causing `ca-decommission` to refuse and `ca-fsck` to report a hard `lifeless_keys` finding even though the key need not represent damage.
B035-011	architecture/mounts-and-leases	A CA mount could wedge after rapid crash-restart because a GC leader legitimately fenced an expired lease while the renewal thread was blocked by synchronous `refreshViewForBeat` S3 reads, and the non-atomic self-adopt GET-to-CAS window had no retry.
B035-042	architecture/mounts-and-leases	A custom CAS disk created through the inline `disk(...)` AST function can remain cached in `Context` after its last table is dropped, leaving `ContentAddressedGC` and `MountLeaseKeeper` threads running against deleted backing storage; the lease thread can then raise a process-aborting `LOGICAL_ERROR`.
B036-014	architecture/mounts-and-leases	Without the heartbeat register, a slow-but-alive incumbent whose `seq` changes only once per round can appear frozen across a follower window and be falsely deposed.
B036-042	architecture/mounts-and-leases	`WipeEpoch` alone can violate `WriterEpochMonotoneUnique`: after a write at epoch 1, wiping the durable epoch to 0 leaves `wrote` containing `(A,1)` while the live epoch is 0.
B036-043	architecture/mounts-and-leases	The honest `RemintEpoch` branch's hardcoded epoch value `1` can collide with a historical `(A,1)` already in `fencedEpochs`, allowing a live unfenced mount under a previously fenced pair and violating `FenceCostsEpoch`.
B040-020	architecture/mounts-and-leases	The proposed slotOccupy composition cannot implement Occupied(bytes, token) because putIfAbsentControlled retries internally and resolveByExactGet throws CORRUPTED_DATA on a different occupant instead of returning its bytes and token
B040-027	architecture/mounts-and-leases	The proven three same-value sites are slot-occupy, _ckpt CAS, and recovery install sharing one captured generation; the catalog token is a distinct ZombieGoLive credential
B040-053	architecture/mounts-and-leases	The actual three-site fence tests remain missing: Stage A recovery needs deterministic bumps after slot occupancy and before _ckpt, and after _ckpt and before install
B040-067	architecture/mounts-and-leases	Stage B Task 3 Step 1 still demands three fence-bump-between-sites tests even though its credential framing requires separate generation-stale, token-stale, and both-stale catalog-site cases
B040-073	architecture/mounts-and-leases	Stage B Task 3 Step 1 still includes only the generation-stale catalog-site case and omits token-stale and both-stale failing tests
B040-210	architecture/mounts-and-leases	A CAS request admitted before fence expiry can remain blocked through claim and grace and complete after recovery lists the namespace because attempt_timeout_ms is only a scheduling check, not a socket deadline
B040-213	architecture/mounts-and-leases	A fresh lease with min_active=0 and no prior R* does not safely cover prior-epoch builds; {0,0} is unsafe and a missing bound disables reclamation
B040-216	architecture/mounts-and-leases	A required recovery floor stored only in an evictable ref-table runtime is lost under cache eviction or self-remount, and recovery can install after remount without a final supersession check
B040-224	architecture/mounts-and-leases	The min_active and R* pair has no specified linearization point because min_active and the ref allocator are sampled under separate synchronization, allowing grants after the sampled high-water to be swept
B041-013	architecture/mounts-and-leases	The existing life_epoch allocator is server-root-wide rather than namespace-local, so changing it for one warm rebirth would leave the mount lease on the old epoch while changing it for a full remount would affect every namespace.
B042-013	architecture/mounts-and-leases	The ref layer still has read or removal entry points that recover and mint on demand: `CasRefLedger::dropNamespace`, `CasRefLedger::listRefs`, and `CasRefLedger::resolveRef` through `dropRefIfPresent`.
B043-072	architecture/mounts-and-leases	`GcHeartbeat` is the outlier in CAS format versioning because it has no magic, version, or `CasHeader`; it must either remain explicitly disposable advisory state or adopt the common header convention.
B044-024	architecture/mounts-and-leases	A writer paused beyond its mount lease can pass `mayMutate`, be paused before `casPut`, and then commit a shard mutation after another incarnation has claimed the mount because the shard CAS checks only a content token, not `writer_epoch`.
B044-025	architecture/mounts-and-leases	A VM clone or snapshot restore can duplicate `server_uuid` and create a dual-writer window until the original mount's next renewal detects the superseded `writer_epoch`.
B044-026	architecture/mounts-and-leases	Mount reclamation uses wall-clock lease expiry while the local write fence uses boot-clock time, so sufficient clock skew can let one server reclaim a lease that another still believes it holds.
B049-027	architecture/mounts-and-leases	A process-local `catalog_lifecycle_epoch` cannot detect a catalog-life replacement made by another `Pool` sharing the backend, so local epoch tracking is insufficient authority for cold runtime admission.
AUDIT-M-030	architecture/mounts-and-leases	Store::~Store() can abort() the process: a lease-renewal failure during teardown re-arms remount_thread after the destructor's only join, because scheduleRemount() gates only on config.background_watermark and remount_running (never on a shutdown flag), so a fresh ThreadFromGlobalPool gets move-assigned into remount_thread after the join already passed; both ThreadFromGlobalPoolImpl::operator=(&&) and its destructor call abort() on a still-initialized target, so member destruction aborts. This is a guaranteed process crash under a realistic interleaving (an ordinary fenced-out or transiently-failing mount lease during DROP/disk-detach/server-shutdown), and was rated a blocker (risk 90) in the umbrella review of cas-gc-rebuild.
AUDIT-M-031	architecture/mounts-and-leases	Proposed fix for the Store::~Store() teardown abort: add a remount_shutting_down flag set under remount_thread_mutex at the very top of ~Store(); make scheduleRemount() check it first and refuse to spawn once set; re-join remount_thread after mount_keeper->stop(); and give MountLeaseKeeper its own destructor (stopBackground()) so the renewal thread is always joined before its std::function members are destroyed.
AUDIT-M-072	architecture/mounts-and-leases	Before an F1 propagation fix, a read-only `Store::open` still called `PoolMeta::createOrValidate` unconditionally (`CasStore.cpp:122,134`), which does `casPut(..., expected=nullopt)` (create-if-missing, `CasPoolMeta.cpp:129`); over an EMPTY/wrong prefix this either mutates storage or throws a write-permission error instead of cleanly reporting "pool absent" — only the capability probe was skipped for `read_only`, not the meta write. Only bites read-only-over-empty; over a live pool with existing `_pool_meta` the call only validates.
AUDIT-M2-070	architecture/mounts-and-leases	An MSan log refuted the mount-fence observability spec's original premise: the real failure mode was Mode 2, a hung lease-renewal call that produces a silently expired fence and a silent re-arm, with no throw and no log on any transition; the spec went to rev.2 to address this, and was specced but not yet implemented as of the writing.
AUDIT-M2-101	architecture/mounts-and-leases	The root mechanism behind the #37 over-fencing defect is that `MountLeaseKeeper::renewOnce` (`CasServerRoot.cpp:913-931`) issues a single-shot direct `putOverwrite` (not routed through the 90-second write controller) and its `backgroundLoop` stops renewing forever on the FIRST transient exception, because the throw at `:926` fires before the foreign-token mismatch check at `:927-928`, conflating a brief network blip with genuine lease supersession.
AUDIT-M2-115	architecture/mounts-and-leases	During rev.7/rev.8 disk-lifecycle implementation, T7's implementer review found a real hole (I1): the observe/FSCK path could mint `_pool_meta` over a residual pool state, and the implementer's justification for why this was safe was factually wrong per the reviewer's independent re-verification; the fix flipped the polarity to fail-closed (mint-permission gate).
AUDIT-M2-162	architecture/mounts-and-leases	A transient CA lease loss could be misclassified by the part-check thread as "part looks broken" and trigger destructive-shaped remediation; root-caused via correlated CA-log/part_log/text_log traces and fixed by pinning `TransientRefusalIsUpstreamRetryableTerminalIsNot` to call the real `isRetryableException` on both true and false branches, live-validated by reproducing the same blip against the fixed binary and observing zero "looks broken" lines.
AUDIT-M2-177	architecture/mounts-and-leases	`rebuildBaseline` (`cas-gc-rebuild`) has no mount-lease interlock: a live server's fresh mount lease does not stop rebuild from performing, because the tool's only live-server guard is the caller's own `isReadOnly()` flag, which cannot see a server mounted read-write on another host — contrasted with `LeaseConflictRefuses`, which does refuse on a GC-lease conflict. Confirmed as a real bug by the feature owner ("Yep, this looks real... gc-rebuild i've added recently, and it almost untested"). A regression test `CasGcRebuild.GCR1_NoMountLeaseInterlock_RunsUnderLiveMount` demonstrates rebuild running under a live mount; the fix flips the assertion to `EXPECT_FALSE(rep.performed)` with a mount-related refusal string.
AUDIT-M2-197	architecture/mounts-and-leases	SEC-7: the write/GC audit's fencing findings (J1/J2/J3) are attacker-amplifiable — an attacker who can skew a victim's clock via unauthenticated NTP can force a premature mount-lease reclaim and induce split-brain (J3), and an attacker who can induce a long stop-the-world pause (resource exhaustion, cgroup throttling) widens the unfenced `mayMutate()` to `casPut` window for a zombie write (J1); TLS protects S3 transit but NTP is typically unauthenticated. Recommendation: carry `writer_epoch` into the shard-CAS precondition, and require authenticated time (NTS/authenticated NTP) in deployment guidance.
AUDIT-M2-325	architecture/mounts-and-leases	B160/P3-B1 required that a slow-but-alive incumbent GC leader must not be stolen, and that the heartbeat must start at the exact lease-acquire instant to avoid a mid-switch soak wedge.
B001-036	architecture/mounts-and-leases	Writable Store::open validates server_root_id, claims the owner, allocates a durable writer epoch, validates the CAS request budget, claims the mount lease, starts MountLeaseKeeper, and arms the mount fence.
B001-052	architecture/mounts-and-leases	The owner object at gc/server-roots/<srid>/owner rejects a foreign UUID and rejects re-claiming an absent owner over a non-empty data subtree with CORRUPTED_DATA.
B001-053	architecture/mounts-and-leases	writer_epoch is allocated from gc/server-roots/<srid>/epoch by a durable CAS bump and is strictly increasing across crashes and restarts.
B001-054	architecture/mounts-and-leases	A live mount lease stores MountLease{server_uuid, writer_epoch, hostname, pid, started_at_ms, seq, expires_at_ms, min_active, gc_fenced}.
B002-011	architecture/mounts-and-leases	Before discovery, `computeHeartbeatFloor` fences out expired writer mounts so their last commits are durable before the LIST sweep.
B002-012	architecture/mounts-and-leases	Heartbeat classification uses `live`, `terminated`, and `expired`; an expired non-terminated mount is fenced with a token-guarded overwrite that preserves its body and sets `gc_fenced`.
B002-056	architecture/mounts-and-leases	The three server-root control objects live under `gc/server-roots/<srid>/`: `owner` is a write-once identity anchor, `epoch` is a CAS-bumped monotone counter, and `mount` is a token-guarded lease body.
B002-057	architecture/mounts-and-leases	`server_root_id` must be non-empty, at most 255 bytes, contain no empty, `.` or `..` path segment, and not use reserved `_files` or `_manifests` segments; invalid IDs fail with `BAD_ARGUMENTS`.
B002-059	architecture/mounts-and-leases	The mount heartbeat's `min_active` field records the oldest in-flight `build_seq`, while `UINT64_MAX` is the farewell or retired sentinel.
B002-060	architecture/mounts-and-leases	GC fence-out of an expired lease and the Store's local write-fence are distinct mechanisms: GC persists `gc_fenced=true`, while Store latches local `lost` and gates ordinary ref mutations through `mayMutate()`.
B002-061	architecture/mounts-and-leases	A GC-fenced `(uuid, epoch)` mount cannot be refreshed in place; recovery must allocate a fresh writer epoch.
B002-062	architecture/mounts-and-leases	A same-UUID, same-epoch fenced mount yields `FencedSelf`, a foreign owner yields `ForeignOwner`, and a same-UUID live different epoch yields `LiveDoubleStart` from `claimMount`.
B002-064	architecture/mounts-and-leases	A hard-killed server's stale mount is waited out for at most the lease TTL plus margin before reclaim, while a live twin causes `LiveDoubleStart` and aborts.
B002-065	architecture/mounts-and-leases	When a running server detects that GC fenced its mount, it latches the local write fence, schedules remount, and retries with a fresh epoch without throwing from the remount loop.
B002-168	architecture/mounts-and-leases	The mount model requires sticky server-root ownership, a durable monotone writer epoch, and observation-based reclaim over a stable holder token for a full TTL-plus-drift window on the reclaimer's monotonic clock.
B002-169	architecture/mounts-and-leases	Mount reclaim must not trust the foreign mount body's wall-clock timestamp and must install the successor's own mount body.
B002-170	architecture/mounts-and-leases	The per-write mount guard is a pure local check `!lost ∧ now < deadline`; superseded writers are blocked by the sticky local `lost` latch rather than a per-write shared-state read.
B003-012	architecture/mounts-and-leases	The writer mount fence is the monotone `writer_epoch` stored at `gc/server-roots/<srid>/epoch`, and a fencing failure is reported as a recoverable `MountFencedException`.
B003-033	architecture/mounts-and-leases	Each writer renewal uses one `PUT` carrying both the mount lease and the build watermark `min_active`, plus one `gc/state` `GET` for the current round.
B003-046	architecture/mounts-and-leases	The heartbeat floor phase costs one `LIST` of `gc/server-roots/`, N server-root `GET`s, and only rare token-guarded fence-out `PUT`s for expired mounts.
B004-025	architecture/mounts-and-leases	Every durable write or delete captures the mount fence generation at admission and rechecks it immediately before the object-store call and on every conditional retry; reads are not fence-gated.
B004-048	architecture/mounts-and-leases	The server-root owner object is never deleted or reassigned; it binds `server_root_id` to one `server_uuid`, and an absent owner over a non-empty owned subtree fails with `CORRUPTED_DATA`.
B004-049	architecture/mounts-and-leases	The object `gc/server-roots/<srid>/mount` carries both the liveness lease and build watermark, including `writer_epoch`, renewal `seq`, `expires_at_ms`, `min_active`, and `gc_fenced`.
B004-051	architecture/mounts-and-leases	The local mount fence uses `CLOCK_BOOTTIME`, not `CLOCK_MONOTONIC`, so a VM resumed from suspend observes the elapsed lease deadline.
B004-052	architecture/mounts-and-leases	GC classifies a mount with `gc_fenced` as already fenced and a mount with `min_active == UINT64_MAX` as cleanly terminated; fencing preserves the body and uses token-guarded `putOverwrite`.
B004-054	architecture/mounts-and-leases	The mount lifecycle writes a terminal farewell with `min_active = UINT64_MAX` only after a certified drain; if the drain is not certified, no farewell is written.
B004-140	architecture/mounts-and-leases	A writer advertises `observed_gc_round` only after every in-flight `mutateShard` started under the older view has received its CAS response.
B004-145	architecture/mounts-and-leases	`Store::refreshViewForBeat` loads `gc/state` and retired-list objects before swapping the view under an exclusive `view_gate`; any read failure leaves the current round unchanged so the acknowledgement cannot advance.
B004-146	architecture/mounts-and-leases	The writer beat holds a shared `view_gate` lock across the entire `mutateShard` operation, and `Store::open` loads the retire view before starting the keeper so the first heartbeat acknowledges the loaded round.
B004-148	architecture/mounts-and-leases	The heartbeat floor excludes terminated mounts using `min_active == UINT64_MAX`, fences expired-unfenced mounts with token-guarded overwrite, and re-reads on a fence-out precondition failure before classifying the entry.
B005-005	architecture/mounts-and-leases	The merged heartbeat body carries the existing mount fields plus `min_active_build_seq`, `observed_gc_round`, and `gc_fenced`; `observed_gc_round` is monotone and `gc_fenced` is terminal for the incarnation.
B005-015	architecture/mounts-and-leases	If `gc/state` is unavailable during a writer heartbeat, the writer does not advance its GC acknowledgement but still renews its lease; this can stall deletion globally without taking writers down.
B005-016	architecture/mounts-and-leases	Writable open ordering is claim heartbeat, load `gc/state` and the retired list, stamp `observed_gc_round`, and only then enable mutations.
B005-020	architecture/mounts-and-leases	An expired heartbeat without a terminated stamp is fenced out with a token-guarded overwrite that sets `gc_fenced` and bumps `seq`; successful fence-out makes the sleeper's next renewal fail and excludes it from the acknowledgement floor.
B005-036	architecture/mounts-and-leases	A mount created during a GC pass either participates in the enumerated heartbeat floor or, if pagination misses it, loads a view at least as new as the last published round before its creation and therefore sees every entry eligible for graduation.
B005-038	architecture/mounts-and-leases	A fence-out is terminal for an incarnation but a live server can self-remount by creating a fresh incarnation; `Store::tryRemountOnce` repeats the durable epoch bump, `claimMountAwaitingExpiry`, retired-view load, and write-fence arming, while older-epoch builds fail closed with `ABORTED`.
B005-058	architecture/mounts-and-leases	`claimMountAwaitingExpiry` retries the unchanged `claimMount` only for a same-UUID `LiveDoubleStart`; it immediately returns `ForeignOwner`, returns `Claimed` after token-guarded reclamation, and returns `LiveDoubleStart` after the bounded wait expires.
B005-059	architecture/mounts-and-leases	The mount-reclaim wait deadline is latched from the first stale lease's `expires_at_ms` plus a margin and capped at no more than one TTL plus margin from the wait start; no new user setting is introduced.
B005-061	architecture/mounts-and-leases	Mount reclamation is safe because `claimMount` overwrites the observed mount token conditionally; a live holder that renews between observation and reclaim changes the token and cannot be stolen.
B005-063	architecture/mounts-and-leases	`Store::open` calls `claimMountAwaitingExpiry` after bumping `writer_epoch`; it logs the first wait and throws the existing `ABORTED` double-start error only for a foreign owner or a lease that remains live through the wait bound.
B005-091	architecture/mounts-and-leases	`HeartbeatFloor` gains `max_ack`, computed from every decoded mount body including fenced and terminated bodies, because the rebuild needs the maximum observed acknowledgement to mint a safe round.
B005-128	architecture/mounts-and-leases	The mount-recovery plan requires a zero poll interval to be raised to a one-millisecond floor so the bounded wait cannot spin indefinitely.
B006-010	architecture/mounts-and-leases	`mayMutate` is checked on every flush attempt; if the fence trips, the whole batch fails with `ABORTED` and no caller receives a successful mutation.
B006-013	architecture/mounts-and-leases	The queue leader holds the shared side of `view_gate` for the entire flush, so a batch remains one in-flight mutation for the beat and drain protocol.
B006-047	architecture/mounts-and-leases	A clean restart of both servers with 10,000 tables recovered all tables in 64.2 seconds, with no unknown-disk false positives and `CasBlobList=0` at startup; the rapid-kill S13 wedge is not a normal graceful-restart failure.
B006-088	architecture/mounts-and-leases	`Cas::listMounts` enumerates mount slots with one LIST and one GET per slot and classifies each as `live`, `expired`, `terminated`, `fenced`, or `corrupt`.
B006-089	architecture/mounts-and-leases	The planned `system.content_addressed_mounts` table has columns `disk`, `srid`, `server_uuid`, `hostname`, `pid`, `writer_epoch`, `seq`, `started_at_ms`, `expires_at_ms`, `min_active`, `observed_gc_round`, `gc_fenced`, and `state`.
B006-090	architecture/mounts-and-leases	Mount-slot audit adds `CasEventType::MountClaim`, `MountRelease`, and `MountConflict`, serialized as `mount_claim`, `mount_release`, and `mount_conflict`; conflict details include the observed holder UUID, hostname, PID, epoch, sequence, and expiry when available.
B006-097	architecture/mounts-and-leases	`Store::observedGcRound()` returns the currently installed `retire_view.round()` through the retired view's internal synchronization, so renewal performs local reads and one lease PUT without a `gc/state` GET.
B006-098	architecture/mounts-and-leases	The retired-view syncer runs `syncRetiredView()` every `mount_renew_period`, performs the `gc/state` probe and `RetireView::refresh()` only when the published round is newer, and emits `RetiredViewAdvance` only for an actual advance.
B006-100	architecture/mounts-and-leases	Both the lease-renewal thread and retired-view syncer are gated by `background_watermark`; `Store::open` and `tryRemountOnce` synchronously call `syncRetiredView()` before starting the keeper so the first anchored lease carries a current acknowledgement.
B006-102	architecture/mounts-and-leases	The retired-view syncer catches and logs its own exceptions, retries on the next tick, and must be stopped and joined before `retire_view` or `pool_backend` are destroyed; renewal fail-closed behavior otherwise remains unchanged.
B006-104	architecture/mounts-and-leases	Terminating a never-started `SingleWriterSlot` is a quiet no-op, while double termination of a genuinely started slot remains an exception.
B006-105	architecture/mounts-and-leases	`MountClaimResult::FencedSelf` represents a same-UUID, same-epoch mount body with `gc_fenced=true`; `claimMount` must not write a refresh in that case, and a different epoch may reclaim immediately.
B006-107	architecture/mounts-and-leases	`Store::open` retries fence recovery at most three times; on `FencedSelf` or `MountFencedException` it allocates a fresh writer epoch, rebuilds the keeper, and retries, while the final `armMountFence` uses the final epoch.
B006-108	architecture/mounts-and-leases	After a successful mount claim, `doStart` retains one synchronous view refresh before the first lease body; the renewal background path itself is a single lease PUT and the view refresh runs on its own cadence.
B006-110	architecture/mounts-and-leases	`Store::renewWatermarkOnce()` remains the composed test/manual driver that runs `syncRetiredView()` and then `mount_keeper->renewOnce()`, while production renewal uses the isolated cheap path.
B006-111	architecture/mounts-and-leases	`Store::observedGcRound() const` returns `retire_view.round()` as a cheap, race-safe in-memory read, and `renewLeaseOnlyForTest()` renews without synchronizing the retired view.
B006-112	architecture/mounts-and-leases	The Store-owned retired-view syncer exposes `startRetiredViewSync`, idempotent `stopRetiredViewSync`, and `retiredViewSyncLoop`; it waits on a condition variable, catches and logs body exceptions, and is joined during Store teardown.
B007-001	architecture/mounts-and-leases	A mount body with `gc_fenced = true` is terminal for its `(server_uuid, writer_epoch)` incarnation; recovery must use a fresh `writer_epoch`.
B007-002	architecture/mounts-and-leases	`MountLeaseKeeper::claim` must refuse adoption of a fenced body when the observed UUID and epoch equal the current incarnation, and the caller must recover as a new incarnation.
B007-003	architecture/mounts-and-leases	The same-UUID/same-epoch refresh branch of `claimMount` must also refuse a fenced body; only a different epoch may reclaim it.
B007-005	architecture/mounts-and-leases	A foreign `server_uuid` causes a fail-closed refusal, while an own UUID with `gc_fenced` is a recoverable fence state and an own UUID with a newer unfenced epoch is a fail-closed supersession.
B007-007	architecture/mounts-and-leases	`prepareRenew` must be O(1) and use the last installed `retire_view.round()` acknowledgement plus `minActive()` without running the beat; the beat runs on a separate cadence.
B007-009	architecture/mounts-and-leases	`Store::open` must wrap claim and keeper startup in a bounded retry loop; an adoption refusal classified as `fenced_by_gc` allocates a fresh epoch and retries, while foreign or superseded refusals abort.
B007-010	architecture/mounts-and-leases	`SingleWriterSlot::doTerminate` is a quiet no-op when `seq == 0`, because a keeper whose start never succeeded has nothing to release; double termination remains an exception.
B007-039	architecture/mounts-and-leases	A fence-recovery implementation must classify same-UUID fenced bodies as recoverable, decouple the beat from the renewal deadline, retry cold-open claim/adopt, and make `doTerminate` with `seq == 0` a no-op.
B007-059	architecture/mounts-and-leases	The P3.1 fence-recovery cycle recovered a fenced ch1 mount in about two seconds as `writer_epoch=2`, `seq=1`, `gc_fenced=0`, and `state=live`, with no post-kill foreign-writer or exit-49 lines.
B007-088	architecture/mounts-and-leases	CA metadata `startup()` and `shutdown()` are idempotent, allowing the base disk and cache disk to share one CA mount and one lease when they reuse the same metadata storage.
B010-033	architecture/mounts-and-leases	The writer-side `RetireView`, its syncer, `observed_gc_round`, and ack-floor are removed; `MountLease` loses `observed_gc_round`, the beat publishes only `{now, min_active}`, and GC round recovery no longer uses `min_ack` or `max_ack`.
B010-039	architecture/mounts-and-leases	The writer records an exact precommit removal before retiring a failed build, while a newly mounted writer fences the predecessor epoch and appends one constant-size epoch clear per affected namespace.
B010-046	architecture/mounts-and-leases	A writer does not retire a build while it owns a precommit; if the process stops first, only a successor that fenced the entire predecessor epoch may append the namespace-scoped epoch clear.
B010-052	architecture/mounts-and-leases	`WriterId` is `{ writer_epoch, writer_sequence }`, both components are nonzero `UInt64` values, each successful mount strictly increases `writer_epoch`, and `writer_sequence` starts at one within an epoch.
B010-064	architecture/mounts-and-leases	A current-build precommit removal requires the build to remain locally active until the exact removal record is durable; the replay transition is not liveness-dependent.
B010-068	architecture/mounts-and-leases	Writable startup fences the predecessor, verifies the exact adopted fold seal, installs its `RefBaseSet` metadata, and lazily loads each namespace by reading its base rows and replaying its complete tail between before/after `gc/state` checks.
B010-072	architecture/mounts-and-leases	For a current-writer failure, the writer keeps the build active, appends the exact precommit removal, and retires the build only after that removal is durable; if the append fails, the build remains active and the error propagates.
B011-026	architecture/mounts-and-leases	Artifact keys are pinned to `attempt = lease.seq`, and renew or steal paths bump `lease.seq` every round, so a same-key collision can only be a byte-identical resend within the same attempt.
B011-080	architecture/mounts-and-leases	`RefTxnId` is `{ writer_epoch: UInt64, ref_sequence: UInt64 }`; both fields are nonzero, writer epochs strictly increase on successful mounts, and `ref_sequence` is strictly increasing within a mounted writer epoch.
B011-092	architecture/mounts-and-leases	Namespace recreation after `remove_namespace` requires the `_cleanup/<remove-txn-id>` marker for the exact removal transaction; an empty physical prefix is not sufficient.
B011-117	architecture/mounts-and-leases	The writer consumes only the `_cleanup/<remove-txn-id>` marker as the namespace cleanup completion signal; a physically empty prefix is not authoritative.
B011-137	architecture/mounts-and-leases	If a mount lease expires, the writer is fenced and a subsequent staging-source 404 must fail closed by aborting the insert rather than committing.
B011-157	architecture/mounts-and-leases	The staging sweeper exposes `sweepOwnMountOnStart()` and `ageSweep(now, ttl)`, both lease-fenced so an in-flight staging object younger than TTL is not deleted.
B012-077	architecture/mounts-and-leases	CAS separates `attempt_timeout`, `operation_deadline`, and the local `lease_deadline`; a writer attempt requires an unfenced mount, `now < lease_deadline`, `now + attempt_timeout + lease_safety_margin < lease_deadline`, and `now + attempt_timeout <= operation_deadline`.
B012-078	architecture/mounts-and-leases	`lease_safety_margin` accounts for local scheduling delay, timeout granularity, and configured clock-skew allowance, but does not bound server-side completion after a client timeout.
B012-084	architecture/mounts-and-leases	A writer updates its cache and returns ACK only after a fence check, one controlled S3 attempt, permitted resolution, and a final fence check; if the final check fails, it returns no ACK and reports uncertainty when the object may exist.
B012-087	architecture/mounts-and-leases	Writable startup validates effective timeout, operation, safety-margin, renewal-period, and lease-TTL relationships before making the mount writable; invalid settings do not silently fall back to generic S3 defaults.
B013-005	architecture/mounts-and-leases	`Store::~Store` must latch a shutdown flag before joining `remount_thread`, `scheduleRemount` must refuse to spawn after that flag is set, and teardown must re-join after `mount_keeper->stop()`.
B013-006	architecture/mounts-and-leases	`MountLeaseKeeper` must join its renewal thread in `~MountLeaseKeeper()` before its `std::function` callbacks are destroyed.
B014-044	architecture/mounts-and-leases	`Store::openForDecommission` must impersonate the victim `server_root_id`, bump `writer_epoch`, start a lease keeper, throw `ABORTED` when the member is alive, and throw `BAD_ARGUMENTS` when neither an owner anchor nor a mount body exists.
B014-045	architecture/mounts-and-leases	`Cas::decommissionPoolMember` returns a `DecommissionReport` containing namespace, committed-ref, precommit, edge-delta, manifest-debris, staging, mountpoint, slot-removal, and warning fields; non-empty `warnings` means the slot is retained.
B014-046	architecture/mounts-and-leases	Decommission emits the `CasEventType::MemberDecommission` event under the string name `member_decommission` for begin, per-namespace, and end events.
B014-048	architecture/mounts-and-leases	Decommission's staging and roots sweeps use paged LIST plus exact-token deletion; any per-object exception, `TokenMismatch`, or `NotFound` is recorded as a warning and the slot is kept as the resume anchor.
B014-049	architecture/mounts-and-leases	The SQL surface is `SYSTEM CONTENT ADDRESSED DROP POOL MEMBER '<srid>' FROM DISK '<disk>'`; the AST carries the srid in `query.replica` and the disk in `query.disk`, and the interpreter returns a one-row report result.
B014-057	architecture/mounts-and-leases	The SQL decommission command leaves the executing server's own mount untouched by creating a separate admin claim of the victim srid over the same backend, executes synchronously, and returns the report as a one-row result set.
B014-066	architecture/mounts-and-leases	Observation-based reclaim waits for a stable mount token for `TTL + Drift` on the reclaimer's clock before advancing the durable epoch; the reclaim installs the successor's fresh-epoch, unfenced mount body rather than leaving the old body in place.
B014-067	architecture/mounts-and-leases	Observer-side death decisions in rev.6, including `GcFence` and `ClearExpiredMount`, must use `mount.deadline + Drift <= clock`; the holder-side `Write` check remains `clock < fenceUntil`, and the deliberate `WallClockReclaim` sabotage is retained only to detect unsafe wall-clock trust.
B014-069	architecture/mounts-and-leases	`claimMount` never reclaims a same-uuid, different-epoch lease solely because its wall-clock deadline passed; it returns `LiveDoubleStart` unless the lease is `gc_fenced`, carries the clean marker `min_active == UINT64_MAX`, or the caller supplies a matching proven-dead token.
B014-070	architecture/mounts-and-leases	A clean store shutdown sets `shutting_down`, waits for ref queues and leaders to settle within the request budget, and writes the farewell marker only when no unresolved conditional PUT wedge remains; otherwise it stops the lease keeper without a terminal farewell.
B014-072	architecture/mounts-and-leases	A self-remount pays `materialization_grace_ms` only when `refLanesSettledForRemount` finds an unresolved wedge; a settled remount skips the grace and does not mark `unclean_epoch_boundary_seen`.
B015-002	architecture/mounts-and-leases	The writer's lease-liveness checks use local zero-request `CLOCK_BOOTTIME` fences through `mayMutate` and `refAppendFenceOk`.
B015-006	architecture/mounts-and-leases	A `gc_fenced` lease is a transferable certificate of observed death, so a successor may skip token observation and pay only `materialization_grace_ms`.
B015-011	architecture/mounts-and-leases	A clean lease release drains all ref-append lanes and writes `released_clean` only after every in-flight conditional PUT resolves within the ordinary request budget.
B015-012	architecture/mounts-and-leases	If clean-release draining leaves an unresolved PUT at the shutdown deadline, the `released_clean` marker is skipped and the successor treats the handover as unclean.
B015-013	architecture/mounts-and-leases	Unclean takeover observes a stable lease token for `mount_lease_ttl_ms * 1.05 + poll_interval_ms` on the observer's monotonic clock before reclaiming with token-guarded `putOverwrite`.
B015-122	architecture/mounts-and-leases	A durable reader pin at `gc/readers/<reader_id>` contains per-namespace `base_snapshot` and `tail_head` values plus `lease_expiry`.
B015-123	architecture/mounts-and-leases	Reader pins are pool-global, heartbeated, republished at reader start, and ignored by GC after the reader lease expires.
B016-059	architecture/mounts-and-leases	`decodePoolMeta` rejects a pool with `min_reader_generation` above `G_BUILD` or a generation below `kRefSnapshotLogGeneration` with `UNKNOWN_FORMAT_VERSION`.
B016-060	architecture/mounts-and-leases	The server-root text objects are `cas_owner`, `cas_epoch`, and `cas_mount_lease`: the owner binds a server-root id to a server UUID, the epoch stores the monotone next writer epoch, and the mount lease stores the live holder and merged `min_active` state.
B016-061	architecture/mounts-and-leases	A `MountLease` uses `UINT64_MAX` in `min_active` as the retired farewell sentinel, and `gc_fenced` is a terminal GC fence-out flag.
B017-084	architecture/mounts-and-leases	The proposed fetch-pin reaper used the existing `min_active` build-watermark floor from `gc/server-roots/<srid>/mount`, not a wall-clock TTL.
B018-003	architecture/mounts-and-leases	The mount-lease protocol is fail-closed: another writer cannot claim a slot until the current lease expires, so continuing to write while `now < lease_deadline` is safe unless a proven supersession has occurred.
B018-019	architecture/mounts-and-leases	The implementation plan adds `SingleWriterSlot::shouldFenceOnTransientRenewFailure()` as a protected virtual hook defaulting to `true`, with `MountLeaseKeeper` overriding it for deadline-aware retry behavior.
B018-020	architecture/mounts-and-leases	`MountLeaseKeeper` refreshes its confirmed lease deadline on both successful `claim` paths and every successful background renewal.
B018-021	architecture/mounts-and-leases	The new `MountLeaseKeeper` `lease_safety_margin_` constructor parameter is appended after the existing `event_sink_` parameter and has a default of 2000 milliseconds, preserving existing call sites.
B018-022	architecture/mounts-and-leases	Production `CasMountRuntime::installKeeper` passes `cas_request_budget.lease_safety_margin_ms` to `MountLeaseKeeper`.
B018-049	architecture/mounts-and-leases	The source-layout rename verification required the counts of `build_seq`, `buildSeq`, `BuildPrefix`, `allocateBuildSeq`, `active_build_seqs`, `next_build_seq`, and `inflight_builds` to remain unchanged across the `Build`→`PartWriteTxn` rename.
B019-095	architecture/mounts-and-leases	Decommission must inspect every `DeleteOutcome`, abort the tail on any non-`Deleted` result, and delete mount before the claimed epoch and owner so successor objects cannot be reclaimed.
B019-102	architecture/mounts-and-leases	The decommission tail must delete the farewell mount token first, then the epoch token captured under the claim, and owner last; every non-`Deleted` result aborts the tail and retains the slot.
B021-017	architecture/mounts-and-leases	Mount leases and epoch counters already use exact-token deletion plus rechecks, but `OwnerObject` contains only `server_uuid`, so an owner anchor written by a successor reclaiming the same `srid` is indistinguishable from stale debris from the decommissioned server.
B021-020	architecture/mounts-and-leases	The decommission tombstone preserves the same `server_uuid`, sets `retired_at_ms` to the current time, and writes it with the prior owner token through `Backend::putOverwrite(owner_key, encodeOwner(...), owner->token)`.
B021-072	architecture/mounts-and-leases	The recovery retry loop releases `rt.state_mutex` before sleeping and re-acquires it afterward; this avoids stalling the whole-store `wedgedRefLaneCount` walk, and the default sleep is interruptible when `fence_ok_fn()` becomes false.
B022-035	architecture/mounts-and-leases	A proposed shared `checkNotReadOnly` helper is intended to guard all four mutating CAS entry points: transactions, GC round, GC rebuild, and pool-member decommission.
B022-044	architecture/mounts-and-leases	Clean termination after the mount lease object has vanished is a no-op release and must not throw `LOGICAL_ERROR`; a present foreign incarnation remains a genuine logic error.
B022-045	architecture/mounts-and-leases	`ContentAddressedMetadataStorage::startup` should build the pool, facade, capability result, and scheduler in locals and publish `cas_store`, `part_access`, `pool_uuid`, `conditional_copy_supported`, and `gc_scheduler` in one final pointer-mutex section; a startup exception must publish nothing.
B022-046	architecture/mounts-and-leases	The explicit CAS lifecycle states are `Mounted`, `Unmounting`, and `Dormant`, with the startup publish step entering `Mounted`.
B022-047	architecture/mounts-and-leases	`poolAccess` must acquire `pointer_mutex` once, reject non-`Mounted` or missing-pool states with `INVALID_STATE`, and otherwise return a coherent pool plus part-access snapshot.
B022-048	architecture/mounts-and-leases	`unmountSynchronously` is idempotent and resumable: it gates new operations, stops the GC scheduler, drains outstanding pool snapshots, and leaves the disk in `Unmounting` if its timeout expires.
B022-049	architecture/mounts-and-leases	`mountExplicitly` is idempotent from `Mounted`, performs a fresh startup from `Dormant`, and rejects a concurrent or incomplete `Unmounting` state with `INVALID_STATE`.
B022-050	architecture/mounts-and-leases	`SYSTEM CONTENT ADDRESSED UNMOUNT <disk>` must refuse to unmount while any loaded table references the disk's metadata storage, including cache-wrapper disks sharing that storage.
B022-055	architecture/mounts-and-leases	A dormant CA disk answers read-only existence and enumeration probes as absent: `existsFile` and `existsDirectory` return false, `isDirectoryEmpty` returns true, and listing/iteration is empty; `getFileSize`, non-IfExist object retrieval, and mutating operations still throw.
B022-060	architecture/mounts-and-leases	The `system.content_addressed_mounts` columns `srid`, `pid`, `seq`, and `min_active` are renamed to `server_root_id`, `process_id`, `renewal_sequence`, and `min_active_build_sequence`; `started_at_ms` and `expires_at_ms` remain unchanged.
B023-034	architecture/mounts-and-leases	A mounted CAS disk couples all pool use, including reads, to a live mount lease and heartbeat; using the pool without them violates the mount contract.
B023-036	architecture/mounts-and-leases	A CAS disk is cached forever in the process disk registry by `Context::getOrCreateDisk`, so it has no clean teardown or runtime reset path.
B023-038	architecture/mounts-and-leases	A full-prefix LIST can prove pool emptiness only on a backend with documented strongly consistent prefix LIST semantics and only after the required settle/grace window and repeated samples; Local, Emulated, unqualified S3-compatible gateways, and RustFS without evidence have no natural proof.
B023-039	architecture/mounts-and-leases	CAS disk use is through untracked `shared_ptr` holders, so `use_count` cannot reliably determine whether a disk is unused or identify who holds it.
B023-041	architecture/mounts-and-leases	A lease-loss callback is untyped and cannot distinguish foreign fencing, transient deadline expiry, an absent mount key with intact data, and confirmed backing destruction.
B023-045	architecture/mounts-and-leases	A sound CAS lifecycle must use typed health states, fail-loud data-bearing enumeration outside a proven `Vanished` state, and reserve benign-absent answers for `Vanished` only.
B023-046	architecture/mounts-and-leases	A CAS disk stop must hand pool teardown to a thread other than the keeper callback thread and serialize scheduler shutdown through `gc_scheduler_mutex`.
B023-050	architecture/mounts-and-leases	`IdentityLost` is terminal: it is entered only after authoritative `KeyAbsent` for both `_pool_meta` and the owner-claim key, the remount thread exits, matching-sentinel restoration does not revive it, and recovery requires restart or `FORGET`.
B023-051	architecture/mounts-and-leases	`Vanished(replaced)` is established by a single transient-recovery comparison showing `_pool_meta` present with a foreign `pool_id`.
B023-053	architecture/mounts-and-leases	The rev.8 `Vanished(forgotten)` error states that `SYSTEM CONTENT ADDRESSED FORGET` decommissioned the disk, that erasure was not verified, and that a restart re-registers the name.
B023-056	architecture/mounts-and-leases	`ContainerAbsent`, `AccessDenied`, `Indeterminate`, and mixed probe results never produce terminal conclusions; they keep the pool transient and retry.
B023-103	architecture/mounts-and-leases	`ProbeOutcome` distinguishes `Present`, `KeyAbsent`, `ContainerAbsent`, `AccessDenied`, and `Indeterminate`; transport errors must never be flattened into `KeyAbsent`.
B023-104	architecture/mounts-and-leases	Every durable CAS PUT, DELETE, and staging finalize captures the fence generation at admission and throws typed error 668 before the backend call if mutation is no longer allowed or the generation changed; the check repeats before each conditional retry.
B023-107	architecture/mounts-and-leases	`SYSTEM CONTENT ADDRESSED FORGET` must publish terminal intent, trip the mount fence, stop renewal without clean release unless ref lanes are drained, stop GC, join keeper/remount/GC threads outside `remount_mutex`, and then enter `VanishedForgotten`.
B024-084	architecture/mounts-and-leases	For a same-uuid, same-epoch, unfenced mount body, `MountLeaseKeeper::onRenewMismatch` throws `ABORTED` with state-uncertainty diagnostics and relies on fencing plus self-remount rather than constructing `LOGICAL_ERROR`.
B024-085	architecture/mounts-and-leases	For a same-uuid body with a different writer epoch, `onRenewMismatch` throws `ABORTED` as the normal superseded fencing outcome and reports `superseded by a newer incarnation`.
B024-086	architecture/mounts-and-leases	A foreign-uuid mount body remains a deliberate `LOGICAL_ERROR`-loud invariant violation because the owner anchor makes foreign claims protocol-unreachable; the classifier does not take over the mount.
B024-087	architecture/mounts-and-leases	If the mount-slot object vanishes during renewal, the keeper throws `FILE_DOESNT_EXIST`, stops renewing, and fails closed without aborting or re-minting.
B024-090	architecture/mounts-and-leases	The renewal keeper samples separate wall and `CLOCK_BOOTTIME` anchors before I/O, passes the boot anchor to `on_renew_ok`, and computes each deadline as its own attempt-start anchor plus TTL.
B024-092	architecture/mounts-and-leases	When materialization grace consumes the claim TTL, startup must perform exactly one fresh conditional lease write before arming the fence, and that write must fail closed if a successor took the slot.
B024-093	architecture/mounts-and-leases	`allocateWriterEpoch` uses `EpochMintPolicy::NormalMount` by default and, on an absent epoch object, requires an authoritative `probeSentinelRaw` result of `KeyAbsent` before minting; `Present`, `ContainerAbsent`, `AccessDenied`, and `Indeterminate` fail closed.
B024-095	architecture/mounts-and-leases	`EpochMintPolicy::DecommissionRecovery` permits re-minting over a surviving mount only when that mount is terminal, refuses a live member with `ABORTED`, and mints `max(1, surviving.writer_epoch + 1)` so the new epoch is distinct.
B024-097	architecture/mounts-and-leases	The epoch-presence probe is paid only on the absent-epoch branch; when the epoch object is present, the normal CAS bump does not probe the mount key.
B024-101	architecture/mounts-and-leases	`SingleWriterSlot::backgroundLoop` continues after transient renewal failures while the confirmed lease deadline remains safe, but a definite `PreconditionFailed` mismatch always stops the loop and routes to `onRenewFailed` and self-remount recovery.
B024-109	architecture/mounts-and-leases	Phase A classifies same-uuid/same-epoch/unfenced as `same_epoch_state_uncertain` with `ABORTED`, same-uuid/different-epoch as `superseded` with `ABORTED`, foreign uuid as `LOGICAL_ERROR`, and absent body as `FILE_DOESNT_EXIST`.
B024-113	architecture/mounts-and-leases	If startup materialization grace consumes the claim TTL, `mountWritable` must redo one fresh conditional claim before arming the write fence; sane grace values shorter than `TTL − safety margin` incur no redo.
B024-114	architecture/mounts-and-leases	On the absent-epoch path, `NormalMount` proceeds only for authoritative `KeyAbsent`, rejects a present mount as `CORRUPTED_DATA`, and fails closed for `ContainerAbsent`, `AccessDenied`, or `Indeterminate` probe outcomes.
B024-115	architecture/mounts-and-leases	`DecommissionRecovery` is used only by `openForDecommission`; it refuses a live surviving mount and mints an epoch distinct from a terminal surviving mount using `max(1, surviving_mount.writer_epoch + 1)`.
B025-019	architecture/mounts-and-leases	`ownsNamespace` is required for confirm routing because a pool UUID is shared across server roots and cannot by itself select the answering mount.
B026-028	architecture/mounts-and-leases	`ForeignMountDeath` classifies a foreign mount slot as `Absent`, `CleanFarewell`, `GcFenced`, `ObservedStable`, or `Live`; only the first four provide a certificate usable by the opt-in force-claim path.
B026-029	architecture/mounts-and-leases	`proveForeignMountDead` never treats `expires_at_ms <= now_ms` alone as proof of death; absent, farewell, and GC-fenced slots decide immediately, while other slots require an unchanged write token across `mountObservationThresholdMs(ttl_ms, poll_interval_ms)` on the observer's monotonic clock.
B026-030	architecture/mounts-and-leases	The force-claim write order is read-only death proof, token-conditional owner overwrite, unchanged `allocateWriterEpoch`, exact-token deletion of the stale mount slot, and then ordinary `claimMount`; deleting the slot before epoch allocation would disarm the guard against re-minting `writer_epoch 1`.
B026-032	architecture/mounts-and-leases	The ordinary `claimMount` invariant remains unchanged: a different `server_uuid` is `ForeignOwner` and must not be written over, regardless of expiry or prior state.
B026-035	architecture/mounts-and-leases	The mount claim protects writer identity, writer epochs, live double starts, the local write fence, and the mount's in-flight builds from GC; it does not provide a stable reader view.
B026-047	architecture/mounts-and-leases	`proveForeignMountDead` returns `Live` when a foreign holder's token keeps changing across the bounded observation restarts; the force path must throw `ABORTED` and write nothing in that case.
B026-048	architecture/mounts-and-leases	Force-claim preserves the durable monotone writer epoch by running `allocateWriterEpoch` before deleting the stale mount slot; it then deletes the slot with `deleteExact` using the observed token and invokes unmodified `claimMount`.
B026-050	architecture/mounts-and-leases	A force-claim permanently reassigns pool identity: the original server presents its old uuid on restart and is refused by `claimOwnerOrThrow` until the owner object is restored or `server_root_id` is reconfigured.
B027-018	architecture/mounts-and-leases	A wedged ref lane stores its admission fence generation, and each later caller's flush performs at most one bounded same-key, same-bytes conditional create under that generation; there is no background deadline-resetting retry loop.
B027-022	architecture/mounts-and-leases	The ref catalog at `cas/ref_catalog` maps each logical namespace to `Creating`, `Live`, or `Removing` plus a random 128-bit `incarnation`; the incarnation is the opaque `life_id` carried by every life-owned stream and state key.
B027-023	architecture/mounts-and-leases	Namespace lifecycle transitions are `Creating → Live → Removing → absent`; there is no fourth state and no pruning finalizer.
B027-029	architecture/mounts-and-leases	Runtime identity is scoped to `(life_id, admitted_fence_generation)`; a name slot is only a cache, and predecessor invalidation may detach only the matching runtime without clearing or rebinding a successor runtime.
B027-030	architecture/mounts-and-leases	`CatalogLifecycleReconciler` owns catalog lifecycle reconciliation and returns orthogonal `AuthorityStatus::{Authoritative,FencedOut}`, `CatalogResolution::{DrainComplete,ExactRowAbsent,ExactRowReplaced,ExactRowStillPresent}`, and exact `retired_lives`; unreadable resolution throws without producing a result.
B027-038	architecture/mounts-and-leases	After pool bootstrap, an absent or undecodable `cas/ref_catalog` is `CORRUPTED_DATA` and stops creation, removal, and GC; only bootstrap may create the empty catalog, and it may never be treated as virgin state again.
B027-039	architecture/mounts-and-leases	A server root owns live namespace work if and only if the mandatory catalog contains a `Creating`, `Live`, or `Removing` logical name under that root; opaque stream/state debris alone must not block owner or epoch recreation, and an unreadable catalog fails closed.
B027-040	architecture/mounts-and-leases	A same-name birth is refused with typed retry-later while its predecessor is `Removing`; the window includes the terminal fold and the next invocation's pre-fold drain, but no physical cleanup or pruning round.
B027-041	architecture/mounts-and-leases	The catalog remains bounded by `Creating + Live + Removing` entries under create/drop churn; stalled creators retain entries until fence-terminal reconciliation.
B027-051	architecture/mounts-and-leases	Creation uses catalog `Creating`, `_ckpt` create, and catalog `Live` conditional writes; publication from `Creating` is structurally impossible because only a `Live` life-minting resolution supplies a writer life.
B027-073	architecture/mounts-and-leases	Mode 1 timestamps the fence trip and remount completion with `CLOCK_BOOTTIME`; the duration excludes wall-clock changes from NTP steps and includes VM suspension.
B027-074	architecture/mounts-and-leases	The Mode 2 expiry detector runs at a durable-write admission refusal, not on the hot `mayMutate` read path; it atomically records the true `deadline_boot_ms` once per episode when `lost == false` and the deadline has passed.
B027-076	architecture/mounts-and-leases	Mode 1 and Mode 2 fence counters are disjoint: `tripMountLost` sets `lost = true`, while Mode 2 detection requires `lost == false`, so one fence window is counted as exactly one mode.
B027-081	architecture/mounts-and-leases	`CasMountRuntime::waitForWriteGrace` is a bounded, event-driven wait that returns immediately when `write_grace_ms == 0` or `mayMutate()` is true, and otherwise returns on fence re-arm, timeout, teardown, shutdown, or terminal lifecycle.
B027-083	architecture/mounts-and-leases	The write-grace wait uses a dedicated `write_grace_cv` and `write_grace_mutex`, never the remount, build, or ref-ledger locks; its predicate is `mayMutate() || remount_shutting_down || remountTerminal()`.
B027-084	architecture/mounts-and-leases	The grace condition variable is notified by `setMountDeadline` for Mode 2 re-arm, `armMountFence` for Mode 1 re-arm, teardown/shutdown transitions, and terminal transitions including `enterVanished`, `enterIdentityLost`, and `publishVanishedIntent`.
B027-085	architecture/mounts-and-leases	The plain-object write surface inserts `pool->waitForWriteGrace()` immediately before `admitted_generation = pool->fenceGeneration()`; the mid-operation generation checks in `CasPartWriteTxn.cpp:705` and `:747` remain immediate abort points.
B027-086	architecture/mounts-and-leases	The ref-log append surface waits before acquiring `ref_queue_mutex` or setting `leader_active`; placing the wait inside append-leader tenure would deadlock remount and shutdown drains that require every lane to be `!leader_active`.
B027-090	architecture/mounts-and-leases	The write-grace wait has a hard ceiling of `write_grace_ms` even if no remount or lifecycle signal arrives, and terminal or shutdown predicates unblock it promptly rather than waiting for the bound.
B027-093	architecture/mounts-and-leases	The fence/remount design does not change lease TTL, fence arming, generation bumping, self-remount, claim semantics, or the fence-not-rescue behavior; it adds only logging/counters and an optional client-side wait.
B027-135	architecture/mounts-and-leases	A self-remount cannot re-arm its fence while recovery is in flight: it cancels and joins recovery, or joins its completion, so no old-generation `_ckpt` CAS or install follows re-arm.
B028-038	architecture/mounts-and-leases	Decommission enumerates a claimed server root's catalog entries exactly, resumes unfinished `Removing` writer work under the claimed fence when `_ckpt` exists, leaves completed removal to GC, and performs a final exact catalog token check before slot retirement.
B028-050	architecture/mounts-and-leases	Recovery installation and wedge retries are guarded by the fence generation captured at recovery start; a successor seal conclusively rejects an old-generation retry.
B028-058	architecture/mounts-and-leases	A decommissioned server-root slot cannot retire while any catalog entry owned by that root remains; a `Removing` entry without a terminal record is resumable writer work when `_ckpt` exists and is corruption when `_ckpt` is absent.
B029-025	architecture/mounts-and-leases	At self-remount, the replacement writer epoch must satisfy `writer_epoch > mount_runtime.liveWriterEpoch()` before installation; a durable monotone epoch counter makes this an asserted fail-close precondition.
B029-088	architecture/mounts-and-leases	The sender evaluates relink conditions in fence-first order: mount fence, residency and recovery, wedge, apply state, then the committed ref row; any failure before the row yields `Unknown`.
B030-021	architecture/mounts-and-leases	A `Foreign` occupant causes `WedgeResolveCorrupted` to clear the marker while retaining the wedge; `CorruptFenceReaction` is a separate later action that closes the mount fence.
B030-023	architecture/mounts-and-leases	`NamespaceLifeId { RootNamespace ns; UInt128 incarnation; }` must qualify both ref objects and namespace files, reject zero incarnation, have no default construction, use canonical fixed-width lowercase hex, and be constructible only from a catalog entry or held live handle.
B030-025	architecture/mounts-and-leases	Once a namespace catalog entry is removed, files from that incarnation are structurally unreachable, so namespace rebirth need not wait for `_files` to become physically empty.
B030-027	architecture/mounts-and-leases	`Creating` namespaces are not recovered or published; `Live` and `Removing` namespaces require a readable `_ckpt` with `life_epoch`; a missing required `_ckpt` is corruption.
B030-102	architecture/mounts-and-leases	`Closed` and `Faulted` are terminal for one runtime and cannot be reopened by a test-only generation change; only a real remount replaces the runtime.
B030-129	architecture/mounts-and-leases	The named Stage B recovery state machine is `Creating`, `Live`, and `Removing`; after GC deletes a proved-complete `Removing` row, recovery has no namespace to resume and the janitor owns any surviving `_ckpt`.
B031-058	architecture/mounts-and-leases	Only the owning writer or a successor that has claimed and fenced the same server root may append `RemoveNamespace`; GC must never invent the terminal record.
B031-081	architecture/mounts-and-leases	Decommission selects victim namespaces by exact catalog ownership with no LIST fallback; `Removing` with `_ckpt` resumes the terminal append, `Removing` without `_ckpt` is `CORRUPTED_DATA`, and a proved-complete `Removing` row remains GC-owned.
B031-105	architecture/mounts-and-leases	Decommission retirement is forbidden while any catalog entry owned by the server root remains; after entry absence, surviving opaque `_ckpt` and life objects are janitor debris.
B032-011	architecture/mounts-and-leases	`ContentAddressedTransaction::writeFile` classifies table-level files through `parseTableFilePath` and writes them with `putNamespaceFile`; other paths use a server-root-qualified `putMountpointObject` key.
B032-012	architecture/mounts-and-leases	Loose mountpoint objects use `roots/<server_root_id>/<path>` and carry no namespace, catalog row, life id, or later namespace-name resolution, so same-name namespace rebirth cannot retarget them.
B036-015	architecture/mounts-and-leases	The heartbeat is not safety-critical for lease fencing: `NoEpochCollision` remains green with `EnableHeartbeat = FALSE`, while the heartbeat is load-bearing for `NoFalseSteal`.
B036-041	architecture/mounts-and-leases	After a genuine post-wipe condition `epoch = 0 /\\ epochCeiling > 0`, `RemintEpoch` may re-mint only when no live unfenced mount for the actor exists, while `RemintEpochDecom` requires a crashed actor and a Drift-aware terminal surviving mount unless `SabDecomBlindBypass` is enabled.
B036-046	architecture/mounts-and-leases	The v9 recovery and wedge paths must recheck the captured mount-fence generation immediately before every mutation: `slot-occupy`, `_ckpt` publication, install, unwedge, or equivalent retry publication.
B036-051	architecture/mounts-and-leases	The production strict ordering allocates the durable writer epoch before claiming the mount, as documented at `CasStore.cpp:312-316`; the model constraint is `StrictOrderMount == mount = None /\\ mount.epoch > 0`.
B037-022	architecture/mounts-and-leases	`CaRefLaneCore` models six ownership states: `Ready`, `Writing`, `Wedged`, `NeedsRecovery`, `Closed`, and `Faulted`.
B037-023	architecture/mounts-and-leases	A captured predecessor runtime remains owned by its handle while the non-authoritative logical-name slot may publish a distinct successor after removal/rebirth or same-life self-remount.
B037-024	architecture/mounts-and-leases	Write and resolver operations must capture runtime provenance: `StartWrite` stores `lane_runtime` in `attempt_runtime`, `BeginResolve` carries it into `resolver_runtime`, and observations record `observation_runtime`.
B037-025	architecture/mounts-and-leases	The reference lane validates per-runtime projections of `cache_id` and `durable_id` during write, install, observation, resolution, and recovery transitions.
B037-048	architecture/mounts-and-leases	Immutable object producer fences are separate from checkpoint-CAS admission fences; after a remount, the current writer may checkpoint exactly one valid old-fence successor at `frontier + 1`.
B037-066	architecture/mounts-and-leases	A sender instance that loses the mount fence or current-writer authority must cause confirm to return `unknown`.
B037-122	architecture/mounts-and-leases	An unresolved every-attempt grant remains an in-memory duty while the mount lives and cannot be retired.
B037-123	architecture/mounts-and-leases	The v9 mount recovery layer captures `(actor, generation, op)` identity at admission and rechecks generation after I/O before every publication; an `Occupied` `slot-occupy` result must be resolved by comparing bytes.
B037-124	architecture/mounts-and-leases	A recovery result returning after self-remount is refused, and a dead lane's conditional create cannot be admitted under a successor generation.
B037-126	architecture/mounts-and-leases	The FORGET-only disk lifecycle is one-way: terminal states imply a latched fence, GC is destroyed and unrestartable, a started FORGET completes under fairness, and the GC scheduler eventually stops ticking after `Vanished`.
B038-024	architecture/mounts-and-leases	A server root is a single-writer mount slot identified by `server_root_id`, with lease and writer-epoch fencing stored at `gc/server-roots/<srid>/{owner,epoch,mount}`; a fenced writer cannot mutate the pool using stale state.
B038-054	architecture/mounts-and-leases	S13 requires that a stale GC leader cannot delete after losing the lease or fence race and that abandoned precommits do not grow without bound.
B039-113	architecture/mounts-and-leases	`WatermarkKeeper` maintains per-server single-writer liveness and an in-flight-build floor, while `HeartbeatKeeper` maintains per-build liveness and gates debris reclaim.
B039-124	architecture/mounts-and-leases	`WatermarkKeeper` holds a non-owning raw `Store*` back-reference and `ContentAddressedTransaction` holds a non-owning `ContentAddressedMetadataStorage&`; these are lifetime contracts rather than cycles.
B039-148	architecture/mounts-and-leases	In `system.cas_gc_log`, `server_root_id` identifies the mount whose GC scheduler ran the round and correlates with `system.cas_mounts`.
B039-165	architecture/mounts-and-leases	`system.cas_mounts` exposes one row per mount slot visible in the CAS backend at query time, including mounts belonging to other servers or other `server_root_id` values on the same server.
B039-168	architecture/mounts-and-leases	`system.cas_mounts` records `server_uuid`, `writer_epoch`, `renewal_sequence`, lease start and expiry, and `min_active_build_sequence`; `UINT64_MAX` for the last means the mount said farewell.
B039-169	architecture/mounts-and-leases	The `system.cas_mounts` `state` value is one of `live`, `expired`, `terminated`, `fenced`, or `corrupt`.
B039-170	architecture/mounts-and-leases	The `system.cas_mounts` `gc_fenced` column is `1` when GC has terminally fenced the slot.
B040-049	architecture/mounts-and-leases	The revised slot operation uses one raw conditional create, at most one raw exact GET, caller-side byte adjudication, and per-outcome backend operation-count assertions
B040-056	architecture/mounts-and-leases	Self-remount recovery must add cancellation polling at I/O boundaries and a cancel-or-join barrier before fence rearm, after which no old _ckpt or install mutation may follow
B040-104	architecture/mounts-and-leases	OwnerProto at <prefix>/gc/server-roots/<srid>/owner is a sticky binding from server_root_id to server UUID and prevents silent reuse under a different UUID
B040-105	architecture/mounts-and-leases	ServerEpochProto provides durable monotone writer-epoch allocation so a fenced writer cannot reuse the same epoch after reopen
B040-106	architecture/mounts-and-leases	MountLeaseProto is live lease and ack-floor state, not identity; server identity belongs to OwnerProto
B040-172	architecture/mounts-and-leases	The per-object evolution gates are v <= G_BUILD, a pool min_reader_generation forward floor and backward format floor at mount, and a future roster-based fleet floor designed but not yet built
B040-174	architecture/mounts-and-leases	Breaking v3 changes use a version-keyed encoder ladder that writes the field set valid at the pool floor, and the floor raise fences old binaries at mount
B041-020	architecture/mounts-and-leases	Only the owning mounted writer or a successor that has claimed and fenced the server root may append an interrupted terminal removal record; ordinary GC must not append it.
B041-021	architecture/mounts-and-leases	Recovery must capture the mount fence generation at admission and require the same generation plus a non-superseded runtime for every slot-occupy, _ckpt CAS, and final install; remount must cancel or wait for recovery before rearming.
B041-026	architecture/mounts-and-leases	Creating reconciliation must bind the entry to creator mount identity or fence generation, wait for that authority to become terminal, and CAS-delete only an unchanged catalog token.
B041-040	architecture/mounts-and-leases	Every namespace-scoped CAS operation should use a typed NamespaceHandle{namespace, incarnation, local_life_generation} through Pool, CasPlainObjects, PartWriteTxn, ref recovery/publishing, cleanup, and upper metadata operations.
B041-043	architecture/mounts-and-leases	A decommissioned server-root slot must not retire while any catalog entry owned by that root remains, and a claimed successor must enumerate catalog entries exactly and resume Removing entries without a terminal record.
B041-045	architecture/mounts-and-leases	A ref-append wedge must retain the admitted fence generation and allow each foreground lane flush at most one bounded controller operation with that generation; unresolved outcomes retain the wedge for a later caller or remount.
B041-056	architecture/mounts-and-leases	Decommission must recover and append the missing terminal under its claimed fence when _ckpt is present, and when _ckpt is absent it must exact-CAS-remove the catalog entry or fail as corruption if finalization ordering cannot be established.
B041-084	architecture/mounts-and-leases	If an old append CAS commits before recovery fencing, recovery rereads and adopts the node; if the fence commits first, the old CAS is permanently invalid because its expected token is stale.
B041-091	architecture/mounts-and-leases	Physical emptiness is not a rebirth precondition because old objects are incarnation-qualified; omitted old objects are retained rather than guessed dead after the catalog entry is removed.
B042-005	architecture/mounts-and-leases	`RootNamespace` has no constructor taking a `NamespaceLifeId`; the explicitness of its `String` constructor is unrelated to constructibility from `NamespaceLifeId`.
B042-010	architecture/mounts-and-leases	A persisted `CreatorFence.fence_generation` is not comparable across processes because it is a process-local `std::atomic<uint64_t>` whose counter restarts at zero in another `CasMountRuntime`.
B042-011	architecture/mounts-and-leases	`probeNonTerminalMountSlots` treats an absent mount slot as nothing to hold and an undecodable slot body as held; its conservative precedent applies only to the undecodable-body case.
B042-016	architecture/mounts-and-leases	`RefTableRuntime::life` has two writers: `ensureRefTableRecovered` during recovery and step 1 of `namespaceFilesLifeIfReadable`, which can resolve it without recovery.
B043-026	architecture/mounts-and-leases	The mount write-fence deadline uses `CLOCK_BOOTTIME`, and expired-mount reclaim requires observing a stable holder token for a full `TTL + Drift` window on the reclaimer's own monotonic clock.
B045-011	architecture/mounts-and-leases	`SYSTEM CAS GC REBUILD` refuses and raises an exception, regardless of `FORCE`, when another GC leader holds the disk lease.
B045-013	architecture/mounts-and-leases	`SYSTEM CAS DROP POOL MEMBER 'server_root_id' FROM DISK 'disk_name' [ON CLUSTER cluster_name]` permanently decommissions a dead content-addressed pool member by claiming its mount slot as an administrative writer, fencing that `server_root_id`, dropping its table namespaces, draining eligible debris, and retiring the slot after confirmed drains.
B046-020	architecture/mounts-and-leases	decommissionPoolMember re-reads the catalog for each selected entry and requires exact structural equality with the selected CatalogEntry; a same-name row with a changed incarnation is rejected with CORRUPTED_DATA.
B046-021	architecture/mounts-and-leases	Retirement of a pool-member slot is forbidden while any catalog entry owned by that root remains, including an entry transitioned from Live to Removing during the same decommission call; cleanup proceeds in two phases with GC between the calls.
B046-022	architecture/mounts-and-leases	The decommission retirement tail refuses a stale ownership cut when fresh_retirement_catalog.token != retirement_catalog_cut->token or fresh_retirement_catalog.catalog != retirement_catalog_cut->catalog, reporting catalog changed after the victim ownership check; refusing slot retirement against a stale cut.
B046-055	architecture/mounts-and-leases	The system.cas_mounts columns are started_at and expires_at; the _ms suffix remains on internal MountLease millisecond fields, persisted "sat"/"eat" body keys, cas-inspect JSON keys, holder_expires_at_ms, and log fields because those values are raw epoch milliseconds rather than DateTime64(3) columns.
B046-056	architecture/mounts-and-leases	The 05012_cas_mounts_typed_columns.reference remains unchanged because the query orders expires_at, server_uuid, and started_at in the same alphabetical order as the old names; a missing renamed column would reduce the result from three rows to two and fail the reference.
B048-063	architecture/mounts-and-leases	`MountLease` fields and related `system.cas_log` detail keys retain `started_at_ms` and `expires_at_ms` because their values are raw epoch milliseconds; the suffix is semantically accurate even where a display column uses `DateTime64(3)`.
B048-067	architecture/mounts-and-leases	`seedCompletedRemoving` recovers and retains the predecessor runtime while its catalog row is `Live`; absent and replacement fence-race fixtures therefore exercise real `Pool::invalidateRemovedCatalogLife` behavior and force name-based recovery away from the predecessor life.
B049-018	architecture/mounts-and-leases	The immutable runtime identity has the shape `RootNamespace -> RefNameSlot -> RefTableRuntime(NamespaceLifeId, admitted_fence_generation)`.
B049-019	architecture/mounts-and-leases	`RefTableRuntime::life` and `RefTableRuntime::admitted_fence_generation` are construction-only const values; a name slot is a non-authoritative current-pointer cache whose predecessor can be detached while external `shared_ptr` holders keep it alive.
