B051-050	architecture/design-history	The statement that plain S3 did not break was misleading: plain S3 had a silent in-memory projection omission, while only the local-disk `Fake` transaction made hardlinked directories immediately visible.
AUDIT-M2-001	architecture/design-history	The GC design moved from an epoch-based reclamation (EBR) core that encoded generation in the object key (`blobs/<H>/<g>`) and required a `404→LIST` degraded read path, durable per-hash floors, and Keeper-fenced `safe_epoch`, to an incarnation model that moves the resurrection marker into the object body and deletion precision into the backend token, eliminating generation from any key and removing the `404→LIST` path entirely.
AUDIT-M2-010	architecture/design-history	A 2026-06-19 baseline determination against the pre-refactor binary found 68 unique failures in the `transactions` and `text-index` test families identically reproduced on the unrefactored binary, confirming they were pre-existing CA gaps (B182, B183) rather than regressions, so the refactor was declared regression-clean without any code change.
AUDIT-M2-034	architecture/design-history	`CaIncarnationProofCore.tla` used Apalache 0.58.0 to verify an inductive invariant `IndInv` (19 conjuncts) for a pre-B91, token-only fragment of the GC core: base case (`Init => IndInv`) and step check (`IndInv => IndInv'`) both held, which is stronger than TLC bounded checking because the step check quantifies over all states satisfying `IndInv` at fixed bounds regardless of trace depth; the model was removed 2026-07-22 as stale and unverifiable in an environment without an Apalache binary.
AUDIT-M2-036	architecture/design-history	`CaGcIndegRefoldCore.tla` modeled a bug (H1b) where an in-degree completion-seal cursor persisted at `foldCursor` instead of `max(foldCursor, fenceVersion)` caused a re-fold of an already-absorbed fence-window removal, driving the integer in-degree counter to -1 (`INV_INDEG_NONNEGATIVE` violated, mapping to `CORRUPTED_DATA` in C++); the design decision was that the `Seal` action must advance the persisted cursor to `fenceVersion`, not remain at `foldCursor`.
AUDIT-M2-037	architecture/design-history	`CaGcIndegRefoldCore.tla` was removed 2026-07-22 because the shipped in-degree design no longer accumulates a non-idempotent integer delta stream: `CasBlobInDegree.cpp` computes in-degree via an idempotent two-cursor presence-set merge keyed by `(blob_hash, source_id)` where the surviving-edge count is an unsigned integer that structurally cannot go negative, so the underflow hazard the model existed to catch is now structurally impossible.
AUDIT-M2-038	architecture/design-history	Three B167 build-watermark models (`CaResurrectLiveness.tla`, `CaBuildWatermark.tla`, `CaBuildWatermarkNum.tla`), all removed 2026-07-21, proved that resurrect liveness requires a guard blocking GC from re-condemning a freshly-owned incarnation during the non-atomic upload-to-publish span (the B167 livelock: dedup hit on a stale incarnation is deleted, the fresh re-upload is re-condemned by GC without a guard, looping forever); their safety role fully migrated into `CaBuildRootPrecommit.tla`'s precommit-first reachability mechanism, which replaced the modeled per-candidate blob-guard and condemn-time `HeartbeatGuard` that were never fully implemented.
AUDIT-M2-046	architecture/design-history	The P9 GC 404-HEAD-storm fix's original mechanism, GcSnap::forget node-pruning, was later removed and superseded by the source-edge-set GC model (which has no persisted node registry to forget from); the ~90%-of-read-ops savings it was credited with is a historical measurement basis, not tied to a currently-existing mechanism.
AUDIT-M2-172	architecture/design-history	codex_r6_findings.md's round-5 disposition table maps all 10 round-5 review findings against the v6 ref-chain redesign: fully resolved (later definite result after ambiguity; clean-transition sealing), resolved for safety only (REBUILD condemnation; cross-epoch removals), partially resolved (recovery snapshot authority; one enumeration/falsifiability), unresolved (namespace incarnation; current-epoch manifest bodies; catalog partial transitions/capacity), and resolved for the original mismatch only (CAS-walk controller mismatch) — each disposition cites which of the 13 new v6 findings covers the remaining gap. Overall verdict: REJECT.
AUDIT-M2-367	architecture/design-history	External bug report Altinity/ClickHouse#2052 (orphan-manifest sweep deletes live manifests) does not reproduce on HEAD: the reporter's build was ~330 commits behind and predated commit `318291fe5e5`, which switched the orphan-manifest sweep's ownership recovery onto `recoverRefTable` (the ref-log model) rather than the older `recoverRefTableDetailed` path.
AUDIT-M2-401	architecture/design-history	The reftable COW-map plan's self-review found the actual access-site inventory for `RefTableState::committed` was 18 sites across 5 files (verified against the tree), not the ~15 sites the spec estimated; all but one site was a drop-in change.
B006-048	architecture/design-history	The full-scale P0 campaign found six O(N) cost families: GC round O(pool objects), scratch equal to full part size, replicated `OPTIMIZE` double-spill, wide-part O(columns), partitioned INSERT O(partitions), and startup O(refs).
B015-033	architecture/design-history	The rev.5 five-second grace floor was measured to cause approximately 20–26 GB/hour of ref snapshot traffic per node in the cited soak.
B024-002	architecture/design-history	In the measured 500-partition profile, `ReplicatedMergeTreeSink::finishDelayed` commits partitions serially, the ref-ledger batch size is 1.0, and `CasRefBatchFlushes` equals `CasRefBatchedMutations` at 1026.
B024-033	architecture/design-history	The S41 wide-insert baseline found CAS-on-S3 at 3.0× slower than plain S3, with 87.2% of Real time in S3 network operations, 12.6% in the HEAD-before-PUT gate, and about 77 blob PUTs per part on the wide profile.
B025-051	architecture/design-history	The wide S41 CA INSERT fell from 58.41 seconds before stage 1 to 30.26 seconds after stage 1, a 48% reduction and 1.93x speedup; plain S3 remained 19.44 versus 19.05 seconds.
B025-052	architecture/design-history	The S41 stage-1 workload produced 500 CA parts and 3.53 GiB of logical bytes in both runs, while the CA-vs-plain factor fell from 3.0x to 1.59x.
B025-053	architecture/design-history	The wide S41 profile averaged approximately 80 blob upload fan-out tasks per part (`40,150 / 500`), explaining why intra-part fan-out exceeded the narrow-case estimate of roughly two blobs per part.
B025-054	architecture/design-history	On the CA INSERT, stage 1 reduced the top thread's Real-sample share from 72.3% to 14.5%, increased distinct Real-trace threads from 3 to 33, and increased CPU-busy/wall from 0.375 to 1.075.
B025-055	architecture/design-history	The CA write path remained S3-network-bound at about 87% of Real wall time after stage 1; stage 1 overlapped that network work without removing it, while the HEAD-before-PUT gate remained about 12%.
B025-056	architecture/design-history	For the 500-part S41 CA leg, PUTs stayed at 119,432, while HEADs fell from 134,400 to 105,140 and GETs from 54,360 to 42,656 after stage 1.
B025-063	architecture/design-history	The A1 benchmark gate kept the production-shaped `BM_FlushInstallUniqueOwner` within baseline: at N=100,000 it measured 13,355 ns before A1 and 12,428 ns after A1, while the shared-base `BM_FlushInstall` measured 21,208,894 ns after A1.
B025-064	architecture/design-history	The A1 benchmark's `BM_ScratchCopy` remained O(1) at about 58 ns after the restructure, and `BM_ApplyRefLogTxn` remained within measurement noise at 770–831 ns versus 800–864 ns baseline.
B051-052	architecture/design-history	The upstream patch inventory counts 12 logical class-A hunks, 67 class-B hunks, and 3 class-C hunks.
AUDIT-M2-431	architecture/design-history	The `RefTableState` closed-class experiments round's success criterion (Task 8 final gate) is: after a 20-minute soak, the hottest CAS-attributed CPU stack family in the `trace_log` profile must be blob hashing, and every other CAS-attributed family must be at most one third of blob hashing's sample count; a miss turns the residual hotspot into a new experiment row rather than closing the round.
B001-025	architecture/design-history	Mutable integer blob refcounts were rejected in favor of an idempotent source-edge set folded from append-only +/- journal records.
B001-026	architecture/design-history	The gc/registry namespace registry was removed because it grew monotonically, made GC cost proportional to namespaces ever created times root_shards, and did not reclaim empty shards.
B002-024	architecture/design-history	Reading every run block with a separate ranged GET was rejected because a full 8 GB run would require about 32,000 requests per shard.
B002-030	architecture/design-history	Persisting integer refcounts and folding `prior_count + Σ ±1` was rejected because a refolded removal can underflow the count and wedge GC with `CORRUPTED_DATA`.
B002-094	architecture/design-history	A separate intermediate tree-layer object was rejected because it added key-space and GC edge complexity without benefit beyond recursive subtrees and identity decoupling.
B002-188	architecture/design-history	The raw immutable-body freshness-meta design with terminal tombstones was rejected because it introduced writer–GC waiting and liveness coupling; the current design keeps one hash key with an in-body incarnation tag and exact-token body deletion.
B002-189	architecture/design-history	Per-incarnation blob keys such as `blobs/xx/<hash>.<incarnation>` were rejected because they require `404 → LIST` reads and propagate incarnation into manifests and parents.
B003-016	architecture/design-history	An EBR or epoch GC core never existed in C++; EBR appears only in TLA+ and design documents, while the C++ path went directly from PoC reachability to the `Cas::Store` token model.
B003-023	architecture/design-history	The P9 `GcSnap::forget` cascade was short-lived: `GcSnap::forget` and `GForget` were added by `3243c6aec96` and `03e11643db3`, then the `CasGcSnap` unit was deleted by `3526407f1b1` ten days later.
B003-134	architecture/design-history	Comparing hot snapshots through bare `checksums.txt` equality or filesystem inode witnesses was rejected; the CAS-native identity primitive is streaming re-hashing and pool-side deduplication.
B004-037	architecture/design-history	The CAS design rejects a Merkle `treeId` layer, EBR or epoch-based GC, integer refcounts, `gc/registry` as discovery authority, endpoint-plus-prefix pool matching, and CAS-specific fields in `ReplicatedMergeTreePartHeader`.
B004-097	architecture/design-history	Writer deregistration at `dropNamespace` was rejected because removal events carry the blob `-1` edges and removing the namespace from discovery before GC folds them could cause phantom in-degree leaks.
B004-098	architecture/design-history	GC deregistration based on an empty settled namespace was rejected because a freshly created live table with no inserts is indistinguishable from a dropped table by emptiness alone.
B004-118	architecture/design-history	Copy-forward rejects recreating from writer-local files because a CA part's files are the pool blobs and no independent source exists on the move path.
B004-119	architecture/design-history	A same-`ManifestId` owner-move rename with Δ=0 was rejected because cross-shard moves would create two-owner or zero-owner windows that the source-edge set model cannot represent.
B005-050	architecture/design-history	The design rejects one ranged GET per block for full scans because an 8 GB run would require approximately 32,000 requests per shard per pass; ranged block GETs remain only for `seek`.
B007-090	architecture/design-history	The cache-over-CA design rejects making the generic cache wrapper impersonate CA concrete types and rejects peeling wrappers at every dynamic-cast site; direct CA metadata reuse has the smaller blast radius.
B007-099	architecture/design-history	`ManifestExpand`, `ManifestRetire`, and `ManifestStrip` are obsolete dead enum entries from the removed Merkle layer and must be deleted rather than implemented.
B008-099	architecture/design-history	The rejected trust-until-invalidated generation-counter design would have depended on discovering every mutation site and a root-lease argument that does not cover pool-global shadow namespaces; validate-on-hit was chosen instead.
B008-100	architecture/design-history	Serving a retained view for `ForceFresh` after only a matching ref resolve was rejected because ref currency does not prove manifest-body existence; `ForceFresh` therefore always performs the mandatory `HEAD` through `readManifestShared`.
B008-101	architecture/design-history	A four-value `Freshness` enum was rejected because the mutable-read versus write-evidence distinction is carried by the method: mutable reads call `resolve`, while write-evidence reads call `getView(ForceFresh)`.
B008-102	architecture/design-history	Materialized file and directory indexes were rejected because decoder-enforced canonical order makes binary search over the shared decode simpler and lighter.
B008-103	architecture/design-history	Relocating `shard_decode_cache` and `dedup_cache` into a `CasCacheState` was rejected as unnecessary verified-machinery movement with regression risk; the memory goal is met by byte-bounding `manifest_cache` in Phase 5.
B009-021	architecture/design-history	Comparing whole PartManifest objects is rejected because ref, root_namespace_id, and payload_digest legitimately differ between source and destination manifests.
B009-082	architecture/design-history	The raw-body v1 cut was rejected because dropping the in-body incarnation tag fixed the body etag to content and removed the protection that makes exact-token deletion miss a resurrected body.
B009-083	architecture/design-history	The v2 terminal-tombstone design was superseded because it couples writer progress to GC and is unnecessary when the body tag changes the etag on resurrection.
B009-084	architecture/design-history	Per-incarnation body keys were rejected because they require generation resolution by LIST, propagate incarnation into manifests, and break the pure-content/FUSE-ready design.
B011-005	architecture/design-history	Retired-in-snapshot does not change round pacing or the one-round graduation gap, because that gap is the racing-writer edge-surfacing window under EDGE-BEFORE-OBSERVE.
B011-035	architecture/design-history	Moving `clearSparedMeta` after the winning `gc/state` CAS is insufficient because an older leader can execute a stale pre-CAS `deleteExact` after a newer leader adopts a spare and clears the meta.
B011-054	architecture/design-history	Settlement is not partitioned by algorithm: mixed rows remain in the same `gc_shards` runs, and schemas 1 and 2 plus digest-only settlement helpers are deleted without compatibility shims.
B011-062	architecture/design-history	Mixed-algorithm pools do not rehash existing blobs, perform cross-algorithm deduplication, support per-table or per-insert algorithm selection, or remove algorithms from `algos_used`.
B011-070	architecture/design-history	The recommended default layout includes the `ch128` path segment rather than retaining the legacy no-segment cityHash128 layout, because CA has no persisted-data compatibility requirement.
B011-122	architecture/design-history	Phase 1 rejects a global ref-sequence watermark because lexical scan order differs from sequence order across tables and a global watermark could mark unseen concurrent appends as folded.
B011-140	architecture/design-history	The optional memory fast path is a separable optimization: small S3-mode blobs may be buffered in memory and written with `putIfAbsentStream`, while large blobs use S3 staging and conditional copy.
B012-011	architecture/design-history	The late-predecessor TLA+ configuration intentionally retains an expected-fail counterexample in which an old-epoch log materializes after a successor scan and violates complete-recovery safety.
B012-052	architecture/design-history	The token-diff `Skip` machinery and `listTokens` capability were removed because ref GC now detects changes from logs above each per-table cursor, and `listTokens` has no production callers at HEAD.
B012-090	architecture/design-history	Timeout control reduces but does not eliminate late-predecessor S3 completion; Keeper-based commit or another cross-object fencing mechanism remains a separate possible solution for strict cross-epoch authority.
B013-042	architecture/design-history	The single-value `ObjectKind` enum is deliberately retained because it is threaded through about 100 consumers and removing it would be a refactor rather than clean subtraction.
B013-044	architecture/design-history	`CasEvent::round` is not removed because it is a live serialized field surfaced as `system.content_addressed_log.round`, despite the earlier premise that it was always zero.
B014-041	architecture/design-history	The absence-means-Clean blob-meta lever was abandoned on 2026-07-14 and will not be revived because clearing the GC tombstone reopened a data-loss hole; the optimization round ships §§1–4 and §6 without §5.
B014-054	architecture/design-history	The design rejected a decommission-intent marker executed by `GC` because it would require `GC` to invent ref transitions, and rejected raw prefix deletion followed by mandatory `ca-gc-rebuild` because it would break in-degree accounting until an O(universe) rebuild; the chosen design makes the command a temporary writer using existing writer machinery.
B015-032	architecture/design-history	The rev.5 `snapshot_min_log_age_ms` grace window could leave a late predecessor log visible to cold folds while permanently absent from the writer's state.
B015-035	architecture/design-history	The proposal's recovery-seal-at-listed-maximum rule was later corrected to the dead-epoch upper-bound rule because an unresolved predecessor ID can exceed the greatest listed ID.
B015-115	architecture/design-history	The abandoned §5 plan proposed making blob meta a pure tombstone where absent meta means Clean, with fresh-body-first resurrect and spare tombstone clearing.
B015-134	architecture/design-history	The read-only replica design rejects reader-to-writer promotion, an `H_max` snapshot-age cap, per-blob read pins, and making the reader a full pool member as scope for this design.
B017-018	architecture/design-history	Owner-transition bindings use flat `o` and `n` key prefixes rather than nested JSON objects because the flat `JsonObjectReader` has no array or nesting support and extending it would increase the blast radius.
B017-058	architecture/design-history	`CasRecordStreamFormat` and the fixed-offset blob-envelope codec are not reused for part manifests because the former is source-edge-specific and the latter supports only one raw payload rather than multiple banner segments.
B017-077	architecture/design-history	Transport-level seals such as sender ACKs, response suffixes, HTTP trailers, and full-duplex reverse channels were rejected because Poco interserver transport is half-duplex and response-side data cannot provide a reverse acknowledgement or backpressure.
B017-118	architecture/design-history	A CA-specific disk `precommit` phase is rejected because the relevant `Keeper`/disk ordering is general to real disk transactions, while a CA-only phase would add an extra visibility boundary and upstream conflict surface without solving the general problem.
B017-130	architecture/design-history	The design rejects deferred delete intents, disk-queue replay before commit, replay in a new `precommit`, reuse of `IDataPartStorage::precommitTransaction`, `publishStagedData`, publication from `moveDirectory`, and a CA-specific transaction subclass or split base.
B018-017	architecture/design-history	Preserving staged merged parts or implementing resume-upload is explicitly out of scope because content-addressed blob deduplication bounds recompute cost once lease renewal stops over-fencing and merge backoff engages.
B018-048	architecture/design-history	The proposed `CasBlobUploader` split was descoped because `putBlob`, `observeAndAdmit`, and `uploadFromSource` form one mutually recursive writer-protocol lane whose decision state is coupled to byte delivery and shared mid-flight state.
B018-055	architecture/design-history	The one-pipeline design adds no `IDiskTransaction::precommit`, `IMetadataTransaction::precommit`, or `IDataPartStorage::publishStagedData`, and does not change `IDataPartStorage::precommitTransaction` or the Replicated `Keeper` call sequence.
B019-010	architecture/design-history	`freeze` cannot provide the MOVE-to-CA copy primitive because its transactional `Backup()` path uses same-disk `transaction->copyFile`, which throws `NOT_IMPLEMENTED` for cross-disk CA copies.
B019-021	architecture/design-history	The `freeze` transaction seam cannot be reused for cross-disk MOVE because `DiskObjectStorageTransaction::copyFile` calls `generateObjectKeyForPath`, which throws `NOT_IMPLEMENTED` on CA, while generic disk copy primitives use autocommit writes.
B019-024	architecture/design-history	Deferring `clonePart`'s commit into the swap is rejected because `clonePart` must commit before `create(initialize=true)` reads the part back, and changing that contract would enlarge the generic mover surface.
B019-044	architecture/design-history	The persistent ordered-tree approach, an `absl::btree_map` base, and changes to `precommits` are out of scope for the COW-map cut; commit-path tracing and microbenchmark evidence are separate follow-up work.
B019-056	architecture/design-history	A persistent immutable ordered tree is deferred, `absl::btree_map` is optional follow-up work, and `precommits` remains unchanged.
B019-141	architecture/design-history	Verify-on-dedup remains out of scope as the primary fix because it adds a read to every dedup hit and does not close merge-path ordering windows; CA-only publish-at-rename and a new `IDiskTransaction::precommit` phase were also rejected.
B021-022	architecture/design-history	T5 intentionally adds no new un-decommission CLI flag; manual clearing of `retired_at_ms` is the only revival path in this fix.
B021-051	architecture/design-history	The benchmark's `BM_MemcpyTxnBytes` floor was 30.7 ns, making the implemented 333 ns encoder about 10.8× the floor rather than the planned ≤3× target; the target was rejected as physically unreachable because a correct encoder must still validate, format numbers, escape JSON, and allocate its buffer.
B021-064	architecture/design-history	The incremental-budget design rejects a conservative over-estimate because byte-exactness is provable, rejects caching full encoded strings because it would retain two full strings and require line splicing, and rejects reducing `admits()` frequency because it changes per-operation validation granularity.
B023-025	architecture/design-history	The E4 flat-vector `RefCowMap` base was reverted because only `BM_Materialize` met the two-times target at N=100,000 while `BM_MergedIteration` improved by at most 1.28 times and `BM_SnapshotEncode` stayed within noise.
B023-043	architecture/design-history	The landed Dormant/UNMOUNT lifecycle is unsound because its benign-absent behavior can silently skip reclaim and make ATTACH load an empty table when data may still exist.
B023-044	architecture/design-history	Lazy `ensureMounted()` from `store()` is rejected because it inverts the `lifecycle_mutex → gc_scheduler_mutex → pointer_mutex` lock order and can deadlock; a benign probe also cannot distinguish table binding from a sweep.
B023-078	architecture/design-history	The original phased design's byte-estimate admission was rejected because undercounting could make whole-batch `checkBudget` throw; v2 replaces it with exact operation-count admission and a per-operation size cap.
B024-039	architecture/design-history	The retention-pin design was rejected because it would add a pool-global GC overlay, union folding, removal deferral, and owner-liveness machinery to the most safety-critical component.
B024-040	architecture/design-history	The reserved-precommit design was abandoned because it caused state-model sprawl, let a foreign writer bypass `stageManifest` and `adoptEvidence` discipline, and mismatched the `tmp-fetch_<part>` contract.
B024-104	architecture/design-history	The superseded branch was intentionally out of scope in the first proposal, but v2 later classifies it as normal fencing because a different epoch indicates a distinct remount incarnation.
B024-105	architecture/design-history	Adopt-and-continue of the observed mount token was rejected because it violated the contract that `onRenewMismatch` must throw and would require proof that an unwitnessed body is safe to adopt; fence plus self-remount already exists and is exercised.
B024-117	architecture/design-history	The v2 design explicitly leaves body-nonce rescue, coherent-read machinery, resolve-on-ambiguity, and changes to the mount-lease format out of scope; the safety mechanism is fence plus remount.
B026-051	architecture/design-history	`Pool::openForDecommission` already provides a reversible alternative by reading the existing owner uuid and impersonating it, preserving pool identity while allowing a WRITE mount; its tradeoff is that two processes present the same owner uuid and rely on the mount lease to serialize them.
B027-054	architecture/design-history	Banning a database engine or restricting generation tokens to shadow paths was rejected because it would break supported same-name reuse and replicated-database recovery while leaving other rebirth routes unprotected.
B027-068	architecture/design-history	Serial exact `GET N+1` until 404 was rejected because every probe costs a full S3 round trip, concurrent writing makes the stop unstable, and 404 proves object absence rather than acknowledged-history completeness.
B027-069	architecture/design-history	Recovery from a complete stream LIST was rejected because completeness is the premise under test; recovery performs zero stream LIST calls and uses enumeration only for leak-only GC/janitor discovery.
B027-149	architecture/design-history	The ref-layer `materialization_grace` wait is expected to be deleted because arithmetic recovery no longer trusts listings for completeness and the in-band seal fences late stragglers deterministically; the setting must not remain parsed but inert.
B028-008	architecture/design-history	This series does not move namespace files into the ref log, add folder-state manifests or a `_raw_files` object family, change `MergeTreeDeduplicationLog`, merge `Poisoned` into wedge, refactor `RefApplyState`, or remove the plain-object component.
B029-050	architecture/design-history	Adding `INVALID_STATE` to `isRetryableException` was rejected because it would reclassify 18 sites, including eight terminal CA sites and eight non-CA sites; recoding the three selected transient sites to `NETWORK_ERROR` fixes the required behavior with zero unintended reclassifications.
B029-083	architecture/design-history	The relink protocol deliberately sends no `ETag`, `If-None-Match`, `If-Modified-Since`, or `If-Match`; standard conditional vocabulary was rejected because an intermediary could evaluate it and synthesize a response, including a forged 304, instead of consulting the sender.
B029-110	architecture/design-history	The per-ref `MutationScope` index was rejected as a pre-ship stopgap because it adds protocol complexity to narrow the lane terms and would undermine the surface-deletion goal; a refusal is retry-later and therefore an availability cost rather than a correctness hazard.
B029-111	architecture/design-history	The recovery token bucket, cache-class segmentation, and per-peer fairness machinery were rejected as overengineering; only the per-recovery work cap and hard-coded global concurrency limit remain, with cold-confirm share as the revisit tripwire.
B029-112	architecture/design-history	Receiver-pays verification by directly recovering the sender's ref state was rejected because each verification would perform LIST plus replay and would inherit the listing-trust problems that the v9 chain is intended to remove.
B029-118	architecture/design-history	The 304/503 response-status encoding was rejected: `assertResponseIsOk` accepts only 200, 201, 202, 206 and redirects, so 304 and 503 would arrive as exceptions and require shared HTTP-client changes; the protocol keeps tri-state values in explicit headers on 200 responses.
B030-081	architecture/design-history	Having the receiver verify sender ref state directly from the pool was rejected because although it makes the beneficiary pay and removes the DoS class, it performs LIST plus replay per confirm and inherits LIST-trust questions.
B031-029	architecture/design-history	A bounded re-`LIST` or retry triggered by an out-of-order key cannot replace catalog authority because finite scans can agree while omitting an entire namespace and therefore produce no retry trigger.
B031-033	architecture/design-history	Permanent exact-`RootNamespace` non-reuse would avoid generation-based aliasing only by refusing supported exact-name reuse workflows, including shadow names and explicit UUID replay.
B031-072	architecture/design-history	Deleting a catalog entry immediately after folding the terminal record permits multiple cleanup items for repeated lives of one name and breaks the fold-seal reservation bound.
B033-076	architecture/design-history	A mount-time one-shot synthetic LIST probe cannot certify a backend because it can pass on RustFS even though a rare load- and timing-dependent violation later occurs.
B035-038	architecture/design-history	The writer-GC simplification review rejected both unchanged-round promote HEAD skipping and per-commit pinned-round acknowledgements as unnecessary variants after adopting the `EDGE-BEFORE-OBSERVE` design; the durable precommit edge plus two-phase delete recheck remains the load-bearing safety mechanism.
B035-045	architecture/design-history	Raw appending of canonical ref names was rejected because `checkCanonicalRefName` does not reject quotes, control bytes, or U+2028/U+2029; only the fixed vocabulary words `owner` and `tombstone` were proven safe for raw append.
B035-096	architecture/design-history	The intermediate grace-based GC designs were intentionally superseded by the incarnation, pin, lease, and fence model; this is treated as intended design history rather than lost durable content.
B036-021	architecture/design-history	The four `EnableTokenDiff = TRUE` configurations `stage5_tokendiff`, `sab_skipchangedshard`, `sab_skipparksdeadprecommit`, and `fix_skipparksdeadprecommit` were retired because no production seam legitimately consumes a LIST-derived token as authority to skip the fold read.
B037-011	architecture/design-history	`INV_RECONCILE_SAFE_BRIEF` is not a valid gate because its proposed state formula rejects the legitimate transient state where a creator fence is terminal before `_ckpt` creation.
B037-021	architecture/design-history	The retired `_sab_fix_ckptwitness` and `_witness_corruptgap` obligations are unconstructible because `_ckpt.committed_through`, rather than `_ckpt.checkpoint` or a higher `LIST` witness, is now the exact bound and every missing key at or below it creates a hold.
B037-073	architecture/design-history	Gate 0 is only an availability filter and authorizes nothing; safety belongs to gate 1, so modeling gate 0 would create a false impression of two independent safety sources.
B037-128	architecture/design-history	The original epoch-based reclamation GC with a global epoch and per-writer pins was superseded by the incarnation-token design because no epoch machinery exists in the shipped code.
B037-129	architecture/design-history	Per-incarnation body keys were rejected because they reintroduce incarnation into keys and manifests, require a 404-then-`LIST` read path, and break pure-content manifests.
B037-130	architecture/design-history	A meta-absence-means-clean tombstone variant was rejected because clearing a condemned marker in place is unsafe under the add-only freshness-meta proof and no such code landed.
B037-131	architecture/design-history	The per-candidate minimum-active-build watermark mechanism was replaced by precommit-first reachability; the surviving requirement is that build sequence numbers come from a monotone counter.
B038-071	architecture/design-history	The Merkle `treeId` tree layer was rejected because it added complexity without a correctness benefit; tree objects are manifest-internal.
B038-072	architecture/design-history	The EBR GC core was rejected because per-object epoch state did not scale; GC uses incarnation-token identity instead.
B038-073	architecture/design-history	Integer in-degree refcounting was rejected because non-atomic folding under concurrent leaders could undercount; the source-edge set replaced it.
B039-042	architecture/design-history	V1 rejects a generic folder-view API in `IMetadataStorage` because it would broaden the disk API, increase fork conflicts, and still not express CAS-specific freshness rules.
B039-043	architecture/design-history	`Cas::Store` must not own part-folder cache policy because that would mix protocol, metadata filesystem semantics, and operational tuning.
B039-044	architecture/design-history	V1 rejects generic path-result caching because the workload is specifically a part/projection folder load window and arbitrary path invalidation would complicate mutable files.
B039-131	architecture/design-history	The architecture analysis does not recommend merging `CasPoolMeta` and `CasRootsRegistry` codecs because their create-once and mutable-CAS lifecycles differ.
B040-135	architecture/design-history	v2 rejects ClickHouse CompressedWriteBuffer for CAS bodies and chooses plain single-frame zstd so the protocol remains portable outside ClickHouse
B040-146	architecture/design-history	v2 rejects an all-protobuf design because unbounded GC data would lose bounded-memory streaming and ranged seek
B040-147	architecture/design-history	v2 rejects FlatBuffers and Cap'n Proto because CAS metadata is small and object-storage network latency dominates parsing, while the dependencies add no needed portability
B040-182	architecture/design-history	v3 rejects v2's framed protobuf design because it keeps the control plane behind bespoke tooling and adds integrity guards whose failures change no decision
B040-183	architecture/design-history	v3 rejects Avro and Parquet for cas_run because seek is dead in production, they add dependencies, and their container or row-group machinery does not fit two-hash marker records
B040-184	architecture/design-history	v3 rejects keeping per-block CRC and footer in cas_run because the seal checksum covers the whole file that all consumers actually read
B043-003	architecture/design-history	CAS mechanisms are rejected when they require Keeper for correctness, scale Keeper or S3 work with data volume, let a stuck writer stall pool-wide reclamation, can accelerate deletion past safety gates, or couple generic `ReplicatedMergeTree` surfaces to the CA disk implementation.
B043-022	architecture/design-history	Per-incarnation body keys such as `blobs/xx/<hash>.<incarnation>` were rejected because they recreate the generation-in-key race, force `404 → LIST`, and leak incarnation into pure-content manifest identity.
B045-052	architecture/design-history	The `CasNamespaceFileDiskProfile.SteadyStateFileOperationsTouchNoCatalogRefBlobOrManifestKey` test does not exercise the `listNamespaceFiles` arm; direct list-arm coverage is provided separately.
B046-017	architecture/design-history	SensitivityCheckOrderingComparisonDiscriminates is not a valid sensitivity check because EXPECT_FALSE(*body_index > *ckpt_index) duplicates the scenario and is weaker than test 1's EXPECT_LT(*body_index, *ckpt_index); the recorded mutation run is the meaningful evidence.
B047-008	architecture/design-history	The historical alternative of widening probe A was rejected; probe A is deleted outright rather than demoted or retained as a sampling mechanism.
B049-070	architecture/design-history	The ordinary `clickhouse-disks write` verb currently does not reach `blobUploadPool()` because plain files use `CaInlineWriteBuffer` and part-shaped autocommit writes are `NOT_IMPLEMENTED`; pool initialization there is defense-in-depth for other or future non-autocommit paths.
B051-100	architecture/design-history	The `StorageReplicatedMergeTree::checkAlterPartitionIsPossible` override that only delegates to the virtual base adds no behavior and should be deleted together with its header declaration.
AUDIT-M-023	architecture/design-history	A Merkle treeId tree layer (content-addressed trees/<T> objects forming a Merkle DAG of immutable folders, with tree hashes carrying child_gen inside the tree identity) was rejected: child_gen inside tree identity forced ancestor rebuilds whenever a blob's generation floor moved, the 404->LIST degraded read path for generation resolution added latency and complexity, and the generation-in-key model required durable per-hash floors, epochs, per-build pins, quiescence machinery, and Keeper as a required component. It was replaced by the incarnation-token design; the trees/ key prefix and ObjectKind::Tree were removed entirely (2026-07-03) -- ObjectKind now has only Blob.
AUDIT-M-024	architecture/design-history	An EBR (Epoch-Based Reclamation) GC core -- writers holding a pin epoch (an ephemeral Keeper node), GC advancing through safe_epoch/commit_epoch/birth_epoch and waiting for quiescence, with generations on blob keys (blobs/<H>/<g>) as the ABA guard -- was rejected because a stuck or wedged writer held down safe_epoch and stalled reclamation of all dropped parts across all writers, Keeper was required for correctness, and a long-running INSERT could delay GC for its entire duration. It was replaced by the incarnation-token design, where regular GC candidates are restricted to journal-known nodes so fresh uploads are structurally invisible and can never be candidates, and a wedged writer has no pin to hold down.
AUDIT-M-039	architecture/design-history	CasEvent::round was NOT removed despite the original stabilization spec calling it a dead always-0 field with 5 write sites; at HEAD it has 20 write sites, is copied into ContentAddressedLogElement::round, and is a live serialized system.content_addressed_log.round column, so deleting it would be a user-visible schema change.
AUDIT-M-040	architecture/design-history	The single-value ObjectKind enum was NOT removed (spec item D1f) despite being a single-valued enum: it is threaded as the parameter/field type of observeAndAdmit, uploadFromSource, decodeEnvelopeHeader, magicFor, retiredLogicalSize, EnvelopeHeader::kind, RetiredEntry::kind, the CasGcOutcomes codec, and Fsck/GcObserved, with ~100 consumers; removing it is a refactor, not a subtraction.
AUDIT-M-067	architecture/design-history	Whole-object copy-on-write for `RefTableState::committed` via `src/Common/COW.h` (clone the whole map on any write) was rejected as "approach C" because trial copies during a flush always write, so it gives no gain over the naive full-map copy.
AUDIT-M2-003	architecture/design-history	Three fixes for the GC-registry monotone-growth problem were rejected before the shard-incarnation redesign: (1) writer deregisters at `dropNamespace` — unsafe because the removal `-1` in-degree edges would be lost if the namespace vanished from discovery before GC folded that window; (2) GC hard-deregisters when 'empty + settled' — indistinguishable from a live table between CREATE and its first INSERT; (3) shard-object deletion on the path-keyed cursor — an ABA hazard where a recreated shard resets `shard_version` to 0 and an old sealed cursor silently skips the new incarnation's events.
AUDIT-M2-026	architecture/design-history	Rejected writer-protocol designs: `cas_owner` S3-metadata + `protectedByLiveBuild` guard (adopt did not transfer ownership, protection was revocable); a per-build heartbeat object at `builds/<build_id>` (leaked on successful publish, broke `DeletedCandidateDoesNotReappear`); `Build::resurrect` via GET-from-existing (raced GC delete in the HEAD-to-GET window); retaining full blob bodies in RAM (rejected on memory grounds for gigabyte column blobs); server-side copy/`UploadPartCopy` for bodyless re-stamp (dropped once the per-server watermark made bodyless re-stamp unnecessary; MinIO has known `UploadPartCopy` gaps); publish-at-precommit double-write (would add a second manifest PUT per part).
AUDIT-M2-128	architecture/design-history	E4 (flat-vector base for RefTableState) was REVERTED after implementation: it only cleared Materialize's asymptotic cost 2x (O(NlogN)->O(N)) on a cost that is per-flush, never trace-visible, and N-budget-bounded, so simplicity won over the marginal gain.
AUDIT-M2-335	architecture/design-history	Keeping a permanent `Retired` catalog row instead of the transient `RemovalReady` state was rejected because it grows the catalog with historical namespace births, eventually exhausts its object cap, and breaks supported exact-name reuse.
AUDIT-M2-336	architecture/design-history	Trusting only the historical pruned-seal observation (without a `RemovalReady` catalog state) was rejected because another round can recreate the name-keyed cursor while the catalog entry remains `Removing`.
AUDIT-M2-337	architecture/design-history	Keeping `_cleanup` as permanent removal evidence was rejected because a marker that must outlive every possibly stalled actor is unbounded, and deleting it recreates the stale-leader race it was introduced to prevent.
AUDIT-M2-338	architecture/design-history	Inferring damage from entry-less debris was rejected because legal debris and a fabricated missing catalog entry are physically indistinguishable; adding more classifier branches cannot create information that was never persisted.
AUDIT-M2-339	architecture/design-history	Life-scoped cursors were rejected as the primary Task 5 mechanism because they change the fold-seal wire grammar, every cursor key builder/parser, GC intake, REBUILD, fsck, and manifest sweep coverage lookup, while `RemovalReady` changes only one catalog enum, its codec, one transition, and the GC universe predicate.
AUDIT-M2-374	architecture/design-history	The first proposed fix for the deposed-leader stray-Clean defect (Fix 1: couple `clearSparedMeta` to adoption by moving it after the winning `gc/state` CAS, plus a `condemn_round` guard) was proven insufficient by a second model consult: a stale, paused leader can issue the destructive exact-token `deleteExact(t1)` pre-CAS from an older adopted snapshot, so a fresh leader's legitimately-adopted post-CAS clear still lets a writer reuse `t1` and the stale leader's redelete kills the live reuse, because the final `gc/state` CAS fences adoption, not pre-CAS side effects.
AUDIT-M2-390	architecture/design-history	A reviewer's objection that the `src/Common/ProfileEvents.cpp` registration exceeded the approved failpoint scope was refuted as a conflation: the registration came from a separate task, not the failpoint-approval task, and a `ProfileEvent` registration is not protocol coupling; the failpoint approval's actual scope (only `src/Common/FailPoint.cpp` registration lines) was exercised exactly as recorded.
AUDIT-M2-437	architecture/design-history	A later draft of the relink/seam TLA+ model omitted FloorReconcile entirely while leaving WedgeResolveInstall enabled on sWedge /\\ sApplyOwed, which admitted a poisoned-to-clean install as reachable when it should be impossible; a blanket ~sWedge exclusion in MarkerCoversDurableWindow was rejected because it hid the bug rather than describing the code — once the invariant's subject became the mount's own owed apply, no exclusion was needed for either the wedge or the fence.
AUDIT-M2-009	architecture/design-history	Five same-class defect hardening findings (H1-H5) followed the B85/B87 fixes: H1 four unchecked `resolvePartGenKeyForRead` call sites in `getLastModified` could wedge `clearOldTemporaryDirectories` on DROP; H2/H3 two sites threw `LOGICAL_ERROR` for benign concurrent DROP/DETACH races that should have thrown recoverable `FILE_DOESNT_EXIST`; H4 `replaceFile` lacked the `is_part_dir` directory delegation `moveFile` had just received; H5 `ContentAddressedGC::listLivePartIds` did a LIST-then-read without swallowing a concurrently-dropped ref.
B014-007	architecture/design-history	The architecture documents still describe the removed in-place trim mechanism as live, including the Lazy-trim gate in `docs/superpowers/cas/04-gc-protocol.md` and `01-architecture.md`; the references should be folded into the existing GC documentation-refresh backlog.
B014-010	architecture/design-history	Several architecture documents still present removed CAS mechanisms as current, including `/_precommits`, `root_shards`, `incarnation_*`, `fence_seq`, manifest-backpressure knobs, `folded_cursor`, lazy trim, and `shardOf`; these references require a documentation refresh.
B047-028	architecture/design-history	`StageA_Suppressed` remains the name of a live negative-policy enumerator even after Stage A; a follow-up rename such as `NoUniverseSupplied` would touch about 12 sites.
AUDIT-M2-011	architecture/design-history	A 2026-06-22 model currency audit found no old-design cruft in any live TLA+ model, but found three models stale against shipped code around the B171 precommit-reachability mechanism — `CaBuildWatermark.tla`, `CaBuildWatermarkNum.tla`, `CaResurrectLiveness.tla` — and documented dispositions (mark stale; repurpose the watermark floor lemma for precommit-ref reclaim liveness) rather than deleting the models, preserving proof history.
AUDIT-M2-329	architecture/design-history	Working-tree "Task 13a" coverage-gap tests add `InvalidRefLogBodyAbortsFoldNoPartialDelta`, `BaselineGuardRefusesWhenSnapshotSurvivesWithoutLogsOrCursor`, `RefWriterAppendLane.SameRefMutationsSplitAcrossFlushes`, and `MountpointObjectRoundTrip`, restoring contracts of tests retired with earlier ref-model changes.
AUDIT-M2-392	architecture/design-history	The ref-lease-exclusivity rev.6 proposal left four open questions for review at draft time: whether a 30s `T_mat` unclean-handover penalty is acceptable in production given rustfs/MinIO/real-S3 request-lifetime differences; whether the eager recovery snapshot should also run on clean mounts with a large inherited tail; whether the seal's wedge/single-in-flight invariant may be hard-required via chassert plus release fail-close at the lane level; and confirming that the interim mechanical patch (aged trigger, copy-once replay, threshold 256) lands regardless of the proposal's outcome.
B001-016	architecture/garbage-collection	The GC retention cursor can advance past a still-referenced generation before the best-effort hand-off delete; a crash in that window can leak the gc/gen/<g>/ prefix until fsck.
B001-048	architecture/garbage-collection	The GC hand-off can leak a whole generation if the process crashes after the retention cursor CAS and before the best-effort wholesale delete; a normal retry does not revisit the advanced cursor.
B002-145	architecture/garbage-collection	GC-WEDGE-2026-07-10 showed that an orphan sweep must preserve a dropped but unsealed committed manifest body until its removal decrement is folded.
B002-181	architecture/garbage-collection	The `SkipParksDeadPrecommit` model found that token-diff discovery could permanently park a static shard containing a watermark-dead abandoned precommit; the fix forces a read when the sealed coverage reports such a precommit.
B003-086	architecture/garbage-collection	Concurrent explicit GC leaders could orphan blobs because a deposed leader wrote a final-key fold seal before losing the `gc/state` CAS; attempt-scoped generations keyed by `(gen, attempt = lease.seq)` fix this by hiding unadopted artifacts.
B004-095	architecture/garbage-collection	D1 originated because `dropNamespace` tombstoned shard contents but never removed the namespace from `gc/registry`, causing registry entries and empty ref-shard objects to accumulate as the S30 `other` residual.
B006-055	architecture/garbage-collection	GC rebuild initially missed physical blobs with zero rebuilt edges because they had no run row and never transitioned to zero; the rebuild now condemns such blobs directly using head-captured tokens, a minted round, and floor-gated graduation.
B006-058	architecture/garbage-collection	A GC safety bug allowed clamped shards to skip landed events: a blob was deleted while its landed `+1` remained unfolded, yielding 31 dangling blobs and one dangling manifest; this violated INV-NO-LOSS.
B007-019	architecture/garbage-collection	P2 reported 116 `delete_pending blob recovered in-degree — structurally impossible under the ack floor (spared anyway, fail-closed)` events in a four-minute window on ch1; the root cause was unknown in the campaign.
B007-022	architecture/garbage-collection	P5 was GC round 31 stalling for about four hours under leader contention, with six of eight attempts reporting `manifests_deleted=0`, a 2:1 leadership skew, and chronic heartbeat acknowledgement lag.
B007-043	architecture/garbage-collection	`ca-gc-dryrun` proposed 132 blobs as deletable in S18 even though fsck classified them reachable and real GC spared them, demonstrating reachability divergence for frozen or shadow-referenced data.
B007-046	architecture/garbage-collection	Across S18, S25, and S26, `ca-gc-dryrun` over-proposed reachable blobs while real GC kept them and fsck reported `dangling=0`; this is a systematic dryrun reachability defect across shadow, non-Atomic, and verbatim-churn roots.
B007-047	architecture/garbage-collection	S30 initially measured `CasRootGet` growth from 75 to 190 across 30 create/drop cycles despite no live tables, but the later S34 correction attributed the apparent F5 defect to sampling reclaim backlog instead of steady-state discovery.
B009-011	architecture/garbage-collection	Build::promote unconditionally overwriting root.refs[final_ref_name] can leave the old Committed binding in the journal without its releasing -1 owner event, pinning the old manifest and uniquely owned blobs.
B009-015	architecture/garbage-collection	ABANDON-RETIRE-ORDERING allows GC to see a watermark-dead but not-yet-removed precommit and append a duplicate removal while abandon appends its own removal.
B009-038	architecture/garbage-collection	A GC liveness wedge was traced to a condemn-race retry that republished the same ManifestIds while mf_cleanup retained removal-half entries, allowing a later removal fold to delete live bodies and clamp collection on missing bodies.
B011-128	architecture/garbage-collection	Racing multipart copies can produce different multipart ETags, leaving the losing writer's recorded token stale and making exact-token deletion unable to reclaim the object.
B013-018	architecture/garbage-collection	`CasGcScheduler::runOneRoundNow` constructs a throwaway `Cas::Gc` and does not serialize with `loop`, so manual GC loses stable observer state and can run concurrently under one `gc_id`.
B014-005	architecture/garbage-collection	A manual GC round can run through a raw `gc_scheduler` pointer captured outside `gc_scheduler_mutex`, leaving a use-after-free window against concurrent scheduler `reset()`.
B014-006	architecture/garbage-collection	Lazy scheduler-creation sites can resurrect a `gc_scheduler` after shutdown; a full fix requires retaining a shared pointer for rounds and gating lazy creation with a started flag.
B014-022	architecture/garbage-collection	The S13 orphan-manifest result was a product regression: successor cleanup removed the GC-side reclaim while the writer-side sweep was one-shot and silently failed, leaving two orphan `_manifests` after forced GC under kill-chaos.
B019-060	architecture/garbage-collection	Review finding №4 is real: if `writeCondemnedMeta` is swallowed, a writer can adopt the retired token and a later exact-token GC delete can remove a blob still referenced by a committed edge.
B019-061	architecture/garbage-collection	Review finding №5 is real: pre-CAS generation pruning based only on the proposed seal can delete a run still referenced by a winning concurrent leader's parent seal, permanently wedging GC with `CORRUPTED_DATA` in `PriorEdgeCursor`.
B019-064	architecture/garbage-collection	Review finding №8 includes a confirmed scheduler UAF: `runGarbageCollectionRoundNow` snapshots `gc_scheduler.get()` under a mutex, unlocks, and can dereference it after shutdown resets the scheduler.
B019-074	architecture/garbage-collection	Review finding №18 is real: emulated `get`/`head` tokens use `TokenType::Emulated` while list tokens use `TokenType::ETag`, so listed-token conditional deletes fail safely but generation-prune accounting can report deletion while objects leak.
B019-076	architecture/garbage-collection	Review finding №19c is latent local-CA data loss across restart: a non-persisted `emu_seq` can re-mint a persisted condemn token value, allowing `deleteExact` to delete a live incarnation after restart.
B019-085	architecture/garbage-collection	Review finding №28 is real: `Pool::beginPartWrite` can register a build sequence before construction fails, permanently pinning the GC `minActive` retention floor until remount.
B020-031	architecture/garbage-collection	S31's `ca-gc-dryrun` failure was caused by a card oracle comparing a single-round `dry_count` with cumulative multi-round `deleted_total`; `Gc::previewDeletes` already iterates every shard.
B020-043	architecture/garbage-collection	S38's late-log detection is structurally starved when a poison late log clamps its own key: every healthy GC round records `CasGcClampSuppressedPasses:1`, suppressing the sweep pass that would emit the late-log report.
B021-013	architecture/garbage-collection	A poison late log causes repeated failing reads that clamp its key, and clamp suppression then skips the orphan-manifest sweep pass that would call `reportLateLogsIfAny`; late-log detection is therefore structurally starved while the clamp persists.
B021-032	architecture/garbage-collection	The CAS review triage confirmed that swallowed condemn-marker writes could let GC delete a live blob; task T1 fixed the load-bearing gate in commits `21a6051e8ff` and `12ae454e7f2`.
B021-033	architecture/garbage-collection	The CAS review triage confirmed that pre-CAS retention pruning based only on proposed generations could permanently wedge GC; task T3 fixed it by using the parent-union-proposed generation set in commit `883c8f92d66`.
B021-042	architecture/garbage-collection	Issue [Altinity/ClickHouse#2052](https://github.com/Altinity/ClickHouse/issues/2052) does not reproduce on HEAD because commit `318291fe5e5` moved orphan-manifest ownership recovery to `recoverRefTable`, which `CasOrphanManifestSweep.cpp` still uses through `recoverRefTableDetailed`.
B025-015	architecture/garbage-collection	The shipped TLA+ confirm model permits a dangle when one durable journal record is omitted from a paginated observation: `_sab_holeylist` violates the dangle property, and `_main` with `MaxHoles = 0` proves only that the confirm protocol adds no new dangle path under a completeness assumption.
B025-066	architecture/garbage-collection	A post-run observation found 56 blobs that `ca-fsck` classified as `AwaitingGc` with `dangling=0`, while GC repeatedly reported zero candidates and never drained them; fsck saw no live manifest edge but GC's in-degree view still assigned positive protection.
B026-008	architecture/garbage-collection	In the retention direction, omitting a ref-log removal record can advance the cursor past that record permanently, so the removal is never folded and the residual activation edge retains the blob after the listing recovers.
B026-009	architecture/garbage-collection	In the deletion direction, omitting a second live owner's activation `+1` while folding the first owner's removal can make GC compute zero in-degree for a blob still referenced by a committed manifest and delete that blob.
B026-011	architecture/garbage-collection	`BlobDelta::txn_ordinal` must remain the last member unless positional aggregate initializers are converted, because inserting it before `remove` silently rebinds `BlobDelta{ref, source_id, remove}` and turns removals into activations.
B026-065	architecture/garbage-collection	A residual `+1` can arise either because its `-1` ref-log was omitted and the cursor sealed past it, or because the `-1` reached the reducer before its `+1`; the latter is counted by `CasGcUnmatchedRemoveDeltas` and is a separate investigation.
B027-153	architecture/garbage-collection	The initial arithmetic fold walk caused an unbounded-round liveness regression: concurrent appends made the walker chase the tail, producing zero completed GC rounds in 42 minutes on a hot approximately 30 GiB pool.
B028-057	architecture/garbage-collection	REBUILD can currently condemn a physically listed blob when a live manifest is hidden from LIST, and the durable remedy is an authoritative build/upload registry; until then REBUILD cannot reclaim manifest-less orphan blobs safely.
B028-060	architecture/garbage-collection	Before incarnation qualification, `groupRefKeys` grouped listed ref keys by `parsed->id.ns.string()` and discarded `parsed->id.incarnation`, merging old and reborn lives into one `RefTableListing`.
B028-071	architecture/garbage-collection	The S42 sweep defect strands folded `+1` blob edges when an orphan manifest is swept, so orphan nomination must directly account for those source edges.
B029-051	architecture/garbage-collection	`CasGc.cpp:718` codes an undecodable write-once outcome log as `ABORTED`, causing retry, although the immutable bytes indicate `CORRUPTED_DATA`; `CasGc.cpp:808` is a separate case where `ABORTED` remains correct because `gc/state` genuinely moved.
B031-003	architecture/garbage-collection	An uncataloged shard-0 cursor is re-added to every GC round, so its recurring anomaly permanently suppresses pool-wide reclamation, prevents cleanup-item retirement, leaves the name unrecreatable, and requires `SYSTEM CONTENT ADDRESSED GC REBUILD` to clear it.
B031-009	architecture/garbage-collection	The persisted fold cursor is keyed only by namespace and shard, so a recreated namespace can inherit a predecessor incarnation's sequence boundary and omit the new incarnation's first positive owner edges from the GC baseline.
B031-023	architecture/garbage-collection	Deleting the perpetual `_files` janitor would make a single omitted `LIST` result leak dead-incarnation files permanently, because the one bounded cleanup attempt would be their only reclaimer.
B033-063	architecture/garbage-collection	On RustFS, a ref-log enumeration returned sequence `0x1430e` while omitting predecessors `0x1430c` and `0x1430d` during a soak.
B033-066	architecture/garbage-collection	Concurrent delete, stale-epoch minting, out-of-order appends, and a late `Unresolved` PUT were excluded as explanations for the RustFS omission by evidence at three source levels.
B033-069	architecture/garbage-collection	The observed RustFS omission was a contract violation because the omitted keys were durable about 19 seconds before the enumeration began.
B033-081	architecture/garbage-collection	Resurrection of a condemned object can overwrite a live incarnation installed by another writer because the rewrite is not bound to the observed token with `If-Match`.
B033-083	architecture/garbage-collection	A failed Condemned-marker write can let GC delete a newly referenced blob because condemnation failures are swallowed and writers treat absent or Clean metadata as live.
B033-084	architecture/garbage-collection	Pre-CAS retention can delete data referenced by the currently adopted GC snapshot because pruning protects only the proposed seal's generations rather than the union of parent and proposed references.
B034-003	architecture/garbage-collection	The unmatched-minus-one retention leak left 56 blobs with exactly one residual source edge whose manifest no longer existed; the edges traced to four `tmp-fetch_*` refs published and dropped within 43 ms.
B034-009	architecture/garbage-collection	GC advanced its fold cursor over records merely observed in a paginated LIST without a completeness proof, creating the LIST-as-journal deletion hole tracked as a release blocker.
B034-028	architecture/garbage-collection	`ca-gc-dryrun` systematically under-counted reachability relative to real GC and fsck, while real GC remained safe with zero dangling blobs; the intended invariant is `dryrun ⊆ (unreachable ∪ pending-gc)`.
B034-030	architecture/garbage-collection	A rebuild that condemns nothing cannot reclaim a blob whose manifest no longer exists anywhere in the pool because that blob has no row in the rebuilt baseline; such blobs remain fsck `unaccounted` until the R4 build/upload registry exists.
B034-032	architecture/garbage-collection	The GC-side recovered-in-degree warning was often a false alarm caused by a dedup-adopt-versus-condemn TOCTOU: a writer adopted a blob after GC read it as not condemned, and GC then spared it after recovering the fresh edge.
B034-074	architecture/garbage-collection	GC collapse under mass table drops was a queue-stability failure: serialized rounds became longer than the arrival rate, so dropped namespaces persisted, the universe grew, and subsequent folds became slower.
B034-076	architecture/garbage-collection	The GC meta pool uses a queue of zero effective depth and `scheduleOrThrowOnError` blocks the fold thread from the 17th in-flight meta operation onward, preventing fold LIST/GET work from overlapping with condemn PUTs.
B034-077	architecture/garbage-collection	Completed namespaces retain `_cleanup` markers and their newest constant-size `Removed` snapshots, so the globally enumerated ref prefix grows linearly with historically unique namespaces.
B034-082	architecture/garbage-collection	The GC/fsck disagreement was measured as 56 present blobs with no live reference, each carrying one residual source edge in the adopted in-degree run while GC marked zero candidates across 1,062 rounds.
B034-084	architecture/garbage-collection	An unmatched `-1` delta is silently ignored by the set-presence merge keyed by `(blob_ref, source_id)`, so its corresponding `+1` can remain forever and retain a blob until a full `ca-gc-rebuild`.
B034-086	architecture/garbage-collection	GC discovers ref-log transactions by paginating `LIST(cas/refs/)` without a snapshot token, high-water mark, or contiguity proof, and advances the cursor per fully folded log it happened to see; an omitted record is permanently skipped.
B034-091	architecture/garbage-collection	An adopted fold seal once referenced a missing run under an older generation key, causing `zeroInDegree` to find no candidates and allowing GC to complete rounds while reclaiming nothing.
B034-114	architecture/garbage-collection	The scalar `suppress_destructive = !anomalies.empty() || !holds.empty() || frontier_incomplete` gate lets one namespace's anomaly stop reclamation for the whole pool; the intended Stage B shape is a per-namespace destructive gate.
B035-003	architecture/garbage-collection	Concurrent explicit `SYSTEM CAS GC RUN ca` leaders could permanently orphan unreachable content blobs and part-manifests while preserving safety (`fsck dangling=0`); the leak occurred because an aborted divergent fold advanced generation or cursor state past owner-removal events that were never folded.
B035-004	architecture/garbage-collection	The concurrent-leader GC leak arose because `fold()` wrote `gc/gen/<gen>/fold_seal` before the lease-guarded `gc/state` CAS; a divergent `putIfAbsent` caused the losing leader to throw `ABORTED` without advancing state, so the winner's seal was never re-adopted and its owner-removal events were not re-folded.
B035-007	architecture/garbage-collection	A nonzero reclaimable residual in S33 is a real regression of the attempt-scoped generation invariant: concurrent explicit GC leaders left 87 or 84 `_manifests` unreachable while `dangling=0`.
B035-008	architecture/garbage-collection	GC per-round fanout grew across create/drop iterations even when no table remained live, violating the D1 registry-removal and dropped-shard-reclaim guarantee.
B035-027	architecture/garbage-collection	Under recurring content hashes, a resurrected blob incarnation B could replace condemned incarnation A at the same hash key; the exact-token delete guard correctly skipped deleting B, but GC failed to re-condemn B, leaving an `unaccounted` physical orphan.
B035-029	architecture/garbage-collection	An abandoned precommit manifest could remain permanently protected when `CasOrphanManifestSweep` saw a `Precommit` binding with no removal event; a content-static shard parked by token-diff `Skip` prevented `reclaimAbandonedPrecommit` from running again.
B035-040	architecture/garbage-collection	A GC removal-fold wedge can clamp a shard forever when `CasOrphanManifestSweep` deletes a promoted manifest body after `dropRef` but before the committed-removal `-1` is sealed; the fold then cannot read the body to compute edge deltas and pool-wide graduation stops.
B036-002	architecture/garbage-collection	If `TrimGated` is enabled without `CursorInSnap`, separate `GCommitEdges` and `GCommitCursor` steps can publish the durable cursor ahead of the edges it claims to cover, allowing a dangle.
B036-003	architecture/garbage-collection	If `CursorInSnap` is enabled without `TrimGated`, a leader can trim past what any committed snap covers because the trim bound still consults an in-memory fold cursor.
B036-017	architecture/garbage-collection	Advancing the janitor cursor from page `A` to `B` during a suppressed DEFER can form the fair `A-defer -> B-fold -> A` cycle, permanently skipping page `A` and violating `EventuallyDeadAReclaimed`.
B036-026	architecture/garbage-collection	Removing the `deferCount < MaxDefer` guard permits a fair infinite DEFER sequence in which nonempty `unfolded` deltas are never folded, violating `EventuallyFolded`.
B036-027	architecture/garbage-collection	Graduating a blob without first checking that `unfolded` contains no pending delta for that blob can physically delete it after a protective `+1` lands after the fold cut, violating `NoOverDelete`.
B036-065	architecture/garbage-collection	A destructive gate based only on `proven == total` accepts an empty universe because `0 == 0`; the gate therefore needs an explicit nonempty-authority predicate.
B037-067	architecture/garbage-collection	A single incomplete GC `LIST` page can permanently skip a durable receiver `+1`: the namespace cursor advances past the omitted transaction, the sender `-1` folds, and a deduplicated blob reaches physical deletion while a promoted manifest still references it.
B037-085	architecture/garbage-collection	`stale_edge` denotes a blob whose every source edge names a manifest that no longer exists; its positive in-degree is pinned forever, so incremental GC cannot reclaim it and only `ca-gc-rebuild` can clear it.
B037-089	architecture/garbage-collection	The epoch-1 stale-edge root cause is a race in which a precommit `+1` folds, an allocation fault aborts the build, an orphan-manifest sweep deletes the now-unowned manifest without first decrementing its edges, and the folded `+1` remains permanently unreclaimable.
B037-112	architecture/garbage-collection	A precommit that records its blob closure lazily from a tree object can record an empty closure after the tree disappears, causing a blob to leak forever.
B038-079	architecture/garbage-collection	A deposed leader's pre-CAS `clearSparedMeta` could leave stray `Clean` metadata over a `delete_pending` blob, allowing a writer to reuse the condemned exact token and a pending exact-token redelete to delete the live reuse; add-only GC freshness metadata fixed this INV_NO_LOSS risk.
B038-087	architecture/garbage-collection	GC discovery no longer performs the roots-tree quadratic: it lists flat `cas/refs/` and uses streamed pagination with `start_after=cursor`.
B038-102	architecture/garbage-collection	The one-shot `manifest_deletes` pipeline consumes owner-removal edges in the same CAS that creates `folded.mf_cleanup` before deletion, so a cap-declined entry is not re-derived and an orphan-manifest sweep of about 100 objects per round cannot keep pace.
B040-016	architecture/garbage-collection	The Stage A residual missing-universe case is unsafe: an acknowledged hidden A:+1 in a namespace absent from both the hint and gc/state can coexist with visible B:-1, allowing the shared blob to reach zero and be deleted while A still owns it
B040-024	architecture/garbage-collection	The plan lacks C++ coverage for SOURCE-BACKED/TOKENED adoption rematerialization, TOKENLESS receiver-plus-one durability before source release, and newly-condemned-not-deleted-in-the-same-round ordering
B040-025	architecture/garbage-collection	CasGc.cpp has a pre-suppression-gate handoff_reclaim wholesale generation-prefix delete in addition to prune, manifest-delete, and orphan-sweep paths
B040-036	architecture/garbage-collection	The Stage B removal sequence omits the bounded suppression-aware best-effort cleanup pass required between terminal fold and _ckpt or catalog-entry deletion
B040-040	architecture/garbage-collection	A late-plus-one delete-site test is insufficient when it only exercises behavior already present in CasBlobInDegree::settleEntry and can pass for unrelated reasons
B040-045	architecture/garbage-collection	The production path must not expose a mutable GcTestHooks::force_universe_authoritative hook or enable destructive work before Stage B installs removal and handle or pre-delete life and fence contracts
B040-065	architecture/garbage-collection	Stage B Task 1 still says RefNamespaceId::stageATransition is deleted in Task 4 while Task 4 moves the zero-grep gate to Task 6, and no concrete compile-time-only test injection mechanism is specified
B040-071	architecture/garbage-collection	The Stage A and Stage B plans remain inconsistent because Stage A retains kUniverseAuthoritative and GcTestHooks::force_universe_authoritative while Stage B preserves and flips kUniverseAuthoritative instead of changing UniversePolicy::kDefault
B040-188	architecture/garbage-collection	The orphan-manifest sweep can delete a committed manifest when a hot LIST omits the logs that grant its owner, because activeManifestKeys trusts only the incomplete reconstructed set
B040-191	architecture/garbage-collection	Snapshot cleanup can delete a recovery-seal chain anchor before durable_cursor reaches it because ordinary snapshot deletion is not gated by the cursor
B040-195	architecture/garbage-collection	A namespace whose physical deletion remains Pending indefinitely causes every fold seal to carry and rescan an unbounded cleanup set
B040-200	architecture/garbage-collection	No current field binds a manifest owner grant to the ref-transaction cursor because build sequences and ref transaction sequences are independent and MountLease contains no ref cut
B040-203	architecture/garbage-collection	SYSTEM ... GC REBUILD and fsck remain destructive or cleanliness-sensitive hot-LIST consumers: rebuild can condemn blobs from a wholesale-omitted namespace and fsck cannot know the namespace was omitted
B040-206	architecture/garbage-collection	Pinning every ordinary snapshot above a held cursor can create unbounded snapshot storage, with each snapshot potentially reaching 64 MiB; only recovery-seal ids above the cursor need pinning
B040-208	architecture/garbage-collection	A per-namespace hold is pool-wide because an unknown +1 may name any shared blob; global destructive suppression prevents graduation, blob deletion, and ref cleanup for other namespaces too
B040-211	architecture/garbage-collection	A ghost log V with prev=A can be folded before a later successor reveals recovery seal S, and if the namespace stays quiet no anchor crossing occurs to detect the ghost
B040-212	architecture/garbage-collection	An unresolved owner grant can land after its build is retired and min_active advances, so the premise that all grants below R* have settled is false unless R* means inclusive highest allocated or attempted ref id or unresolved builds remain active
B040-214	architecture/garbage-collection	A member-wide highest-allocated R* can permanently retain a quiet namespace whose chain ends far below another namespace's allocator high-water
B040-215	architecture/garbage-collection	REBUILD cannot prove all member leases are fenced by enumerating them through LIST(gc/server-roots/) while the same hot-LIST trust boundary allows a live member to be omitted
B040-217	architecture/garbage-collection	A Pending-cap check is not linearizable when writers append remove_namespace before GC creates Pending entries, and limiting Pending does not bound permanent lineage tombstones
B040-222	architecture/garbage-collection	The proposed min_active acknowledgement does not contain the recovery generation: GC can condemn a ghost, recovery can publish its pointer while down, and later rounds can delete before any pointer-aware fold occurs
B040-227	architecture/garbage-collection	Quarantine cannot be cleared by an empty or stale listing; revalidation must exact-GET the persisted offender and anchor, reread pointer or generation, and carry quarantine through omission, 404, pointer change, or budget exhaustion
B041-005	architecture/garbage-collection	REBUILD can condemn a blob belonging to a live unowned manifest when manifest LIST omits that manifest but physical blob LIST includes the blob.
B041-006	architecture/garbage-collection	maybeSweepStalePrecommits does not reclaim current-epoch manifest bodies, so repeatedly staging manifests and destroying builds without abandon can leak without bound during a long-lived mount.
B041-028	architecture/garbage-collection	Normal orphan-manifest sweep cannot reclaim blobs from a deleted manifest when it emits no blob deltas, because those blobs never transition to zero in-degree and later condemn-nothing REBUILD preserves the leak.
B041-034	architecture/garbage-collection	The v7 fold algorithm can delete a blob when namespace A has an acknowledged +1 at its next exact slot but LIST hides all of A's new keys and the fold carries A's old cursor without probing it.
B041-036	architecture/garbage-collection	A hold recorded only as cursor C can be forgotten on a later round without a hint, allowing a visible -1 in another namespace to delete a blob protected by an unaccounted acknowledged +1 behind the hold.
B041-038	architecture/garbage-collection	Deleting orphan manifest M before its blob nominations are adopted can leave M undiscoverable and its blobs without in-degree rows permanently.
B041-049	architecture/garbage-collection	Forced REBUILD can discard a durable classification-4 hold and later certify the broken namespace as quiet, allowing a visible B:-1 to delete a blob still named by A:C+2.
B041-059	architecture/garbage-collection	After process termination following nomination adoption, no durable manifest-delete debt is specified, so an incomplete LIST can omit the manifest forever; this causes a manifest leak rather than blob data loss.
B041-063	architecture/garbage-collection	A pool-wide-held baseline for a missing or undecodable prior fold seal is not representable by per-namespace ShardCoverage and has no defined operator-clear authority.
B042-041	architecture/garbage-collection	A ref-log enumeration returned `0x1430e` while omitting `0x1430c` and `0x1430d`, even though the omitted logs had been durable for nineteen seconds and were written 2.2 ms before the returned log.
B042-051	architecture/garbage-collection	The fsck report identified 12 unreferenced objects whose only source edges name manifests that no longer exist; their in-degree cannot reach zero, so incremental GC cannot reclaim them and an in-degree rebuild is required to clear the condition.
B042-052	architecture/garbage-collection	GC anomaly Probe A recorded durable ref logs `0000000000000001-000000000001430c` and `0000000000000001-000000000001430d` as missing from the pre-fold scan while each had `head='present'`, `pre_max='0000000000000001-000000000001430e'`, `fold_max='0000000000000001-0000000000014a10'`, and `row_cap='32'`.
B043-023	architecture/garbage-collection	The resurrect-reupload orphan occurred when exact-token deletion skipped a newer token and a touch-gated hash-keyed fold never re-condemned that replacement token; the fix made `closeBlob` re-condemn the current token.
B043-033	architecture/garbage-collection	An orphan-manifest sweep premise that `unowned` implies no folded edges is false: a precommit's `+1` edges can already be folded, so deleting the manifest body leaves folded edges permanently stranded.
B043-063	architecture/garbage-collection	The one-shot `gc_round_manifest_cleanup_budget` cap was unsafe: the ref-log cursor could consume an owner-removal entry in the same CAS as a cap-declined cleanup, making the manifest permanently unreachable; durable retry is required before bounding this work.
B044-011	architecture/garbage-collection	Interrupted multipart uploads and lost-ACK `stageManifest` operations can leave storage debris that depends on the orphan-manifest sweep and an S3 `AbortIncompleteMultipartUpload` lifecycle rule for reclamation.
B044-016	architecture/garbage-collection	A persistent clamp on one GC shard leaves `suppress_destructive` set for every pass and halts blob and manifest deletion across the entire pool.
B044-035	architecture/garbage-collection	Before the P3-B1 fix, a new GC leader set `i_am_leader` only after `runRoundLogged` returned, leaving its first long fold without heartbeat protection and allowing deterministic lease stealing.
B044-051	architecture/garbage-collection	When `gc_round_manifest_cleanup_budget` is exhausted, manifest bodies nominated but declined in that round are not re-derived by later rounds, creating an unbounded unreachable-manifest leak.
B050-078	architecture/garbage-collection	The historical erasure-proof model found two GC-side windows in which a fresh scheduler can create `gc/state` or `heartbeatLoop` can pulse `gc/hb` between the observer's final `LIST` and its in-flight check.
B050-088	architecture/garbage-collection	The reducer drops a remove that arrives before its matching add as an unmatched no-op; if the later add survives, it can create a permanent retention leak.
AUDIT-M-035	architecture/garbage-collection	dropRefBestEffort swallows rollback failure with no logging: a correlated backend outage during partial-commit rollback can leave a permanently-live phantom ref, since GC only reclaims unreferenced objects and won't clean it up. Proposed fix: add tryLogCurrentException (CachedPartFolderAccess.cpp).
AUDIT-M-073	architecture/garbage-collection	`ObjectStorageBackend::list` in `EmulatedSingleProcess` mode fills `lk.token` from `child->metadata->etag` (`CasObjectStorageBackend.cpp:781-783`) while emulated `head`/`get`/`putOverwrite`/`deleteExact` all use `emuObserveToken`; a consumer that reuses `listed.token` for `deleteExact` (the orphan-manifest sweep, `CasOrphanManifestSweep.cpp:300`) can get a token mismatch and leave GC debris undeleted in that test-only mode. Production `Native` S3 is unaffected because both `list` and `head` return the real S3 ETag.
AUDIT-M2-068	architecture/garbage-collection	GC registered defect R2: `PartWriteTxn`'s destructor unconditionally retired its build sequence, advancing the GC floor while the precommit grant's outcome was still uncertain, making an uncertain owner grant look dead; the fix is a duty queue with the failure direction inverted (settle then retire then pop), where any throw retains the duty and a full queue pins the floor, since an advanced floor is an irreversible authorization while a pinned one only costs latency.
AUDIT-M2-117	architecture/garbage-collection	The rev.8 disk-lifecycle whole-increment final review found two Important pre-release defects, both TOCTOU races around the `gc_scheduler_mutex`: (I-1) a manual `SYSTEM CONTENT ADDRESSED GC RUN` admitted while the pool was `Live` could queue behind FORGET's `gc_scheduler_mutex` and, once granted, resume and run a full GC round against a since-decommissioned (`Vanished`) pool; (I-2) `runGcRebuildNow` did not take `gc_scheduler_mutex` at all, making a GC rebuild invisible to FORGET and able to durably write after FORGET believed all GC threads were stopped. Both were fixed with a lock-then-gate pattern (matching `gcStart`) plus RED-demo regression tests.
AUDIT-M2-119	architecture/garbage-collection	A pre-release v3 data-loss hole was found while modeling the deposed-leader path in TLA+: a deposed GC leader's pre-CAS `clearSparedMeta` call leaves stray-Clean freshness metadata over a `delete_pending` blob; a writer can then reuse the condemned blob's exact token, and the pending exact-token redelete for that token deletes the live reuse, violating `INV_NO_LOSS`. The fix made GC freshness metadata add-only (never `Condemned`->`Clean` on a spare leader; only a writer holding a fresh incarnation token may publish `Clean`), verified by a TLA+ witness plus 5 sabotage configurations including a `post_adoption_clear` case that produces an authentic 16-state 2-leader counterexample against the naive fix.
AUDIT-M2-135	architecture/garbage-collection	A post-soak leak-rca investigation verdict: the T8v2 soak's 169,837 vs 79 reachable/unreachable checkpoint reading was NOT a leak but an AwaitingGc fold backlog mid-churn that drained to 14 by run end; the real bug was the tripwire formula, fixed by moving the strict check to final-converge (mid-run track-only).
AUDIT-M2-139	architecture/garbage-collection	Opt-round §4 review Minor 2 (pre-existing, not introduced by the round): `CasBlobAdoptTrusted` increment and the manifest-trust audit-emit sit inside promote's `appendRefOps` closure, which `mutateShard` may re-invoke on a CAS retry, causing a possible counter over-count or duplicate manifest-trust event under contention; no correctness impact, same site/class as the older copy-forward increment.
AUDIT-M2-156	architecture/garbage-collection	A production regression where a stateless test (`05008`) went red was traced to `UniversePolicy::kDefault == StageA_Suppressed`, which suppresses destructive GC on every production round; the introducing commit swept 20+ gtest files and touched zero files under `tests/queries/`, so its stateless-test blast radius was invisible to its own test run.
AUDIT-M2-181	architecture/garbage-collection	A persistent shard clamp halts all GC reclamation pool-wide (G-N1): GC's fail-closed uncertainty handling means one unresolved anomaly stops reclamation everywhere, not just for the affected shard; the recommended fix keeps the fail-closed behavior but adds observability and an operator escape (clamp age, clamped key/shard, alerting, documented fsck/rebuild path), with scoped suppression deferred as a later option.
AUDIT-M2-214	architecture/garbage-collection	In the CA transient-classifier audit, `CasBlobInDegree.cpp:289` versus `pruneSupersededGenerations` (`CasGc.cpp:3217`, called from `:802`) has a plausible residual window where a deposed leader mid-read of a superseded generation could see benign absence misreported as `CORRUPTED_DATA`; it is GC-plane and contained, but worth confirming impossible.
AUDIT-M2-219	architecture/garbage-collection	P3-B1 root cause was a pre-existing GC lease/fold livelock, not a Phase-3 regression: a large deletion pipeline makes each fold take minutes, the GC lease expires mid-fold, the other node legitimately adopts leadership, the first node's round CAS then aborts (`gc/state moved`) after its pre-CAS redeletes already executed, the pipeline never shrinks, and the cycle repeats as sustained dual-leader round fights; safety held throughout (dangling=0, unaccounted=0).
AUDIT-M2-222	architecture/garbage-collection	The C1(b) fix was not addressed as originally stated: the frontier-completion predicate is byte-identical and the commit only changed the numerator's source; the equivalent guarantee holds only as an implicit invariant across three separate sites rather than the single explicit predicate that was requested, and this gap is exactly what NEW-1's incarnation-mismatch route exploits.
AUDIT-M2-232	architecture/garbage-collection	D4 (structural duplication): delete-outcome classification (Deleted/NotFound/TokenMismatch/marker) is reimplemented with local accounting across GC's R3 phase, manifest cleanup, `cleanupRefObjects`, `runNamespaceCleanupPasses`, the orphan sweep, and the staging sweeper — same tolerated-outcome set, per-site counters/events, a semantic-drift risk though not yet a bug.
AUDIT-M2-233	architecture/garbage-collection	D5 (structural duplication): manual LIST/cursor pagination loops are independently implemented in GC fold, `changedShardCount`, the orphan sweep, fsck, `listMounts`, and `recoverRefTable`.
AUDIT-M2-234	architecture/garbage-collection	D6: GC (LIST `cas/refs/`), fsck (refs plus raw-listing diff), the orphan sweep (manifest paging plus watermark), and the frontend's `listNamespaces` (refs union roots) each discover the namespace/universe differently because each answers a different question (live set vs physical set vs eligibility); the definitions are not centrally owned, so fsck, GC, and the sweep can disagree — each grew independently in a different GC era.
AUDIT-M2-241	architecture/garbage-collection	Risk register #7 (Medium, confidence Med): `CasGc.cpp`'s `suppress_destructive` flag is computed twice from the same mutable `report.anomalies` (at `:635` and `:1149`), with consistency between the two computations implicit rather than enforced; a future edit could make fold suppress deletes while the round itself doesn't (or vice versa), an over-delete class. Suggested action: compute it once in `fold` and thread it through `FoldResult`.
AUDIT-M2-244	architecture/garbage-collection	Risk register #10 (Medium, confirmed): `ContentAddressedMetadataStorage.cpp:203,316` lazily creates `gc_scheduler` without a mutex; two concurrent `SYSTEM ... GC` statements could race the `make_unique` call, producing a torn scheduler pointer if not otherwise serialized upstream. Suggested action: confirm interpreter serialization, or add a mutex.
AUDIT-M2-282	architecture/garbage-collection	Under the RemovalReady proposal, a corrupt/unvalidatable terminal removal record leaves the cleanup item permanently `Pending` (fail-closed) so the name is never recreatable until FORCE REBUILD or decommission — a deliberate posture flip from the old design's leak-only cleanup-failure behavior, but the review flags it as an unowned posture change needing an explicit unwedge path and operator-visible surfacing.
AUDIT-M2-321	architecture/garbage-collection	High #1 was a GC regression where retire/preview hardcoded shard 0, causing shard-1..N blobs to leak; fixed in commit `5f5fa5f7906`.
AUDIT-M2-322	architecture/garbage-collection	CLAMP-SUPPRESSION was the 2026-07-03 night-soak bug where 31 dangling objects accumulated because a clamped fold cursor suppressed graduations and deletes pool-wide even though only one table was lagging.
AUDIT-M2-327	architecture/garbage-collection	M1 requires the cross-round fold cursor to survive trim, otherwise a double-count over-pin/leak occurs.
AUDIT-M2-345	architecture/garbage-collection	Blocking issue: cursor pruning is not monotone across crash-resume — if the process stops after the pruned seal is durable but before `_ckpt`/entry deletion, the catalog still shows `Removing`, and a later GC round adds every `Live`/`Removing` entry back to `walk_targets` and writes a cursor for it, reintroducing the pruned cursor; the resumed removal driver then has no safe-and-live choice between trusting the historical pruned seal or waiting on the current seal indefinitely.
AUDIT-M2-346	architecture/garbage-collection	The rewritten Task 5's claim that stale-resume re-derivation is unconstructible contradicts both the spec's mandated capture-at-deposition rule and the existing TLA+ model `CaRefNsCleanupStaleLeaderCore.tla`, which constructs the exact interleaving (capture, stall, removal retires and deletes the entry, name is reborn, stale leader resumes and re-derives, targeting the live incarnation and violating `NoLiveDataDeleted`).
AUDIT-M2-375	architecture/garbage-collection	`clearSparedMeta` (`Core/CasGc.cpp:106-113`) clears a blob's freshness meta from Condemned to Clean when a GC round spares it, scheduled on the spare verdict and completed BEFORE the round's single `gc/state` CAS; a GC leader that runs it and then loses the CAS leaves a durable stray-Clean meta over a blob still `delete_pending` in the durably-adopted run. Stray-Clean is the unsafe direction (unlike stray-Condemned, which only costs an unnecessary resurrect) because it defeats the writer's freshness gate, letting a writer reuse the exact condemned incarnation token; a later pending exact-token redelete then deletes the live reused incarnation.
B001-007	architecture/garbage-collection	A regular GC round folds ref logs into source-edge in-degree runs, performs pre-CAS exact-token deletes of prior delete_pending entries, commits the round with one gc/state CAS, and performs cleanup after that CAS.
B001-028	architecture/garbage-collection	Physical deletion requires a durable retire entry, fences at all root shards, a fold-through-fence zero-reachability recheck, and the exact observed token (INV-NO-LOSS).
B001-042	architecture/garbage-collection	GC is leader-paced and one-pass: a stale leader may duplicate work but cannot roll back or mis-delete because operations are idempotent, monotone, or exact-token guarded.
B001-043	architecture/garbage-collection	A condemned blob has zero in-degree, an exact incarnation token observed by GC, a kCondemned sentinel row with source_id = 0, and Condemned per-blob metadata while its body may still exist.
B001-044	architecture/garbage-collection	A condemned entry becomes delete_pending only after surviving one full GC round and is deleted by the next pass with its exact token.
B001-045	architecture/garbage-collection	The GC fold uses a three-cursor streaming merge of prior edges, kCondemned rows, and current deltas, emitting at most one condemned sentinel per blob.
B001-046	architecture/garbage-collection	A crashed GC pass leaves only unadopted attempt-scoped artifacts; there is no crash-resume step, and later pruning reclaims those artifacts.
B001-074	architecture/garbage-collection	The fold barrier treats a create-precommit as non-activating until its manifest body is present; once present, manifest expansion contributes the activating +1 blob edges.
B002-001	architecture/garbage-collection	The GC subsystem is the only component authorized to delete content-addressed objects.
B002-005	architecture/garbage-collection	A follower may steal the GC lease only after observing the incumbent `(owner, seq)` unchanged across the observation window and seeing no advancing heartbeat pulse.
B002-007	architecture/garbage-collection	If `gc/hb` is absent or belongs to a different owner, the lease protocol falls back to observing `gc/state.seq`.
B002-008	architecture/garbage-collection	The authoritative pool-wide GC shard count is persisted in generation-8 `_pool_meta`; `gc/state.gc_shards` mirrors it after GC state exists.
B002-010	architecture/garbage-collection	GC discovery enumerates the live root-shard universe with `LIST(cas/refs/)`, and this LIST sweep is the only universe-proportional operation in a regular round.
B002-015	architecture/garbage-collection	A GC fold processes only the root-shard journal window `(folded_cursor, current_shard_version]`.
B002-017	architecture/garbage-collection	GC must not advance a fold cursor past a live precommit whose manifest body is absent or fails `RefMatchesBody` or `ManifestNamespaceMatches` validation.
B002-019	architecture/garbage-collection	Attempt-scoped GC artifacts are written under `gc/gen/<G_f>/attempt/<a>/` before adoption, and an unadopted attempt is invisible to readers.
B002-021	architecture/garbage-collection	The single `gc/state` CAS atomically publishes the adopted generation and attempt, folded cursors, retired references, round, and prune cursor.
B002-026	architecture/garbage-collection	When a GC-shard delta bucket is empty, the fold carries the parent generation's `RunRef` without run I/O; zero run I/O requires both the delta bucket and retired state to be empty.
B002-027	architecture/garbage-collection	The persisted in-degree authority is the set of active source edges identified by `(ManifestId, path)`, with edge IDs computed by `sourceEdgeId(ManifestId, path)`.
B002-029	architecture/garbage-collection	`in_degree(blob)` is computed as the cardinality of its active source-edge set during a round and is not persisted as a separate counter.
B002-031	architecture/garbage-collection	Only blobs with an explicit zero-transition marker in the current generation are GC candidates; a blob never observed as a reference target is not a candidate.
B002-033	architecture/garbage-collection	If a blob is already absent at condemnation time, GC records no candidate and never fabricates a delete token from a 404.
B002-036	architecture/garbage-collection	Physical deletion is two-phase: a floor-eligible entry is first published as `delete_pending`, and `deleteExact` runs only for an entry pending in the previous published list.
B002-043	architecture/garbage-collection	Generation pruning skips generations still referenced by the adopted seal, while a later parent-reference hand-off deletes the entire superseded generation prefix after the CAS.
B002-044	architecture/garbage-collection	A round uses `a = lease.seq` as its attempt identifier, so competing leaders write to distinct attempt prefixes and only the lease-token `gc/state` CAS can adopt one attempt.
B002-046	architecture/garbage-collection	Patch manifests are first-class reachability roots and keep both their own delta blobs and referenced base-part blobs alive while active.
B002-048	architecture/garbage-collection	For a fixed namespace and shard, every recreated root shard has a strictly greater `incarnation`, and fold cursors are keyed by `(ns, shard, incarnation)`.
B002-049	architecture/garbage-collection	`dropNamespace` appends a tombstone as its last journal event, and GC may reclaim the shard object only after the tombstone and all prior journal events are folded; a token change from a revive prevents deletion.
B002-089	architecture/garbage-collection	`putDeterministicArtifact(Backend&, key, bytes)` is limited to GC-internal deterministic artifacts, and a pre-existing key is adopted only when its bytes are equal; divergent bytes cause `CORRUPTED_DATA`.
B002-105	architecture/garbage-collection	`supportsListTokens()` is true only when LIST returns per-key incarnation tokens; without it GC must GET every root-shard body.
B002-112	architecture/garbage-collection	`gc-snap` remains a versioned binary-plus-zstd GC-internal format rather than being converted to protobuf.
B002-136	architecture/garbage-collection	The default test fixture uses one root shard, `gc_trim_min_events=0`, and `gc_fold_max_defer_rounds=8`.
B002-150	architecture/garbage-collection	The integration test `test_cas_gc_sharded` exercises disjoint-shard GC with `gc_shards=2` and `blobShard = high64(hash) % 2`.
B002-166	architecture/garbage-collection	`CaGcLeaseCore.tla` proves atomic lease-steal isolation and no false steal of an alive mid-round leader when the advisory heartbeat is enabled.
B002-172	architecture/garbage-collection	The incarnation registry-removal model proves that a durable per-shard never-reused incarnation and a newborn shard self-floor at the current GC round are both required; neither coordinate alone suffices.
B002-173	architecture/garbage-collection	The shard-incarnation model requires reclaim to wait until the shard journal, including its tombstone, is fully folded.
B002-175	architecture/garbage-collection	The live GC-round graduation predicate is `condemn_round < current_round`, with `suppress_destructive` independently blocking graduation on a clamped pass.
B002-185	architecture/garbage-collection	`CaGcRoundDeferCore.tla` permits a non-destructive round to defer rebuilding the in-degree snapshot, but a due graduation must force-fold before deleting and deferral must be bounded.
B002-190	architecture/garbage-collection	The orphan sweep must skip a committed manifest body with a pending unsealed removal because the removal fold still needs the body to emit its decrement.
B002-192	architecture/garbage-collection	A disaster-recovery rebuild starts with an empty retired list, over-protects until the normal condemnation pipeline catches up, and mints its round above every surviving mount acknowledgement.
B003-045	architecture/garbage-collection	The current regular GC round has request complexity O(delta) plus O(servers) and one `LIST` sweep, without an O(universe) GET or PUT phase.
B003-047	architecture/garbage-collection	If a listed shard token matches the sealed folded token, GC skips the shard body `GET`; clamped-coverage shards are never skipped.
B003-048	architecture/garbage-collection	A newly condemned candidate receives one `HEAD` to capture its exact token, while an already-condemned entry is re-verified from the fold and is not re-HEADed.
B003-049	architecture/garbage-collection	Physical deletion is two-phase: condemnation is published first, then `delete_pending` is published, and the physical delete follows on a later round.
B003-050	architecture/garbage-collection	Snapshot-run consumers use one `HEAD`, one ranged tail `GET`, and one streaming body `GET`; a large footer may add one exact-footer ranged `GET`.
B003-051	architecture/garbage-collection	Snapshot-run streaming uses O(block) resident memory with a maximum current block size of 1 MiB, independent of run size.
B003-052	architecture/garbage-collection	A fully idle GC round with no journal changes and no retired entries performs zero run-object GETs and PUTs.
B003-073	architecture/garbage-collection	A GC rebuild reconstructs cursors and edges but reclaims nothing; blobs not named by a surviving manifest are retained as `unaccounted`.
B003-078	architecture/garbage-collection	A reclaim test must advance the ack between rounds because the deletion pipeline is condemn at K, `delete_pending` at K+1, and physical delete at K+2 when all acks are current.
B003-132	architecture/garbage-collection	Part-manifest cleanup must remain edge-driven by in-degree rather than namespace-prefix ownership because shadow snapshots can reference manifests under dropped table prefixes.
B004-008	architecture/garbage-collection	A blob is live if a live manifest names it, and a manifest is live if a committed or precommitted ref names it.
B004-016	architecture/garbage-collection	CAS has exactly one blob-body deletion site: the pre-CAS `pending_deletes` phase of a GC round, limited to entries marked `delete_pending` by a previously published round.
B004-017	architecture/garbage-collection	GC never invents a ref transition; abandoned precommit cleanup is performed by the writer or its successor rather than by a synthetic GC event.
B004-030	architecture/garbage-collection	The GC condemnation marker is add-only: GC may change `Clean` to `Condemned` and delete the marker after a confirmed body delete, but never changes `Condemned` back to `Clean`.
B004-042	architecture/garbage-collection	A blob `.meta` sidecar has only `Clean` and `Condemned` states; an absent sidecar reads as `Clean`, and the sidecar contains no token.
B004-057	architecture/garbage-collection	A pre-precommit orphan manifest has no ref-log owner edge and is reclaimed by the orphan sweep, whereas a dangling precommit must first have its binding removed before GC can reclaim the body.
B004-058	architecture/garbage-collection	Blob liveness is represented by a set of source edges; `precommitAdd` creates `+1` edges, owner removals create `-1` edges, `promote` creates no edge, and inline manifest entries create none.
B004-063	architecture/garbage-collection	GC discovers the ref live set by listing `cas/ns/stream/`, joining opaque life ids to one catalog cut, and folding each admitted log only after its complete coverage is durable.
B004-067	architecture/garbage-collection	The implemented GC round is a single pass of 18 named phases ending in exactly one `gc/state` CAS; the older `fold → retire → fence → recheck → trim` shape is superseded.
B004-070	architecture/garbage-collection	`gc/state` is the durable round-adoption state and exactly one CAS per round publishes it; the fold seal records generation, parent generation, catalog-life coverage, source-edge runs, and condemned summaries.
B004-071	architecture/garbage-collection	Condemned entries are stored as sentinel rows in the source-edge run; there is no separate retired-list object and no run-file list outside the fold seal.
B004-072	architecture/garbage-collection	A blob candidate is HEAD-observed with an exact token when its edge set becomes empty; a carried candidate pays no HEAD, and missing bodies are non-throwing while present-but-invalid bodies are `CORRUPTED_DATA`.
B004-073	architecture/garbage-collection	A condemned entry graduates only after surviving the required round delay and confirmed `Condemned` evidence for the exact `(hash, token)`; recovery spares it, and a token mismatch leaves the newer blob untouched.
B004-074	architecture/garbage-collection	The GC coordinator owns discovery, round visibility, the global fence, and generation advancement; reducers own disjoint digest shards, and pure-carry shards copy parent run references with zero run I/O.
B004-088	architecture/garbage-collection	The planned incarnation-aware fold treats a sealed/live incarnation mismatch as an absent prior cursor, restarts at `folded_cursor = 0`, drops carried edges from the old incarnation, and stamps the live incarnation into the new seal.
B004-090	architecture/garbage-collection	The planned ref-shard reclaim condition is empty refs, a last journal tombstone, complete folding past the fence at the current incarnation, and token-guarded `deleteExact`.
B004-096	architecture/garbage-collection	Before D1, `discoverUniverse` enumerated `registry.namespaces × shardsToVisit`, so GC fencing cost was proportional to namespaces ever created times `root_shards` and could mint fence-only manifests for absent shards.
B004-101	architecture/garbage-collection	The D1 fold cursor is keyed by `(ns, shard, incarnation)`, so a recreated shard with a strictly greater incarnation cannot match an old sealed cursor and is folded from zero.
B004-107	architecture/garbage-collection	An abandoned newborn is treated as an abandoned precommit and reclaimed by the existing `(writer_epoch, build_sequence)` watermark path; after it empties, tombstone reclaim handles its shard object.
B004-124	architecture/garbage-collection	Successful copy-forward emits `CasEventType::BlobCopyForward` and increments `CasBlobCopyForward`; the old `(hash, t)` entry remains listed until exact-token settlement, while the new incarnation is protected from wrong-token deletion.
B004-139	architecture/garbage-collection	An ack-floor entry graduates only when `condemn_round < min_ack`, where `min_ack` is the minimum `observed_gc_round` among live or expired-but-not-fenced heartbeats; terminated and fenced heartbeats are excluded.
B004-141	architecture/garbage-collection	The ack-floor open ordering is claim heartbeat → load `gc/state` and the retired list → stamp the acknowledgement → enable mutations, and retired-list objects must be durable before the `gc/state` CAS publishes the round.
B004-149	architecture/garbage-collection	The three-cursor merge graduates entries with `condemn_round < min_ack`, keeps entries at `condemn_round == min_ack`, spares entries whose in-degree recovers, captures a token for new zero-in-degree condemnations, and skips absent blobs.
B005-008	architecture/garbage-collection	The current retired-candidate set is stored as per-GC-shard artifacts using the strict `cas_retired_set` protobuf codec (`RetiredSetProto`, magic `CART`), with entries sorted by `(kind, hash)` and each entry containing `(blob_hash, token, condemn_round)`.
B005-010	architecture/garbage-collection	The retired-list and `condemn_round` protobuf fields are additive fields in the same compatibility regime as `snap_attempt`; no per-object version integer is bumped, and future `compatibility_version` values fail closed.
B005-019	architecture/garbage-collection	GC computes `min_ack` as the minimum `observed_gc_round` among live heartbeats; terminated heartbeats are excluded, and if no live heartbeats exist then `min_ack = +∞`.
B005-022	architecture/garbage-collection	Discovery performs one paginated LIST of `cas/refs/` and ETag-diffs it against per-shard folded tokens; backends with `supportsListTokens = false` use per-shard HEAD/GET and remain fail-closed and read-only.
B005-023	architecture/garbage-collection	The GC merge processes the prior snapshot run, sorted edge deltas, and prior retired run with three cursors sorted by `blob_hash`, emitting the new snapshot run, retired run, and delete list in one streaming pass.
B005-024	architecture/garbage-collection	A retired candidate with recovered in-degree greater than zero is spared and removed from the retired output; the implementation emits a B170 recheck-verdict event with the recovered in-degree.
B005-025	architecture/garbage-collection	A retired candidate with zero in-degree graduates only when `condemn_round < min_ack`; a zero-in-degree candidate with `condemn_round >= min_ack` remains in the retired list.
