hostname	event_date	event_time	event_time_microseconds	event_type	disk_name	srid	gc_id	trigger	round	outcome	candidates_marked	objects_deleted	objects_absent	objects_replaced	objects_spared	manifests_deleted	entries_condemned	entries_graduated	entries_redeleted	fence_outs	anomalies	duration_ms	error	ProfileEvents	round_id	phase	phase_duration_us	phase_metrics
2afe19975e46	2026-07-26	2026-07-26 21:27:16	2026-07-26 21:27:16.505059	Start	ca	ca_soak_ch1	9bf79426d130714470a5b2234a94d187	Scheduled	0	Unknown	0	0	0	0	0	0	0	0	0	0	0	0		{}	1b8cdc5ed012f05522d2e51ca52678ce		0	{}
2afe19975e46	2026-07-26	2026-07-26 21:27:16	2026-07-26 21:27:16.507625	Phase	ca	ca_soak_ch1	9bf79426d130714470a5b2234a94d187	Scheduled	0	Unknown	0	0	0	0	0	0	0	0	0	0	0	0		{'AsyncLoggingFileLogTotalMessages':1,'AsyncLoggingTextLogTotalMessages':1,'CasConditionalWriteAttempts':1,'CasConditionalWriteCommitted':1,'CasGcCas':1,'CasGcGet':1,'ContextLock':1,'DiskConnectionsPreserved':1,'DiskConnectionsReused':1,'DiskS3HeadObject':1,'DiskS3ReadMicroseconds':196,'DiskS3ReadRequestsCount':1,'DiskS3ReadRequestsErrors':1,'IOBufferAllocBytes':1048639,'IOBufferAllocs':1,'LocalThreadPoolJobs':1,'LogDebug':1,'LogTrace':3,'LoggerElapsedNanoseconds':5510,'MemoryAllocatedWithoutCheck':4,'MemoryAllocatedWithoutCheckBytes':122592,'S3HeadObject':1,'S3ReadMicroseconds':196,'S3ReadRequestsCount':1,'S3ReadRequestsErrors':1,'WriteBufferFromS3Bytes':136}	1b8cdc5ed012f05522d2e51ca52678ce	lease	2533	{'acquired':1,'steal_allowed':1}
2afe19975e46	2026-07-26	2026-07-26 21:27:16	2026-07-26 21:27:16.513705	Phase	ca	ca_soak_ch1	9bf79426d130714470a5b2234a94d187	Scheduled	0	Unknown	0	0	0	0	0	0	0	0	0	0	0	0		{'CasGcGet':2,'CasGcList':1,'ContextLock':9,'DiskConnectionsPreserved':4,'DiskConnectionsReused':4,'DiskS3GetObject':2,'DiskS3HeadObject':2,'DiskS3ReadMicroseconds':1103,'DiskS3ReadRequestsCount':4,'GlobalThreadPoolJobs':1,'IOBufferAllocBytes':8686,'IOBufferAllocs':2,'LocalThreadPoolExpansions':1,'LocalThreadPoolJobs':1,'LocalThreadPoolShrinks':1,'LocalThreadPoolThreadCreationMicroseconds':4,'MemoryAllocatedWithoutCheck':8,'MemoryAllocatedWithoutCheckBytes':8704,'ReadBufferFromS3Bytes':368,'ReadBufferFromS3InitMicroseconds':790,'ReadBufferFromS3Microseconds':809,'S3GetObject':2,'S3HeadObject':2,'S3ReadMicroseconds':1103,'S3ReadRequestsCount':4}	1b8cdc5ed012f05522d2e51ca52678ce	heartbeat_floor	3567	{'already_fenced':0,'fenced_now':0,'live':2,'terminated':0}
2afe19975e46	2026-07-26	2026-07-26 21:27:16	2026-07-26 21:27:16.669794	Phase	ca	ca_soak_ch1	9bf79426d130714470a5b2234a94d187	Scheduled	0	Unknown	0	0	0	0	0	0	0	0	0	0	0	0		{'AsyncLoggingFileLogTotalMessages':1,'AsyncLoggingTextLogTotalMessages':1,'CasGcEnumerationPages':1,'CasGcGet':1,'CasRootList':1,'DiskConnectionsPreserved':1,'DiskConnectionsReused':1,'DiskS3HeadObject':1,'DiskS3ReadMicroseconds':164,'DiskS3ReadRequestsCount':1,'DiskS3ReadRequestsErrors':1,'GlobalThreadPoolJobs':1,'LocalThreadPoolExpansions':1,'LocalThreadPoolJobs':1,'LocalThreadPoolShrinks':1,'LocalThreadPoolThreadCreationMicroseconds':3,'LogDebug':1,'LoggerElapsedNanoseconds':3290,'MemoryAllocatedWithoutCheck':4,'MemoryAllocatedWithoutCheckBytes':2121118,'S3HeadObject':1,'S3ReadMicroseconds':164,'S3ReadRequestsCount':1,'S3ReadRequestsErrors':1}	1b8cdc5ed012f05522d2e51ca52678ce	defer_decision	156072	{'changed_shards':2,'deferred':0,'fold_seal_reads':2,'graduation_due':0,'namespaces_seen':2,'ref_log_keys_listed':832,'rounds_deferred_before':0}
2afe19975e46	2026-07-26	2026-07-26 21:27:16	2026-07-26 21:27:16.670247	Phase	ca	ca_soak_ch1	9bf79426d130714470a5b2234a94d187	Scheduled	0	Unknown	0	0	0	0	0	0	0	0	0	0	0	0		{'AsyncLoggingFileLogTotalMessages':1,'AsyncLoggingTextLogTotalMessages':1,'CasGcGet':1,'DiskConnectionsPreserved':1,'DiskConnectionsReused':1,'DiskS3HeadObject':1,'DiskS3ReadMicroseconds':258,'DiskS3ReadRequestsCount':1,'DiskS3ReadRequestsErrors':1,'LogDebug':1,'LoggerElapsedNanoseconds':4920,'MemoryAllocatedWithoutCheck':2,'MemoryAllocatedWithoutCheckBytes':2176,'S3HeadObject':1,'S3ReadMicroseconds':258,'S3ReadRequestsCount':1,'S3ReadRequestsErrors':1}	1b8cdc5ed012f05522d2e51ca52678ce	parent_seal_read	425	{'parent_runs':0}
2afe19975e46	2026-07-26	2026-07-26 21:27:16	2026-07-26 21:27:16.808532	Phase	ca	ca_soak_ch1	9bf79426d130714470a5b2234a94d187	Scheduled	0	Unknown	0	0	0	0	0	0	0	0	0	0	0	0		{'CasGcEnumerationPages':1,'CasRefGlobalListPages':1,'CasRootList':1,'GlobalThreadPoolJobs':1,'LocalThreadPoolExpansions':1,'LocalThreadPoolJobs':1,'LocalThreadPoolShrinks':1,'LocalThreadPoolThreadCreationMicroseconds':3}	1b8cdc5ed012f05522d2e51ca52678ce	fold_ref_list	138275	{'namespaces_seen':2,'probe_a_holes':0,'ref_folding_aborted':0,'ref_keys_listed':898}
2afe19975e46	2026-07-26	2026-07-26 21:27:16	2026-07-26 21:27:16.809183	Phase	ca	ca_soak_ch1	9bf79426d130714470a5b2234a94d187	Scheduled	0	Unknown	0	0	0	0	0	0	0	0	0	0	0	0		{'AsyncLoggingFileLogTotalMessages':2,'AsyncLoggingTextLogTotalMessages':2,'CasGcGet':2,'DiskConnectionsPreserved':2,'DiskConnectionsReused':2,'DiskS3HeadObject':2,'DiskS3ReadMicroseconds':399,'DiskS3ReadRequestsCount':2,'DiskS3ReadRequestsErrors':2,'LogDebug':2,'LoggerElapsedNanoseconds':15920,'MemoryAllocatedWithoutCheck':4,'MemoryAllocatedWithoutCheckBytes':4352,'S3HeadObject':2,'S3ReadMicroseconds':399,'S3ReadRequestsCount':2,'S3ReadRequestsErrors':2}	1b8cdc5ed012f05522d2e51ca52678ce	fold_seal_read	640	{'ns_cleanup_items':0,'parent_cursors':0,'parent_runs':0,'redundant_reads':1,'seal_reads':2}
2afe19975e46	2026-07-26	2026-07-26 21:27:19	2026-07-26 21:27:19.010344	Phase	ca	ca_soak_ch1	9bf79426d130714470a5b2234a94d187	Scheduled	0	Unknown	0	0	0	0	0	0	0	0	0	0	0	0		{'CasManifestGet':765,'CasManifestHead':765,'CasRefEmittedEdges':765,'CasRefLogBodyGets':896,'CasRefManifestBodyFoldGets':765,'CasRootGet':896,'ContextLock':11198,'DiskConnectionsCreated':6,'DiskConnectionsElapsedMicroseconds':392,'DiskConnectionsExpired':42,'DiskConnectionsPreserved':4045,'DiskConnectionsReused':4081,'DiskS3GetObject':1661,'DiskS3HeadObject':2426,'DiskS3ReadMicroseconds':1599969,'DiskS3ReadRequestsCount':4087,'IOBufferAllocBytes':11666315,'IOBufferAllocs':1661,'MemoryAllocatedWithoutCheck':8102,'MemoryAllocatedWithoutCheckBytes':8814976,'ReadBufferFromS3Bytes':4758216,'ReadBufferFromS3InitMicroseconds':948603,'ReadBufferFromS3Microseconds':955021,'S3GetObject':1661,'S3HeadObject':2426,'S3ReadMicroseconds':1599969,'S3ReadRequestsCount':4087}	1b8cdc5ed012f05522d2e51ca52678ce	fold_ref_intake	2201137	{'dead_precommits_skipped':0,'deltas_emitted':4590,'logs_applied':896,'logs_intended':896,'namespace_removals':0,'ref_folding_aborted':0,'tables_changed':2,'tables_clamped':0,'tables_scanned':2,'txns_opened':896}
2afe19975e46	2026-07-26	2026-07-26 21:27:19	2026-07-26 21:27:19.010361	Phase	ca	ca_soak_ch1	9bf79426d130714470a5b2234a94d187	Scheduled	0	Unknown	0	0	0	0	0	0	0	0	0	0	0	0		{}	1b8cdc5ed012f05522d2e51ca52678ce	fold_ns_cleanup_scan	1	{'items_added':0,'items_carried':0,'items_completed_now':0,'items_final':0,'items_scanned':0}
2afe19975e46	2026-07-26	2026-07-26 21:27:19	2026-07-26 21:27:19.014214	Phase	ca	ca_soak_ch1	9bf79426d130714470a5b2234a94d187	Scheduled	0	Unknown	0	0	0	0	0	0	0	0	0	0	0	0		{'CasConditionalWriteAttempts':1,'CasConditionalWriteCommitted':1,'CasGcPut':1,'ContextLock':1,'IOBufferAllocBytes':1050750,'IOBufferAllocs':2,'LocalThreadPoolJobs':1,'LogTrace':3,'WriteBufferFromS3Bytes':165783}	1b8cdc5ed012f05522d2e51ca52678ce	fold_reduce	3842	{'condemned':0,'deltas_in':4590,'graduated':0,'redelete_pending':0,'runs_written':1,'shards_pure_carry':0,'shards_reduced':1,'shards_total':1,'spared':0,'suppress_destructive':0,'txns_unapplied':0,'unmatched_removes':0}
2afe19975e46	2026-07-26	2026-07-26 21:27:19	2026-07-26 21:27:19.014975	Phase	ca	ca_soak_ch1	9bf79426d130714470a5b2234a94d187	Scheduled	0	Unknown	0	0	0	0	0	0	0	0	0	0	0	0		{'CasConditionalWriteAttempts':1,'CasConditionalWriteCommitted':1,'CasGcPut':1,'ContextLock':1,'IOBufferAllocBytes':1048639,'IOBufferAllocs':1,'LocalThreadPoolJobs':1,'LogTrace':3,'WriteBufferFromS3Bytes':520}	1b8cdc5ed012f05522d2e51ca52678ce	fold_seal_write	754	{'ns_cleanup_items':0,'seal_bytes':520,'seal_namespaces':2,'seal_runs':1}
2afe19975e46	2026-07-26	2026-07-26 21:27:19	2026-07-26 21:27:19.015057	Phase	ca	ca_soak_ch1	9bf79426d130714470a5b2234a94d187	Scheduled	0	Unknown	0	0	0	0	0	0	0	0	0	0	0	0		{}	1b8cdc5ed012f05522d2e51ca52678ce	pending_deletes	1	{'absent':0,'deleted':0,'graduated':0,'outcome_logs_written':0,'redeleted':0,'replaced':0,'spared':0}
2afe19975e46	2026-07-26	2026-07-26 21:27:19	2026-07-26 21:27:19.015060	Phase	ca	ca_soak_ch1	9bf79426d130714470a5b2234a94d187	Scheduled	0	Unknown	0	0	0	0	0	0	0	0	0	0	0	0		{}	1b8cdc5ed012f05522d2e51ca52678ce	meta_pool_wait	1	{'jobs_completed':0,'jobs_completed_on_entry':0,'jobs_scheduled':0}
2afe19975e46	2026-07-26	2026-07-26 21:27:19	2026-07-26 21:27:19.016103	Phase	ca	ca_soak_ch1	9bf79426d130714470a5b2234a94d187	Scheduled	0	Unknown	0	0	0	0	0	0	0	0	0	0	0	0		{'CasConditionalWriteAttempts':1,'CasConditionalWriteCommitted':1,'CasGcCas':1,'ContextLock':1,'IOBufferAllocBytes':1048639,'IOBufferAllocs':1,'LocalThreadPoolJobs':1,'LogTrace':3,'WriteBufferFromS3Bytes':136}	1b8cdc5ed012f05522d2e51ca52678ce	round_commit	1036	{'generation':1,'generations_referenced':1,'generations_visited':0,'pruned_through':0,'round':1}
2afe19975e46	2026-07-26	2026-07-26 21:27:19	2026-07-26 21:27:19.016107	Phase	ca	ca_soak_ch1	9bf79426d130714470a5b2234a94d187	Scheduled	0	Unknown	0	0	0	0	0	0	0	0	0	0	0	0		{}	1b8cdc5ed012f05522d2e51ca52678ce	handoff_reclaim	1	{'generations_reclaimed':0,'objects_reclaimed':0}
2afe19975e46	2026-07-26	2026-07-26 21:27:19	2026-07-26 21:27:19.259931	Phase	ca	ca_soak_ch1	9bf79426d130714470a5b2234a94d187	Scheduled	0	Unknown	0	0	0	0	0	0	0	0	0	0	0	0		{'CasManifestDelete':234,'ContextLock':468,'DiskConnectionsPreserved':234,'DiskConnectionsReused':234,'DiskS3DeleteObjects':234,'DiskS3WriteMicroseconds':213857,'DiskS3WriteRequestAttempts':234,'DiskS3WriteRequestsCount':234,'MemoryAllocatedWithoutCheck':468,'MemoryAllocatedWithoutCheckBytes':509184,'S3WriteMicroseconds':213857,'S3WriteRequestAttempts':234,'S3WriteRequestsCount':234}	1b8cdc5ed012f05522d2e51ca52678ce	manifest_deletes	243811	{'attempted':234,'deleted':234}
2afe19975e46	2026-07-26	2026-07-26 21:27:19	2026-07-26 21:27:19.259937	Phase	ca	ca_soak_ch1	9bf79426d130714470a5b2234a94d187	Scheduled	0	Unknown	0	0	0	0	0	0	0	0	0	0	0	0		{}	1b8cdc5ed012f05522d2e51ca52678ce	namespace_cleanup	1	{'items':0,'items_completed':0,'items_pending':0,'suppressed':0}
2afe19975e46	2026-07-26	2026-07-26 21:27:20	2026-07-26 21:27:20.105790	Phase	ca	ca_soak_ch1	9bf79426d130714470a5b2234a94d187	Scheduled	0	Unknown	0	0	0	0	0	0	0	0	0	0	0	0		{'CasRefCleanupObjectsDeleted':515,'CasRootDelete':515,'CasRootHead':515,'ContextLock':515,'DiskConnectionsCreated':4,'DiskConnectionsElapsedMicroseconds':303,'DiskConnectionsExpired':13,'DiskConnectionsPreserved':1017,'DiskConnectionsReused':1026,'DiskS3DeleteObjects':515,'DiskS3HeadObject':515,'DiskS3ReadMicroseconds':175791,'DiskS3ReadRequestsCount':515,'DiskS3WriteMicroseconds':531646,'DiskS3WriteRequestAttempts':515,'DiskS3WriteRequestsCount':515,'MemoryAllocatedWithoutCheck':2042,'MemoryAllocatedWithoutCheckBytes':2221696,'S3HeadObject':515,'S3ReadMicroseconds':175791,'S3ReadRequestsCount':515,'S3WriteMicroseconds':531646,'S3WriteRequestAttempts':515,'S3WriteRequestsCount':515}	1b8cdc5ed012f05522d2e51ca52678ce	ref_object_cleanup	845831	{'namespaces_planned':2,'suppressed':0,'trim_enabled':1}
2afe19975e46	2026-07-26	2026-07-26 21:27:27	2026-07-26 21:27:27.476912	Phase	ca	ca_soak_ch1	9bf79426d130714470a5b2234a94d187	Scheduled	0	Unknown	0	0	0	0	0	0	0	0	0	0	0	0		{'AsyncLoggingFileLogTotalMessages':2000,'AsyncLoggingTextLogTotalMessages':2000,'CasConditionalWriteAttempts':1,'CasConditionalWriteCommitted':1,'CasGcCas':1,'CasGcEnumerationPages':8,'CasGcGet':3004,'CasManifestList':1,'CasRootGet':2803,'CasRootList':7,'ContextLock':15229,'ContextLockWaitMicroseconds':165,'DiskConnectionsCreated':16,'DiskConnectionsElapsedMicroseconds':1515,'DiskConnectionsExpired':124,'DiskConnectionsPreserved':9492,'DiskConnectionsReused':9598,'DiskS3GetObject':3807,'DiskS3HeadObject':5807,'DiskS3ReadMicroseconds':3817043,'DiskS3ReadRequestsCount':9614,'DiskS3ReadRequestsErrors':2000,'GlobalThreadPoolJobs':8,'IOBufferAllocBytes':17697332,'IOBufferAllocs':3808,'LocalThreadPoolExpansions':8,'LocalThreadPoolJobs':14,'LocalThreadPoolShrinks':8,'LocalThreadPoolThreadCreationMicroseconds':32,'LogDebug':2000,'LogTrace':3,'LoggerElapsedNanoseconds':17166479,'MemoryAllocatedWithoutCheck':19016,'MemoryAllocatedWithoutCheckBytes':20689408,'QueryProfilerRuns':1,'ReadBufferFromS3Bytes':815380,'ReadBufferFromS3InitMicroseconds':2265925,'ReadBufferFromS3Microseconds':2281042,'S3GetObject':3807,'S3HeadObject':5807,'S3ReadMicroseconds':3817043,'S3ReadRequestsCount':9614,'S3ReadRequestsErrors':2000,'WriteBufferFromS3Bytes':268}	1b8cdc5ed012f05522d2e51ca52678ce	orphan_sweep	7371084	{'cursor_advanced':1,'list_budget_keys':1000}
2afe19975e46	2026-07-26	2026-07-26 21:27:27	2026-07-26 21:27:27.477164	Finish	ca	ca_soak_ch1	9bf79426d130714470a5b2234a94d187	Scheduled	1	Success	0	0	0	0	0	234	0	0	0	0	0	10972		{'AsyncLoggingFileLogTotalMessages':2006,'AsyncLoggingTextLogTotalMessages':2006,'CasConditionalWriteAttempts':6,'CasConditionalWriteCommitted':6,'CasGcCas':4,'CasGcEnumerationPages':10,'CasGcGet':3012,'CasGcList':1,'CasGcPut':2,'CasManifestDelete':234,'CasManifestGet':765,'CasManifestHead':765,'CasManifestList':1,'CasRefCleanupObjectsDeleted':515,'CasRefEmittedEdges':765,'CasRefGlobalListPages':1,'CasRefLogBodyGets':896,'CasRefManifestBodyFoldGets':765,'CasRootDelete':515,'CasRootGet':3699,'CasRootHead':515,'CasRootList':9,'ContextLock':27444,'ContextLockWaitMicroseconds':165,'DiskConnectionsCreated':26,'DiskConnectionsElapsedMicroseconds':2210,'DiskConnectionsExpired':179,'DiskConnectionsPreserved':14798,'DiskConnectionsReused':14949,'DiskS3DeleteObjects':749,'DiskS3GetObject':5470,'DiskS3HeadObject':8756,'DiskS3ReadMicroseconds':5595209,'DiskS3ReadRequestsCount':14226,'DiskS3ReadRequestsErrors':2006,'DiskS3WriteMicroseconds':745503,'DiskS3WriteRequestAttempts':749,'DiskS3WriteRequestsCount':749,'GlobalThreadPoolJobs':11,'IOBufferAllocBytes':34617639,'IOBufferAllocs':5477,'LocalThreadPoolExpansions':11,'LocalThreadPoolJobs':22,'LocalThreadPoolShrinks':11,'LocalThreadPoolThreadCreationMicroseconds':42,'LogDebug':2006,'LogTrace':18,'LoggerElapsedNanoseconds':17207019,'MemoryAllocatedWithoutCheck':29654,'MemoryAllocatedWithoutCheckBytes':36576188,'QueryProfilerRuns':1,'ReadBufferFromS3Bytes':5573964,'ReadBufferFromS3InitMicroseconds':3215318,'ReadBufferFromS3Microseconds':3236872,'S3GetObject':5470,'S3HeadObject':8756,'S3ReadMicroseconds':5595209,'S3ReadRequestsCount':14226,'S3ReadRequestsErrors':2006,'S3WriteMicroseconds':745503,'S3WriteRequestAttempts':749,'S3WriteRequestsCount':749,'WriteBufferFromS3Bytes':166922}	1b8cdc5ed012f05522d2e51ca52678ce		0	{}
2afe19975e46	2026-07-26	2026-07-26 21:27:37	2026-07-26 21:27:37.477242	Start	ca	ca_soak_ch1	9bf79426d130714470a5b2234a94d187	Scheduled	0	Unknown	0	0	0	0	0	0	0	0	0	0	0	0		{}	41da9961d3e433ebcfce41a952b6044f		0	{}
2afe19975e46	2026-07-26	2026-07-26 21:27:37	2026-07-26 21:27:37.780299	Phase	ca	ca_soak_ch1	9bf79426d130714470a5b2234a94d187	Scheduled	0	Unknown	0	0	0	0	0	0	0	0	0	0	0	0		{'CasConditionalWriteAttempts':1,'CasConditionalWriteCommitted':1,'CasGcCas':1,'CasGcGet':1,'ContextLock':5,'DiskConnectionsPreserved':2,'DiskConnectionsReused':2,'DiskS3GetObject':1,'DiskS3HeadObject':1,'DiskS3ReadMicroseconds':1088,'DiskS3ReadRequestsCount':2,'GlobalThreadPoolJobs':1,'IOBufferAllocBytes':1053066,'IOBufferAllocs':2,'LocalThreadPoolExpansions':1,'LocalThreadPoolJobs':1,'LocalThreadPoolThreadCreationMicroseconds':4,'LogTrace':3,'MemoryAllocatedWithoutCheck':4,'MemoryAllocatedWithoutCheckBytes':4352,'ReadBufferFromS3Bytes':268,'ReadBufferFromS3InitMicroseconds':735,'ReadBufferFromS3Microseconds':745,'S3GetObject':1,'S3HeadObject':1,'S3ReadMicroseconds':1088,'S3ReadRequestsCount':2,'WriteBufferFromS3Bytes':268}	41da9961d3e433ebcfce41a952b6044f	lease	303012	{'acquired':1,'steal_allowed':1}
2afe19975e46	2026-07-26	2026-07-26 21:27:37	2026-07-26 21:27:37.814090	Phase	ca	ca_soak_ch1	9bf79426d130714470a5b2234a94d187	Scheduled	0	Unknown	0	0	0	0	0	0	0	0	0	0	0	0		{'CasGcGet':2,'CasGcList':1,'ContextLock':9,'DiskConnectionsPreserved':4,'DiskConnectionsReused':4,'DiskS3GetObject':2,'DiskS3HeadObject':2,'DiskS3ReadMicroseconds':6719,'DiskS3ReadRequestsCount':4,'GlobalThreadPoolJobs':1,'IOBufferAllocBytes':8690,'IOBufferAllocs':2,'LocalThreadPoolExpansions':1,'LocalThreadPoolJobs':1,'LocalThreadPoolShrinks':1,'LocalThreadPoolThreadCreationMicroseconds':15,'MemoryAllocatedWithoutCheck':8,'MemoryAllocatedWithoutCheckBytes':8704,'ReadBufferFromS3Bytes':372,'ReadBufferFromS3InitMicroseconds':3834,'ReadBufferFromS3Microseconds':3871,'S3GetObject':2,'S3HeadObject':2,'S3ReadMicroseconds':6719,'S3ReadRequestsCount':4}	41da9961d3e433ebcfce41a952b6044f	heartbeat_floor	24010	{'already_fenced':0,'fenced_now':0,'live':2,'terminated':0}
2afe19975e46	2026-07-26	2026-07-26 21:27:41	2026-07-26 21:27:41.679788	Phase	ca	ca_soak_ch1	9bf79426d130714470a5b2234a94d187	Scheduled	0	Unknown	0	0	0	0	0	0	0	0	0	0	0	0		{'CasGcEnumerationPages':9,'CasGcGet':2,'CasRootList':9,'ContextLock':8,'DiskConnectionsPreserved':4,'DiskConnectionsReused':4,'DiskS3GetObject':2,'DiskS3HeadObject':2,'DiskS3ReadMicroseconds':5097,'DiskS3ReadRequestsCount':4,'GlobalThreadPoolJobs':9,'IOBufferAllocBytes':9358,'IOBufferAllocs':2,'LocalThreadPoolExpansions':9,'LocalThreadPoolJobs':24,'LocalThreadPoolShrinks':9,'LocalThreadPoolThreadCreationMicroseconds':490,'MemoryAllocatedWithoutCheck':8,'MemoryAllocatedWithoutCheckBytes':8704,'ReadBufferFromS3Bytes':1040,'ReadBufferFromS3InitMicroseconds':3850,'ReadBufferFromS3Microseconds':3868,'S3GetObject':2,'S3HeadObject':2,'S3ReadMicroseconds':5097,'S3ReadRequestsCount':4}	41da9961d3e433ebcfce41a952b6044f	defer_decision	3865664	{'changed_shards':2,'deferred':0,'fold_seal_reads':2,'graduation_due':0,'namespaces_seen':2,'ref_log_keys_listed':8645,'rounds_deferred_before':0}
2afe19975e46	2026-07-26	2026-07-26 21:27:41	2026-07-26 21:27:41.680840	Phase	ca	ca_soak_ch1	9bf79426d130714470a5b2234a94d187	Scheduled	0	Unknown	0	0	0	0	0	0	0	0	0	0	0	0		{'CasGcGet':1,'ContextLock':4,'DiskConnectionsPreserved':2,'DiskConnectionsReused':2,'DiskS3GetObject':1,'DiskS3HeadObject':1,'DiskS3ReadMicroseconds':796,'DiskS3ReadRequestsCount':2,'IOBufferAllocBytes':4679,'IOBufferAllocs':1,'MemoryAllocatedWithoutCheck':4,'MemoryAllocatedWithoutCheckBytes':4352,'ReadBufferFromS3Bytes':520,'ReadBufferFromS3InitMicroseconds':484,'ReadBufferFromS3Microseconds':487,'S3GetObject':1,'S3HeadObject':1,'S3ReadMicroseconds':796,'S3ReadRequestsCount':2}	41da9961d3e433ebcfce41a952b6044f	parent_seal_read	1040	{'parent_runs':1}
2afe19975e46	2026-07-26	2026-07-26 21:27:45	2026-07-26 21:27:45.441968	Phase	ca	ca_soak_ch1	9bf79426d130714470a5b2234a94d187	Scheduled	0	Unknown	0	0	0	0	0	0	0	0	0	0	0	0		{'AsyncLoggingErrorFileLogTotalMessages':2,'AsyncLoggingFileLogTotalMessages':2,'AsyncLoggingTextLogTotalMessages':2,'CasGcEnumerationPages':10,'CasGcProbeAHolePresent':2,'CasGcRefScanDisagreements':2,'CasRefGlobalListPages':10,'CasRootHead':2,'CasRootList':10,'ContextLock':2,'DiskConnectionsPreserved':2,'DiskConnectionsReused':2,'DiskS3HeadObject':2,'DiskS3ReadMicroseconds':703,'DiskS3ReadRequestsCount':2,'GlobalThreadPoolJobs':10,'LocalThreadPoolExpansions':10,'LocalThreadPoolJobs':27,'LocalThreadPoolShrinks':10,'LocalThreadPoolThreadCreationMicroseconds':35,'LogError':2,'LoggerElapsedNanoseconds':11850,'MemoryAllocatedWithoutCheck':6,'MemoryAllocatedWithoutCheckBytes':575456,'QueryProfilerRuns':1,'S3HeadObject':2,'S3ReadMicroseconds':703,'S3ReadRequestsCount':2}	41da9961d3e433ebcfce41a952b6044f	fold_ref_list	3761113	{'namespaces_seen':2,'probe_a_holes':2,'ref_folding_aborted':1,'ref_keys_listed':9376}
2afe19975e46	2026-07-26	2026-07-26 21:27:45	2026-07-26 21:27:45.443528	Phase	ca	ca_soak_ch1	9bf79426d130714470a5b2234a94d187	Scheduled	0	Unknown	0	0	0	0	0	0	0	0	0	0	0	0		{'CasGcGet':2,'ContextLock':8,'DiskConnectionsPreserved':4,'DiskConnectionsReused':4,'DiskS3GetObject':2,'DiskS3HeadObject':2,'DiskS3ReadMicroseconds':1116,'DiskS3ReadRequestsCount':4,'IOBufferAllocBytes':9358,'IOBufferAllocs':2,'MemoryAllocatedWithoutCheck':8,'MemoryAllocatedWithoutCheckBytes':8704,'ReadBufferFromS3Bytes':1040,'ReadBufferFromS3InitMicroseconds':825,'ReadBufferFromS3Microseconds':832,'S3GetObject':2,'S3HeadObject':2,'S3ReadMicroseconds':1116,'S3ReadRequestsCount':4}	41da9961d3e433ebcfce41a952b6044f	fold_seal_read	1547	{'ns_cleanup_items':0,'parent_cursors':2,'parent_runs':1,'redundant_reads':1,'seal_reads':2}
2afe19975e46	2026-07-26	2026-07-26 21:27:45	2026-07-26 21:27:45.443536	Phase	ca	ca_soak_ch1	9bf79426d130714470a5b2234a94d187	Scheduled	0	Unknown	0	0	0	0	0	0	0	0	0	0	0	0		{}	41da9961d3e433ebcfce41a952b6044f	fold_ref_intake	3	{'dead_precommits_skipped':0,'deltas_emitted':0,'logs_applied':0,'logs_intended':0,'namespace_removals':0,'ref_folding_aborted':1,'tables_changed':0,'tables_clamped':0,'tables_scanned':2,'txns_opened':0}
2afe19975e46	2026-07-26	2026-07-26 21:27:45	2026-07-26 21:27:45.443550	Phase	ca	ca_soak_ch1	9bf79426d130714470a5b2234a94d187	Scheduled	0	Unknown	0	0	0	0	0	0	0	0	0	0	0	0		{}	41da9961d3e433ebcfce41a952b6044f	fold_ns_cleanup_scan	1	{'items_added':0,'items_carried':0,'items_completed_now':0,'items_final':0,'items_scanned':0}
2afe19975e46	2026-07-26	2026-07-26 21:27:45	2026-07-26 21:27:45.443561	Phase	ca	ca_soak_ch1	9bf79426d130714470a5b2234a94d187	Scheduled	0	Unknown	0	0	0	0	0	0	0	0	0	0	0	0		{'AsyncLoggingErrorFileLogTotalMessages':1,'AsyncLoggingFileLogTotalMessages':1,'AsyncLoggingTextLogTotalMessages':1,'CasGcClampSuppressedPasses':1,'LogWarning':1,'LoggerElapsedNanoseconds':4310}	41da9961d3e433ebcfce41a952b6044f	fold_reduce	6	{'condemned':0,'deltas_in':0,'graduated':0,'redelete_pending':0,'runs_written':1,'shards_pure_carry':1,'shards_reduced':0,'shards_total':1,'spared':0,'suppress_destructive':1,'txns_unapplied':0,'unmatched_removes':0}
2afe19975e46	2026-07-26	2026-07-26 21:27:45	2026-07-26 21:27:45.758015	Phase	ca	ca_soak_ch1	9bf79426d130714470a5b2234a94d187	Scheduled	0	Unknown	0	0	0	0	0	0	0	0	0	0	0	0		{'CasConditionalWriteAttempts':1,'CasConditionalWriteCommitted':1,'CasGcPut':1,'ContextLock':1,'IOBufferAllocBytes':1048639,'IOBufferAllocs':1,'LocalThreadPoolJobs':1,'LogTrace':3,'WriteBufferFromS3Bytes':520}	41da9961d3e433ebcfce41a952b6044f	fold_seal_write	314444	{'ns_cleanup_items':0,'seal_bytes':520,'seal_namespaces':2,'seal_runs':1}
2afe19975e46	2026-07-26	2026-07-26 21:27:45	2026-07-26 21:27:45.758254	Phase	ca	ca_soak_ch1	9bf79426d130714470a5b2234a94d187	Scheduled	0	Unknown	0	0	0	0	0	0	0	0	0	0	0	0		{}	41da9961d3e433ebcfce41a952b6044f	pending_deletes	2	{'absent':0,'deleted':0,'graduated':0,'outcome_logs_written':0,'redeleted':0,'replaced':0,'spared':0}
2afe19975e46	2026-07-26	2026-07-26 21:27:45	2026-07-26 21:27:45.758258	Phase	ca	ca_soak_ch1	9bf79426d130714470a5b2234a94d187	Scheduled	0	Unknown	0	0	0	0	0	0	0	0	0	0	0	0		{}	41da9961d3e433ebcfce41a952b6044f	meta_pool_wait	1	{'jobs_completed':0,'jobs_completed_on_entry':0,'jobs_scheduled':0}
2afe19975e46	2026-07-26	2026-07-26 21:27:45	2026-07-26 21:27:45.761281	Phase	ca	ca_soak_ch1	9bf79426d130714470a5b2234a94d187	Scheduled	0	Unknown	0	0	0	0	0	0	0	0	0	0	0	0		{'CasConditionalWriteAttempts':1,'CasConditionalWriteCommitted':1,'CasGcCas':1,'ContextLock':1,'IOBufferAllocBytes':1048639,'IOBufferAllocs':1,'LocalThreadPoolJobs':1,'LogTrace':3,'WriteBufferFromS3Bytes':268}	41da9961d3e433ebcfce41a952b6044f	round_commit	3011	{'generation':2,'generations_referenced':1,'generations_visited':0,'pruned_through':0,'round':2}
2afe19975e46	2026-07-26	2026-07-26 21:27:45	2026-07-26 21:27:45.761290	Phase	ca	ca_soak_ch1	9bf79426d130714470a5b2234a94d187	Scheduled	0	Unknown	0	0	0	0	0	0	0	0	0	0	0	0		{}	41da9961d3e433ebcfce41a952b6044f	handoff_reclaim	2	{'generations_reclaimed':0,'objects_reclaimed':0}
2afe19975e46	2026-07-26	2026-07-26 21:27:45	2026-07-26 21:27:45.761293	Phase	ca	ca_soak_ch1	9bf79426d130714470a5b2234a94d187	Scheduled	0	Unknown	0	0	0	0	0	0	0	0	0	0	0	0		{}	41da9961d3e433ebcfce41a952b6044f	manifest_deletes	1	{'attempted':0,'deleted':0}
2afe19975e46	2026-07-26	2026-07-26 21:27:45	2026-07-26 21:27:45.761297	Phase	ca	ca_soak_ch1	9bf79426d130714470a5b2234a94d187	Scheduled	0	Unknown	0	0	0	0	0	0	0	0	0	0	0	0		{}	41da9961d3e433ebcfce41a952b6044f	namespace_cleanup	3	{'items':0,'items_completed':0,'items_pending':0,'suppressed':1}
2afe19975e46	2026-07-26	2026-07-26 21:27:45	2026-07-26 21:27:45.761300	Phase	ca	ca_soak_ch1	9bf79426d130714470a5b2234a94d187	Scheduled	0	Unknown	0	0	0	0	0	0	0	0	0	0	0	0		{}	41da9961d3e433ebcfce41a952b6044f	ref_object_cleanup	1	{'namespaces_planned':2,'suppressed':1,'trim_enabled':1}
2afe19975e46	2026-07-26	2026-07-26 21:28:03	2026-07-26 21:28:03.700958	Phase	ca	ca_soak_ch1	9bf79426d130714470a5b2234a94d187	Scheduled	0	Unknown	0	0	0	0	0	0	0	0	0	0	0	0		{'AsyncLoggingFileLogTotalMessages':2000,'AsyncLoggingTextLogTotalMessages':2000,'CasConditionalWriteAttempts':1,'CasConditionalWriteCommitted':1,'CasGcCas':1,'CasGcEnumerationPages':18,'CasGcGet':3002,'CasManifestList':1,'CasRootGet':8590,'CasRootList':17,'ContextLock':38369,'ContextLockWaitMicroseconds':97,'DiskConnectionsCreated':38,'DiskConnectionsElapsedMicroseconds':3352,'DiskConnectionsExpired':213,'DiskConnectionsPreserved':20971,'DiskConnectionsReused':21146,'DiskS3GetObject':9592,'DiskS3HeadObject':11592,'DiskS3ReadMicroseconds':6067633,'DiskS3ReadRequestsCount':21184,'DiskS3ReadRequestsErrors':2000,'GlobalThreadPoolJobs':18,'IOBufferAllocBytes':43055715,'IOBufferAllocs':9593,'LocalThreadPoolExpansions':18,'LocalThreadPoolJobs':49,'LocalThreadPoolShrinks':18,'LocalThreadPoolThreadCreationMicroseconds':393,'LogDebug':2000,'LogTrace':3,'LoggerElapsedNanoseconds':7033341,'MemoryAllocatedWithoutCheck':42018,'MemoryAllocatedWithoutCheckBytes':45715584,'QueryProfilerRuns':3,'ReadBufferFromS3Bytes':2113948,'ReadBufferFromS3InitMicroseconds':4022830,'ReadBufferFromS3Microseconds':4043798,'S3GetObject':9592,'S3HeadObject':11592,'S3ReadMicroseconds':6067633,'S3ReadRequestsCount':21184,'S3ReadRequestsErrors':2000,'WriteBufferFromS3Bytes':268}	41da9961d3e433ebcfce41a952b6044f	orphan_sweep	17939634	{'cursor_advanced':1,'list_budget_keys':1000}
2afe19975e46	2026-07-26	2026-07-26 21:28:03	2026-07-26 21:28:03.701371	Finish	ca	ca_soak_ch1	9bf79426d130714470a5b2234a94d187	Scheduled	2	Success	0	0	0	0	0	0	0	0	0	0	1	26224		{'AsyncLoggingErrorFileLogTotalMessages':3,'AsyncLoggingFileLogTotalMessages':2003,'AsyncLoggingTextLogTotalMessages':2003,'CasConditionalWriteAttempts':5,'CasConditionalWriteCommitted':5,'CasGcCas':4,'CasGcClampSuppressedPasses':1,'CasGcEnumerationPages':37,'CasGcGet':3011,'CasGcList':1,'CasGcProbeAHolePresent':2,'CasGcPut':1,'CasGcRefScanDisagreements':2,'CasManifestList':1,'CasRefGlobalListPages':10,'CasRootGet':8590,'CasRootHead':2,'CasRootList':36,'ContextLock':38432,'ContextLockWaitMicroseconds':97,'DiskConnectionsCreated':38,'DiskConnectionsElapsedMicroseconds':3352,'DiskConnectionsExpired':213,'DiskConnectionsPreserved':20991,'DiskConnectionsReused':21166,'DiskS3GetObject':9601,'DiskS3HeadObject':11603,'DiskS3ReadMicroseconds':6086397,'DiskS3ReadRequestsCount':21204,'DiskS3ReadRequestsErrors':2000,'GlobalThreadPoolJobs':39,'IOBufferAllocBytes':47291021,'IOBufferAllocs':9606,'LocalThreadPoolExpansions':39,'LocalThreadPoolJobs':105,'LocalThreadPoolShrinks':38,'LocalThreadPoolThreadCreationMicroseconds':937,'LogDebug':2000,'LogError':2,'LogTrace':15,'LogWarning':1,'LoggerElapsedNanoseconds':7049501,'MemoryAllocatedWithoutCheck':42060,'MemoryAllocatedWithoutCheckBytes':46330208,'QueryProfilerRuns':4,'ReadBufferFromS3Bytes':2117267,'ReadBufferFromS3InitMicroseconds':4035732,'ReadBufferFromS3Microseconds':4056788,'S3GetObject':9601,'S3HeadObject':11603,'S3ReadMicroseconds':6086397,'S3ReadRequestsCount':21204,'S3ReadRequestsErrors':2000,'WriteBufferFromS3Bytes':1404}	41da9961d3e433ebcfce41a952b6044f		0	{}
2afe19975e46	2026-07-26	2026-07-26 21:28:13	2026-07-26 21:28:13.701501	Start	ca	ca_soak_ch1	9bf79426d130714470a5b2234a94d187	Scheduled	0	Unknown	0	0	0	0	0	0	0	0	0	0	0	0		{}	a4dfcda090ec611079008cb81130106a		0	{}
2afe19975e46	2026-07-26	2026-07-26 21:28:13	2026-07-26 21:28:13.707710	Phase	ca	ca_soak_ch1	9bf79426d130714470a5b2234a94d187	Scheduled	0	Unknown	0	0	0	0	0	0	0	0	0	0	0	0		{'CasConditionalWriteAttempts':1,'CasConditionalWriteCommitted':1,'CasGcCas':1,'CasGcGet':1,'ContextLock':5,'DiskConnectionsPreserved':2,'DiskConnectionsReused':2,'DiskS3GetObject':1,'DiskS3HeadObject':1,'DiskS3ReadMicroseconds':1189,'DiskS3ReadRequestsCount':2,'IOBufferAllocBytes':1053066,'IOBufferAllocs':2,'LocalThreadPoolJobs':1,'LogTrace':3,'MemoryAllocatedWithoutCheck':4,'MemoryAllocatedWithoutCheckBytes':4352,'ReadBufferFromS3Bytes':268,'ReadBufferFromS3InitMicroseconds':908,'ReadBufferFromS3Microseconds':911,'S3GetObject':1,'S3HeadObject':1,'S3ReadMicroseconds':1189,'S3ReadRequestsCount':2,'WriteBufferFromS3Bytes':268}	a4dfcda090ec611079008cb81130106a	lease	6185	{'acquired':1,'steal_allowed':1}
2afe19975e46	2026-07-26	2026-07-26 21:28:13	2026-07-26 21:28:13.720820	Phase	ca	ca_soak_ch1	9bf79426d130714470a5b2234a94d187	Scheduled	0	Unknown	0	0	0	0	0	0	0	0	0	0	0	0		{'CasGcGet':2,'CasGcList':1,'ContextLock':9,'DiskConnectionsPreserved':4,'DiskConnectionsReused':4,'DiskS3GetObject':2,'DiskS3HeadObject':2,'DiskS3ReadMicroseconds':3125,'DiskS3ReadRequestsCount':4,'GlobalThreadPoolJobs':1,'IOBufferAllocBytes':8690,'IOBufferAllocs':2,'LocalThreadPoolExpansions':1,'LocalThreadPoolJobs':1,'LocalThreadPoolShrinks':1,'LocalThreadPoolThreadCreationMicroseconds':5,'MemoryAllocatedWithoutCheck':8,'MemoryAllocatedWithoutCheckBytes':8704,'ReadBufferFromS3Bytes':372,'ReadBufferFromS3InitMicroseconds':1567,'ReadBufferFromS3Microseconds':1574,'S3GetObject':2,'S3HeadObject':2,'S3ReadMicroseconds':3125,'S3ReadRequestsCount':4}	a4dfcda090ec611079008cb81130106a	heartbeat_floor	7431	{'already_fenced':0,'fenced_now':0,'live':2,'terminated':0}
2afe19975e46	2026-07-26	2026-07-26 21:28:24	2026-07-26 21:28:24.514139	Phase	ca	ca_soak_ch1	9bf79426d130714470a5b2234a94d187	Scheduled	0	Unknown	0	0	0	0	0	0	0	0	0	0	0	0		{'CasGcEnumerationPages':18,'CasGcGet':2,'CasRootList':18,'ContextLock':8,'DiskConnectionsPreserved':4,'DiskConnectionsReused':4,'DiskS3GetObject':2,'DiskS3HeadObject':2,'DiskS3ReadMicroseconds':3994,'DiskS3ReadRequestsCount':4,'GlobalThreadPoolJobs':18,'IOBufferAllocBytes':9358,'IOBufferAllocs':2,'LocalThreadPoolExpansions':18,'LocalThreadPoolJobs':51,'LocalThreadPoolLockWaitMicroseconds':1,'LocalThreadPoolShrinks':18,'LocalThreadPoolThreadCreationMicroseconds':594,'MemoryAllocatedWithoutCheck':8,'MemoryAllocatedWithoutCheckBytes':8704,'QueryProfilerRuns':1,'ReadBufferFromS3Bytes':1040,'ReadBufferFromS3InitMicroseconds':2361,'ReadBufferFromS3Microseconds':2369,'S3GetObject':2,'S3HeadObject':2,'S3ReadMicroseconds':3994,'S3ReadRequestsCount':4}	a4dfcda090ec611079008cb81130106a	defer_decision	10793293	{'changed_shards':2,'deferred':0,'fold_seal_reads':2,'graduation_due':0,'namespaces_seen':2,'ref_log_keys_listed':17347,'rounds_deferred_before':0}
2afe19975e46	2026-07-26	2026-07-26 21:28:24	2026-07-26 21:28:24.515167	Phase	ca	ca_soak_ch1	9bf79426d130714470a5b2234a94d187	Scheduled	0	Unknown	0	0	0	0	0	0	0	0	0	0	0	0		{'CasGcGet':1,'ContextLock':4,'DiskConnectionsPreserved':2,'DiskConnectionsReused':2,'DiskS3GetObject':1,'DiskS3HeadObject':1,'DiskS3ReadMicroseconds':700,'DiskS3ReadRequestsCount':2,'IOBufferAllocBytes':4679,'IOBufferAllocs':1,'MemoryAllocatedWithoutCheck':4,'MemoryAllocatedWithoutCheckBytes':4352,'ReadBufferFromS3Bytes':520,'ReadBufferFromS3InitMicroseconds':495,'ReadBufferFromS3Microseconds':498,'S3GetObject':1,'S3HeadObject':1,'S3ReadMicroseconds':700,'S3ReadRequestsCount':2}	a4dfcda090ec611079008cb81130106a	parent_seal_read	1013	{'parent_runs':1}
2afe19975e46	2026-07-26	2026-07-26 21:28:36	2026-07-26 21:28:36.870418	Phase	ca	ca_soak_ch1	9bf79426d130714470a5b2234a94d187	Scheduled	0	Unknown	0	0	0	0	0	0	0	0	0	0	0	0		{'CasGcEnumerationPages':21,'CasRefGlobalListPages':21,'CasRootList':21,'GlobalThreadPoolJobs':21,'LocalThreadPoolExpansions':21,'LocalThreadPoolJobs':59,'LocalThreadPoolLockWaitMicroseconds':7,'LocalThreadPoolShrinks':21,'LocalThreadPoolThreadCreationMicroseconds':282,'QueryProfilerRuns':1}	a4dfcda090ec611079008cb81130106a	fold_ref_list	12355238	{'namespaces_seen':2,'probe_a_holes':0,'ref_folding_aborted':0,'ref_keys_listed':20028}
2afe19975e46	2026-07-26	2026-07-26 21:28:36	2026-07-26 21:28:36.872189	Phase	ca	ca_soak_ch1	9bf79426d130714470a5b2234a94d187	Scheduled	0	Unknown	0	0	0	0	0	0	0	0	0	0	0	0		{'CasGcGet':2,'ContextLock':8,'DiskConnectionsPreserved':4,'DiskConnectionsReused':4,'DiskS3GetObject':2,'DiskS3HeadObject':2,'DiskS3ReadMicroseconds':1276,'DiskS3ReadRequestsCount':4,'IOBufferAllocBytes':9358,'IOBufferAllocs':2,'MemoryAllocatedWithoutCheck':8,'MemoryAllocatedWithoutCheckBytes':8704,'ReadBufferFromS3Bytes':1040,'ReadBufferFromS3InitMicroseconds':904,'ReadBufferFromS3Microseconds':913,'S3GetObject':2,'S3HeadObject':2,'S3ReadMicroseconds':1276,'S3ReadRequestsCount':4}	a4dfcda090ec611079008cb81130106a	fold_seal_read	1756	{'ns_cleanup_items':0,'parent_cursors':2,'parent_runs':1,'redundant_reads':1,'seal_reads':2}
2afe19975e46	2026-07-26	2026-07-26 21:29:32	2026-07-26 21:29:32.893297	Phase	ca	ca_soak_ch1	9bf79426d130714470a5b2234a94d187	Scheduled	0	Unknown	0	0	0	0	0	0	0	0	0	0	0	0		{'AsyncLoggingFileLogTotalMessages':35,'AsyncLoggingTextLogTotalMessages':35,'CasManifestGet':18740,'CasManifestHead':18740,'CasRefEmittedEdges':18740,'CasRefLogBodyGets':19568,'CasRefManifestBodyFoldGets':18740,'CasRootGet':19568,'ContextLock':265436,'ContextLockWaitMicroseconds':2005,'DiskConnectionsCreated':219,'DiskConnectionsElapsedMicroseconds':22172,'DiskConnectionsExpired':743,'DiskConnectionsPreserved':94619,'DiskConnectionsReset':5,'DiskConnectionsReused':95142,'DiskS3GetObject':38308,'DiskS3HeadObject':57048,'DiskS3ReadMicroseconds':39076459,'DiskS3ReadRequestsCount':95361,'DiskS3ReadRequestsErrors':5,'IOBufferAllocBytes':278868597,'IOBufferAllocs':38308,'LogDebug':25,'LogTrace':10,'LoggerElapsedNanoseconds':41022574,'MemoryAllocatedWithoutCheck':189709,'MemoryAllocatedWithoutCheckBytes':225206656,'QueryProfilerRuns':7,'ReadBufferFromS3Bytes':119545625,'ReadBufferFromS3InitMicroseconds':22089133,'ReadBufferFromS3Microseconds':22236230,'S3GetObject':38308,'S3HeadObject':57048,'S3ReadMicroseconds':39076459,'S3ReadRequestsCount':95361,'S3ReadRequestsErrors':5}	a4dfcda090ec611079008cb81130106a	fold_ref_intake	56021085	{'dead_precommits_skipped':0,'deltas_emitted':112440,'logs_applied':19568,'logs_intended':19568,'namespace_removals':0,'ref_folding_aborted':0,'tables_changed':2,'tables_clamped':0,'tables_scanned':2,'txns_opened':19568}
2afe19975e46	2026-07-26	2026-07-26 21:29:32	2026-07-26 21:29:32.893317	Phase	ca	ca_soak_ch1	9bf79426d130714470a5b2234a94d187	Scheduled	0	Unknown	0	0	0	0	0	0	0	0	0	0	0	0		{}	a4dfcda090ec611079008cb81130106a	fold_ns_cleanup_scan	1	{'items_added':0,'items_carried':0,'items_completed_now':0,'items_final':0,'items_scanned':0}
2afe19975e46	2026-07-26	2026-07-26 21:29:33	2026-07-26 21:29:33.618012	Phase	ca	ca_soak_ch1	9bf79426d130714470a5b2234a94d187	Scheduled	0	Unknown	0	0	0	0	0	0	0	0	0	0	0	0		{'CasBlobHead':30,'CasConditionalWriteAttempts':1,'CasConditionalWriteCommitted':1,'CasGcGetStream':1,'CasGcPut':1,'CasGcRetiredCondemned':30,'ContextLock':95,'DiskConnectionsPreserved':32,'DiskConnectionsReused':32,'DiskS3GetObject':1,'DiskS3HeadObject':31,'DiskS3ReadMicroseconds':15461,'DiskS3ReadRequestsCount':32,'GlobalThreadPoolJobs':16,'IOBufferAllocBytes':4368531,'IOBufferAllocs':4,'LocalThreadPoolExpansions':16,'LocalThreadPoolJobs':31,'LocalThreadPoolThreadCreationMicroseconds':32,'LogTrace':3,'MemoryAllocatedWithoutCheck':70,'MemoryAllocatedWithoutCheckBytes':33967210,'ReadBufferFromS3Bytes':165783,'ReadBufferFromS3InitMicroseconds':490,'ReadBufferFromS3Microseconds':517,'S3GetObject':1,'S3HeadObject':31,'S3ReadMicroseconds':15461,'S3ReadRequestsCount':32,'WriteBufferFromS3Bytes':3847828}	a4dfcda090ec611079008cb81130106a	fold_reduce	724678	{'condemned':30,'deltas_in':112440,'graduated':0,'redelete_pending':0,'runs_written':1,'shards_pure_carry':0,'shards_reduced':1,'shards_total':1,'spared':0,'suppress_destructive':0,'txns_unapplied':0,'unmatched_removes':0}
2afe19975e46	2026-07-26	2026-07-26 21:29:33	2026-07-26 21:29:33.619012	Phase	ca	ca_soak_ch1	9bf79426d130714470a5b2234a94d187	Scheduled	0	Unknown	0	0	0	0	0	0	0	0	0	0	0	0		{'CasConditionalWriteAttempts':1,'CasConditionalWriteCommitted':1,'CasGcPut':1,'ContextLock':1,'IOBufferAllocBytes':1048639,'IOBufferAllocs':1,'LocalThreadPoolJobs':1,'LogTrace':3,'WriteBufferFromS3Bytes':505}	a4dfcda090ec611079008cb81130106a	fold_seal_write	991	{'ns_cleanup_items':0,'seal_bytes':505,'seal_namespaces':2,'seal_runs':1}
2afe19975e46	2026-07-26	2026-07-26 21:29:33	2026-07-26 21:29:33.619982	Phase	ca	ca_soak_ch1	9bf79426d130714470a5b2234a94d187	Scheduled	0	Unknown	0	0	0	0	0	0	0	0	0	0	0	0		{}	a4dfcda090ec611079008cb81130106a	pending_deletes	2	{'absent':0,'deleted':0,'graduated':0,'outcome_logs_written':0,'redeleted':0,'replaced':0,'spared':0}
2afe19975e46	2026-07-26	2026-07-26 21:29:33	2026-07-26 21:29:33.619985	Phase	ca	ca_soak_ch1	9bf79426d130714470a5b2234a94d187	Scheduled	0	Unknown	0	0	0	0	0	0	0	0	0	0	0	0		{}	a4dfcda090ec611079008cb81130106a	meta_pool_wait	1	{'jobs_completed':30,'jobs_completed_on_entry':30,'jobs_scheduled':30}
2afe19975e46	2026-07-26	2026-07-26 21:29:33	2026-07-26 21:29:33.622658	Phase	ca	ca_soak_ch1	9bf79426d130714470a5b2234a94d187	Scheduled	0	Unknown	0	0	0	0	0	0	0	0	0	0	0	0		{'CasConditionalWriteAttempts':1,'CasConditionalWriteCommitted':1,'CasGcCas':1,'ContextLock':1,'IOBufferAllocBytes':1048639,'IOBufferAllocs':1,'LocalThreadPoolJobs':1,'LogTrace':3,'WriteBufferFromS3Bytes':268}	a4dfcda090ec611079008cb81130106a	round_commit	2668	{'generation':3,'generations_referenced':2,'generations_visited':0,'pruned_through':0,'round':3}
2afe19975e46	2026-07-26	2026-07-26 21:29:33	2026-07-26 21:29:33.622662	Phase	ca	ca_soak_ch1	9bf79426d130714470a5b2234a94d187	Scheduled	0	Unknown	0	0	0	0	0	0	0	0	0	0	0	0		{}	a4dfcda090ec611079008cb81130106a	handoff_reclaim	1	{'generations_reclaimed':0,'objects_reclaimed':0}
2afe19975e46	2026-07-26	2026-07-26 21:29:44	2026-07-26 21:29:44.799816	Phase	ca	ca_soak_ch1	9bf79426d130714470a5b2234a94d187	Scheduled	0	Unknown	0	0	0	0	0	0	0	0	0	0	0	0		{'CasManifestDelete':6076,'ContextLock':12144,'ContextLockWaitMicroseconds':793,'DiskConnectionsCreated':12,'DiskConnectionsElapsedMicroseconds':1020,'DiskConnectionsExpired':36,'DiskConnectionsPreserved':6040,'DiskConnectionsReused':6064,'DiskS3DeleteObjects':6076,'DiskS3WriteMicroseconds':10265710,'DiskS3WriteRequestAttempts':6076,'DiskS3WriteRequestsCount':6076,'MemoryAllocatedWithoutCheck':12104,'MemoryAllocatedWithoutCheckBytes':13169152,'QueryProfilerRuns':1,'S3WriteMicroseconds':10265710,'S3WriteRequestAttempts':6076,'S3WriteRequestsCount':6076}	a4dfcda090ec611079008cb81130106a	manifest_deletes	11177134	{'attempted':6076,'deleted':6076}
2afe19975e46	2026-07-26	2026-07-26 21:29:44	2026-07-26 21:29:44.799825	Phase	ca	ca_soak_ch1	9bf79426d130714470a5b2234a94d187	Scheduled	0	Unknown	0	0	0	0	0	0	0	0	0	0	0	0		{}	a4dfcda090ec611079008cb81130106a	namespace_cleanup	2	{'items':0,'items_completed':0,'items_pending':0,'suppressed':0}
2afe19975e46	2026-07-26	2026-07-26 21:31:03	2026-07-26 21:31:03.499904	Phase	ca	ca_soak_ch1	9bf79426d130714470a5b2234a94d187	Scheduled	0	Unknown	0	0	0	0	0	0	0	0	0	0	0	0		{'CasRefCleanupObjectsDeleted':19865,'CasRootDelete':19865,'CasRootHead':19865,'ContextLock':19865,'ContextLockWaitMicroseconds':1988,'DiskConnectionsCreated':62,'DiskConnectionsElapsedMicroseconds':6598,'DiskConnectionsExpired':293,'DiskConnectionsPreserved':39440,'DiskConnectionsReused':39668,'DiskS3DeleteObjects':19865,'DiskS3HeadObject':19865,'DiskS3ReadMicroseconds':11715424,'DiskS3ReadRequestsCount':19865,'DiskS3WriteMicroseconds':59471264,'DiskS3WriteRequestAttempts':19865,'DiskS3WriteRequestsCount':19865,'MemoryAllocatedWithoutCheck':79004,'MemoryAllocatedWithoutCheckBytes':85956352,'QueryProfilerRuns':9,'S3HeadObject':19865,'S3ReadMicroseconds':11715424,'S3ReadRequestsCount':19865,'S3WriteMicroseconds':59471264,'S3WriteRequestAttempts':19865,'S3WriteRequestsCount':19865}	a4dfcda090ec611079008cb81130106a	ref_object_cleanup	78700050	{'namespaces_planned':2,'suppressed':0,'trim_enabled':1}
2afe19975e46	2026-07-26	2026-07-26 21:31:28	2026-07-26 21:31:28.065951	Phase	ca	ca_soak_ch1	9bf79426d130714470a5b2234a94d187	Scheduled	0	Unknown	0	0	0	0	0	0	0	0	0	0	0	0		{'AsyncLoggingErrorFileLogTotalMessages':2,'AsyncLoggingFileLogTotalMessages':2002,'AsyncLoggingTextLogTotalMessages':2002,'CasConditionalWriteAttempts':1,'CasConditionalWriteCommitted':1,'CasGcCas':1,'CasGcEnumerationPages':21,'CasGcGet':3000,'CasManifestList':1,'CasRootGet':145,'CasRootList':20,'ContextLock':4581,'ContextLockWaitMicroseconds':8,'DiskConnectionsCreated':15,'DiskConnectionsElapsedMicroseconds':2003,'DiskConnectionsExpired':36,'DiskConnectionsPreserved':4254,'DiskConnectionsReused':4275,'DiskS3GetObject':1145,'DiskS3HeadObject':3145,'DiskS3ReadMicroseconds':2577939,'DiskS3ReadRequestsCount':4290,'DiskS3ReadRequestsErrors':2000,'GlobalThreadPoolJobs':21,'IOBufferAllocBytes':6120477,'IOBufferAllocs':1146,'LocalThreadPoolExpansions':21,'LocalThreadPoolJobs':61,'LocalThreadPoolLockWaitMicroseconds':3,'LocalThreadPoolShrinks':21,'LocalThreadPoolThreadCreationMicroseconds':515,'LogDebug':2000,'LogError':1,'LogTrace':3,'LogWarning':1,'LoggerElapsedNanoseconds':48096686,'MemoryAllocatedWithoutCheck':8542,'MemoryAllocatedWithoutCheckBytes':9294176,'QueryProfilerRuns':2,'ReadBufferFromS3Bytes':309783,'ReadBufferFromS3InitMicroseconds':915516,'ReadBufferFromS3Microseconds':919638,'S3GetObject':1145,'S3HeadObject':3145,'S3ReadMicroseconds':2577939,'S3ReadRequestsCount':4290,'S3ReadRequestsErrors':2000,'WriteBufferFromS3Bytes':268}	a4dfcda090ec611079008cb81130106a	orphan_sweep	24566003	{'cursor_advanced':1,'list_budget_keys':1000}
2afe19975e46	2026-07-26	2026-07-26 21:31:28	2026-07-26 21:31:28.070636	Finish	ca	ca_soak_ch1	9bf79426d130714470a5b2234a94d187	Scheduled	3	Success	30	0	0	0	0	6076	30	0	0	0	0	194369		{'AsyncLoggingErrorFileLogTotalMessages':2,'AsyncLoggingFileLogTotalMessages':2037,'AsyncLoggingTextLogTotalMessages':2037,'CasBlobHead':30,'CasConditionalWriteAttempts':6,'CasConditionalWriteCommitted':6,'CasGcCas':4,'CasGcEnumerationPages':60,'CasGcGet':3009,'CasGcGetStream':1,'CasGcList':1,'CasGcPut':2,'CasGcRetiredCondemned':30,'CasManifestDelete':6076,'CasManifestGet':18740,'CasManifestHead':18740,'CasManifestList':1,'CasRefCleanupObjectsDeleted':19865,'CasRefEmittedEdges':18740,'CasRefGlobalListPages':21,'CasRefLogBodyGets':19568,'CasRefManifestBodyFoldGets':18740,'CasRootDelete':19865,'CasRootGet':19713,'CasRootHead':19865,'CasRootList':59,'ContextLock':302182,'ContextLockWaitMicroseconds':4798,'DiskConnectionsCreated':308,'DiskConnectionsElapsedMicroseconds':31793,'DiskConnectionsExpired':1108,'DiskConnectionsPreserved':144403,'DiskConnectionsReset':5,'DiskConnectionsReused':145199,'DiskS3DeleteObjects':25941,'DiskS3GetObject':39463,'DiskS3HeadObject':80098,'DiskS3ReadMicroseconds':53397533,'DiskS3ReadRequestsCount':119566,'DiskS3ReadRequestsErrors':2005,'DiskS3WriteMicroseconds':69736974,'DiskS3WriteRequestAttempts':25941,'DiskS3WriteRequestsCount':25941,'GlobalThreadPoolJobs':77,'IOBufferAllocBytes':293592912,'IOBufferAllocs':39471,'LocalThreadPoolExpansions':77,'LocalThreadPoolJobs':207,'LocalThreadPoolLockWaitMicroseconds':11,'LocalThreadPoolShrinks':61,'LocalThreadPoolThreadCreationMicroseconds':1428,'LogDebug':2025,'LogError':1,'LogTrace':28,'LogWarning':1,'LoggerElapsedNanoseconds':89119260,'MemoryAllocatedWithoutCheck':289465,'MemoryAllocatedWithoutCheckBytes':367632714,'QueryProfilerRuns':21,'ReadBufferFromS3Bytes':120024511,'ReadBufferFromS3InitMicroseconds':23012279,'ReadBufferFromS3Microseconds':23163558,'S3GetObject':39463,'S3HeadObject':80098,'S3ReadMicroseconds':53397533,'S3ReadRequestsCount':119566,'S3ReadRequestsErrors':2005,'S3WriteMicroseconds':69736974,'S3WriteRequestAttempts':25941,'S3WriteRequestsCount':25941,'WriteBufferFromS3Bytes':3849217}	a4dfcda090ec611079008cb81130106a		0	{}
2afe19975e46	2026-07-26	2026-07-26 21:31:38	2026-07-26 21:31:38.070762	Start	ca	ca_soak_ch1	9bf79426d130714470a5b2234a94d187	Scheduled	0	Unknown	0	0	0	0	0	0	0	0	0	0	0	0		{}	03d113d3a580b84f69f64989ee60fb16		0	{}
2afe19975e46	2026-07-26	2026-07-26 21:31:38	2026-07-26 21:31:38.075121	Phase	ca	ca_soak_ch1	9bf79426d130714470a5b2234a94d187	Scheduled	0	Unknown	0	0	0	0	0	0	0	0	0	0	0	0		{'CasConditionalWriteAttempts':1,'CasConditionalWriteCommitted':1,'CasGcCas':1,'CasGcGet':1,'ContextLock':5,'DiskConnectionsPreserved':2,'DiskConnectionsReused':2,'DiskS3GetObject':1,'DiskS3HeadObject':1,'DiskS3ReadMicroseconds':1274,'DiskS3ReadRequestsCount':2,'IOBufferAllocBytes':1053066,'IOBufferAllocs':2,'LocalThreadPoolJobs':1,'LogTrace':3,'MemoryAllocatedWithoutCheck':4,'MemoryAllocatedWithoutCheckBytes':4352,'ReadBufferFromS3Bytes':268,'ReadBufferFromS3InitMicroseconds':966,'ReadBufferFromS3Microseconds':974,'S3GetObject':1,'S3HeadObject':1,'S3ReadMicroseconds':1274,'S3ReadRequestsCount':2,'WriteBufferFromS3Bytes':268}	03d113d3a580b84f69f64989ee60fb16	lease	4279	{'acquired':1,'steal_allowed':1}
2afe19975e46	2026-07-26	2026-07-26 21:31:38	2026-07-26 21:31:38.084681	Phase	ca	ca_soak_ch1	9bf79426d130714470a5b2234a94d187	Scheduled	0	Unknown	0	0	0	0	0	0	0	0	0	0	0	0		{'CasGcGet':2,'CasGcList':1,'ContextLock':9,'DiskConnectionsPreserved':4,'DiskConnectionsReused':4,'DiskS3GetObject':2,'DiskS3HeadObject':2,'DiskS3ReadMicroseconds':2812,'DiskS3ReadRequestsCount':4,'GlobalThreadPoolJobs':1,'IOBufferAllocBytes':8693,'IOBufferAllocs':2,'LocalThreadPoolExpansions':1,'LocalThreadPoolJobs':1,'LocalThreadPoolShrinks':1,'LocalThreadPoolThreadCreationMicroseconds':4,'MemoryAllocatedWithoutCheck':8,'MemoryAllocatedWithoutCheckBytes':8704,'ReadBufferFromS3Bytes':375,'ReadBufferFromS3InitMicroseconds':2073,'ReadBufferFromS3Microseconds':2094,'S3GetObject':2,'S3HeadObject':2,'S3ReadMicroseconds':2812,'S3ReadRequestsCount':4}	03d113d3a580b84f69f64989ee60fb16	heartbeat_floor	6475	{'already_fenced':0,'fenced_now':0,'live':2,'terminated':0}
2afe19975e46	2026-07-26	2026-07-26 21:32:31	2026-07-26 21:32:31.706866	Phase	ca	ca_soak_ch1	9bf79426d130714470a5b2234a94d187	Scheduled	0	Unknown	0	0	0	0	0	0	0	0	0	0	0	0		{'CasGcEnumerationPages':42,'CasGcGet':2,'CasRootList':42,'ContextLock':8,'DiskConnectionsPreserved':4,'DiskConnectionsReused':4,'DiskS3GetObject':2,'DiskS3HeadObject':2,'DiskS3ReadMicroseconds':1916,'DiskS3ReadRequestsCount':4,'GlobalThreadPoolJobs':42,'IOBufferAllocBytes':9328,'IOBufferAllocs':2,'LocalThreadPoolExpansions':42,'LocalThreadPoolJobs':123,'LocalThreadPoolLockWaitMicroseconds':9,'LocalThreadPoolShrinks':42,'LocalThreadPoolThreadCreationMicroseconds':862,'MemoryAllocatedWithoutCheck':8,'MemoryAllocatedWithoutCheckBytes':8704,'QueryProfilerRuns':5,'ReadBufferFromS3Bytes':1010,'ReadBufferFromS3InitMicroseconds':1214,'ReadBufferFromS3Microseconds':1225,'S3GetObject':2,'S3HeadObject':2,'S3ReadMicroseconds':1916,'S3ReadRequestsCount':4}	03d113d3a580b84f69f64989ee60fb16	defer_decision	53622148	{'changed_shards':2,'deferred':0,'fold_seal_reads':2,'graduation_due':1,'namespaces_seen':2,'ref_log_keys_listed':41020,'rounds_deferred_before':0}
2afe19975e46	2026-07-26	2026-07-26 21:32:31	2026-07-26 21:32:31.708315	Phase	ca	ca_soak_ch1	9bf79426d130714470a5b2234a94d187	Scheduled	0	Unknown	0	0	0	0	0	0	0	0	0	0	0	0		{'CasGcGet':1,'ContextLock':4,'DiskConnectionsPreserved':2,'DiskConnectionsReused':2,'DiskS3GetObject':1,'DiskS3HeadObject':1,'DiskS3ReadMicroseconds':1040,'DiskS3ReadRequestsCount':2,'IOBufferAllocBytes':4664,'IOBufferAllocs':1,'MemoryAllocatedWithoutCheck':4,'MemoryAllocatedWithoutCheckBytes':4352,'ReadBufferFromS3Bytes':505,'ReadBufferFromS3InitMicroseconds':571,'ReadBufferFromS3Microseconds':575,'S3GetObject':1,'S3HeadObject':1,'S3ReadMicroseconds':1040,'S3ReadRequestsCount':2}	03d113d3a580b84f69f64989ee60fb16	parent_seal_read	1434	{'parent_runs':1}
2afe19975e46	2026-07-26	2026-07-26 21:33:20	2026-07-26 21:33:20.035583	Phase	ca	ca_soak_ch1	9bf79426d130714470a5b2234a94d187	Scheduled	0	Unknown	0	0	0	0	0	0	0	0	0	0	0	0		{'CasGcEnumerationPages':51,'CasRefGlobalListPages':51,'CasRootList':51,'GlobalThreadPoolJobs':51,'LocalThreadPoolExpansions':51,'LocalThreadPoolJobs':150,'LocalThreadPoolLockWaitMicroseconds':15,'LocalThreadPoolShrinks':51,'LocalThreadPoolThreadCreationMicroseconds':1099,'QueryProfilerRuns':5}	03d113d3a580b84f69f64989ee60fb16	fold_ref_list	48327252	{'namespaces_seen':2,'probe_a_holes':0,'ref_folding_aborted':0,'ref_keys_listed':50764}
2afe19975e46	2026-07-26	2026-07-26 21:33:20	2026-07-26 21:33:20.046900	Phase	ca	ca_soak_ch1	9bf79426d130714470a5b2234a94d187	Scheduled	0	Unknown	0	0	0	0	0	0	0	0	0	0	0	0		{'CasGcGet':2,'ContextLock':8,'DiskConnectionsPreserved':4,'DiskConnectionsReused':4,'DiskS3GetObject':2,'DiskS3HeadObject':2,'DiskS3ReadMicroseconds':10554,'DiskS3ReadRequestsCount':4,'IOBufferAllocBytes':9328,'IOBufferAllocs':2,'MemoryAllocatedWithoutCheck':8,'MemoryAllocatedWithoutCheckBytes':8704,'ReadBufferFromS3Bytes':1010,'ReadBufferFromS3InitMicroseconds':6553,'ReadBufferFromS3Microseconds':6569,'S3GetObject':2,'S3HeadObject':2,'S3ReadMicroseconds':10554,'S3ReadRequestsCount':4}	03d113d3a580b84f69f64989ee60fb16	fold_seal_read	11293	{'ns_cleanup_items':0,'parent_cursors':2,'parent_runs':1,'redundant_reads':1,'seal_reads':2}
2afe19975e46	2026-07-26	2026-07-26 21:35:41	2026-07-26 21:35:41.071170	Phase	ca	ca_soak_ch1	9bf79426d130714470a5b2234a94d187	Scheduled	0	Unknown	0	0	0	0	0	0	0	0	0	0	0	0		{'AsyncLoggingFileLogTotalMessages':133,'AsyncLoggingTextLogTotalMessages':133,'CasManifestGet':48884,'CasManifestHead':48884,'CasRefEmittedEdges':48884,'CasRefLogBodyGets':50399,'CasRefManifestBodyFoldGets':48884,'CasRootGet':50399,'ContextLock':690172,'ContextLockWaitMicroseconds':4436,'DiskConnectionsCreated':1601,'DiskConnectionsElapsedMicroseconds':111166,'DiskConnectionsExpired':2309,'DiskConnectionsPreserved':245142,'DiskConnectionsReset':19,'DiskConnectionsReused':245868,'DiskS3GetObject':99283,'DiskS3HeadObject':148167,'DiskS3ReadMicroseconds':102425852,'DiskS3ReadRequestsCount':247469,'DiskS3ReadRequestsErrors':19,'IOBufferAllocBytes':739717082,'IOBufferAllocs':99283,'LogDebug':95,'LogTrace':38,'LoggerElapsedNanoseconds':29896369,'MemoryAllocatedWithoutCheck':493616,'MemoryAllocatedWithoutCheckBytes':689072672,'QueryProfilerRuns':17,'ReadBufferFromS3Bytes':326799085,'ReadBufferFromS3InitMicroseconds':47641014,'ReadBufferFromS3Microseconds':47963189,'S3GetObject':99283,'S3HeadObject':148167,'S3ReadMicroseconds':102425852,'S3ReadRequestsCount':247469,'S3ReadRequestsErrors':19}	03d113d3a580b84f69f64989ee60fb16	fold_ref_intake	141024248	{'dead_precommits_skipped':0,'deltas_emitted':293304,'logs_applied':50399,'logs_intended':50399,'namespace_removals':0,'ref_folding_aborted':0,'tables_changed':2,'tables_clamped':0,'tables_scanned':2,'txns_opened':50399}
2afe19975e46	2026-07-26	2026-07-26 21:35:41	2026-07-26 21:35:41.071199	Phase	ca	ca_soak_ch1	9bf79426d130714470a5b2234a94d187	Scheduled	0	Unknown	0	0	0	0	0	0	0	0	0	0	0	0		{}	03d113d3a580b84f69f64989ee60fb16	fold_ns_cleanup_scan	1	{'items_added':0,'items_carried':0,'items_completed_now':0,'items_final':0,'items_scanned':0}
2afe19975e46	2026-07-26	2026-07-26 21:35:41	2026-07-26 21:35:41.280644	Phase	ca	ca_soak_ch1	9bf79426d130714470a5b2234a94d187	Scheduled	0	Unknown	0	0	0	0	0	0	0	0	0	0	0	0		{'AsyncLoggingErrorFileLogTotalMessages':1,'AsyncLoggingFileLogTotalMessages':1,'AsyncLoggingTextLogTotalMessages':1,'CasBlobHead':196,'CasConditionalWriteAttempts':1,'CasConditionalWriteCommitted':1,'CasGcGetStream':1,'CasGcPut':1,'CasGcRetiredCondemned':196,'CasGcUnmatchedRemoveDeltas':24,'ContextLock':593,'DiskConnectionsCreated':6,'DiskConnectionsElapsedMicroseconds':334,'DiskConnectionsExpired':2,'DiskConnectionsPreserved':196,'DiskConnectionsReused':192,'DiskS3GetObject':1,'DiskS3HeadObject':197,'DiskS3ReadMicroseconds':57477,'DiskS3ReadRequestsCount':198,'IOBufferAllocBytes':17830140,'IOBufferAllocs':4,'LocalThreadPoolJobs':197,'LocalThreadPoolLockWaitMicroseconds':5,'LogTrace':3,'LogWarning':1,'LoggerElapsedNanoseconds':16180,'MemoryAllocatedWithoutCheck':418,'MemoryAllocatedWithoutCheckBytes':149604640,'ReadBufferFromS3Bytes':3847828,'ReadBufferFromS3InitMicroseconds':10576,'ReadBufferFromS3Microseconds':11234,'S3GetObject':1,'S3HeadObject':197,'S3ReadMicroseconds':57477,'S3ReadRequestsCount':198,'WriteBufferFromS3Bytes':13055333}	03d113d3a580b84f69f64989ee60fb16	fold_reduce	209425	{'condemned':196,'deltas_in':293304,'graduated':0,'redelete_pending':0,'runs_written':1,'shards_pure_carry':0,'shards_reduced':1,'shards_total':1,'spared':30,'suppress_destructive':0,'txns_unapplied':0,'unmatched_removes':24}
2afe19975e46	2026-07-26	2026-07-26 21:35:41	2026-07-26 21:35:41.281607	Phase	ca	ca_soak_ch1	9bf79426d130714470a5b2234a94d187	Scheduled	0	Unknown	0	0	0	0	0	0	0	0	0	0	0	0		{'CasConditionalWriteAttempts':1,'CasConditionalWriteCommitted':1,'CasGcPut':1,'ContextLock':1,'IOBufferAllocBytes':1048639,'IOBufferAllocs':1,'LocalThreadPoolJobs':1,'LogTrace':3,'WriteBufferFromS3Bytes':507}	03d113d3a580b84f69f64989ee60fb16	fold_seal_write	950	{'ns_cleanup_items':0,'seal_bytes':507,'seal_namespaces':2,'seal_runs':1}
2afe19975e46	2026-07-26	2026-07-26 21:35:41	2026-07-26 21:35:41.284654	Phase	ca	ca_soak_ch1	9bf79426d130714470a5b2234a94d187	Scheduled	0	Unknown	0	0	0	0	0	0	0	0	0	0	0	0		{'CasConditionalWriteAttempts':1,'CasConditionalWriteCommitted':1,'CasGcPut':1,'CasGcRetiredSpared':30,'ContextLock':31,'IOBufferAllocBytes':1048639,'IOBufferAllocs':1,'LocalThreadPoolJobs':1,'LogTrace':3,'WriteBufferFromS3Bytes':1268}	03d113d3a580b84f69f64989ee60fb16	pending_deletes	752	{'absent':0,'deleted':0,'graduated':0,'outcome_logs_written':1,'redeleted':0,'replaced':0,'spared':30}
2afe19975e46	2026-07-26	2026-07-26 21:35:41	2026-07-26 21:35:41.284659	Phase	ca	ca_soak_ch1	9bf79426d130714470a5b2234a94d187	Scheduled	0	Unknown	0	0	0	0	0	0	0	0	0	0	0	0		{}	03d113d3a580b84f69f64989ee60fb16	meta_pool_wait	1	{'jobs_completed':196,'jobs_completed_on_entry':196,'jobs_scheduled':196}
2afe19975e46	2026-07-26	2026-07-26 21:35:41	2026-07-26 21:35:41.289419	Phase	ca	ca_soak_ch1	9bf79426d130714470a5b2234a94d187	Scheduled	0	Unknown	0	0	0	0	0	0	0	0	0	0	0	0		{'CasConditionalWriteAttempts':1,'CasConditionalWriteCommitted':1,'CasGcCas':1,'CasGcDelete':2,'CasGcEnumerationPages':1,'CasGcList':1,'ContextLock':3,'DiskConnectionsPreserved':2,'DiskConnectionsReused':2,'DiskS3DeleteObjects':2,'DiskS3WriteMicroseconds':1344,'DiskS3WriteRequestAttempts':2,'DiskS3WriteRequestsCount':2,'GlobalThreadPoolJobs':1,'IOBufferAllocBytes':1048639,'IOBufferAllocs':1,'LocalThreadPoolExpansions':1,'LocalThreadPoolJobs':2,'LocalThreadPoolShrinks':1,'LocalThreadPoolThreadCreationMicroseconds':4,'LogTrace':3,'MemoryAllocatedWithoutCheck':4,'MemoryAllocatedWithoutCheckBytes':4352,'S3WriteMicroseconds':1344,'S3WriteRequestAttempts':2,'S3WriteRequestsCount':2,'WriteBufferFromS3Bytes':268}	03d113d3a580b84f69f64989ee60fb16	round_commit	4750	{'generation':4,'generations_referenced':2,'generations_visited':1,'pruned_through':1,'round':4}
2afe19975e46	2026-07-26	2026-07-26 21:35:41	2026-07-26 21:35:41.289425	Phase	ca	ca_soak_ch1	9bf79426d130714470a5b2234a94d187	Scheduled	0	Unknown	0	0	0	0	0	0	0	0	0	0	0	0		{}	03d113d3a580b84f69f64989ee60fb16	handoff_reclaim	1	{'generations_reclaimed':0,'objects_reclaimed':0}
2afe19975e46	2026-07-26	2026-07-26 21:35:48	2026-07-26 21:35:48.182068	Phase	ca	ca_soak_ch1	9bf79426d130714470a5b2234a94d187	Scheduled	0	Unknown	0	0	0	0	0	0	0	0	0	0	0	0		{'CasManifestDelete':16223,'ContextLock':32446,'DiskConnectionsCreated':157,'DiskConnectionsElapsedMicroseconds':10159,'DiskConnectionsExpired':164,'DiskConnectionsPreserved':16059,'DiskConnectionsReused':16066,'DiskS3DeleteObjects':16223,'DiskS3WriteMicroseconds':5952486,'DiskS3WriteRequestAttempts':16223,'DiskS3WriteRequestsCount':16223,'MemoryAllocatedWithoutCheck':32433,'MemoryAllocatedWithoutCheckBytes':36924416,'QueryProfilerRuns':1,'S3WriteMicroseconds':5952486,'S3WriteRequestAttempts':16223,'S3WriteRequestsCount':16223}	03d113d3a580b84f69f64989ee60fb16	manifest_deletes	6892614	{'attempted':16223,'deleted':16223}
2afe19975e46	2026-07-26	2026-07-26 21:35:48	2026-07-26 21:35:48.182073	Phase	ca	ca_soak_ch1	9bf79426d130714470a5b2234a94d187	Scheduled	0	Unknown	0	0	0	0	0	0	0	0	0	0	0	0		{}	03d113d3a580b84f69f64989ee60fb16	namespace_cleanup	1	{'items':0,'items_completed':0,'items_pending':0,'suppressed':0}
2afe19975e46	2026-07-26	2026-07-26 21:36:26	2026-07-26 21:36:26.058966	Phase	ca	ca_soak_ch1	9bf79426d130714470a5b2234a94d187	Scheduled	0	Unknown	0	0	0	0	0	0	0	0	0	0	0	0		{'CasRefCleanupObjectsDeleted':50762,'CasRootDelete':50762,'CasRootHead':50762,'ContextLock':50762,'ContextLockWaitMicroseconds':19,'DiskConnectionsCreated':990,'DiskConnectionsElapsedMicroseconds':67275,'DiskConnectionsExpired':1017,'DiskConnectionsPreserved':100507,'DiskConnectionsReused':100534,'DiskS3DeleteObjects':50762,'DiskS3HeadObject':50762,'DiskS3ReadMicroseconds':8490519,'DiskS3ReadRequestsCount':50762,'DiskS3WriteMicroseconds':22905604,'DiskS3WriteRequestAttempts':50762,'DiskS3WriteRequestsCount':50762,'MemoryAllocatedWithoutCheck':202996,'MemoryAllocatedWithoutCheckBytes':220857568,'QueryProfilerRuns':5,'S3HeadObject':50762,'S3ReadMicroseconds':8490519,'S3ReadRequestsCount':50762,'S3WriteMicroseconds':22905604,'S3WriteRequestAttempts':50762,'S3WriteRequestsCount':50762}	03d113d3a580b84f69f64989ee60fb16	ref_object_cleanup	37876852	{'namespaces_planned':2,'suppressed':0,'trim_enabled':1}
2afe19975e46	2026-07-26	2026-07-26 21:36:46	2026-07-26 21:36:46.179562	Phase	ca	ca_soak_ch1	9bf79426d130714470a5b2234a94d187	Scheduled	0	Unknown	0	0	0	0	0	0	0	0	0	0	0	0		{'AsyncLoggingErrorFileLogTotalMessages':1,'AsyncLoggingFileLogTotalMessages':2006,'AsyncLoggingTextLogTotalMessages':2006,'CasConditionalWriteAttempts':1,'CasConditionalWriteUnresolved':1,'CasGcEnumerationPages':23,'CasGcGet':3002,'CasManifestList':1,'CasRootGet':10848,'CasRootList':22,'ContextLock':47401,'ContextLockWaitMicroseconds':41,'DiskConnectionsCreated':192,'DiskConnectionsElapsedMicroseconds':12805,'DiskConnectionsExpired':306,'DiskConnectionsPreserved':25395,'DiskConnectionsReused':25508,'DiskS3GetObject':11850,'DiskS3HeadObject':13850,'DiskS3ReadMicroseconds':7397767,'DiskS3ReadRequestsCount':25700,'DiskS3ReadRequestsErrors':2000,'GlobalThreadPoolJobs':23,'IOBufferAllocBytes':53328946,'IOBufferAllocs':11851,'LocalThreadPoolExpansions':23,'LocalThreadPoolJobs':64,'LocalThreadPoolLockWaitMicroseconds':3,'LocalThreadPoolShrinks':23,'LocalThreadPoolThreadCreationMicroseconds':99,'LogDebug':2000,'LogInfo':2,'LogTrace':3,'LogWarning':1,'LoggerElapsedNanoseconds':6162674,'MemoryAllocatedWithoutCheck':51178,'MemoryAllocatedWithoutCheckBytes':55690704,'QueryProfilerRuns':2,'ReadBufferFromS3Bytes':2996157,'ReadBufferFromS3InitMicroseconds':4902358,'ReadBufferFromS3Microseconds':4924455,'S3GetObject':11850,'S3HeadObject':13850,'S3ReadMicroseconds':7397767,'S3ReadRequestsCount':25700,'S3ReadRequestsErrors':2000,'WriteBufferFromS3Bytes':268}	03d113d3a580b84f69f64989ee60fb16	orphan_sweep	20120558	{'cursor_advanced':0,'list_budget_keys':1000}
2afe19975e46	2026-07-26	2026-07-26 21:36:46	2026-07-26 21:36:46.183916	Finish	ca	ca_soak_ch1	9bf79426d130714470a5b2234a94d187	Scheduled	4	Success	196	0	0	0	30	16223	196	0	0	0	0	308113		{'AsyncLoggingErrorFileLogTotalMessages':2,'AsyncLoggingFileLogTotalMessages':2140,'AsyncLoggingTextLogTotalMessages':2140,'CasBlobHead':196,'CasConditionalWriteAttempts':7,'CasConditionalWriteCommitted':6,'CasConditionalWriteUnresolved':1,'CasGcCas':3,'CasGcDelete':2,'CasGcEnumerationPages':117,'CasGcGet':3011,'CasGcGetStream':1,'CasGcList':2,'CasGcPut':3,'CasGcRetiredCondemned':196,'CasGcRetiredSpared':30,'CasGcUnmatchedRemoveDeltas':24,'CasManifestDelete':16223,'CasManifestGet':48884,'CasManifestHead':48884,'CasManifestList':1,'CasRefCleanupObjectsDeleted':50762,'CasRefEmittedEdges':48884,'CasRefGlobalListPages':51,'CasRefLogBodyGets':50399,'CasRefManifestBodyFoldGets':48884,'CasRootDelete':50762,'CasRootGet':61247,'CasRootHead':50762,'CasRootList':115,'ContextLock':821468,'ContextLockWaitMicroseconds':4496,'DiskConnectionsCreated':2946,'DiskConnectionsElapsedMicroseconds':201739,'DiskConnectionsExpired':3798,'DiskConnectionsPreserved':387319,'DiskConnectionsReset':19,'DiskConnectionsReused':388188,'DiskS3DeleteObjects':66987,'DiskS3GetObject':111143,'DiskS3HeadObject':212985,'DiskS3ReadMicroseconds':118389921,'DiskS3ReadRequestsCount':324147,'DiskS3ReadRequestsErrors':2019,'DiskS3WriteMicroseconds':28859434,'DiskS3WriteRequestAttempts':66987,'DiskS3WriteRequestsCount':66987,'GlobalThreadPoolJobs':118,'IOBufferAllocBytes':816160043,'IOBufferAllocs':111152,'LocalThreadPoolExpansions':118,'LocalThreadPoolJobs':541,'LocalThreadPoolLockWaitMicroseconds':32,'LocalThreadPoolShrinks':118,'LocalThreadPoolThreadCreationMicroseconds':2068,'LogDebug':2095,'LogInfo':2,'LogTrace':59,'LogWarning':2,'LoggerElapsedNanoseconds':36075223,'MemoryAllocatedWithoutCheck':780681,'MemoryAllocatedWithoutCheckBytes':1152193520,'QueryProfilerRuns':35,'ReadBufferFromS3Bytes':333646319,'ReadBufferFromS3InitMicroseconds':52565825,'ReadBufferFromS3Microseconds':52910818,'S3GetObject':111143,'S3HeadObject':212985,'S3ReadMicroseconds':118389921,'S3ReadRequestsCount':324147,'S3ReadRequestsErrors':2019,'S3WriteMicroseconds':28859434,'S3WriteRequestAttempts':66987,'S3WriteRequestsCount':66987,'WriteBufferFromS3Bytes':13057993}	03d113d3a580b84f69f64989ee60fb16		0	{}
2afe19975e46	2026-07-26	2026-07-26 21:36:56	2026-07-26 21:36:56.183992	Start	ca	ca_soak_ch1	9bf79426d130714470a5b2234a94d187	Scheduled	0	Unknown	0	0	0	0	0	0	0	0	0	0	0	0		{}	e539b9d054d1046be0538e1b098a90a1		0	{}
2afe19975e46	2026-07-26	2026-07-26 21:36:56	2026-07-26 21:36:56.188228	Phase	ca	ca_soak_ch1	9bf79426d130714470a5b2234a94d187	Scheduled	0	Unknown	0	0	0	0	0	0	0	0	0	0	0	0		{'CasConditionalWriteAttempts':1,'CasConditionalWriteCommitted':1,'CasGcCas':1,'CasGcGet':1,'ContextLock':5,'DiskConnectionsPreserved':2,'DiskConnectionsReused':2,'DiskS3GetObject':1,'DiskS3HeadObject':1,'DiskS3ReadMicroseconds':1657,'DiskS3ReadRequestsCount':2,'IOBufferAllocBytes':1053066,'IOBufferAllocs':2,'LocalThreadPoolJobs':1,'LogTrace':3,'MemoryAllocatedWithoutCheck':4,'MemoryAllocatedWithoutCheckBytes':4352,'ReadBufferFromS3Bytes':268,'ReadBufferFromS3InitMicroseconds':1187,'ReadBufferFromS3Microseconds':1193,'S3GetObject':1,'S3HeadObject':1,'S3ReadMicroseconds':1657,'S3ReadRequestsCount':2,'WriteBufferFromS3Bytes':268}	e539b9d054d1046be0538e1b098a90a1	lease	4209	{'acquired':1,'steal_allowed':1}
2afe19975e46	2026-07-26	2026-07-26 21:36:56	2026-07-26 21:36:56.194952	Phase	ca	ca_soak_ch1	9bf79426d130714470a5b2234a94d187	Scheduled	0	Unknown	0	0	0	0	0	0	0	0	0	0	0	0		{'CasGcGet':2,'CasGcList':1,'ContextLock':9,'DiskConnectionsPreserved':4,'DiskConnectionsReused':4,'DiskS3GetObject':2,'DiskS3HeadObject':2,'DiskS3ReadMicroseconds':1573,'DiskS3ReadRequestsCount':4,'GlobalThreadPoolJobs':1,'IOBufferAllocBytes':8692,'IOBufferAllocs':2,'LocalThreadPoolExpansions':1,'LocalThreadPoolJobs':1,'LocalThreadPoolShrinks':1,'LocalThreadPoolThreadCreationMicroseconds':6,'MemoryAllocatedWithoutCheck':8,'MemoryAllocatedWithoutCheckBytes':8704,'ReadBufferFromS3Bytes':374,'ReadBufferFromS3InitMicroseconds':990,'ReadBufferFromS3Microseconds':1000,'S3GetObject':2,'S3HeadObject':2,'S3ReadMicroseconds':1573,'S3ReadRequestsCount':4}	e539b9d054d1046be0538e1b098a90a1	heartbeat_floor	4143	{'already_fenced':0,'fenced_now':0,'live':2,'terminated':0}
2afe19975e46	2026-07-26	2026-07-26 21:37:01	2026-07-26 21:37:01.821068	Phase	ca	ca_soak_ch1	9bf79426d130714470a5b2234a94d187	Scheduled	0	Unknown	0	0	0	0	0	0	0	0	0	0	0	0		{'CasGcEnumerationPages':18,'CasGcGet':2,'CasRootList':18,'ContextLock':8,'DiskConnectionsPreserved':4,'DiskConnectionsReused':4,'DiskS3GetObject':2,'DiskS3HeadObject':2,'DiskS3ReadMicroseconds':1088,'DiskS3ReadRequestsCount':4,'GlobalThreadPoolJobs':18,'IOBufferAllocBytes':9332,'IOBufferAllocs':2,'LocalThreadPoolExpansions':18,'LocalThreadPoolJobs':51,'LocalThreadPoolLockWaitMicroseconds':10,'LocalThreadPoolShrinks':18,'LocalThreadPoolThreadCreationMicroseconds':72,'MemoryAllocatedWithoutCheck':8,'MemoryAllocatedWithoutCheckBytes':8704,'ReadBufferFromS3Bytes':1014,'ReadBufferFromS3InitMicroseconds':890,'ReadBufferFromS3Microseconds':896,'S3GetObject':2,'S3HeadObject':2,'S3ReadMicroseconds':1088,'S3ReadRequestsCount':4}	e539b9d054d1046be0538e1b098a90a1	defer_decision	5626076	{'changed_shards':2,'deferred':0,'fold_seal_reads':2,'graduation_due':1,'namespaces_seen':2,'ref_log_keys_listed':17323,'rounds_deferred_before':0}
2afe19975e46	2026-07-26	2026-07-26 21:37:01	2026-07-26 21:37:01.822230	Phase	ca	ca_soak_ch1	9bf79426d130714470a5b2234a94d187	Scheduled	0	Unknown	0	0	0	0	0	0	0	0	0	0	0	0		{'CasGcGet':1,'ContextLock':4,'DiskConnectionsPreserved':2,'DiskConnectionsReused':2,'DiskS3GetObject':1,'DiskS3HeadObject':1,'DiskS3ReadMicroseconds':814,'DiskS3ReadRequestsCount':2,'IOBufferAllocBytes':4666,'IOBufferAllocs':1,'MemoryAllocatedWithoutCheck':4,'MemoryAllocatedWithoutCheckBytes':4352,'ReadBufferFromS3Bytes':507,'ReadBufferFromS3InitMicroseconds':485,'ReadBufferFromS3Microseconds':490,'S3GetObject':1,'S3HeadObject':1,'S3ReadMicroseconds':814,'S3ReadRequestsCount':2}	e539b9d054d1046be0538e1b098a90a1	parent_seal_read	1148	{'parent_runs':1}
2afe19975e46	2026-07-26	2026-07-26 21:37:07	2026-07-26 21:37:07.937120	Phase	ca	ca_soak_ch1	9bf79426d130714470a5b2234a94d187	Scheduled	0	Unknown	0	0	0	0	0	0	0	0	0	0	0	0		{'CasGcEnumerationPages':18,'CasRefGlobalListPages':18,'CasRootList':18,'GlobalThreadPoolJobs':18,'LocalThreadPoolExpansions':18,'LocalThreadPoolJobs':51,'LocalThreadPoolShrinks':18,'LocalThreadPoolThreadCreationMicroseconds':72,'QueryProfilerRuns':1}	e539b9d054d1046be0538e1b098a90a1	fold_ref_list	6114878	{'namespaces_seen':2,'probe_a_holes':0,'ref_folding_aborted':0,'ref_keys_listed':17392}
2afe19975e46	2026-07-26	2026-07-26 21:37:07	2026-07-26 21:37:07.938785	Phase	ca	ca_soak_ch1	9bf79426d130714470a5b2234a94d187	Scheduled	0	Unknown	0	0	0	0	0	0	0	0	0	0	0	0		{'CasGcGet':2,'ContextLock':8,'DiskConnectionsPreserved':4,'DiskConnectionsReused':4,'DiskS3GetObject':2,'DiskS3HeadObject':2,'DiskS3ReadMicroseconds':1205,'DiskS3ReadRequestsCount':4,'IOBufferAllocBytes':9332,'IOBufferAllocs':2,'MemoryAllocatedWithoutCheck':8,'MemoryAllocatedWithoutCheckBytes':8704,'ReadBufferFromS3Bytes':1014,'ReadBufferFromS3InitMicroseconds':760,'ReadBufferFromS3Microseconds':767,'S3GetObject':2,'S3HeadObject':2,'S3ReadMicroseconds':1205,'S3ReadRequestsCount':4}	e539b9d054d1046be0538e1b098a90a1	fold_seal_read	1653	{'ns_cleanup_items':0,'parent_cursors':2,'parent_runs':1,'redundant_reads':1,'seal_reads':2}
2afe19975e46	2026-07-26	2026-07-26 21:38:42	2026-07-26 21:38:42.592372	Phase	ca	ca_soak_ch1	9bf79426d130714470a5b2234a94d187	Scheduled	0	Unknown	0	0	0	0	0	0	0	0	0	0	0	0		{'AsyncLoggingFileLogTotalMessages':91,'AsyncLoggingTextLogTotalMessages':91,'CasManifestGet':48096,'CasManifestHead':48096,'CasRefEmittedEdges':48096,'CasRefLogBodyGets':17312,'CasRefManifestBodyFoldGets':48096,'CasRootGet':17312,'ContextLock':471585,'ContextLockWaitMicroseconds':161,'DiskConnectionsCreated':1669,'DiskConnectionsElapsedMicroseconds':111248,'DiskConnectionsExpired':1868,'DiskConnectionsPreserved':177044,'DiskConnectionsReset':13,'DiskConnectionsReused':177256,'DiskS3GetObject':65408,'DiskS3HeadObject':113504,'DiskS3ReadMicroseconds':72455412,'DiskS3ReadRequestsCount':178925,'DiskS3ReadRequestsErrors':13,'IOBufferAllocBytes':628103340,'IOBufferAllocs':65408,'LogDebug':65,'LogTrace':26,'LoggerElapsedNanoseconds':33014338,'MemoryAllocatedWithoutCheck':357522,'MemoryAllocatedWithoutCheckBytes':479400736,'QueryProfilerRuns':11,'ReadBufferFromS3Bytes':356071468,'ReadBufferFromS3InitMicroseconds':27584556,'ReadBufferFromS3Microseconds':27776637,'S3GetObject':65408,'S3HeadObject':113504,'S3ReadMicroseconds':72455412,'S3ReadRequestsCount':178925,'S3ReadRequestsErrors':13}	e539b9d054d1046be0538e1b098a90a1	fold_ref_intake	94653568	{'dead_precommits_skipped':0,'deltas_emitted':209976,'logs_applied':17312,'logs_intended':17312,'namespace_removals':0,'ref_folding_aborted':0,'tables_changed':2,'tables_clamped':0,'tables_scanned':2,'txns_opened':17312}
2afe19975e46	2026-07-26	2026-07-26 21:38:42	2026-07-26 21:38:42.592391	Phase	ca	ca_soak_ch1	9bf79426d130714470a5b2234a94d187	Scheduled	0	Unknown	0	0	0	0	0	0	0	0	0	0	0	0		{}	e539b9d054d1046be0538e1b098a90a1	fold_ns_cleanup_scan	1	{'items_added':0,'items_carried':0,'items_completed_now':0,'items_final':0,'items_scanned':0}
2afe19975e46	2026-07-26	2026-07-26 21:38:46	2026-07-26 21:38:46.252728	Phase	ca	ca_soak_ch1	9bf79426d130714470a5b2234a94d187	Scheduled	0	Unknown	0	0	0	0	0	0	0	0	0	0	0	0		{'CasBlobHead':6252,'CasConditionalWriteAttempts':1,'CasConditionalWriteCommitted':1,'CasGcGetStream':1,'CasGcPut':1,'CasGcRetiredCondemned':6252,'ContextLock':18761,'ContextLockWaitMicroseconds':14,'DiskConnectionsCreated':60,'DiskConnectionsElapsedMicroseconds':5745,'DiskConnectionsExpired':62,'DiskConnectionsPreserved':6192,'DiskConnectionsReused':6194,'DiskS3GetObject':1,'DiskS3HeadObject':6253,'DiskS3ReadMicroseconds':2748693,'DiskS3ReadRequestsCount':6254,'IOBufferAllocBytes':17830140,'IOBufferAllocs':4,'LocalThreadPoolJobs':6253,'LogTrace':3,'MemoryAllocatedWithoutCheck':12519,'MemoryAllocatedWithoutCheckBytes':152778880,'QueryProfilerRuns':1,'ReadBufferFromS3Bytes':13055333,'ReadBufferFromS3InitMicroseconds':608,'ReadBufferFromS3Microseconds':45895,'S3GetObject':1,'S3HeadObject':6253,'S3ReadMicroseconds':2748693,'S3ReadRequestsCount':6254,'WriteBufferFromS3Bytes':13932650}	e539b9d054d1046be0538e1b098a90a1	fold_reduce	3660262	{'condemned':6252,'deltas_in':209976,'graduated':0,'redelete_pending':0,'runs_written':1,'shards_pure_carry':0,'shards_reduced':1,'shards_total':1,'spared':196,'suppress_destructive':0,'txns_unapplied':0,'unmatched_removes':0}
2afe19975e46	2026-07-26	2026-07-26 21:38:46	2026-07-26 21:38:46.253805	Phase	ca	ca_soak_ch1	9bf79426d130714470a5b2234a94d187	Scheduled	0	Unknown	0	0	0	0	0	0	0	0	0	0	0	0		{'CasConditionalWriteAttempts':1,'CasConditionalWriteCommitted':1,'CasGcPut':1,'ContextLock':1,'IOBufferAllocBytes':1048639,'IOBufferAllocs':1,'LocalThreadPoolJobs':1,'LogTrace':3,'WriteBufferFromS3Bytes':508}	e539b9d054d1046be0538e1b098a90a1	fold_seal_write	1069	{'ns_cleanup_items':0,'seal_bytes':508,'seal_namespaces':2,'seal_runs':1}
2afe19975e46	2026-07-26	2026-07-26 21:38:46	2026-07-26 21:38:46.256460	Phase	ca	ca_soak_ch1	9bf79426d130714470a5b2234a94d187	Scheduled	0	Unknown	0	0	0	0	0	0	0	0	0	0	0	0		{'CasConditionalWriteAttempts':1,'CasConditionalWriteCommitted':1,'CasGcPut':1,'CasGcRetiredSpared':196,'ContextLock':197,'IOBufferAllocBytes':1048639,'IOBufferAllocs':1,'LocalThreadPoolJobs':1,'LogTrace':3,'WriteBufferFromS3Bytes':7112}	e539b9d054d1046be0538e1b098a90a1	pending_deletes	1489	{'absent':0,'deleted':0,'graduated':0,'outcome_logs_written':1,'redeleted':0,'replaced':0,'spared':196}
2afe19975e46	2026-07-26	2026-07-26 21:38:46	2026-07-26 21:38:46.256466	Phase	ca	ca_soak_ch1	9bf79426d130714470a5b2234a94d187	Scheduled	0	Unknown	0	0	0	0	0	0	0	0	0	0	0	0		{}	e539b9d054d1046be0538e1b098a90a1	meta_pool_wait	1	{'jobs_completed':6252,'jobs_completed_on_entry':6252,'jobs_scheduled':6252}
2afe19975e46	2026-07-26	2026-07-26 21:38:46	2026-07-26 21:38:46.260750	Phase	ca	ca_soak_ch1	9bf79426d130714470a5b2234a94d187	Scheduled	0	Unknown	0	0	0	0	0	0	0	0	0	0	0	0		{'CasConditionalWriteAttempts':1,'CasConditionalWriteCommitted':1,'CasGcCas':1,'CasGcDelete':1,'CasGcEnumerationPages':1,'CasGcList':1,'ContextLock':2,'DiskConnectionsPreserved':1,'DiskConnectionsReused':1,'DiskS3DeleteObjects':1,'DiskS3WriteMicroseconds':833,'DiskS3WriteRequestAttempts':1,'DiskS3WriteRequestsCount':1,'GlobalThreadPoolJobs':1,'IOBufferAllocBytes':1048639,'IOBufferAllocs':1,'LocalThreadPoolExpansions':1,'LocalThreadPoolJobs':2,'LocalThreadPoolShrinks':1,'LocalThreadPoolThreadCreationMicroseconds':3,'LogTrace':3,'MemoryAllocatedWithoutCheck':2,'MemoryAllocatedWithoutCheckBytes':2176,'S3WriteMicroseconds':833,'S3WriteRequestAttempts':1,'S3WriteRequestsCount':1,'WriteBufferFromS3Bytes':268}	e539b9d054d1046be0538e1b098a90a1	round_commit	4269	{'generation':5,'generations_referenced':2,'generations_visited':1,'pruned_through':2,'round':5}
2afe19975e46	2026-07-26	2026-07-26 21:38:46	2026-07-26 21:38:46.260761	Phase	ca	ca_soak_ch1	9bf79426d130714470a5b2234a94d187	Scheduled	0	Unknown	0	0	0	0	0	0	0	0	0	0	0	0		{}	e539b9d054d1046be0538e1b098a90a1	handoff_reclaim	1	{'generations_reclaimed':0,'objects_reclaimed':0}
2afe19975e46	2026-07-26	2026-07-26 21:39:19	2026-07-26 21:39:19.244560	Phase	ca	ca_soak_ch1	9bf79426d130714470a5b2234a94d187	Scheduled	0	Unknown	0	0	0	0	0	0	0	0	0	0	0	0		{'CasManifestDelete':24337,'ContextLock':48659,'ContextLockWaitMicroseconds':20,'DiskConnectionsCreated':172,'DiskConnectionsElapsedMicroseconds':13896,'DiskConnectionsExpired':277,'DiskConnectionsPreserved':24061,'DiskConnectionsReused':24165,'DiskS3DeleteObjects':24337,'DiskS3WriteMicroseconds':30882238,'DiskS3WriteRequestAttempts':24337,'DiskS3WriteRequestsCount':24337,'MemoryAllocatedWithoutCheck':48468,'MemoryAllocatedWithoutCheckBytes':52731104,'QueryProfilerRuns':4,'S3WriteMicroseconds':30882238,'S3WriteRequestAttempts':24337,'S3WriteRequestsCount':24337}	e539b9d054d1046be0538e1b098a90a1	manifest_deletes	32983778	{'attempted':24337,'deleted':24337}
2afe19975e46	2026-07-26	2026-07-26 21:39:19	2026-07-26 21:39:19.244568	Phase	ca	ca_soak_ch1	9bf79426d130714470a5b2234a94d187	Scheduled	0	Unknown	0	0	0	0	0	0	0	0	0	0	0	0		{}	e539b9d054d1046be0538e1b098a90a1	namespace_cleanup	2	{'items':0,'items_completed':0,'items_pending':0,'suppressed':0}
2afe19975e46	2026-07-26	2026-07-26 21:39:52	2026-07-26 21:39:52.655566	Phase	ca	ca_soak_ch1	9bf79426d130714470a5b2234a94d187	Scheduled	0	Unknown	0	0	0	0	0	0	0	0	0	0	0	0		{'CasRefCleanupObjectsDeleted':17350,'CasRootDelete':17350,'CasRootHead':17350,'ContextLock':17350,'ContextLockWaitMicroseconds':19,'DiskConnectionsCreated':267,'DiskConnectionsElapsedMicroseconds':23663,'DiskConnectionsExpired':388,'DiskConnectionsPreserved':34312,'DiskConnectionsReused':34433,'DiskS3DeleteObjects':17350,'DiskS3HeadObject':17350,'DiskS3ReadMicroseconds':9830254,'DiskS3ReadRequestsCount':17350,'DiskS3WriteMicroseconds':20401655,'DiskS3WriteRequestAttempts':17350,'DiskS3WriteRequestsCount':17350,'MemoryAllocatedWithoutCheck':69158,'MemoryAllocatedWithoutCheckBytes':75243904,'QueryProfilerRuns':4,'S3HeadObject':17350,'S3ReadMicroseconds':9830254,'S3ReadRequestsCount':17350,'S3WriteMicroseconds':20401655,'S3WriteRequestAttempts':17350,'S3WriteRequestsCount':17350}	e539b9d054d1046be0538e1b098a90a1	ref_object_cleanup	33410977	{'namespaces_planned':2,'suppressed':0,'trim_enabled':1}
2afe19975e46	2026-07-26	2026-07-26 21:39:54	2026-07-26 21:39:54.528271	Phase	ca	ca_soak_ch1	9bf79426d130714470a5b2234a94d187	Scheduled	0	Unknown	0	0	0	0	0	0	0	0	0	0	0	0		{'AsyncLoggingFileLogTotalMessages':2000,'AsyncLoggingTextLogTotalMessages':2000,'CasConditionalWriteAttempts':1,'CasConditionalWriteCommitted':1,'CasGcCas':1,'CasGcEnumerationPages':3,'CasGcGet':3002,'CasManifestDelete':1,'CasManifestList':1,'CasRootGet':853,'CasRootList':2,'ContextLock':7423,'DiskConnectionsCreated':56,'DiskConnectionsElapsedMicroseconds':3094,'DiskConnectionsExpired':57,'DiskConnectionsPreserved':5654,'DiskConnectionsReused':5655,'DiskS3DeleteObjects':1,'DiskS3GetObject':1855,'DiskS3HeadObject':3855,'DiskS3ReadMicroseconds':769255,'DiskS3ReadRequestsCount':5710,'DiskS3ReadRequestsErrors':2000,'DiskS3WriteMicroseconds':604,'DiskS3WriteRequestAttempts':1,'DiskS3WriteRequestsCount':1,'GlobalThreadPoolJobs':3,'IOBufferAllocBytes':9816966,'IOBufferAllocs':1856,'LocalThreadPoolExpansions':3,'LocalThreadPoolJobs':6,'LocalThreadPoolShrinks':3,'LocalThreadPoolThreadCreationMicroseconds':12,'LogDebug':2000,'LogTrace':3,'LoggerElapsedNanoseconds':6884853,'MemoryAllocatedWithoutCheck':11422,'MemoryAllocatedWithoutCheckBytes':20815712,'ReadBufferFromS3Bytes':1053382,'ReadBufferFromS3InitMicroseconds':426074,'ReadBufferFromS3Microseconds':428969,'S3GetObject':1855,'S3HeadObject':3855,'S3ReadMicroseconds':769255,'S3ReadRequestsCount':5710,'S3ReadRequestsErrors':2000,'S3WriteMicroseconds':604,'S3WriteRequestAttempts':1,'S3WriteRequestsCount':1,'WriteBufferFromS3Bytes':268}	e539b9d054d1046be0538e1b098a90a1	orphan_sweep	1872677	{'cursor_advanced':1,'list_budget_keys':1000}
2afe19975e46	2026-07-26	2026-07-26 21:39:54	2026-07-26 21:39:54.531370	Finish	ca	ca_soak_ch1	9bf79426d130714470a5b2234a94d187	Scheduled	5	Success	6252	0	0	0	196	24337	6252	0	0	0	0	178347		{'AsyncLoggingFileLogTotalMessages':2091,'AsyncLoggingTextLogTotalMessages':2091,'CasBlobHead':6252,'CasConditionalWriteAttempts':7,'CasConditionalWriteCommitted':7,'CasGcCas':4,'CasGcDelete':1,'CasGcEnumerationPages':40,'CasGcGet':3011,'CasGcGetStream':1,'CasGcList':2,'CasGcPut':3,'CasGcRetiredCondemned':6252,'CasGcRetiredSpared':196,'CasManifestDelete':24338,'CasManifestGet':48096,'CasManifestHead':48096,'CasManifestList':1,'CasRefCleanupObjectsDeleted':17350,'CasRefEmittedEdges':48096,'CasRefGlobalListPages':18,'CasRefLogBodyGets':17312,'CasRefManifestBodyFoldGets':48096,'CasRootDelete':17350,'CasRootGet':18165,'CasRootHead':17350,'CasRootList':38,'ContextLock':564037,'ContextLockWaitMicroseconds':214,'DiskConnectionsCreated':2224,'DiskConnectionsElapsedMicroseconds':157646,'DiskConnectionsExpired':2652,'DiskConnectionsPreserved':247282,'DiskConnectionsReset':13,'DiskConnectionsReused':247722,'DiskS3DeleteObjects':41689,'DiskS3GetObject':67273,'DiskS3HeadObject':140971,'DiskS3ReadMicroseconds':85811025,'DiskS3ReadRequestsCount':208257,'DiskS3ReadRequestsErrors':2013,'DiskS3WriteMicroseconds':51285330,'DiskS3WriteRequestAttempts':41689,'DiskS3WriteRequestsCount':41689,'GlobalThreadPoolJobs':41,'IOBufferAllocBytes':661034330,'IOBufferAllocs':67282,'LocalThreadPoolExpansions':41,'LocalThreadPoolJobs':6368,'LocalThreadPoolLockWaitMicroseconds':10,'LocalThreadPoolShrinks':41,'LocalThreadPoolThreadCreationMicroseconds':165,'LogDebug':2065,'LogTrace':47,'LoggerElapsedNanoseconds':39899191,'MemoryAllocatedWithoutCheck':499127,'MemoryAllocatedWithoutCheckBytes':781011680,'QueryProfilerRuns':21,'ReadBufferFromS3Bytes':370183441,'ReadBufferFromS3InitMicroseconds':28016220,'ReadBufferFromS3Microseconds':28256524,'S3GetObject':67273,'S3HeadObject':140971,'S3ReadMicroseconds':85811025,'S3ReadRequestsCount':208257,'S3ReadRequestsErrors':2013,'S3WriteMicroseconds':51285330,'S3WriteRequestAttempts':41689,'S3WriteRequestsCount':41689,'WriteBufferFromS3Bytes':13941155}	e539b9d054d1046be0538e1b098a90a1		0	{}
2afe19975e46	2026-07-26	2026-07-26 21:40:04	2026-07-26 21:40:04.531444	Start	ca	ca_soak_ch1	9bf79426d130714470a5b2234a94d187	Scheduled	0	Unknown	0	0	0	0	0	0	0	0	0	0	0	0		{}	a2c01b7507c1994acddb5413b641ff23		0	{}
2afe19975e46	2026-07-26	2026-07-26 21:40:04	2026-07-26 21:40:04.533617	Phase	ca	ca_soak_ch1	9bf79426d130714470a5b2234a94d187	Scheduled	0	Unknown	0	0	0	0	0	0	0	0	0	0	0	0		{'CasConditionalWriteAttempts':1,'CasConditionalWriteCommitted':1,'CasGcCas':1,'CasGcGet':1,'ContextLock':5,'DiskConnectionsPreserved':2,'DiskConnectionsReused':2,'DiskS3GetObject':1,'DiskS3HeadObject':1,'DiskS3ReadMicroseconds':681,'DiskS3ReadRequestsCount':2,'IOBufferAllocBytes':1053066,'IOBufferAllocs':2,'LocalThreadPoolJobs':1,'LogTrace':3,'MemoryAllocatedWithoutCheck':4,'MemoryAllocatedWithoutCheckBytes':4352,'ReadBufferFromS3Bytes':268,'ReadBufferFromS3InitMicroseconds':419,'ReadBufferFromS3Microseconds':424,'S3GetObject':1,'S3HeadObject':1,'S3ReadMicroseconds':681,'S3ReadRequestsCount':2,'WriteBufferFromS3Bytes':268}	a2c01b7507c1994acddb5413b641ff23	lease	2142	{'acquired':1,'steal_allowed':1}
2afe19975e46	2026-07-26	2026-07-26 21:40:04	2026-07-26 21:40:04.537744	Phase	ca	ca_soak_ch1	9bf79426d130714470a5b2234a94d187	Scheduled	0	Unknown	0	0	0	0	0	0	0	0	0	0	0	0		{'CasGcGet':2,'CasGcList':1,'ContextLock':9,'DiskConnectionsPreserved':4,'DiskConnectionsReused':4,'DiskS3GetObject':2,'DiskS3HeadObject':2,'DiskS3ReadMicroseconds':860,'DiskS3ReadRequestsCount':4,'GlobalThreadPoolJobs':1,'IOBufferAllocBytes':8693,'IOBufferAllocs':2,'LocalThreadPoolExpansions':1,'LocalThreadPoolJobs':1,'LocalThreadPoolShrinks':1,'LocalThreadPoolThreadCreationMicroseconds':5,'MemoryAllocatedWithoutCheck':8,'MemoryAllocatedWithoutCheckBytes':8704,'ReadBufferFromS3Bytes':375,'ReadBufferFromS3InitMicroseconds':625,'ReadBufferFromS3Microseconds':631,'S3GetObject':2,'S3HeadObject':2,'S3ReadMicroseconds':860,'S3ReadRequestsCount':4}	a2c01b7507c1994acddb5413b641ff23	heartbeat_floor	2437	{'already_fenced':0,'fenced_now':0,'live':2,'terminated':0}
2afe19975e46	2026-07-26	2026-07-26 21:40:04	2026-07-26 21:40:04.668274	Phase	ca	ca_soak_ch1	9bf79426d130714470a5b2234a94d187	Scheduled	0	Unknown	0	0	0	0	0	0	0	0	0	0	0	0		{'CasGcEnumerationPages':2,'CasGcGet':2,'CasRootList':2,'ContextLock':8,'DiskConnectionsPreserved':4,'DiskConnectionsReused':4,'DiskS3GetObject':2,'DiskS3HeadObject':2,'DiskS3ReadMicroseconds':744,'DiskS3ReadRequestsCount':4,'GlobalThreadPoolJobs':2,'IOBufferAllocBytes':9334,'IOBufferAllocs':2,'LocalThreadPoolExpansions':2,'LocalThreadPoolJobs':3,'LocalThreadPoolShrinks':2,'LocalThreadPoolThreadCreationMicroseconds':5,'MemoryAllocatedWithoutCheck':8,'MemoryAllocatedWithoutCheckBytes':8704,'ReadBufferFromS3Bytes':1016,'ReadBufferFromS3InitMicroseconds':539,'ReadBufferFromS3Microseconds':543,'S3GetObject':2,'S3HeadObject':2,'S3ReadMicroseconds':744,'S3ReadRequestsCount':4}	a2c01b7507c1994acddb5413b641ff23	defer_decision	130506	{'changed_shards':2,'deferred':0,'fold_seal_reads':2,'graduation_due':1,'namespaces_seen':2,'ref_log_keys_listed':1367,'rounds_deferred_before':0}
2afe19975e46	2026-07-26	2026-07-26 21:40:04	2026-07-26 21:40:04.669351	Phase	ca	ca_soak_ch1	9bf79426d130714470a5b2234a94d187	Scheduled	0	Unknown	0	0	0	0	0	0	0	0	0	0	0	0		{'CasGcGet':1,'ContextLock':4,'DiskConnectionsPreserved':2,'DiskConnectionsReused':2,'DiskS3GetObject':1,'DiskS3HeadObject':1,'DiskS3ReadMicroseconds':729,'DiskS3ReadRequestsCount':2,'IOBufferAllocBytes':4667,'IOBufferAllocs':1,'MemoryAllocatedWithoutCheck':4,'MemoryAllocatedWithoutCheckBytes':4352,'ReadBufferFromS3Bytes':508,'ReadBufferFromS3InitMicroseconds':463,'ReadBufferFromS3Microseconds':468,'S3GetObject':1,'S3HeadObject':1,'S3ReadMicroseconds':729,'S3ReadRequestsCount':2}	a2c01b7507c1994acddb5413b641ff23	parent_seal_read	1063	{'parent_runs':1}
2afe19975e46	2026-07-26	2026-07-26 21:40:04	2026-07-26 21:40:04.794499	Phase	ca	ca_soak_ch1	9bf79426d130714470a5b2234a94d187	Scheduled	0	Unknown	0	0	0	0	0	0	0	0	0	0	0	0		{'CasGcEnumerationPages':2,'CasRefGlobalListPages':2,'CasRootList':2,'GlobalThreadPoolJobs':2,'LocalThreadPoolExpansions':2,'LocalThreadPoolJobs':3,'LocalThreadPoolShrinks':2,'LocalThreadPoolThreadCreationMicroseconds':6}	a2c01b7507c1994acddb5413b641ff23	fold_ref_list	125138	{'namespaces_seen':2,'probe_a_holes':0,'ref_folding_aborted':0,'ref_keys_listed':1373}
2afe19975e46	2026-07-26	2026-07-26 21:40:04	2026-07-26 21:40:04.796118	Phase	ca	ca_soak_ch1	9bf79426d130714470a5b2234a94d187	Scheduled	0	Unknown	0	0	0	0	0	0	0	0	0	0	0	0		{'CasGcGet':2,'ContextLock':8,'DiskConnectionsPreserved':4,'DiskConnectionsReused':4,'DiskS3GetObject':2,'DiskS3HeadObject':2,'DiskS3ReadMicroseconds':1132,'DiskS3ReadRequestsCount':4,'IOBufferAllocBytes':9334,'IOBufferAllocs':2,'MemoryAllocatedWithoutCheck':8,'MemoryAllocatedWithoutCheckBytes':8704,'ReadBufferFromS3Bytes':1016,'ReadBufferFromS3InitMicroseconds':717,'ReadBufferFromS3Microseconds':723,'S3GetObject':2,'S3HeadObject':2,'S3ReadMicroseconds':1132,'S3ReadRequestsCount':4}	a2c01b7507c1994acddb5413b641ff23	fold_seal_read	1607	{'ns_cleanup_items':0,'parent_cursors':2,'parent_runs':1,'redundant_reads':1,'seal_reads':2}
2afe19975e46	2026-07-26	2026-07-26 21:40:49	2026-07-26 21:40:49.104974	Phase	ca	ca_soak_ch1	9bf79426d130714470a5b2234a94d187	Scheduled	0	Unknown	0	0	0	0	0	0	0	0	0	0	0	0		{'CasManifestGet':57476,'CasManifestHead':57476,'CasRefEmittedEdges':57476,'CasRefLogBodyGets':1327,'CasRefManifestBodyFoldGets':57476,'CasRootGet':1327,'ContextLock':442403,'ContextLockWaitMicroseconds':147,'DiskConnectionsCreated':1681,'DiskConnectionsElapsedMicroseconds':112209,'DiskConnectionsExpired':1763,'DiskConnectionsPreserved':173319,'DiskConnectionsReused':173401,'DiskS3GetObject':58803,'DiskS3HeadObject':116279,'DiskS3ReadMicroseconds':30627354,'DiskS3ReadRequestsCount':175082,'IOBufferAllocBytes':709734213,'IOBufferAllocs':58803,'MemoryAllocatedWithoutCheck':350020,'MemoryAllocatedWithoutCheckBytes':519285420,'QueryProfilerRuns':6,'ReadBufferFromS3Bytes':465172536,'ReadBufferFromS3InitMicroseconds':16383420,'ReadBufferFromS3Microseconds':16536926,'S3GetObject':58803,'S3HeadObject':116279,'S3ReadMicroseconds':30627354,'S3ReadRequestsCount':175082}	a2c01b7507c1994acddb5413b641ff23	fold_ref_intake	44308841	{'dead_precommits_skipped':0,'deltas_emitted':207228,'logs_applied':1327,'logs_intended':1327,'namespace_removals':0,'ref_folding_aborted':0,'tables_changed':2,'tables_clamped':0,'tables_scanned':2,'txns_opened':1327}
2afe19975e46	2026-07-26	2026-07-26 21:40:49	2026-07-26 21:40:49.104985	Phase	ca	ca_soak_ch1	9bf79426d130714470a5b2234a94d187	Scheduled	0	Unknown	0	0	0	0	0	0	0	0	0	0	0	0		{}	a2c01b7507c1994acddb5413b641ff23	fold_ns_cleanup_scan	2	{'items_added':0,'items_carried':0,'items_completed_now':0,'items_final':0,'items_scanned':0}
2afe19975e46	2026-07-26	2026-07-26 21:40:53	2026-07-26 21:40:53.361899	Phase	ca	ca_soak_ch1	9bf79426d130714470a5b2234a94d187	Scheduled	0	Unknown	0	0	0	0	0	0	0	0	0	0	0	0		{'AsyncLoggingErrorFileLogTotalMessages':1,'AsyncLoggingFileLogTotalMessages':1,'AsyncLoggingTextLogTotalMessages':1,'CasBlobHead':12462,'CasConditionalWriteAttempts':1,'CasConditionalWriteCommitted':1,'CasGcGetStream':1,'CasGcPut':1,'CasGcRetiredCondemned':12462,'CasGcUnmatchedRemoveDeltas':24,'ContextLock':37391,'ContextLockWaitMicroseconds':32,'DiskConnectionsCreated':88,'DiskConnectionsElapsedMicroseconds':6809,'DiskConnectionsExpired':112,'DiskConnectionsPreserved':12352,'DiskConnectionsReused':12376,'DiskS3GetObject':1,'DiskS3HeadObject':12463,'DiskS3ReadMicroseconds':2717643,'DiskS3ReadRequestsCount':12464,'IOBufferAllocBytes':17830140,'IOBufferAllocs':4,'LocalThreadPoolJobs':12463,'LocalThreadPoolLockWaitMicroseconds':18,'LogTrace':3,'LogWarning':1,'LoggerElapsedNanoseconds':19590,'MemoryAllocatedWithoutCheck':24896,'MemoryAllocatedWithoutCheckBytes':177863936,'QueryProfilerRuns':1,'ReadBufferFromS3Bytes':13932650,'ReadBufferFromS3InitMicroseconds':412,'ReadBufferFromS3Microseconds':11237,'S3GetObject':1,'S3HeadObject':12463,'S3ReadMicroseconds':2717643,'S3ReadRequestsCount':12464,'WriteBufferFromS3Bytes':9971137}	a2c01b7507c1994acddb5413b641ff23	fold_reduce	4256885	{'condemned':12462,'deltas_in':207228,'graduated':6252,'redelete_pending':0,'runs_written':1,'shards_pure_carry':0,'shards_reduced':1,'shards_total':1,'spared':0,'suppress_destructive':0,'txns_unapplied':0,'unmatched_removes':24}
2afe19975e46	2026-07-26	2026-07-26 21:40:53	2026-07-26 21:40:53.362923	Phase	ca	ca_soak_ch1	9bf79426d130714470a5b2234a94d187	Scheduled	0	Unknown	0	0	0	0	0	0	0	0	0	0	0	0		{'CasConditionalWriteAttempts':1,'CasConditionalWriteCommitted':1,'CasGcPut':1,'ContextLock':1,'IOBufferAllocBytes':1048639,'IOBufferAllocs':1,'LocalThreadPoolJobs':1,'LogTrace':3,'WriteBufferFromS3Bytes':512}	a2c01b7507c1994acddb5413b641ff23	fold_seal_write	1011	{'ns_cleanup_items':0,'seal_bytes':512,'seal_namespaces':2,'seal_runs':1}
2afe19975e46	2026-07-26	2026-07-26 21:40:53	2026-07-26 21:40:53.365783	Phase	ca	ca_soak_ch1	9bf79426d130714470a5b2234a94d187	Scheduled	0	Unknown	0	0	0	0	0	0	0	0	0	0	0	0		{'CasGcRetiredGraduated':6252,'ContextLock':6252}	a2c01b7507c1994acddb5413b641ff23	pending_deletes	2712	{'absent':0,'deleted':0,'graduated':6252,'outcome_logs_written':0,'redeleted':0,'replaced':0,'spared':0}
2afe19975e46	2026-07-26	2026-07-26 21:40:53	2026-07-26 21:40:53.365787	Phase	ca	ca_soak_ch1	9bf79426d130714470a5b2234a94d187	Scheduled	0	Unknown	0	0	0	0	0	0	0	0	0	0	0	0		{}	a2c01b7507c1994acddb5413b641ff23	meta_pool_wait	1	{'jobs_completed':12462,'jobs_completed_on_entry':12462,'jobs_scheduled':12462}
2afe19975e46	2026-07-26	2026-07-26 21:40:53	2026-07-26 21:40:53.372727	Phase	ca	ca_soak_ch1	9bf79426d130714470a5b2234a94d187	Scheduled	0	Unknown	0	0	0	0	0	0	0	0	0	0	0	0		{'CasConditionalWriteAttempts':1,'CasConditionalWriteCommitted':1,'CasGcCas':1,'CasGcDelete':2,'CasGcEnumerationPages':1,'CasGcList':1,'ContextLock':3,'DiskConnectionsPreserved':2,'DiskConnectionsReused':2,'DiskS3DeleteObjects':2,'DiskS3WriteMicroseconds':1644,'DiskS3WriteRequestAttempts':2,'DiskS3WriteRequestsCount':2,'GlobalThreadPoolJobs':1,'IOBufferAllocBytes':1048639,'IOBufferAllocs':1,'LocalThreadPoolExpansions':1,'LocalThreadPoolJobs':2,'LocalThreadPoolShrinks':1,'LocalThreadPoolThreadCreationMicroseconds':3,'LogTrace':3,'MemoryAllocatedWithoutCheck':4,'MemoryAllocatedWithoutCheckBytes':4352,'S3WriteMicroseconds':1644,'S3WriteRequestAttempts':2,'S3WriteRequestsCount':2,'WriteBufferFromS3Bytes':268}	a2c01b7507c1994acddb5413b641ff23	round_commit	6929	{'generation':6,'generations_referenced':2,'generations_visited':1,'pruned_through':3,'round':6}
2afe19975e46	2026-07-26	2026-07-26 21:40:53	2026-07-26 21:40:53.372739	Phase	ca	ca_soak_ch1	9bf79426d130714470a5b2234a94d187	Scheduled	0	Unknown	0	0	0	0	0	0	0	0	0	0	0	0		{}	a2c01b7507c1994acddb5413b641ff23	handoff_reclaim	1	{'generations_reclaimed':0,'objects_reclaimed':0}
2afe19975e46	2026-07-26	2026-07-26 21:41:13	2026-07-26 21:41:13.435816	Phase	ca	ca_soak_ch1	9bf79426d130714470a5b2234a94d187	Scheduled	0	Unknown	0	0	0	0	0	0	0	0	0	0	0	0		{'CasManifestDelete':34491,'ContextLock':69005,'ContextLockWaitMicroseconds':10,'DiskConnectionsCreated':267,'DiskConnectionsElapsedMicroseconds':18411,'DiskConnectionsExpired':377,'DiskConnectionsPreserved':34114,'DiskConnectionsReused':34224,'DiskS3DeleteObjects':34491,'DiskS3WriteMicroseconds':17419032,'DiskS3WriteRequestAttempts':34491,'DiskS3WriteRequestsCount':34491,'MemoryAllocatedWithoutCheck':68763,'MemoryAllocatedWithoutCheckBytes':80019072,'QueryProfilerRuns':2,'S3WriteMicroseconds':17419032,'S3WriteRequestAttempts':34491,'S3WriteRequestsCount':34491}	a2c01b7507c1994acddb5413b641ff23	manifest_deletes	20063048	{'attempted':34491,'deleted':34491}
2afe19975e46	2026-07-26	2026-07-26 21:41:13	2026-07-26 21:41:13.435821	Phase	ca	ca_soak_ch1	9bf79426d130714470a5b2234a94d187	Scheduled	0	Unknown	0	0	0	0	0	0	0	0	0	0	0	0		{}	a2c01b7507c1994acddb5413b641ff23	namespace_cleanup	1	{'items':0,'items_completed':0,'items_pending':0,'suppressed':0}
2afe19975e46	2026-07-26	2026-07-26 21:41:14	2026-07-26 21:41:14.234474	Phase	ca	ca_soak_ch1	9bf79426d130714470a5b2234a94d187	Scheduled	0	Unknown	0	0	0	0	0	0	0	0	0	0	0	0		{'CasRefCleanupObjectsDeleted':1032,'CasRootDelete':1032,'CasRootHead':1032,'ContextLock':1032,'DiskConnectionsCreated':21,'DiskConnectionsElapsedMicroseconds':1606,'DiskConnectionsExpired':21,'DiskConnectionsPreserved':2043,'DiskConnectionsReused':2043,'DiskS3DeleteObjects':1032,'DiskS3HeadObject':1032,'DiskS3ReadMicroseconds':170493,'DiskS3ReadRequestsCount':1032,'DiskS3WriteMicroseconds':475844,'DiskS3WriteRequestAttempts':1032,'DiskS3WriteRequestsCount':1032,'MemoryAllocatedWithoutCheck':4128,'MemoryAllocatedWithoutCheckBytes':4491264,'S3HeadObject':1032,'S3ReadMicroseconds':170493,'S3ReadRequestsCount':1032,'S3WriteMicroseconds':475844,'S3WriteRequestAttempts':1032,'S3WriteRequestsCount':1032}	a2c01b7507c1994acddb5413b641ff23	ref_object_cleanup	798627	{'namespaces_planned':2,'suppressed':0,'trim_enabled':1}
2afe19975e46	2026-07-26	2026-07-26 21:41:15	2026-07-26 21:41:15.716984	Phase	ca	ca_soak_ch1	9bf79426d130714470a5b2234a94d187	Scheduled	0	Unknown	0	0	0	0	0	0	0	0	0	0	0	0		{'AsyncLoggingFileLogTotalMessages':2000,'AsyncLoggingTextLogTotalMessages':2000,'CasConditionalWriteAttempts':1,'CasConditionalWriteCommitted':1,'CasGcCas':1,'CasGcEnumerationPages':3,'CasGcGet':3002,'CasManifestList':1,'CasRootGet':481,'CasRootList':2,'ContextLock':5933,'DiskConnectionsCreated':48,'DiskConnectionsElapsedMicroseconds':2472,'DiskConnectionsExpired':49,'DiskConnectionsPreserved':4917,'DiskConnectionsReused':4918,'DiskS3GetObject':1483,'DiskS3HeadObject':3483,'DiskS3ReadMicroseconds':622705,'DiskS3ReadRequestsCount':4966,'DiskS3ReadRequestsErrors':2000,'GlobalThreadPoolJobs':3,'IOBufferAllocBytes':7916525,'IOBufferAllocs':1484,'LocalThreadPoolExpansions':3,'LocalThreadPoolJobs':6,'LocalThreadPoolShrinks':3,'LocalThreadPoolThreadCreationMicroseconds':11,'LogDebug':2000,'LogTrace':3,'LoggerElapsedNanoseconds':7019052,'MemoryAllocatedWithoutCheck':9932,'MemoryAllocatedWithoutCheckBytes':13377984,'ReadBufferFromS3Bytes':700089,'ReadBufferFromS3InitMicroseconds':339896,'ReadBufferFromS3Microseconds':342339,'S3GetObject':1483,'S3HeadObject':3483,'S3ReadMicroseconds':622705,'S3ReadRequestsCount':4966,'S3ReadRequestsErrors':2000,'WriteBufferFromS3Bytes':268}	a2c01b7507c1994acddb5413b641ff23	orphan_sweep	1482487	{'cursor_advanced':1,'list_budget_keys':1000}
2afe19975e46	2026-07-26	2026-07-26 21:41:15	2026-07-26 21:41:15.719988	Finish	ca	ca_soak_ch1	9bf79426d130714470a5b2234a94d187	Scheduled	6	Success	12462	0	0	0	0	34491	12462	6252	0	0	0	71188		{'AsyncLoggingErrorFileLogTotalMessages':1,'AsyncLoggingFileLogTotalMessages':2001,'AsyncLoggingTextLogTotalMessages':2001,'CasBlobHead':12462,'CasConditionalWriteAttempts':6,'CasConditionalWriteCommitted':6,'CasGcCas':4,'CasGcDelete':2,'CasGcEnumerationPages':8,'CasGcGet':3011,'CasGcGetStream':1,'CasGcList':2,'CasGcPut':2,'CasGcRetiredCondemned':12462,'CasGcRetiredGraduated':6252,'CasGcUnmatchedRemoveDeltas':24,'CasManifestDelete':34491,'CasManifestGet':57476,'CasManifestHead':57476,'CasManifestList':1,'CasRefCleanupObjectsDeleted':1032,'CasRefEmittedEdges':57476,'CasRefGlobalListPages':2,'CasRefLogBodyGets':1327,'CasRefManifestBodyFoldGets':57476,'CasRootDelete':1032,'CasRootGet':1808,'CasRootHead':1032,'CasRootList':6,'ContextLock':562079,'ContextLockWaitMicroseconds':189,'DiskConnectionsCreated':2105,'DiskConnectionsElapsedMicroseconds':141507,'DiskConnectionsExpired':2322,'DiskConnectionsPreserved':226765,'DiskConnectionsReused':226982,'DiskS3DeleteObjects':35525,'DiskS3GetObject':60296,'DiskS3HeadObject':133266,'DiskS3ReadMicroseconds':34142867,'DiskS3ReadRequestsCount':193562,'DiskS3ReadRequestsErrors':2000,'DiskS3WriteMicroseconds':17896520,'DiskS3WriteRequestAttempts':35525,'DiskS3WriteRequestsCount':35525,'GlobalThreadPoolJobs':9,'IOBufferAllocBytes':739716129,'IOBufferAllocs':60304,'LocalThreadPoolExpansions':9,'LocalThreadPoolJobs':12481,'LocalThreadPoolLockWaitMicroseconds':18,'LocalThreadPoolShrinks':9,'LocalThreadPoolThreadCreationMicroseconds':30,'LogDebug':2000,'LogTrace':18,'LogWarning':1,'LoggerElapsedNanoseconds':7038642,'MemoryAllocatedWithoutCheck':457779,'MemoryAllocatedWithoutCheckBytes':795081196,'QueryProfilerRuns':9,'ReadBufferFromS3Bytes':479808539,'ReadBufferFromS3InitMicroseconds':16726853,'ReadBufferFromS3Microseconds':16893657,'S3GetObject':60296,'S3HeadObject':133266,'S3ReadMicroseconds':34142867,'S3ReadRequestsCount':193562,'S3ReadRequestsErrors':2000,'S3WriteMicroseconds':17896520,'S3WriteRequestAttempts':35525,'S3WriteRequestsCount':35525,'WriteBufferFromS3Bytes':9972534}	a2c01b7507c1994acddb5413b641ff23		0	{}
2afe19975e46	2026-07-26	2026-07-26 21:41:25	2026-07-26 21:41:25.720054	Start	ca	ca_soak_ch1	9bf79426d130714470a5b2234a94d187	Scheduled	0	Unknown	0	0	0	0	0	0	0	0	0	0	0	0		{}	27068afd086cc229e2d07f49c7b61dc2		0	{}
2afe19975e46	2026-07-26	2026-07-26 21:41:25	2026-07-26 21:41:25.722236	Phase	ca	ca_soak_ch1	9bf79426d130714470a5b2234a94d187	Scheduled	0	Unknown	0	0	0	0	0	0	0	0	0	0	0	0		{'CasConditionalWriteAttempts':1,'CasConditionalWriteCommitted':1,'CasGcCas':1,'CasGcGet':1,'ContextLock':5,'DiskConnectionsPreserved':2,'DiskConnectionsReused':2,'DiskS3GetObject':1,'DiskS3HeadObject':1,'DiskS3ReadMicroseconds':443,'DiskS3ReadRequestsCount':2,'IOBufferAllocBytes':1053066,'IOBufferAllocs':2,'LocalThreadPoolJobs':1,'LogTrace':3,'MemoryAllocatedWithoutCheck':4,'MemoryAllocatedWithoutCheckBytes':4352,'ReadBufferFromS3Bytes':268,'ReadBufferFromS3InitMicroseconds':385,'ReadBufferFromS3Microseconds':389,'S3GetObject':1,'S3HeadObject':1,'S3ReadMicroseconds':443,'S3ReadRequestsCount':2,'WriteBufferFromS3Bytes':268}	27068afd086cc229e2d07f49c7b61dc2	lease	2157	{'acquired':1,'steal_allowed':1}
2afe19975e46	2026-07-26	2026-07-26 21:41:25	2026-07-26 21:41:25.726540	Phase	ca	ca_soak_ch1	9bf79426d130714470a5b2234a94d187	Scheduled	0	Unknown	0	0	0	0	0	0	0	0	0	0	0	0		{'CasGcGet':2,'CasGcList':1,'ContextLock':9,'DiskConnectionsPreserved':4,'DiskConnectionsReused':4,'DiskS3GetObject':2,'DiskS3HeadObject':2,'DiskS3ReadMicroseconds':879,'DiskS3ReadRequestsCount':4,'GlobalThreadPoolJobs':1,'IOBufferAllocBytes':8694,'IOBufferAllocs':2,'LocalThreadPoolExpansions':1,'LocalThreadPoolJobs':1,'LocalThreadPoolShrinks':1,'LocalThreadPoolThreadCreationMicroseconds':5,'MemoryAllocatedWithoutCheck':8,'MemoryAllocatedWithoutCheckBytes':8704,'ReadBufferFromS3Bytes':376,'ReadBufferFromS3InitMicroseconds':656,'ReadBufferFromS3Microseconds':662,'S3GetObject':2,'S3HeadObject':2,'S3ReadMicroseconds':879,'S3ReadRequestsCount':4}	27068afd086cc229e2d07f49c7b61dc2	heartbeat_floor	2778	{'already_fenced':0,'fenced_now':0,'live':2,'terminated':0}
2afe19975e46	2026-07-26	2026-07-26 21:41:25	2026-07-26 21:41:25.802547	Phase	ca	ca_soak_ch1	9bf79426d130714470a5b2234a94d187	Scheduled	0	Unknown	0	0	0	0	0	0	0	0	0	0	0	0		{'CasGcEnumerationPages':1,'CasGcGet':2,'CasRootList':1,'ContextLock':8,'DiskConnectionsPreserved':4,'DiskConnectionsReused':4,'DiskS3GetObject':2,'DiskS3HeadObject':2,'DiskS3ReadMicroseconds':721,'DiskS3ReadRequestsCount':4,'GlobalThreadPoolJobs':1,'IOBufferAllocBytes':9342,'IOBufferAllocs':2,'LocalThreadPoolExpansions':1,'LocalThreadPoolJobs':1,'LocalThreadPoolShrinks':1,'LocalThreadPoolThreadCreationMicroseconds':3,'MemoryAllocatedWithoutCheck':8,'MemoryAllocatedWithoutCheckBytes':8704,'ReadBufferFromS3Bytes':1024,'ReadBufferFromS3InitMicroseconds':537,'ReadBufferFromS3Microseconds':541,'S3GetObject':2,'S3HeadObject':2,'S3ReadMicroseconds':721,'S3ReadRequestsCount':4}	27068afd086cc229e2d07f49c7b61dc2	defer_decision	75988	{'changed_shards':2,'deferred':0,'fold_seal_reads':2,'graduation_due':1,'namespaces_seen':2,'ref_log_keys_listed':915,'rounds_deferred_before':0}
2afe19975e46	2026-07-26	2026-07-26 21:41:25	2026-07-26 21:41:25.803123	Phase	ca	ca_soak_ch1	9bf79426d130714470a5b2234a94d187	Scheduled	0	Unknown	0	0	0	0	0	0	0	0	0	0	0	0		{'CasGcGet':1,'ContextLock':4,'DiskConnectionsPreserved':2,'DiskConnectionsReused':2,'DiskS3GetObject':1,'DiskS3HeadObject':1,'DiskS3ReadMicroseconds':334,'DiskS3ReadRequestsCount':2,'IOBufferAllocBytes':4671,'IOBufferAllocs':1,'MemoryAllocatedWithoutCheck':4,'MemoryAllocatedWithoutCheckBytes':4352,'ReadBufferFromS3Bytes':512,'ReadBufferFromS3InitMicroseconds':234,'ReadBufferFromS3Microseconds':237,'S3GetObject':1,'S3HeadObject':1,'S3ReadMicroseconds':334,'S3ReadRequestsCount':2}	27068afd086cc229e2d07f49c7b61dc2	parent_seal_read	561	{'parent_runs':1}
2afe19975e46	2026-07-26	2026-07-26 21:41:25	2026-07-26 21:41:25.883959	Phase	ca	ca_soak_ch1	9bf79426d130714470a5b2234a94d187	Scheduled	0	Unknown	0	0	0	0	0	0	0	0	0	0	0	0		{'CasGcEnumerationPages':1,'CasRefGlobalListPages':1,'CasRootList':1,'GlobalThreadPoolJobs':1,'LocalThreadPoolExpansions':1,'LocalThreadPoolJobs':1,'LocalThreadPoolShrinks':1,'LocalThreadPoolThreadCreationMicroseconds':3}	27068afd086cc229e2d07f49c7b61dc2	fold_ref_list	80828	{'namespaces_seen':2,'probe_a_holes':0,'ref_folding_aborted':0,'ref_keys_listed':919}
2afe19975e46	2026-07-26	2026-07-26 21:41:25	2026-07-26 21:41:25.885123	Phase	ca	ca_soak_ch1	9bf79426d130714470a5b2234a94d187	Scheduled	0	Unknown	0	0	0	0	0	0	0	0	0	0	0	0		{'CasGcGet':2,'ContextLock':8,'DiskConnectionsPreserved':4,'DiskConnectionsReused':4,'DiskS3GetObject':2,'DiskS3HeadObject':2,'DiskS3ReadMicroseconds':764,'DiskS3ReadRequestsCount':4,'IOBufferAllocBytes':9342,'IOBufferAllocs':2,'MemoryAllocatedWithoutCheck':8,'MemoryAllocatedWithoutCheckBytes':8704,'ReadBufferFromS3Bytes':1024,'ReadBufferFromS3InitMicroseconds':493,'ReadBufferFromS3Microseconds':497,'S3GetObject':2,'S3HeadObject':2,'S3ReadMicroseconds':764,'S3ReadRequestsCount':4}	27068afd086cc229e2d07f49c7b61dc2	fold_seal_read	1153	{'ns_cleanup_items':0,'parent_cursors':2,'parent_runs':1,'redundant_reads':1,'seal_reads':2}
2afe19975e46	2026-07-26	2026-07-26 21:41:43	2026-07-26 21:41:43.261316	Phase	ca	ca_soak_ch1	9bf79426d130714470a5b2234a94d187	Scheduled	0	Unknown	0	0	0	0	0	0	0	0	0	0	0	0		{'CasManifestGet':25605,'CasManifestHead':25605,'CasRefEmittedEdges':25605,'CasRefLogBodyGets':576,'CasRefManifestBodyFoldGets':25605,'CasRootGet':576,'ContextLock':196833,'ContextLockWaitMicroseconds':41,'DiskConnectionsCreated':752,'DiskConnectionsElapsedMicroseconds':43504,'DiskConnectionsExpired':887,'DiskConnectionsPreserved':77080,'DiskConnectionsReused':77215,'DiskS3GetObject':26181,'DiskS3HeadObject':51786,'DiskS3ReadMicroseconds':12106060,'DiskS3ReadRequestsCount':77967,'IOBufferAllocBytes':316402204,'IOBufferAllocs':26181,'MemoryAllocatedWithoutCheck':155671,'MemoryAllocatedWithoutCheckBytes':212124492,'QueryProfilerRuns':3,'ReadBufferFromS3Bytes':207515425,'ReadBufferFromS3InitMicroseconds':6460509,'ReadBufferFromS3Microseconds':6519146,'S3GetObject':26181,'S3HeadObject':51786,'S3ReadMicroseconds':12106060,'S3ReadRequestsCount':77967}	27068afd086cc229e2d07f49c7b61dc2	fold_ref_intake	17376179	{'dead_precommits_skipped':0,'deltas_emitted':92178,'logs_applied':576,'logs_intended':576,'namespace_removals':0,'ref_folding_aborted':0,'tables_changed':2,'tables_clamped':0,'tables_scanned':2,'txns_opened':576}
2afe19975e46	2026-07-26	2026-07-26 21:41:43	2026-07-26 21:41:43.261324	Phase	ca	ca_soak_ch1	9bf79426d130714470a5b2234a94d187	Scheduled	0	Unknown	0	0	0	0	0	0	0	0	0	0	0	0		{}	27068afd086cc229e2d07f49c7b61dc2	fold_ns_cleanup_scan	1	{'items_added':0,'items_carried':0,'items_completed_now':0,'items_final':0,'items_scanned':0}
2afe19975e46	2026-07-26	2026-07-26 21:41:45	2026-07-26 21:41:45.091589	Phase	ca	ca_soak_ch1	9bf79426d130714470a5b2234a94d187	Scheduled	0	Unknown	0	0	0	0	0	0	0	0	0	0	0	0		{'CasBlobHead':5377,'CasConditionalWriteAttempts':1,'CasConditionalWriteCommitted':1,'CasGcGetStream':1,'CasGcPut':1,'CasGcRetiredCondemned':5377,'ContextLock':16136,'ContextLockWaitMicroseconds':14,'DiskConnectionsCreated':48,'DiskConnectionsElapsedMicroseconds':3323,'DiskConnectionsExpired':56,'DiskConnectionsPreserved':5323,'DiskConnectionsReused':5331,'DiskS3GetObject':1,'DiskS3HeadObject':5378,'DiskS3ReadMicroseconds':1163233,'DiskS3ReadRequestsCount':5379,'IOBufferAllocBytes':9441532,'IOBufferAllocs':4,'LocalThreadPoolJobs':5378,'LogTrace':3,'MemoryAllocatedWithoutCheck':10753,'MemoryAllocatedWithoutCheckBytes':95068992,'ReadBufferFromS3Bytes':9971137,'ReadBufferFromS3InitMicroseconds':99710,'ReadBufferFromS3Microseconds':101100,'S3GetObject':1,'S3HeadObject':5378,'S3ReadMicroseconds':1163233,'S3ReadRequestsCount':5379,'WriteBufferFromS3Bytes':6927902}	27068afd086cc229e2d07f49c7b61dc2	fold_reduce	1830245	{'condemned':5377,'deltas_in':92178,'graduated':12462,'redelete_pending':6252,'runs_written':1,'shards_pure_carry':0,'shards_reduced':1,'shards_total':1,'spared':0,'suppress_destructive':0,'txns_unapplied':0,'unmatched_removes':0}
2afe19975e46	2026-07-26	2026-07-26 21:41:45	2026-07-26 21:41:45.092531	Phase	ca	ca_soak_ch1	9bf79426d130714470a5b2234a94d187	Scheduled	0	Unknown	0	0	0	0	0	0	0	0	0	0	0	0		{'CasConditionalWriteAttempts':1,'CasConditionalWriteCommitted':1,'CasGcPut':1,'ContextLock':1,'IOBufferAllocBytes':1048639,'IOBufferAllocs':1,'LocalThreadPoolJobs':1,'LogTrace':3,'WriteBufferFromS3Bytes':513}	27068afd086cc229e2d07f49c7b61dc2	fold_seal_write	933	{'ns_cleanup_items':0,'seal_bytes':513,'seal_namespaces':2,'seal_runs':1}
2afe19975e46	2026-07-26	2026-07-26 21:41:48	2026-07-26 21:41:48.211335	Phase	ca	ca_soak_ch1	9bf79426d130714470a5b2234a94d187	Scheduled	0	Unknown	0	0	0	0	0	0	0	0	0	0	0	0		{'CasBlobDelete':6252,'CasConditionalWriteAttempts':1,'CasConditionalWriteCommitted':1,'CasGcPut':1,'CasGcRetiredGraduated':12462,'CasGcRetiredRedeleted':6252,'ContextLock':24967,'DiskConnectionsCreated':52,'DiskConnectionsElapsedMicroseconds':3249,'DiskConnectionsExpired':62,'DiskConnectionsPreserved':6190,'DiskConnectionsReused':6200,'DiskS3DeleteObjects':6252,'DiskS3WriteMicroseconds':2599284,'DiskS3WriteRequestAttempts':6252,'DiskS3WriteRequestsCount':6252,'IOBufferAllocBytes':1048639,'IOBufferAllocs':1,'LocalThreadPoolJobs':6253,'LogTrace':3,'MemoryAllocatedWithoutCheck':12487,'MemoryAllocatedWithoutCheckBytes':29107040,'S3WriteMicroseconds':2599284,'S3WriteRequestAttempts':6252,'S3WriteRequestsCount':6252,'WriteBufferFromS3Bytes':234620}	27068afd086cc229e2d07f49c7b61dc2	pending_deletes	3118717	{'absent':0,'deleted':6252,'graduated':12462,'outcome_logs_written':1,'redeleted':6252,'replaced':0,'spared':0}
2afe19975e46	2026-07-26	2026-07-26 21:41:48	2026-07-26 21:41:48.211343	Phase	ca	ca_soak_ch1	9bf79426d130714470a5b2234a94d187	Scheduled	0	Unknown	0	0	0	0	0	0	0	0	0	0	0	0		{}	27068afd086cc229e2d07f49c7b61dc2	meta_pool_wait	1	{'jobs_completed':11629,'jobs_completed_on_entry':11629,'jobs_scheduled':11629}
2afe19975e46	2026-07-26	2026-07-26 21:41:48	2026-07-26 21:41:48.224699	Phase	ca	ca_soak_ch1	9bf79426d130714470a5b2234a94d187	Scheduled	0	Unknown	0	0	0	0	0	0	0	0	0	0	0	0		{'CasConditionalWriteAttempts':1,'CasConditionalWriteCommitted':1,'CasGcCas':1,'CasGcDelete':3,'CasGcEnumerationPages':1,'CasGcList':1,'ContextLock':4,'DiskConnectionsPreserved':3,'DiskConnectionsReused':3,'DiskS3DeleteObjects':3,'DiskS3WriteMicroseconds':1623,'DiskS3WriteRequestAttempts':3,'DiskS3WriteRequestsCount':3,'GlobalThreadPoolJobs':1,'IOBufferAllocBytes':1048639,'IOBufferAllocs':1,'LocalThreadPoolExpansions':1,'LocalThreadPoolJobs':2,'LocalThreadPoolShrinks':1,'LocalThreadPoolThreadCreationMicroseconds':4,'LogTrace':3,'MemoryAllocatedWithoutCheck':6,'MemoryAllocatedWithoutCheckBytes':6528,'S3WriteMicroseconds':1623,'S3WriteRequestAttempts':3,'S3WriteRequestsCount':3,'WriteBufferFromS3Bytes':268}	27068afd086cc229e2d07f49c7b61dc2	round_commit	13348	{'generation':7,'generations_referenced':2,'generations_visited':1,'pruned_through':4,'round':7}
2afe19975e46	2026-07-26	2026-07-26 21:41:48	2026-07-26 21:41:48.224704	Phase	ca	ca_soak_ch1	9bf79426d130714470a5b2234a94d187	Scheduled	0	Unknown	0	0	0	0	0	0	0	0	0	0	0	0		{}	27068afd086cc229e2d07f49c7b61dc2	handoff_reclaim	1	{'generations_reclaimed':0,'objects_reclaimed':0}
2afe19975e46	2026-07-26	2026-07-26 21:41:55	2026-07-26 21:41:55.214436	Phase	ca	ca_soak_ch1	9bf79426d130714470a5b2234a94d187	Scheduled	0	Unknown	0	0	0	0	0	0	0	0	0	0	0	0		{'CasManifestDelete':15363,'ContextLock':30726,'ContextLockWaitMicroseconds':1,'DiskConnectionsCreated':150,'DiskConnectionsElapsedMicroseconds':10306,'DiskConnectionsExpired':155,'DiskConnectionsPreserved':15208,'DiskConnectionsReused':15213,'DiskS3DeleteObjects':15363,'DiskS3WriteMicroseconds':6030981,'DiskS3WriteRequestAttempts':15363,'DiskS3WriteRequestsCount':15363,'MemoryAllocatedWithoutCheck':30718,'MemoryAllocatedWithoutCheckBytes':47976192,'QueryProfilerRuns':1,'S3WriteMicroseconds':6030981,'S3WriteRequestAttempts':15363,'S3WriteRequestsCount':15363}	27068afd086cc229e2d07f49c7b61dc2	manifest_deletes	6989714	{'attempted':15363,'deleted':15363}
2afe19975e46	2026-07-26	2026-07-26 21:41:55	2026-07-26 21:41:55.214444	Phase	ca	ca_soak_ch1	9bf79426d130714470a5b2234a94d187	Scheduled	0	Unknown	0	0	0	0	0	0	0	0	0	0	0	0		{}	27068afd086cc229e2d07f49c7b61dc2	namespace_cleanup	1	{'items':0,'items_completed':0,'items_pending':0,'suppressed':0}
2afe19975e46	2026-07-26	2026-07-26 21:41:55	2026-07-26 21:41:55.522702	Phase	ca	ca_soak_ch1	9bf79426d130714470a5b2234a94d187	Scheduled	0	Unknown	0	0	0	0	0	0	0	0	0	0	0	0		{'CasRefCleanupObjectsDeleted':516,'CasRootDelete':516,'CasRootHead':516,'ContextLock':516,'DiskConnectionsCreated':10,'DiskConnectionsElapsedMicroseconds':616,'DiskConnectionsExpired':10,'DiskConnectionsPreserved':1022,'DiskConnectionsReused':1022,'DiskS3DeleteObjects':516,'DiskS3HeadObject':516,'DiskS3ReadMicroseconds':64373,'DiskS3ReadRequestsCount':516,'DiskS3WriteMicroseconds':186323,'DiskS3WriteRequestAttempts':516,'DiskS3WriteRequestsCount':516,'MemoryAllocatedWithoutCheck':2064,'MemoryAllocatedWithoutCheckBytes':2245632,'S3HeadObject':516,'S3ReadMicroseconds':64373,'S3ReadRequestsCount':516,'S3WriteMicroseconds':186323,'S3WriteRequestAttempts':516,'S3WriteRequestsCount':516}	27068afd086cc229e2d07f49c7b61dc2	ref_object_cleanup	308241	{'namespaces_planned':2,'suppressed':0,'trim_enabled':1}
2afe19975e46	2026-07-26	2026-07-26 21:41:56	2026-07-26 21:41:56.731259	Phase	ca	ca_soak_ch1	9bf79426d130714470a5b2234a94d187	Scheduled	0	Unknown	0	0	0	0	0	0	0	0	0	0	0	0		{'AsyncLoggingFileLogTotalMessages':2000,'AsyncLoggingTextLogTotalMessages':2000,'CasConditionalWriteAttempts':1,'CasConditionalWriteCommitted':1,'CasGcCas':1,'CasGcEnumerationPages':3,'CasGcGet':3002,'CasManifestDelete':6,'CasManifestList':1,'CasRootGet':115,'CasRootList':2,'ContextLock':4481,'DiskConnectionsCreated':42,'DiskConnectionsElapsedMicroseconds':2283,'DiskConnectionsExpired':42,'DiskConnectionsPreserved':4198,'DiskConnectionsReused':4198,'DiskS3DeleteObjects':6,'DiskS3GetObject':1117,'DiskS3HeadObject':3117,'DiskS3ReadMicroseconds':483947,'DiskS3ReadRequestsCount':4234,'DiskS3ReadRequestsErrors':2000,'DiskS3WriteMicroseconds':2810,'DiskS3WriteRequestAttempts':6,'DiskS3WriteRequestsCount':6,'GlobalThreadPoolJobs':3,'IOBufferAllocBytes':6004646,'IOBufferAllocs':1118,'LocalThreadPoolExpansions':3,'LocalThreadPoolJobs':6,'LocalThreadPoolShrinks':3,'LocalThreadPoolThreadCreationMicroseconds':11,'LogDebug':2000,'LogTrace':3,'LoggerElapsedNanoseconds':5166919,'MemoryAllocatedWithoutCheck':8482,'MemoryAllocatedWithoutCheckBytes':10526144,'ReadBufferFromS3Bytes':310404,'ReadBufferFromS3InitMicroseconds':240976,'ReadBufferFromS3Microseconds':242818,'S3GetObject':1117,'S3HeadObject':3117,'S3ReadMicroseconds':483947,'S3ReadRequestsCount':4234,'S3ReadRequestsErrors':2000,'S3WriteMicroseconds':2810,'S3WriteRequestAttempts':6,'S3WriteRequestsCount':6,'WriteBufferFromS3Bytes':268}	27068afd086cc229e2d07f49c7b61dc2	orphan_sweep	1208537	{'cursor_advanced':1,'list_budget_keys':1000}
2afe19975e46	2026-07-26	2026-07-26 21:41:56	2026-07-26 21:41:56.733061	Finish	ca	ca_soak_ch1	9bf79426d130714470a5b2234a94d187	Scheduled	7	Success	5377	6252	0	0	0	15363	5377	12462	6252	0	0	31012		{'AsyncLoggingFileLogTotalMessages':2000,'AsyncLoggingTextLogTotalMessages':2000,'CasBlobDelete':6252,'CasBlobHead':5377,'CasConditionalWriteAttempts':7,'CasConditionalWriteCommitted':7,'CasGcCas':4,'CasGcDelete':3,'CasGcEnumerationPages':6,'CasGcGet':3011,'CasGcGetStream':1,'CasGcList':2,'CasGcPut':3,'CasGcRetiredCondemned':5377,'CasGcRetiredGraduated':12462,'CasGcRetiredRedeleted':6252,'CasManifestDelete':15369,'CasManifestGet':25605,'CasManifestHead':25605,'CasManifestList':1,'CasRefCleanupObjectsDeleted':516,'CasRefEmittedEdges':25605,'CasRefGlobalListPages':1,'CasRefLogBodyGets':576,'CasRefManifestBodyFoldGets':25605,'CasRootDelete':516,'CasRootGet':691,'CasRootHead':516,'CasRootList':4,'ContextLock':273723,'ContextLockWaitMicroseconds':56,'DiskConnectionsCreated':1054,'DiskConnectionsElapsedMicroseconds':63281,'DiskConnectionsExpired':1212,'DiskConnectionsPreserved':109042,'DiskConnectionsReused':109200,'DiskS3DeleteObjects':22140,'DiskS3GetObject':27308,'DiskS3HeadObject':60806,'DiskS3ReadMicroseconds':13821112,'DiskS3ReadRequestsCount':88114,'DiskS3ReadRequestsErrors':2000,'DiskS3WriteMicroseconds':8821021,'DiskS3WriteRequestAttempts':22140,'DiskS3WriteRequestsCount':22140,'GlobalThreadPoolJobs':7,'IOBufferAllocBytes':337132293,'IOBufferAllocs':27317,'LocalThreadPoolExpansions':7,'LocalThreadPoolJobs':11645,'LocalThreadPoolShrinks':7,'LocalThreadPoolThreadCreationMicroseconds':26,'LogDebug':2000,'LogTrace':21,'LoggerElapsedNanoseconds':5166919,'MemoryAllocatedWithoutCheck':220217,'MemoryAllocatedWithoutCheckBytes':397094188,'QueryProfilerRuns':4,'ReadBufferFromS3Bytes':217800251,'ReadBufferFromS3InitMicroseconds':6803778,'ReadBufferFromS3Microseconds':6865671,'S3GetObject':27308,'S3HeadObject':60806,'S3ReadMicroseconds':13821112,'S3ReadRequestsCount':88114,'S3ReadRequestsErrors':2000,'S3WriteMicroseconds':8821021,'S3WriteRequestAttempts':22140,'S3WriteRequestsCount':22140,'WriteBufferFromS3Bytes':7163920}	27068afd086cc229e2d07f49c7b61dc2		0	{}
2afe19975e46	2026-07-26	2026-07-26 21:41:56	2026-07-26 21:41:56.733076	Start	ca	ca_soak_ch1	9bf79426d130714470a5b2234a94d187	Manual	0	Unknown	0	0	0	0	0	0	0	0	0	0	0	0		{}	dc56c96543f7a8c9edd1c6e4013bb386		0	{}
2afe19975e46	2026-07-26	2026-07-26 21:41:56	2026-07-26 21:41:56.740211	Phase	ca	ca_soak_ch1	9bf79426d130714470a5b2234a94d187	Manual	0	Unknown	0	0	0	0	0	0	0	0	0	0	0	0		{'CasConditionalWriteAttempts':1,'CasConditionalWriteCommitted':1,'CasGcCas':1,'CasGcGet':1,'ContextLock':5,'DiskConnectionsPreserved':2,'DiskConnectionsReused':2,'DiskS3GetObject':1,'DiskS3HeadObject':1,'DiskS3ReadMicroseconds':358,'DiskS3ReadRequestsCount':2,'IOBufferAllocBytes':1053066,'IOBufferAllocs':2,'LocalThreadPoolJobs':1,'LogTrace':3,'MemoryAllocatedWithoutCheck':4,'MemoryAllocatedWithoutCheckBytes':4352,'QueryProfilerRuns':1,'ReadBufferFromS3Bytes':268,'ReadBufferFromS3InitMicroseconds':226,'ReadBufferFromS3Microseconds':230,'S3GetObject':1,'S3HeadObject':1,'S3ReadMicroseconds':358,'S3ReadRequestsCount':2,'WriteBufferFromS3Bytes':268}	dc56c96543f7a8c9edd1c6e4013bb386	lease	7121	{'acquired':1,'steal_allowed':0}
2afe19975e46	2026-07-26	2026-07-26 21:41:56	2026-07-26 21:41:56.743659	Phase	ca	ca_soak_ch1	9bf79426d130714470a5b2234a94d187	Manual	0	Unknown	0	0	0	0	0	0	0	0	0	0	0	0		{'CasGcGet':2,'CasGcList':1,'ContextLock':9,'DiskConnectionsPreserved':4,'DiskConnectionsReused':4,'DiskS3GetObject':2,'DiskS3HeadObject':2,'DiskS3ReadMicroseconds':638,'DiskS3ReadRequestsCount':4,'GlobalThreadPoolJobs':1,'IOBufferAllocBytes':8694,'IOBufferAllocs':2,'LocalThreadPoolExpansions':1,'LocalThreadPoolJobs':1,'LocalThreadPoolShrinks':1,'LocalThreadPoolThreadCreationMicroseconds':4,'MemoryAllocatedWithoutCheck':8,'MemoryAllocatedWithoutCheckBytes':8704,'ReadBufferFromS3Bytes':376,'ReadBufferFromS3InitMicroseconds':494,'ReadBufferFromS3Microseconds':498,'S3GetObject':2,'S3HeadObject':2,'S3ReadMicroseconds':638,'S3ReadRequestsCount':4}	dc56c96543f7a8c9edd1c6e4013bb386	heartbeat_floor	2229	{'already_fenced':0,'fenced_now':0,'live':2,'terminated':0}
2afe19975e46	2026-07-26	2026-07-26 21:41:56	2026-07-26 21:41:56.807178	Phase	ca	ca_soak_ch1	9bf79426d130714470a5b2234a94d187	Manual	0	Unknown	0	0	0	0	0	0	0	0	0	0	0	0		{'CasGcEnumerationPages':1,'CasGcGet':2,'CasRootList':1,'ContextLock':8,'DiskConnectionsPreserved':4,'DiskConnectionsReused':4,'DiskS3GetObject':2,'DiskS3HeadObject':2,'DiskS3ReadMicroseconds':539,'DiskS3ReadRequestsCount':4,'GlobalThreadPoolJobs':1,'IOBufferAllocBytes':9344,'IOBufferAllocs':2,'LocalThreadPoolExpansions':1,'LocalThreadPoolJobs':1,'LocalThreadPoolShrinks':1,'LocalThreadPoolThreadCreationMicroseconds':2,'MemoryAllocatedWithoutCheck':8,'MemoryAllocatedWithoutCheckBytes':8704,'QueryProfilerRuns':7,'QueryProfilerSignalOverruns':7,'ReadBufferFromS3Bytes':1026,'ReadBufferFromS3InitMicroseconds':369,'ReadBufferFromS3Microseconds':371,'S3GetObject':2,'S3HeadObject':2,'S3ReadMicroseconds':539,'S3ReadRequestsCount':4}	dc56c96543f7a8c9edd1c6e4013bb386	defer_decision	63503	{'changed_shards':2,'deferred':0,'fold_seal_reads':2,'graduation_due':1,'namespaces_seen':2,'ref_log_keys_listed':573,'rounds_deferred_before':0}
2afe19975e46	2026-07-26	2026-07-26 21:41:56	2026-07-26 21:41:56.808294	Phase	ca	ca_soak_ch1	9bf79426d130714470a5b2234a94d187	Manual	0	Unknown	0	0	0	0	0	0	0	0	0	0	0	0		{'CasGcGet':1,'ContextLock':4,'DiskConnectionsPreserved':2,'DiskConnectionsReused':2,'DiskS3GetObject':1,'DiskS3HeadObject':1,'DiskS3ReadMicroseconds':795,'DiskS3ReadRequestsCount':2,'IOBufferAllocBytes':4672,'IOBufferAllocs':1,'MemoryAllocatedWithoutCheck':4,'MemoryAllocatedWithoutCheckBytes':4352,'ReadBufferFromS3Bytes':513,'ReadBufferFromS3InitMicroseconds':458,'ReadBufferFromS3Microseconds':463,'S3GetObject':1,'S3HeadObject':1,'S3ReadMicroseconds':795,'S3ReadRequestsCount':2}	dc56c96543f7a8c9edd1c6e4013bb386	parent_seal_read	1102	{'parent_runs':1}
2afe19975e46	2026-07-26	2026-07-26 21:41:56	2026-07-26 21:41:56.852227	Phase	ca	ca_soak_ch1	9bf79426d130714470a5b2234a94d187	Manual	0	Unknown	0	0	0	0	0	0	0	0	0	0	0	0		{'CasGcEnumerationPages':1,'CasRefGlobalListPages':1,'CasRootList':1,'GlobalThreadPoolJobs':1,'LocalThreadPoolExpansions':1,'LocalThreadPoolJobs':1,'LocalThreadPoolShrinks':1,'LocalThreadPoolThreadCreationMicroseconds':3,'QueryProfilerRuns':5}	dc56c96543f7a8c9edd1c6e4013bb386	fold_ref_list	43924	{'namespaces_seen':2,'probe_a_holes':0,'ref_folding_aborted':0,'ref_keys_listed':577}
2afe19975e46	2026-07-26	2026-07-26 21:41:56	2026-07-26 21:41:56.853803	Phase	ca	ca_soak_ch1	9bf79426d130714470a5b2234a94d187	Manual	0	Unknown	0	0	0	0	0	0	0	0	0	0	0	0		{'CasGcGet':2,'ContextLock':8,'DiskConnectionsPreserved':4,'DiskConnectionsReused':4,'DiskS3GetObject':2,'DiskS3HeadObject':2,'DiskS3ReadMicroseconds':1128,'DiskS3ReadRequestsCount':4,'IOBufferAllocBytes':9344,'IOBufferAllocs':2,'MemoryAllocatedWithoutCheck':8,'MemoryAllocatedWithoutCheckBytes':8704,'ReadBufferFromS3Bytes':1026,'ReadBufferFromS3InitMicroseconds':728,'ReadBufferFromS3Microseconds':734,'S3GetObject':2,'S3HeadObject':2,'S3ReadMicroseconds':1128,'S3ReadRequestsCount':4}	dc56c96543f7a8c9edd1c6e4013bb386	fold_seal_read	1566	{'ns_cleanup_items':0,'parent_cursors':2,'parent_runs':1,'redundant_reads':1,'seal_reads':2}
2afe19975e46	2026-07-26	2026-07-26 21:42:01	2026-07-26 21:42:01.677435	Phase	ca	ca_soak_ch1	9bf79426d130714470a5b2234a94d187	Manual	0	Unknown	0	0	0	0	0	0	0	0	0	0	0	0		{'CasManifestGet':7325,'CasManifestHead':7325,'CasRefEmittedEdges':7325,'CasRefLogBodyGets':172,'CasRefManifestBodyFoldGets':7325,'CasRootGet':172,'ContextLock':56358,'ContextLockWaitMicroseconds':23,'DiskConnectionsCreated':222,'DiskConnectionsElapsedMicroseconds':12979,'DiskConnectionsExpired':223,'DiskConnectionsPreserved':22096,'DiskConnectionsReused':22097,'DiskS3GetObject':7497,'DiskS3HeadObject':14822,'DiskS3ReadMicroseconds':3289286,'DiskS3ReadRequestsCount':22319,'IOBufferAllocBytes':102265957,'IOBufferAllocs':7497,'MemoryAllocatedWithoutCheck':44642,'MemoryAllocatedWithoutCheckBytes':78614352,'QueryProfilerRuns':675,'ReadBufferFromS3Bytes':71085934,'ReadBufferFromS3InitMicroseconds':1842501,'ReadBufferFromS3Microseconds':1860043,'S3GetObject':7497,'S3HeadObject':14822,'S3ReadMicroseconds':3289286,'S3ReadRequestsCount':22319}	dc56c96543f7a8c9edd1c6e4013bb386	fold_ref_intake	4823616	{'dead_precommits_skipped':0,'deltas_emitted':26370,'logs_applied':172,'logs_intended':172,'namespace_removals':0,'ref_folding_aborted':0,'tables_changed':2,'tables_clamped':0,'tables_scanned':2,'txns_opened':172}
2afe19975e46	2026-07-26	2026-07-26 21:42:01	2026-07-26 21:42:01.677452	Phase	ca	ca_soak_ch1	9bf79426d130714470a5b2234a94d187	Manual	0	Unknown	0	0	0	0	0	0	0	0	0	0	0	0		{}	dc56c96543f7a8c9edd1c6e4013bb386	fold_ns_cleanup_scan	1	{'items_added':0,'items_carried':0,'items_completed_now':0,'items_final':0,'items_scanned':0}
2afe19975e46	2026-07-26	2026-07-26 21:42:02	2026-07-26 21:42:02.257112	Phase	ca	ca_soak_ch1	9bf79426d130714470a5b2234a94d187	Manual	0	Unknown	0	0	0	0	0	0	0	0	0	0	0	0		{'CasBlobHead':1561,'CasConditionalWriteAttempts':1,'CasConditionalWriteCommitted':1,'CasGcGetStream':1,'CasGcPut':1,'CasGcRetiredCondemned':1561,'ContextLock':4688,'ContextLockWaitMicroseconds':6,'DiskConnectionsCreated':19,'DiskConnectionsElapsedMicroseconds':1358,'DiskConnectionsExpired':11,'DiskConnectionsPreserved':1552,'DiskConnectionsReused':1544,'DiskS3GetObject':1,'DiskS3HeadObject':1562,'DiskS3ReadMicroseconds':338684,'DiskS3ReadRequestsCount':1563,'IOBufferAllocBytes':5247228,'IOBufferAllocs':4,'LocalThreadPoolJobs':1562,'LogTrace':3,'MemoryAllocatedWithoutCheck':3150,'MemoryAllocatedWithoutCheckBytes':58880920,'QueryProfilerRuns':85,'ReadBufferFromS3Bytes':6927902,'ReadBufferFromS3InitMicroseconds':25303,'ReadBufferFromS3Microseconds':26334,'S3GetObject':1,'S3HeadObject':1562,'S3ReadMicroseconds':338684,'S3ReadRequestsCount':1563,'WriteBufferFromS3Bytes':3964752}	dc56c96543f7a8c9edd1c6e4013bb386	fold_reduce	579641	{'condemned':1561,'deltas_in':26370,'graduated':5377,'redelete_pending':12462,'runs_written':1,'shards_pure_carry':0,'shards_reduced':1,'shards_total':1,'spared':0,'suppress_destructive':0,'txns_unapplied':0,'unmatched_removes':0}
2afe19975e46	2026-07-26	2026-07-26 21:42:02	2026-07-26 21:42:02.257985	Phase	ca	ca_soak_ch1	9bf79426d130714470a5b2234a94d187	Manual	0	Unknown	0	0	0	0	0	0	0	0	0	0	0	0		{'CasConditionalWriteAttempts':1,'CasConditionalWriteCommitted':1,'CasGcPut':1,'ContextLock':1,'IOBufferAllocBytes':1048639,'IOBufferAllocs':1,'LocalThreadPoolJobs':1,'LogTrace':3,'WriteBufferFromS3Bytes':511}	dc56c96543f7a8c9edd1c6e4013bb386	fold_seal_write	863	{'ns_cleanup_items':0,'seal_bytes':511,'seal_namespaces':2,'seal_runs':1}
2afe19975e46	2026-07-26	2026-07-26 21:42:10	2026-07-26 21:42:10.985831	Phase	ca	ca_soak_ch1	9bf79426d130714470a5b2234a94d187	Manual	0	Unknown	0	0	0	0	0	0	0	0	0	0	0	0		{'CasBlobDelete':12462,'CasConditionalWriteAttempts':1,'CasConditionalWriteCommitted':1,'CasGcPut':1,'CasGcRetiredGraduated':5377,'CasGcRetiredRedeleted':12462,'ContextLock':30297,'ContextLockWaitMicroseconds':21,'DiskConnectionsCreated':70,'DiskConnectionsElapsedMicroseconds':4845,'DiskConnectionsExpired':140,'DiskConnectionsPreserved':12322,'DiskConnectionsReused':12392,'DiskS3DeleteObjects':12462,'DiskS3WriteMicroseconds':7597174,'DiskS3WriteRequestAttempts':12462,'DiskS3WriteRequestsCount':12462,'IOBufferAllocBytes':1048639,'IOBufferAllocs':1,'LocalThreadPoolJobs':12463,'LocalThreadPoolLockWaitMicroseconds':20,'LogTrace':3,'MemoryAllocatedWithoutCheck':24789,'MemoryAllocatedWithoutCheckBytes':50513216,'QueryProfilerRuns':1021,'S3WriteMicroseconds':7597174,'S3WriteRequestAttempts':12462,'S3WriteRequestsCount':12462,'WriteBufferFromS3Bytes':469675}	dc56c96543f7a8c9edd1c6e4013bb386	pending_deletes	8727794	{'absent':0,'deleted':12462,'graduated':5377,'outcome_logs_written':1,'redeleted':12462,'replaced':0,'spared':0}
2afe19975e46	2026-07-26	2026-07-26 21:42:10	2026-07-26 21:42:10.985838	Phase	ca	ca_soak_ch1	9bf79426d130714470a5b2234a94d187	Manual	0	Unknown	0	0	0	0	0	0	0	0	0	0	0	0		{}	dc56c96543f7a8c9edd1c6e4013bb386	meta_pool_wait	1	{'jobs_completed':14023,'jobs_completed_on_entry':14023,'jobs_scheduled':14023}
2afe19975e46	2026-07-26	2026-07-26 21:42:10	2026-07-26 21:42:10.990525	Phase	ca	ca_soak_ch1	9bf79426d130714470a5b2234a94d187	Manual	0	Unknown	0	0	0	0	0	0	0	0	0	0	0	0		{'CasConditionalWriteAttempts':1,'CasConditionalWriteCommitted':1,'CasGcCas':1,'CasGcDelete':3,'CasGcEnumerationPages':1,'CasGcList':1,'ContextLock':4,'DiskConnectionsPreserved':3,'DiskConnectionsReused':3,'DiskS3DeleteObjects':3,'DiskS3WriteMicroseconds':1657,'DiskS3WriteRequestAttempts':3,'DiskS3WriteRequestsCount':3,'GlobalThreadPoolJobs':1,'IOBufferAllocBytes':1048639,'IOBufferAllocs':1,'LocalThreadPoolExpansions':1,'LocalThreadPoolJobs':2,'LocalThreadPoolShrinks':1,'LocalThreadPoolThreadCreationMicroseconds':4,'LogTrace':3,'MemoryAllocatedWithoutCheck':6,'MemoryAllocatedWithoutCheckBytes':6528,'QueryProfilerRuns':1,'S3WriteMicroseconds':1657,'S3WriteRequestAttempts':3,'S3WriteRequestsCount':3,'WriteBufferFromS3Bytes':268}	dc56c96543f7a8c9edd1c6e4013bb386	round_commit	4677	{'generation':8,'generations_referenced':2,'generations_visited':1,'pruned_through':5,'round':8}
2afe19975e46	2026-07-26	2026-07-26 21:42:10	2026-07-26 21:42:10.990531	Phase	ca	ca_soak_ch1	9bf79426d130714470a5b2234a94d187	Manual	0	Unknown	0	0	0	0	0	0	0	0	0	0	0	0		{}	dc56c96543f7a8c9edd1c6e4013bb386	handoff_reclaim	1	{'generations_reclaimed':0,'objects_reclaimed':0}
2afe19975e46	2026-07-26	2026-07-26 21:42:12	2026-07-26 21:42:12.951788	Phase	ca	ca_soak_ch1	9bf79426d130714470a5b2234a94d187	Manual	0	Unknown	0	0	0	0	0	0	0	0	0	0	0	0		{'CasManifestDelete':4395,'ContextLock':8790,'DiskConnectionsCreated':42,'DiskConnectionsElapsedMicroseconds':2822,'DiskConnectionsExpired':46,'DiskConnectionsPreserved':4349,'DiskConnectionsReused':4353,'DiskS3DeleteObjects':4395,'DiskS3WriteMicroseconds':1690677,'DiskS3WriteRequestAttempts':4395,'DiskS3WriteRequestsCount':4395,'MemoryAllocatedWithoutCheck':8783,'MemoryAllocatedWithoutCheckBytes':14666624,'QueryProfilerRuns':231,'S3WriteMicroseconds':1690677,'S3WriteRequestAttempts':4395,'S3WriteRequestsCount':4395}	dc56c96543f7a8c9edd1c6e4013bb386	manifest_deletes	1961245	{'attempted':4395,'deleted':4395}
2afe19975e46	2026-07-26	2026-07-26 21:42:12	2026-07-26 21:42:12.951796	Phase	ca	ca_soak_ch1	9bf79426d130714470a5b2234a94d187	Manual	0	Unknown	0	0	0	0	0	0	0	0	0	0	0	0		{}	dc56c96543f7a8c9edd1c6e4013bb386	namespace_cleanup	1	{'items':0,'items_completed':0,'items_pending':0,'suppressed':0}
2afe19975e46	2026-07-26	2026-07-26 21:42:13	2026-07-26 21:42:13.255311	Phase	ca	ca_soak_ch1	9bf79426d130714470a5b2234a94d187	Manual	0	Unknown	0	0	0	0	0	0	0	0	0	0	0	0		{'CasRefCleanupObjectsDeleted':516,'CasRootDelete':516,'CasRootHead':516,'ContextLock':516,'DiskConnectionsCreated':10,'DiskConnectionsElapsedMicroseconds':607,'DiskConnectionsExpired':10,'DiskConnectionsPreserved':1022,'DiskConnectionsReused':1022,'DiskS3DeleteObjects':516,'DiskS3HeadObject':516,'DiskS3ReadMicroseconds':63883,'DiskS3ReadRequestsCount':516,'DiskS3WriteMicroseconds':187510,'DiskS3WriteRequestAttempts':516,'DiskS3WriteRequestsCount':516,'MemoryAllocatedWithoutCheck':2064,'MemoryAllocatedWithoutCheckBytes':2245632,'QueryProfilerRuns':36,'S3HeadObject':516,'S3ReadMicroseconds':63883,'S3ReadRequestsCount':516,'S3WriteMicroseconds':187510,'S3WriteRequestAttempts':516,'S3WriteRequestsCount':516}	dc56c96543f7a8c9edd1c6e4013bb386	ref_object_cleanup	303498	{'namespaces_planned':2,'suppressed':0,'trim_enabled':1}
2afe19975e46	2026-07-26	2026-07-26 21:42:14	2026-07-26 21:42:14.499425	Phase	ca	ca_soak_ch1	9bf79426d130714470a5b2234a94d187	Manual	0	Unknown	0	0	0	0	0	0	0	0	0	0	0	0		{'AsyncLoggingFileLogTotalMessages':2000,'AsyncLoggingTextLogTotalMessages':2000,'CasConditionalWriteAttempts':1,'CasConditionalWriteCommitted':1,'CasGcCas':1,'CasGcEnumerationPages':3,'CasGcGet':3002,'CasManifestList':1,'CasRootGet':286,'CasRootList':2,'ContextLock':5153,'DiskConnectionsCreated':46,'DiskConnectionsElapsedMicroseconds':2799,'DiskConnectionsExpired':46,'DiskConnectionsPreserved':4530,'DiskConnectionsReused':4530,'DiskS3GetObject':1288,'DiskS3HeadObject':3288,'DiskS3ReadMicroseconds':541893,'DiskS3ReadRequestsCount':4576,'DiskS3ReadRequestsErrors':2000,'GlobalThreadPoolJobs':3,'IOBufferAllocBytes':6868617,'IOBufferAllocs':1289,'LocalThreadPoolExpansions':3,'LocalThreadPoolJobs':6,'LocalThreadPoolShrinks':3,'LocalThreadPoolThreadCreationMicroseconds':13,'LogDebug':2000,'LogTrace':3,'LoggerElapsedNanoseconds':5792781,'MemoryAllocatedWithoutCheck':9156,'MemoryAllocatedWithoutCheckBytes':11490304,'QueryProfilerRuns':162,'ReadBufferFromS3Bytes':463186,'ReadBufferFromS3InitMicroseconds':278430,'ReadBufferFromS3Microseconds':280356,'S3GetObject':1288,'S3HeadObject':3288,'S3ReadMicroseconds':541893,'S3ReadRequestsCount':4576,'S3ReadRequestsErrors':2000,'WriteBufferFromS3Bytes':268}	dc56c96543f7a8c9edd1c6e4013bb386	orphan_sweep	1244089	{'cursor_advanced':1,'list_budget_keys':1000}
2afe19975e46	2026-07-26	2026-07-26 21:42:14	2026-07-26 21:42:14.500424	Finish	ca	ca_soak_ch1	9bf79426d130714470a5b2234a94d187	Manual	8	Success	1561	12462	0	0	0	4395	1561	5377	12462	0	0	17767		{'AsyncLoggingFileLogTotalMessages':2000,'AsyncLoggingTextLogTotalMessages':2000,'CasBlobDelete':12462,'CasBlobHead':1561,'CasConditionalWriteAttempts':7,'CasConditionalWriteCommitted':7,'CasGcCas':4,'CasGcDelete':3,'CasGcEnumerationPages':6,'CasGcGet':3011,'CasGcGetStream':1,'CasGcList':2,'CasGcPut':3,'CasGcRetiredCondemned':1561,'CasGcRetiredGraduated':5377,'CasGcRetiredRedeleted':12462,'CasManifestDelete':4395,'CasManifestGet':7325,'CasManifestHead':7325,'CasManifestList':1,'CasRefCleanupObjectsDeleted':516,'CasRefEmittedEdges':7325,'CasRefGlobalListPages':1,'CasRefLogBodyGets':172,'CasRefManifestBodyFoldGets':7325,'CasRootDelete':516,'CasRootGet':458,'CasRootHead':516,'CasRootList':4,'ContextLock':105866,'ContextLockWaitMicroseconds':50,'DiskConnectionsCreated':409,'DiskConnectionsElapsedMicroseconds':25410,'DiskConnectionsExpired':476,'DiskConnectionsPreserved':45892,'DiskConnectionsReused':45959,'DiskS3DeleteObjects':17376,'DiskS3GetObject':8795,'DiskS3HeadObject':20197,'DiskS3ReadMicroseconds':4237562,'DiskS3ReadRequestsCount':28992,'DiskS3ReadRequestsErrors':2000,'DiskS3WriteMicroseconds':9477018,'DiskS3WriteRequestAttempts':17376,'DiskS3WriteRequestsCount':17376,'GlobalThreadPoolJobs':7,'IOBufferAllocBytes':119665718,'IOBufferAllocs':8804,'LocalThreadPoolExpansions':7,'LocalThreadPoolJobs':14039,'LocalThreadPoolLockWaitMicroseconds':20,'LocalThreadPoolShrinks':7,'LocalThreadPoolThreadCreationMicroseconds':26,'LogDebug':2000,'LogTrace':21,'LoggerElapsedNanoseconds':5792781,'MemoryAllocatedWithoutCheck':92626,'MemoryAllocatedWithoutCheckBytes':216456744,'QueryProfilerRuns':2224,'QueryProfilerSignalOverruns':7,'ReadBufferFromS3Bytes':78480312,'ReadBufferFromS3InitMicroseconds':2148757,'ReadBufferFromS3Microseconds':2169278,'S3GetObject':8795,'S3HeadObject':20197,'S3ReadMicroseconds':4237562,'S3ReadRequestsCount':28992,'S3ReadRequestsErrors':2000,'S3WriteMicroseconds':9477018,'S3WriteRequestAttempts':17376,'S3WriteRequestsCount':17376,'WriteBufferFromS3Bytes':4435823}	dc56c96543f7a8c9edd1c6e4013bb386		0	{}
2afe19975e46	2026-07-26	2026-07-26 21:42:14	2026-07-26 21:42:14.500438	Start	ca	ca_soak_ch1	9bf79426d130714470a5b2234a94d187	Scheduled	0	Unknown	0	0	0	0	0	0	0	0	0	0	0	0		{}	bdfaf76214259a4b32f7d6b55677c2a1		0	{}
2afe19975e46	2026-07-26	2026-07-26 21:42:14	2026-07-26 21:42:14.502794	Phase	ca	ca_soak_ch1	9bf79426d130714470a5b2234a94d187	Scheduled	0	Unknown	0	0	0	0	0	0	0	0	0	0	0	0		{'CasConditionalWriteAttempts':1,'CasConditionalWriteCommitted':1,'CasGcCas':1,'CasGcGet':1,'ContextLock':5,'DiskConnectionsPreserved':2,'DiskConnectionsReused':2,'DiskS3GetObject':1,'DiskS3HeadObject':1,'DiskS3ReadMicroseconds':729,'DiskS3ReadRequestsCount':2,'IOBufferAllocBytes':1053066,'IOBufferAllocs':2,'LocalThreadPoolJobs':1,'LogTrace':3,'MemoryAllocatedWithoutCheck':4,'MemoryAllocatedWithoutCheckBytes':4352,'ReadBufferFromS3Bytes':268,'ReadBufferFromS3InitMicroseconds':516,'ReadBufferFromS3Microseconds':520,'S3GetObject':1,'S3HeadObject':1,'S3ReadMicroseconds':729,'S3ReadRequestsCount':2,'WriteBufferFromS3Bytes':268}	bdfaf76214259a4b32f7d6b55677c2a1	lease	2330	{'acquired':1,'steal_allowed':1}
2afe19975e46	2026-07-26	2026-07-26 21:42:14	2026-07-26 21:42:14.506823	Phase	ca	ca_soak_ch1	9bf79426d130714470a5b2234a94d187	Scheduled	0	Unknown	0	0	0	0	0	0	0	0	0	0	0	0		{'CasGcGet':2,'CasGcList':1,'ContextLock':9,'DiskConnectionsPreserved':4,'DiskConnectionsReused':4,'DiskS3GetObject':2,'DiskS3HeadObject':2,'DiskS3ReadMicroseconds':808,'DiskS3ReadRequestsCount':4,'GlobalThreadPoolJobs':1,'IOBufferAllocBytes':8694,'IOBufferAllocs':2,'LocalThreadPoolExpansions':1,'LocalThreadPoolJobs':1,'LocalThreadPoolShrinks':1,'LocalThreadPoolThreadCreationMicroseconds':2,'MemoryAllocatedWithoutCheck':8,'MemoryAllocatedWithoutCheckBytes':8704,'ReadBufferFromS3Bytes':376,'ReadBufferFromS3InitMicroseconds':510,'ReadBufferFromS3Microseconds':514,'S3GetObject':2,'S3HeadObject':2,'S3ReadMicroseconds':808,'S3ReadRequestsCount':4}	bdfaf76214259a4b32f7d6b55677c2a1	heartbeat_floor	2547	{'already_fenced':0,'fenced_now':0,'live':2,'terminated':0}
2afe19975e46	2026-07-26	2026-07-26 21:42:14	2026-07-26 21:42:14.538893	Phase	ca	ca_soak_ch1	9bf79426d130714470a5b2234a94d187	Scheduled	0	Unknown	0	0	0	0	0	0	0	0	0	0	0	0		{'CasGcEnumerationPages':1,'CasGcGet':2,'CasRootList':1,'ContextLock':8,'DiskConnectionsPreserved':4,'DiskConnectionsReused':4,'DiskS3GetObject':2,'DiskS3HeadObject':2,'DiskS3ReadMicroseconds':679,'DiskS3ReadRequestsCount':4,'GlobalThreadPoolJobs':1,'IOBufferAllocBytes':9340,'IOBufferAllocs':2,'LocalThreadPoolExpansions':1,'LocalThreadPoolJobs':1,'LocalThreadPoolShrinks':1,'LocalThreadPoolThreadCreationMicroseconds':2,'MemoryAllocatedWithoutCheck':8,'MemoryAllocatedWithoutCheckBytes':8704,'ReadBufferFromS3Bytes':1022,'ReadBufferFromS3InitMicroseconds':486,'ReadBufferFromS3Microseconds':488,'S3GetObject':2,'S3HeadObject':2,'S3ReadMicroseconds':679,'S3ReadRequestsCount':4}	bdfaf76214259a4b32f7d6b55677c2a1	defer_decision	32045	{'changed_shards':2,'deferred':0,'fold_seal_reads':2,'graduation_due':1,'namespaces_seen':2,'ref_log_keys_listed':322,'rounds_deferred_before':0}
2afe19975e46	2026-07-26	2026-07-26 21:42:14	2026-07-26 21:42:14.540276	Phase	ca	ca_soak_ch1	9bf79426d130714470a5b2234a94d187	Scheduled	0	Unknown	0	0	0	0	0	0	0	0	0	0	0	0		{'CasGcGet':1,'ContextLock':4,'DiskConnectionsPreserved':2,'DiskConnectionsReused':2,'DiskS3GetObject':1,'DiskS3HeadObject':1,'DiskS3ReadMicroseconds':890,'DiskS3ReadRequestsCount':2,'IOBufferAllocBytes':4670,'IOBufferAllocs':1,'MemoryAllocatedWithoutCheck':4,'MemoryAllocatedWithoutCheckBytes':4352,'ReadBufferFromS3Bytes':511,'ReadBufferFromS3InitMicroseconds':516,'ReadBufferFromS3Microseconds':522,'S3GetObject':1,'S3HeadObject':1,'S3ReadMicroseconds':890,'S3ReadRequestsCount':2}	bdfaf76214259a4b32f7d6b55677c2a1	parent_seal_read	1361	{'parent_runs':1}
2afe19975e46	2026-07-26	2026-07-26 21:42:14	2026-07-26 21:42:14.567347	Phase	ca	ca_soak_ch1	9bf79426d130714470a5b2234a94d187	Scheduled	0	Unknown	0	0	0	0	0	0	0	0	0	0	0	0		{'CasGcEnumerationPages':1,'CasRefGlobalListPages':1,'CasRootList':1,'GlobalThreadPoolJobs':1,'LocalThreadPoolExpansions':1,'LocalThreadPoolJobs':1,'LocalThreadPoolShrinks':1,'LocalThreadPoolThreadCreationMicroseconds':4}	bdfaf76214259a4b32f7d6b55677c2a1	fold_ref_list	27061	{'namespaces_seen':2,'probe_a_holes':0,'ref_folding_aborted':0,'ref_keys_listed':324}
2afe19975e46	2026-07-26	2026-07-26 21:42:14	2026-07-26 21:42:14.568755	Phase	ca	ca_soak_ch1	9bf79426d130714470a5b2234a94d187	Scheduled	0	Unknown	0	0	0	0	0	0	0	0	0	0	0	0		{'CasGcGet':2,'ContextLock':8,'DiskConnectionsPreserved':4,'DiskConnectionsReused':4,'DiskS3GetObject':2,'DiskS3HeadObject':2,'DiskS3ReadMicroseconds':983,'DiskS3ReadRequestsCount':4,'IOBufferAllocBytes':9340,'IOBufferAllocs':2,'MemoryAllocatedWithoutCheck':8,'MemoryAllocatedWithoutCheckBytes':8704,'ReadBufferFromS3Bytes':1022,'ReadBufferFromS3InitMicroseconds':628,'ReadBufferFromS3Microseconds':636,'S3GetObject':2,'S3HeadObject':2,'S3ReadMicroseconds':983,'S3ReadRequestsCount':4}	bdfaf76214259a4b32f7d6b55677c2a1	fold_seal_read	1398	{'ns_cleanup_items':0,'parent_cursors':2,'parent_runs':1,'redundant_reads':1,'seal_reads':2}
2afe19975e46	2026-07-26	2026-07-26 21:42:22	2026-07-26 21:42:22.900894	Phase	ca	ca_soak_ch1	9bf79426d130714470a5b2234a94d187	Scheduled	0	Unknown	0	0	0	0	0	0	0	0	0	0	0	0		{'CasBlobHead':2391,'CasConditionalWriteAttempts':1,'CasConditionalWriteCommitted':1,'CasGcGetStream':1,'CasGcPut':1,'CasGcRetiredCondemned':2391,'ContextLock':7178,'ContextLockWaitMicroseconds':5,'DiskConnectionsCreated':13,'DiskConnectionsElapsedMicroseconds':1025,'DiskConnectionsExpired':25,'DiskConnectionsPreserved':2368,'DiskConnectionsReused':2380,'DiskS3GetObject':1,'DiskS3HeadObject':2392,'DiskS3ReadMicroseconds':530210,'DiskS3ReadRequestsCount':2393,'IOBufferAllocBytes':5247228,'IOBufferAllocs':4,'LocalThreadPoolJobs':2392,'LogTrace':3,'MemoryAllocatedWithoutCheck':4767,'MemoryAllocatedWithoutCheckBytes':30460124,'QueryProfilerRuns':1,'ReadBufferFromS3Bytes':3964752,'ReadBufferFromS3InitMicroseconds':7954,'ReadBufferFromS3Microseconds':8609,'S3GetObject':1,'S3HeadObject':2392,'S3ReadMicroseconds':530210,'S3ReadRequestsCount':2393,'WriteBufferFromS3Bytes':2136336}	bdfaf76214259a4b32f7d6b55677c2a1	fold_reduce	836003	{'condemned':2391,'deltas_in':40140,'graduated':1561,'redelete_pending':5377,'runs_written':1,'shards_pure_carry':0,'shards_reduced':1,'shards_total':1,'spared':0,'suppress_destructive':0,'txns_unapplied':0,'unmatched_removes':0}
2afe19975e46	2026-07-26	2026-07-26 21:42:22	2026-07-26 21:42:22.064867	Phase	ca	ca_soak_ch1	9bf79426d130714470a5b2234a94d187	Scheduled	0	Unknown	0	0	0	0	0	0	0	0	0	0	0	0		{}	bdfaf76214259a4b32f7d6b55677c2a1	fold_ns_cleanup_scan	1	{'items_added':0,'items_carried':0,'items_completed_now':0,'items_final':0,'items_scanned':0}
2afe19975e46	2026-07-26	2026-07-26 21:42:22	2026-07-26 21:42:22.064857	Phase	ca	ca_soak_ch1	9bf79426d130714470a5b2234a94d187	Scheduled	0	Unknown	0	0	0	0	0	0	0	0	0	0	0	0		{'CasManifestGet':11150,'CasManifestHead':11150,'CasRefEmittedEdges':11150,'CasRefLogBodyGets':263,'CasRefManifestBodyFoldGets':11150,'CasRootGet':263,'ContextLock':85792,'ContextLockWaitMicroseconds':13,'DiskConnectionsCreated':337,'DiskConnectionsElapsedMicroseconds':21641,'DiskConnectionsExpired':340,'DiskConnectionsPreserved':33636,'DiskConnectionsReused':33639,'DiskS3GetObject':11413,'DiskS3HeadObject':22563,'DiskS3ReadMicroseconds':5046568,'DiskS3ReadRequestsCount':33976,'IOBufferAllocBytes':137644944,'IOBufferAllocs':11413,'MemoryAllocatedWithoutCheck':67947,'MemoryAllocatedWithoutCheckBytes':79037056,'QueryProfilerRuns':1,'ReadBufferFromS3Bytes':90178277,'ReadBufferFromS3InitMicroseconds':2718739,'ReadBufferFromS3Microseconds':2745683,'S3GetObject':11413,'S3HeadObject':22563,'S3ReadMicroseconds':5046568,'S3ReadRequestsCount':33976}	bdfaf76214259a4b32f7d6b55677c2a1	fold_ref_intake	7496082	{'dead_precommits_skipped':0,'deltas_emitted':40140,'logs_applied':263,'logs_intended':263,'namespace_removals':0,'ref_folding_aborted':0,'tables_changed':2,'tables_clamped':0,'tables_scanned':2,'txns_opened':263}
2afe19975e46	2026-07-26	2026-07-26 21:42:22	2026-07-26 21:42:22.901709	Phase	ca	ca_soak_ch1	9bf79426d130714470a5b2234a94d187	Scheduled	0	Unknown	0	0	0	0	0	0	0	0	0	0	0	0		{'CasConditionalWriteAttempts':1,'CasConditionalWriteCommitted':1,'CasGcPut':1,'ContextLock':1,'IOBufferAllocBytes':1048639,'IOBufferAllocs':1,'LocalThreadPoolJobs':1,'LogTrace':3,'WriteBufferFromS3Bytes':511}	bdfaf76214259a4b32f7d6b55677c2a1	fold_seal_write	807	{'ns_cleanup_items':0,'seal_bytes':511,'seal_namespaces':2,'seal_runs':1}
2afe19975e46	2026-07-26	2026-07-26 21:42:25	2026-07-26 21:42:25.872689	Phase	ca	ca_soak_ch1	9bf79426d130714470a5b2234a94d187	Scheduled	0	Unknown	0	0	0	0	0	0	0	0	0	0	0	0		{'CasBlobDelete':5377,'CasConditionalWriteAttempts':1,'CasConditionalWriteCommitted':1,'CasGcPut':1,'CasGcRetiredGraduated':1561,'CasGcRetiredRedeleted':5377,'ContextLock':12316,'ContextLockWaitMicroseconds':2,'DiskConnectionsCreated':38,'DiskConnectionsElapsedMicroseconds':2708,'DiskConnectionsExpired':56,'DiskConnectionsPreserved':5321,'DiskConnectionsReused':5339,'DiskS3DeleteObjects':5377,'DiskS3WriteMicroseconds':2468722,'DiskS3WriteRequestAttempts':5377,'DiskS3WriteRequestsCount':5377,'IOBufferAllocBytes':1048639,'IOBufferAllocs':1,'LocalThreadPoolJobs':5378,'LocalThreadPoolLockWaitMicroseconds':13,'LogTrace':3,'MemoryAllocatedWithoutCheck':10718,'MemoryAllocatedWithoutCheckBytes':11661184,'S3WriteMicroseconds':2468722,'S3WriteRequestAttempts':5377,'S3WriteRequestsCount':5377,'WriteBufferFromS3Bytes':202115}	bdfaf76214259a4b32f7d6b55677c2a1	pending_deletes	2970928	{'absent':0,'deleted':5377,'graduated':1561,'outcome_logs_written':1,'redeleted':5377,'replaced':0,'spared':0}
2afe19975e46	2026-07-26	2026-07-26 21:42:25	2026-07-26 21:42:25.872695	Phase	ca	ca_soak_ch1	9bf79426d130714470a5b2234a94d187	Scheduled	0	Unknown	0	0	0	0	0	0	0	0	0	0	0	0		{}	bdfaf76214259a4b32f7d6b55677c2a1	meta_pool_wait	1	{'jobs_completed':7768,'jobs_completed_on_entry':7768,'jobs_scheduled':7768}
2afe19975e46	2026-07-26	2026-07-26 21:42:25	2026-07-26 21:42:25.876229	Phase	ca	ca_soak_ch1	9bf79426d130714470a5b2234a94d187	Scheduled	0	Unknown	0	0	0	0	0	0	0	0	0	0	0	0		{'CasConditionalWriteAttempts':1,'CasConditionalWriteCommitted':1,'CasGcCas':1,'CasGcDelete':2,'CasGcEnumerationPages':1,'CasGcList':1,'ContextLock':3,'DiskConnectionsPreserved':2,'DiskConnectionsReused':2,'DiskS3DeleteObjects':2,'DiskS3WriteMicroseconds':1161,'DiskS3WriteRequestAttempts':2,'DiskS3WriteRequestsCount':2,'GlobalThreadPoolJobs':1,'IOBufferAllocBytes':1048639,'IOBufferAllocs':1,'LocalThreadPoolExpansions':1,'LocalThreadPoolJobs':2,'LocalThreadPoolShrinks':1,'LocalThreadPoolThreadCreationMicroseconds':3,'LogTrace':3,'MemoryAllocatedWithoutCheck':4,'MemoryAllocatedWithoutCheckBytes':4352,'S3WriteMicroseconds':1161,'S3WriteRequestAttempts':2,'S3WriteRequestsCount':2,'WriteBufferFromS3Bytes':268}	bdfaf76214259a4b32f7d6b55677c2a1	round_commit	3525	{'generation':9,'generations_referenced':2,'generations_visited':1,'pruned_through':6,'round':9}
2afe19975e46	2026-07-26	2026-07-26 21:42:25	2026-07-26 21:42:25.876239	Phase	ca	ca_soak_ch1	9bf79426d130714470a5b2234a94d187	Scheduled	0	Unknown	0	0	0	0	0	0	0	0	0	0	0	0		{}	bdfaf76214259a4b32f7d6b55677c2a1	handoff_reclaim	1	{'generations_reclaimed':0,'objects_reclaimed':0}
2afe19975e46	2026-07-26	2026-07-26 21:42:29	2026-07-26 21:42:29.179339	Phase	ca	ca_soak_ch1	9bf79426d130714470a5b2234a94d187	Scheduled	0	Unknown	0	0	0	0	0	0	0	0	0	0	0	0		{'CasManifestDelete':6690,'ContextLock':13380,'ContextLockWaitMicroseconds':2,'DiskConnectionsCreated':65,'DiskConnectionsElapsedMicroseconds':4598,'DiskConnectionsExpired':69,'DiskConnectionsPreserved':6621,'DiskConnectionsReused':6625,'DiskS3DeleteObjects':6690,'DiskS3WriteMicroseconds':2833674,'DiskS3WriteRequestAttempts':6690,'DiskS3WriteRequestsCount':6690,'MemoryAllocatedWithoutCheck':13373,'MemoryAllocatedWithoutCheckBytes':16187136,'S3WriteMicroseconds':2833674,'S3WriteRequestAttempts':6690,'S3WriteRequestsCount':6690}	bdfaf76214259a4b32f7d6b55677c2a1	manifest_deletes	3303085	{'attempted':6690,'deleted':6690}
2afe19975e46	2026-07-26	2026-07-26 21:42:29	2026-07-26 21:42:29.179344	Phase	ca	ca_soak_ch1	9bf79426d130714470a5b2234a94d187	Scheduled	0	Unknown	0	0	0	0	0	0	0	0	0	0	0	0		{}	bdfaf76214259a4b32f7d6b55677c2a1	namespace_cleanup	1	{'items':0,'items_completed':0,'items_pending':0,'suppressed':0}
2afe19975e46	2026-07-26	2026-07-26 21:42:29	2026-07-26 21:42:29.179353	Phase	ca	ca_soak_ch1	9bf79426d130714470a5b2234a94d187	Scheduled	0	Unknown	0	0	0	0	0	0	0	0	0	0	0	0		{}	bdfaf76214259a4b32f7d6b55677c2a1	ref_object_cleanup	8	{'namespaces_planned':2,'suppressed':0,'trim_enabled':1}
2afe19975e46	2026-07-26	2026-07-26 21:42:30	2026-07-26 21:42:30.110926	Phase	ca	ca_soak_ch1	9bf79426d130714470a5b2234a94d187	Manual	0	Unknown	0	0	0	0	0	0	0	0	0	0	0	0		{'CasGcGet':1,'ContextLock':4,'DiskConnectionsPreserved':2,'DiskConnectionsReused':2,'DiskS3GetObject':1,'DiskS3HeadObject':1,'DiskS3ReadMicroseconds':545,'DiskS3ReadRequestsCount':2,'IOBufferAllocBytes':4670,'IOBufferAllocs':1,'MemoryAllocatedWithoutCheck':4,'MemoryAllocatedWithoutCheckBytes':4352,'ReadBufferFromS3Bytes':511,'ReadBufferFromS3InitMicroseconds':363,'ReadBufferFromS3Microseconds':366,'S3GetObject':1,'S3HeadObject':1,'S3ReadMicroseconds':545,'S3ReadRequestsCount':2}	840e0973a3f053c4643fa73713a62e1c	parent_seal_read	786	{'parent_runs':1}
2afe19975e46	2026-07-26	2026-07-26 21:42:30	2026-07-26 21:42:30.077587	Finish	ca	ca_soak_ch1	9bf79426d130714470a5b2234a94d187	Scheduled	9	Success	2391	5377	0	0	0	6690	2391	1561	5377	0	0	15577		{'AsyncLoggingFileLogTotalMessages':1914,'AsyncLoggingTextLogTotalMessages':1914,'CasBlobDelete':5377,'CasBlobHead':2391,'CasConditionalWriteAttempts':7,'CasConditionalWriteCommitted':7,'CasGcCas':4,'CasGcDelete':2,'CasGcEnumerationPages':6,'CasGcGet':2882,'CasGcGetStream':1,'CasGcList':2,'CasGcPut':3,'CasGcRetiredCondemned':2391,'CasGcRetiredGraduated':1561,'CasGcRetiredRedeleted':5377,'CasManifestDelete':6690,'CasManifestGet':11150,'CasManifestHead':11150,'CasManifestList':1,'CasRefEmittedEdges':11150,'CasRefGlobalListPages':1,'CasRefLogBodyGets':263,'CasRefManifestBodyFoldGets':11150,'CasRootGet':420,'CasRootList':4,'ContextLock':123194,'ContextLockWaitMicroseconds':22,'DiskConnectionsCreated':493,'DiskConnectionsElapsedMicroseconds':32275,'DiskConnectionsExpired':531,'DiskConnectionsPreserved':52071,'DiskConnectionsReused':52109,'DiskS3DeleteObjects':12069,'DiskS3GetObject':12539,'DiskS3HeadObject':27994,'DiskS3ReadMicroseconds':6077529,'DiskS3ReadRequestsCount':40533,'DiskS3ReadRequestsErrors':1914,'DiskS3WriteMicroseconds':5303557,'DiskS3WriteRequestAttempts':12069,'DiskS3WriteRequestsCount':12069,'GlobalThreadPoolJobs':7,'IOBufferAllocBytes':154207117,'IOBufferAllocs':12548,'LocalThreadPoolExpansions':7,'LocalThreadPoolJobs':7782,'LocalThreadPoolLockWaitMicroseconds':13,'LocalThreadPoolShrinks':7,'LocalThreadPoolThreadCreationMicroseconds':22,'LogDebug':1914,'LogTrace':21,'LoggerElapsedNanoseconds':5421294,'MemoryAllocatedWithoutCheck':105135,'MemoryAllocatedWithoutCheckBytes':146408540,'QueryProfilerRuns':2,'ReadBufferFromS3Bytes':94487265,'ReadBufferFromS3InitMicroseconds':2976205,'ReadBufferFromS3Microseconds':3005509,'S3GetObject':12539,'S3HeadObject':27994,'S3ReadMicroseconds':6077529,'S3ReadRequestsCount':40533,'S3ReadRequestsErrors':1914,'S3WriteMicroseconds':5303557,'S3WriteRequestAttempts':12069,'S3WriteRequestsCount':12069,'WriteBufferFromS3Bytes':2339715}	bdfaf76214259a4b32f7d6b55677c2a1		0	{}
2afe19975e46	2026-07-26	2026-07-26 21:42:30	2026-07-26 21:42:30.077603	Start	ca	ca_soak_ch1	9bf79426d130714470a5b2234a94d187	Manual	0	Unknown	0	0	0	0	0	0	0	0	0	0	0	0		{}	840e0973a3f053c4643fa73713a62e1c		0	{}
2afe19975e46	2026-07-26	2026-07-26 21:42:30	2026-07-26 21:42:30.079147	Phase	ca	ca_soak_ch1	9bf79426d130714470a5b2234a94d187	Manual	0	Unknown	0	0	0	0	0	0	0	0	0	0	0	0		{'CasConditionalWriteAttempts':1,'CasConditionalWriteCommitted':1,'CasGcCas':1,'CasGcGet':1,'ContextLock':5,'DiskConnectionsPreserved':2,'DiskConnectionsReused':2,'DiskS3GetObject':1,'DiskS3HeadObject':1,'DiskS3ReadMicroseconds':406,'DiskS3ReadRequestsCount':2,'IOBufferAllocBytes':1052934,'IOBufferAllocs':2,'LocalThreadPoolJobs':1,'LogTrace':3,'MemoryAllocatedWithoutCheck':4,'MemoryAllocatedWithoutCheckBytes':4352,'ReadBufferFromS3Bytes':136,'ReadBufferFromS3InitMicroseconds':269,'ReadBufferFromS3Microseconds':273,'S3GetObject':1,'S3HeadObject':1,'S3ReadMicroseconds':406,'S3ReadRequestsCount':2,'WriteBufferFromS3Bytes':137}	840e0973a3f053c4643fa73713a62e1c	lease	1527	{'acquired':1,'steal_allowed':0}
2afe19975e46	2026-07-26	2026-07-26 21:42:30	2026-07-26 21:42:30.083839	Phase	ca	ca_soak_ch1	9bf79426d130714470a5b2234a94d187	Manual	0	Unknown	0	0	0	0	0	0	0	0	0	0	0	0		{'CasGcGet':2,'CasGcList':1,'ContextLock':9,'DiskConnectionsPreserved':4,'DiskConnectionsReused':4,'DiskS3GetObject':2,'DiskS3HeadObject':2,'DiskS3ReadMicroseconds':1093,'DiskS3ReadRequestsCount':4,'GlobalThreadPoolJobs':1,'IOBufferAllocBytes':8694,'IOBufferAllocs':2,'LocalThreadPoolExpansions':1,'LocalThreadPoolJobs':1,'LocalThreadPoolShrinks':1,'LocalThreadPoolThreadCreationMicroseconds':4,'MemoryAllocatedWithoutCheck':8,'MemoryAllocatedWithoutCheckBytes':8704,'ReadBufferFromS3Bytes':376,'ReadBufferFromS3InitMicroseconds':791,'ReadBufferFromS3Microseconds':797,'S3GetObject':2,'S3HeadObject':2,'S3ReadMicroseconds':1093,'S3ReadRequestsCount':4}	840e0973a3f053c4643fa73713a62e1c	heartbeat_floor	2940	{'already_fenced':0,'fenced_now':0,'live':2,'terminated':0}
2afe19975e46	2026-07-26	2026-07-26 21:42:30	2026-07-26 21:42:30.110129	Phase	ca	ca_soak_ch1	9bf79426d130714470a5b2234a94d187	Manual	0	Unknown	0	0	0	0	0	0	0	0	0	0	0	0		{'CasGcEnumerationPages':1,'CasGcGet':2,'CasRootList':1,'ContextLock':8,'DiskConnectionsPreserved':4,'DiskConnectionsReused':4,'DiskS3GetObject':2,'DiskS3HeadObject':2,'DiskS3ReadMicroseconds':818,'DiskS3ReadRequestsCount':4,'GlobalThreadPoolJobs':1,'IOBufferAllocBytes':9340,'IOBufferAllocs':2,'LocalThreadPoolExpansions':1,'LocalThreadPoolJobs':1,'LocalThreadPoolShrinks':1,'LocalThreadPoolThreadCreationMicroseconds':2,'MemoryAllocatedWithoutCheck':8,'MemoryAllocatedWithoutCheckBytes':8704,'QueryProfilerRuns':4,'ReadBufferFromS3Bytes':1022,'ReadBufferFromS3InitMicroseconds':551,'ReadBufferFromS3Microseconds':554,'S3GetObject':2,'S3HeadObject':2,'S3ReadMicroseconds':818,'S3ReadRequestsCount':4}	840e0973a3f053c4643fa73713a62e1c	defer_decision	26272	{'changed_shards':0,'deferred':0,'fold_seal_reads':2,'graduation_due':1,'namespaces_seen':2,'ref_log_keys_listed':322,'rounds_deferred_before':0}
2afe19975e46	2026-07-26	2026-07-26 21:42:30	2026-07-26 21:42:30.076775	Phase	ca	ca_soak_ch1	9bf79426d130714470a5b2234a94d187	Scheduled	0	Unknown	0	0	0	0	0	0	0	0	0	0	0	0		{'AsyncLoggingFileLogTotalMessages':1914,'AsyncLoggingTextLogTotalMessages':1914,'CasConditionalWriteAttempts':1,'CasConditionalWriteCommitted':1,'CasGcCas':1,'CasGcEnumerationPages':3,'CasGcGet':2873,'CasManifestList':1,'CasRootGet':157,'CasRootList':2,'ContextLock':4465,'DiskConnectionsCreated':40,'DiskConnectionsElapsedMicroseconds':2303,'DiskConnectionsExpired':41,'DiskConnectionsPreserved':4105,'DiskConnectionsReused':4106,'DiskS3GetObject':1116,'DiskS3HeadObject':3030,'DiskS3ReadMicroseconds':496200,'DiskS3ReadRequestsCount':4146,'DiskS3ReadRequestsErrors':1914,'GlobalThreadPoolJobs':3,'IOBufferAllocBytes':6031039,'IOBufferAllocs':1117,'LocalThreadPoolExpansions':3,'LocalThreadPoolJobs':4,'LocalThreadPoolShrinks':3,'LocalThreadPoolThreadCreationMicroseconds':11,'LogDebug':1914,'LogTrace':3,'LoggerElapsedNanoseconds':5421294,'MemoryAllocatedWithoutCheck':8290,'MemoryAllocatedWithoutCheckBytes':9019520,'ReadBufferFromS3Bytes':340956,'ReadBufferFromS3InitMicroseconds':246513,'ReadBufferFromS3Microseconds':248190,'S3GetObject':1116,'S3HeadObject':3030,'S3ReadMicroseconds':496200,'S3ReadRequestsCount':4146,'S3ReadRequestsErrors':1914,'WriteBufferFromS3Bytes':136}	bdfaf76214259a4b32f7d6b55677c2a1	orphan_sweep	897408	{'cursor_advanced':1,'list_budget_keys':1000}
2afe19975e46	2026-07-26	2026-07-26 21:42:30	2026-07-26 21:42:30.134386	Phase	ca	ca_soak_ch1	9bf79426d130714470a5b2234a94d187	Manual	0	Unknown	0	0	0	0	0	0	0	0	0	0	0	0		{'CasGcEnumerationPages':1,'CasRefGlobalListPages':1,'CasRootList':1,'GlobalThreadPoolJobs':1,'LocalThreadPoolExpansions':1,'LocalThreadPoolJobs':1,'LocalThreadPoolShrinks':1,'LocalThreadPoolThreadCreationMicroseconds':2,'QueryProfilerRuns':2}	840e0973a3f053c4643fa73713a62e1c	fold_ref_list	23444	{'namespaces_seen':2,'probe_a_holes':0,'ref_folding_aborted':0,'ref_keys_listed':324}
2afe19975e46	2026-07-26	2026-07-26 21:42:30	2026-07-26 21:42:30.135621	Phase	ca	ca_soak_ch1	9bf79426d130714470a5b2234a94d187	Manual	0	Unknown	0	0	0	0	0	0	0	0	0	0	0	0		{'CasGcGet':2,'ContextLock':8,'DiskConnectionsPreserved':4,'DiskConnectionsReused':4,'DiskS3GetObject':2,'DiskS3HeadObject':2,'DiskS3ReadMicroseconds':886,'DiskS3ReadRequestsCount':4,'IOBufferAllocBytes':9340,'IOBufferAllocs':2,'MemoryAllocatedWithoutCheck':8,'MemoryAllocatedWithoutCheckBytes':8704,'QueryProfilerRuns':1,'ReadBufferFromS3Bytes':1022,'ReadBufferFromS3InitMicroseconds':571,'ReadBufferFromS3Microseconds':576,'S3GetObject':2,'S3HeadObject':2,'S3ReadMicroseconds':886,'S3ReadRequestsCount':4}	840e0973a3f053c4643fa73713a62e1c	fold_seal_read	1226	{'ns_cleanup_items':0,'parent_cursors':2,'parent_runs':1,'redundant_reads':1,'seal_reads':2}
2afe19975e46	2026-07-26	2026-07-26 21:42:30	2026-07-26 21:42:30.135628	Phase	ca	ca_soak_ch1	9bf79426d130714470a5b2234a94d187	Manual	0	Unknown	0	0	0	0	0	0	0	0	0	0	0	0		{}	840e0973a3f053c4643fa73713a62e1c	fold_ref_intake	3	{'dead_precommits_skipped':0,'deltas_emitted':0,'logs_applied':0,'logs_intended':0,'namespace_removals':0,'ref_folding_aborted':0,'tables_changed':0,'tables_clamped':0,'tables_scanned':2,'txns_opened':0}
2afe19975e46	2026-07-26	2026-07-26 21:42:30	2026-07-26 21:42:30.135632	Phase	ca	ca_soak_ch1	9bf79426d130714470a5b2234a94d187	Manual	0	Unknown	0	0	0	0	0	0	0	0	0	0	0	0		{}	840e0973a3f053c4643fa73713a62e1c	fold_ns_cleanup_scan	1	{'items_added':0,'items_carried':0,'items_completed_now':0,'items_final':0,'items_scanned':0}
2afe19975e46	2026-07-26	2026-07-26 21:42:30	2026-07-26 21:42:30.168620	Phase	ca	ca_soak_ch1	9bf79426d130714470a5b2234a94d187	Manual	0	Unknown	0	0	0	0	0	0	0	0	0	0	0	0		{'CasConditionalWriteAttempts':1,'CasConditionalWriteCommitted':1,'CasGcGetStream':1,'CasGcPut':1,'ContextLock':5,'DiskConnectionsPreserved':2,'DiskConnectionsReused':2,'DiskS3GetObject':1,'DiskS3HeadObject':1,'DiskS3ReadMicroseconds':7468,'DiskS3ReadRequestsCount':2,'IOBufferAllocBytes':3150076,'IOBufferAllocs':4,'LocalThreadPoolJobs':1,'LogTrace':3,'MemoryAllocatedWithoutCheck':8,'MemoryAllocatedWithoutCheckBytes':18345544,'QueryProfilerRuns':4,'ReadBufferFromS3Bytes':2136336,'ReadBufferFromS3InitMicroseconds':7345,'ReadBufferFromS3Microseconds':7738,'S3GetObject':1,'S3HeadObject':1,'S3ReadMicroseconds':7468,'S3ReadRequestsCount':2,'WriteBufferFromS3Bytes':1825418}	840e0973a3f053c4643fa73713a62e1c	fold_reduce	32975	{'condemned':0,'deltas_in':0,'graduated':2391,'redelete_pending':1561,'runs_written':1,'shards_pure_carry':0,'shards_reduced':1,'shards_total':1,'spared':0,'suppress_destructive':0,'txns_unapplied':0,'unmatched_removes':0}
2afe19975e46	2026-07-26	2026-07-26 21:42:30	2026-07-26 21:42:30.169573	Phase	ca	ca_soak_ch1	9bf79426d130714470a5b2234a94d187	Manual	0	Unknown	0	0	0	0	0	0	0	0	0	0	0	0		{'CasConditionalWriteAttempts':1,'CasConditionalWriteCommitted':1,'CasGcPut':1,'ContextLock':1,'IOBufferAllocBytes':1048639,'IOBufferAllocs':1,'LocalThreadPoolJobs':1,'LogTrace':3,'WriteBufferFromS3Bytes':534}	840e0973a3f053c4643fa73713a62e1c	fold_seal_write	936	{'ns_cleanup_items':0,'seal_bytes':534,'seal_namespaces':2,'seal_runs':1}
2afe19975e46	2026-07-26	2026-07-26 21:42:30	2026-07-26 21:42:30.932082	Phase	ca	ca_soak_ch1	9bf79426d130714470a5b2234a94d187	Manual	0	Unknown	0	0	0	0	0	0	0	0	0	0	0	0		{'CasBlobDelete':1561,'CasConditionalWriteAttempts':1,'CasConditionalWriteCommitted':1,'CasGcPut':1,'CasGcRetiredGraduated':2391,'CasGcRetiredRedeleted':1561,'ContextLock':5514,'DiskConnectionsCreated':11,'DiskConnectionsElapsedMicroseconds':721,'DiskConnectionsExpired':19,'DiskConnectionsPreserved':1542,'DiskConnectionsReused':1550,'DiskS3DeleteObjects':1561,'DiskS3WriteMicroseconds':636697,'DiskS3WriteRequestAttempts':1561,'DiskS3WriteRequestsCount':1561,'IOBufferAllocBytes':1048639,'IOBufferAllocs':1,'LocalThreadPoolJobs':1562,'LocalThreadPoolLockWaitMicroseconds':5,'LogTrace':3,'MemoryAllocatedWithoutCheck':3106,'MemoryAllocatedWithoutCheckBytes':3379328,'QueryProfilerRuns':93,'S3WriteMicroseconds':636697,'S3WriteRequestAttempts':1561,'S3WriteRequestsCount':1561,'WriteBufferFromS3Bytes':64185}	840e0973a3f053c4643fa73713a62e1c	pending_deletes	762480	{'absent':0,'deleted':1561,'graduated':2391,'outcome_logs_written':1,'redeleted':1561,'replaced':0,'spared':0}
2afe19975e46	2026-07-26	2026-07-26 21:42:30	2026-07-26 21:42:30.932088	Phase	ca	ca_soak_ch1	9bf79426d130714470a5b2234a94d187	Manual	0	Unknown	0	0	0	0	0	0	0	0	0	0	0	0		{}	840e0973a3f053c4643fa73713a62e1c	meta_pool_wait	1	{'jobs_completed':1561,'jobs_completed_on_entry':1561,'jobs_scheduled':1561}
2afe19975e46	2026-07-26	2026-07-26 21:42:30	2026-07-26 21:42:30.935582	Phase	ca	ca_soak_ch1	9bf79426d130714470a5b2234a94d187	Manual	0	Unknown	0	0	0	0	0	0	0	0	0	0	0	0		{'CasConditionalWriteAttempts':1,'CasConditionalWriteCommitted':1,'CasGcCas':1,'CasGcDelete':3,'CasGcEnumerationPages':1,'CasGcList':1,'ContextLock':4,'DiskConnectionsPreserved':3,'DiskConnectionsReused':3,'DiskS3DeleteObjects':3,'DiskS3WriteMicroseconds':1318,'DiskS3WriteRequestAttempts':3,'DiskS3WriteRequestsCount':3,'GlobalThreadPoolJobs':1,'IOBufferAllocBytes':1048639,'IOBufferAllocs':1,'LocalThreadPoolExpansions':1,'LocalThreadPoolJobs':2,'LocalThreadPoolShrinks':1,'LocalThreadPoolThreadCreationMicroseconds':3,'LogTrace':3,'MemoryAllocatedWithoutCheck':6,'MemoryAllocatedWithoutCheckBytes':6528,'QueryProfilerRuns':1,'S3WriteMicroseconds':1318,'S3WriteRequestAttempts':3,'S3WriteRequestsCount':3,'WriteBufferFromS3Bytes':140}	840e0973a3f053c4643fa73713a62e1c	round_commit	3486	{'generation':10,'generations_referenced':2,'generations_visited':1,'pruned_through':7,'round':10}
2afe19975e46	2026-07-26	2026-07-26 21:42:30	2026-07-26 21:42:30.935589	Phase	ca	ca_soak_ch1	9bf79426d130714470a5b2234a94d187	Manual	0	Unknown	0	0	0	0	0	0	0	0	0	0	0	0		{}	840e0973a3f053c4643fa73713a62e1c	handoff_reclaim	1	{'generations_reclaimed':0,'objects_reclaimed':0}
2afe19975e46	2026-07-26	2026-07-26 21:42:30	2026-07-26 21:42:30.935591	Phase	ca	ca_soak_ch1	9bf79426d130714470a5b2234a94d187	Manual	0	Unknown	0	0	0	0	0	0	0	0	0	0	0	0		{}	840e0973a3f053c4643fa73713a62e1c	manifest_deletes	0	{'attempted':0,'deleted':0}
2afe19975e46	2026-07-26	2026-07-26 21:42:30	2026-07-26 21:42:30.935594	Phase	ca	ca_soak_ch1	9bf79426d130714470a5b2234a94d187	Manual	0	Unknown	0	0	0	0	0	0	0	0	0	0	0	0		{}	840e0973a3f053c4643fa73713a62e1c	namespace_cleanup	1	{'items':0,'items_completed':0,'items_pending':0,'suppressed':0}
2afe19975e46	2026-07-26	2026-07-26 21:42:30	2026-07-26 21:42:30.935602	Phase	ca	ca_soak_ch1	9bf79426d130714470a5b2234a94d187	Manual	0	Unknown	0	0	0	0	0	0	0	0	0	0	0	0		{}	840e0973a3f053c4643fa73713a62e1c	ref_object_cleanup	6	{'namespaces_planned':2,'suppressed':0,'trim_enabled':1}
2afe19975e46	2026-07-26	2026-07-26 21:42:32	2026-07-26 21:42:32.042480	Phase	ca	ca_soak_ch1	9bf79426d130714470a5b2234a94d187	Manual	0	Unknown	0	0	0	0	0	0	0	0	0	0	0	0		{'AsyncLoggingFileLogTotalMessages':2003,'AsyncLoggingTextLogTotalMessages':2003,'CasConditionalWriteAttempts':1,'CasConditionalWriteCommitted':1,'CasGcCas':1,'CasGcEnumerationPages':3,'CasGcGet':3002,'CasManifestList':1,'CasRootGet':167,'CasRootList':2,'ContextLock':4677,'DiskConnectionsCreated':41,'DiskConnectionsElapsedMicroseconds':2322,'DiskConnectionsExpired':44,'DiskConnectionsPreserved':4294,'DiskConnectionsReused':4297,'DiskS3GetObject':1169,'DiskS3HeadObject':3169,'DiskS3ReadMicroseconds':487656,'DiskS3ReadRequestsCount':4338,'DiskS3ReadRequestsErrors':2000,'GlobalThreadPoolJobs':3,'IOBufferAllocBytes':6282704,'IOBufferAllocs':1170,'LocalThreadPoolExpansions':3,'LocalThreadPoolJobs':6,'LocalThreadPoolLockWaitMicroseconds':1,'LocalThreadPoolShrinks':3,'LocalThreadPoolThreadCreationMicroseconds':8,'LogDebug':2000,'LogTrace':3,'LoggerElapsedNanoseconds':6069465,'MemoryAllocatedWithoutCheck':8678,'MemoryAllocatedWithoutCheckBytes':10660700,'QueryProfilerRuns':142,'ReadBufferFromS3Bytes':372194,'ReadBufferFromS3InitMicroseconds':243206,'ReadBufferFromS3Microseconds':244872,'S3GetObject':1169,'S3HeadObject':3169,'S3ReadMicroseconds':487656,'S3ReadRequestsCount':4338,'S3ReadRequestsErrors':2000,'WriteBufferFromS3Bytes':272}	840e0973a3f053c4643fa73713a62e1c	orphan_sweep	1106864	{'cursor_advanced':1,'list_budget_keys':1000}
2afe19975e46	2026-07-26	2026-07-26 21:42:32	2026-07-26 21:42:32.042665	Finish	ca	ca_soak_ch1	9bf79426d130714470a5b2234a94d187	Manual	10	Success	0	1561	0	0	0	0	0	2391	1561	0	0	1965		{'AsyncLoggingFileLogTotalMessages':2003,'AsyncLoggingTextLogTotalMessages':2003,'CasBlobDelete':1561,'CasConditionalWriteAttempts':7,'CasConditionalWriteCommitted':7,'CasGcCas':4,'CasGcDelete':3,'CasGcEnumerationPages':6,'CasGcGet':3011,'CasGcGetStream':1,'CasGcList':2,'CasGcPut':3,'CasGcRetiredGraduated':2391,'CasGcRetiredRedeleted':1561,'CasManifestList':1,'CasRefGlobalListPages':1,'CasRootGet':167,'CasRootList':4,'ContextLock':10260,'DiskConnectionsCreated':52,'DiskConnectionsElapsedMicroseconds':3043,'DiskConnectionsExpired':63,'DiskConnectionsPreserved':5859,'DiskConnectionsReused':5870,'DiskS3DeleteObjects':1564,'DiskS3GetObject':1179,'DiskS3HeadObject':3179,'DiskS3ReadMicroseconds':499262,'DiskS3ReadRequestsCount':4358,'DiskS3ReadRequestsErrors':2000,'DiskS3WriteMicroseconds':638015,'DiskS3WriteRequestAttempts':1564,'DiskS3WriteRequestsCount':1564,'GlobalThreadPoolJobs':7,'IOBufferAllocBytes':14716554,'IOBufferAllocs':1188,'LocalThreadPoolExpansions':7,'LocalThreadPoolJobs':1577,'LocalThreadPoolLockWaitMicroseconds':6,'LocalThreadPoolShrinks':7,'LocalThreadPoolThreadCreationMicroseconds':19,'LogDebug':2000,'LogTrace':21,'LoggerElapsedNanoseconds':6069465,'MemoryAllocatedWithoutCheck':11834,'MemoryAllocatedWithoutCheckBytes':32431268,'QueryProfilerRuns':247,'ReadBufferFromS3Bytes':2511678,'ReadBufferFromS3InitMicroseconds':253357,'ReadBufferFromS3Microseconds':255439,'S3GetObject':1179,'S3HeadObject':3179,'S3ReadMicroseconds':499262,'S3ReadRequestsCount':4358,'S3ReadRequestsErrors':2000,'S3WriteMicroseconds':638015,'S3WriteRequestAttempts':1564,'S3WriteRequestsCount':1564,'WriteBufferFromS3Bytes':1890767}	840e0973a3f053c4643fa73713a62e1c		0	{}
2afe19975e46	2026-07-26	2026-07-26 21:42:40	2026-07-26 21:42:40.122511	Phase	ca	ca_soak_ch1	9bf79426d130714470a5b2234a94d187	Scheduled	0	Unknown	0	0	0	0	0	0	0	0	0	0	0	0		{'CasGcGet':1,'ContextLock':4,'DiskConnectionsPreserved':2,'DiskConnectionsReused':2,'DiskS3GetObject':1,'DiskS3HeadObject':1,'DiskS3ReadMicroseconds':752,'DiskS3ReadRequestsCount':2,'IOBufferAllocBytes':4693,'IOBufferAllocs':1,'MemoryAllocatedWithoutCheck':4,'MemoryAllocatedWithoutCheckBytes':4352,'ReadBufferFromS3Bytes':534,'ReadBufferFromS3InitMicroseconds':494,'ReadBufferFromS3Microseconds':501,'S3GetObject':1,'S3HeadObject':1,'S3ReadMicroseconds':752,'S3ReadRequestsCount':2}	4adb91b1ea43a75789635e46d9357357	parent_seal_read	1121	{'parent_runs':1}
2afe19975e46	2026-07-26	2026-07-26 21:42:40	2026-07-26 21:42:40.080338	Phase	ca	ca_soak_ch1	9bf79426d130714470a5b2234a94d187	Scheduled	0	Unknown	0	0	0	0	0	0	0	0	0	0	0	0		{'CasConditionalWriteAttempts':1,'CasConditionalWriteCommitted':1,'CasGcCas':1,'CasGcGet':1,'ContextLock':5,'DiskConnectionsPreserved':2,'DiskConnectionsReused':2,'DiskS3GetObject':1,'DiskS3HeadObject':1,'DiskS3ReadMicroseconds':826,'DiskS3ReadRequestsCount':2,'IOBufferAllocBytes':1053070,'IOBufferAllocs':2,'LocalThreadPoolJobs':1,'LogTrace':3,'MemoryAllocatedWithoutCheck':4,'MemoryAllocatedWithoutCheckBytes':4352,'ReadBufferFromS3Bytes':272,'ReadBufferFromS3InitMicroseconds':458,'ReadBufferFromS3Microseconds':464,'S3GetObject':1,'S3HeadObject':1,'S3ReadMicroseconds':826,'S3ReadRequestsCount':2,'WriteBufferFromS3Bytes':272}	4adb91b1ea43a75789635e46d9357357	lease	2651	{'acquired':1,'steal_allowed':1}
2afe19975e46	2026-07-26	2026-07-26 21:42:40	2026-07-26 21:42:40.084478	Phase	ca	ca_soak_ch1	9bf79426d130714470a5b2234a94d187	Scheduled	0	Unknown	0	0	0	0	0	0	0	0	0	0	0	0		{'CasGcGet':2,'CasGcList':1,'ContextLock':9,'DiskConnectionsPreserved':4,'DiskConnectionsReused':4,'DiskS3GetObject':2,'DiskS3HeadObject':2,'DiskS3ReadMicroseconds':850,'DiskS3ReadRequestsCount':4,'GlobalThreadPoolJobs':1,'IOBufferAllocBytes':8694,'IOBufferAllocs':2,'LocalThreadPoolExpansions':1,'LocalThreadPoolJobs':1,'LocalThreadPoolShrinks':1,'LocalThreadPoolThreadCreationMicroseconds':4,'MemoryAllocatedWithoutCheck':8,'MemoryAllocatedWithoutCheckBytes':8704,'ReadBufferFromS3Bytes':376,'ReadBufferFromS3InitMicroseconds':652,'ReadBufferFromS3Microseconds':658,'S3GetObject':2,'S3HeadObject':2,'S3ReadMicroseconds':850,'S3ReadRequestsCount':4}	4adb91b1ea43a75789635e46d9357357	heartbeat_floor	2248	{'already_fenced':0,'fenced_now':0,'live':2,'terminated':0}
2afe19975e46	2026-07-26	2026-07-26 21:42:40	2026-07-26 21:42:40.121374	Phase	ca	ca_soak_ch1	9bf79426d130714470a5b2234a94d187	Scheduled	0	Unknown	0	0	0	0	0	0	0	0	0	0	0	0		{'CasGcEnumerationPages':1,'CasGcGet':2,'CasRootList':1,'ContextLock':8,'DiskConnectionsPreserved':4,'DiskConnectionsReused':4,'DiskS3GetObject':2,'DiskS3HeadObject':2,'DiskS3ReadMicroseconds':758,'DiskS3ReadRequestsCount':4,'GlobalThreadPoolJobs':1,'IOBufferAllocBytes':9386,'IOBufferAllocs':2,'LocalThreadPoolExpansions':1,'LocalThreadPoolJobs':1,'LocalThreadPoolShrinks':1,'LocalThreadPoolThreadCreationMicroseconds':2,'MemoryAllocatedWithoutCheck':8,'MemoryAllocatedWithoutCheckBytes':8704,'ReadBufferFromS3Bytes':1068,'ReadBufferFromS3InitMicroseconds':552,'ReadBufferFromS3Microseconds':557,'S3GetObject':2,'S3HeadObject':2,'S3ReadMicroseconds':758,'S3ReadRequestsCount':4}	4adb91b1ea43a75789635e46d9357357	defer_decision	36876	{'changed_shards':1,'deferred':0,'fold_seal_reads':2,'graduation_due':1,'namespaces_seen':2,'ref_log_keys_listed':447,'rounds_deferred_before':0}
2afe19975e46	2026-07-26	2026-07-26 21:42:40	2026-07-26 21:42:40.077661	Start	ca	ca_soak_ch1	9bf79426d130714470a5b2234a94d187	Scheduled	0	Unknown	0	0	0	0	0	0	0	0	0	0	0	0		{}	4adb91b1ea43a75789635e46d9357357		0	{}
2afe19975e46	2026-07-26	2026-07-26 21:42:40	2026-07-26 21:42:40.154994	Phase	ca	ca_soak_ch1	9bf79426d130714470a5b2234a94d187	Scheduled	0	Unknown	0	0	0	0	0	0	0	0	0	0	0	0		{'CasGcEnumerationPages':1,'CasRefGlobalListPages':1,'CasRootList':1,'GlobalThreadPoolJobs':1,'LocalThreadPoolExpansions':1,'LocalThreadPoolJobs':1,'LocalThreadPoolShrinks':1,'LocalThreadPoolThreadCreationMicroseconds':3}	4adb91b1ea43a75789635e46d9357357	fold_ref_list	32474	{'namespaces_seen':2,'probe_a_holes':0,'ref_folding_aborted':0,'ref_keys_listed':450}
2afe19975e46	2026-07-26	2026-07-26 21:42:40	2026-07-26 21:42:40.156760	Phase	ca	ca_soak_ch1	9bf79426d130714470a5b2234a94d187	Scheduled	0	Unknown	0	0	0	0	0	0	0	0	0	0	0	0		{'CasGcGet':2,'ContextLock':8,'DiskConnectionsPreserved':4,'DiskConnectionsReused':4,'DiskS3GetObject':2,'DiskS3HeadObject':2,'DiskS3ReadMicroseconds':1189,'DiskS3ReadRequestsCount':4,'IOBufferAllocBytes':9386,'IOBufferAllocs':2,'MemoryAllocatedWithoutCheck':8,'MemoryAllocatedWithoutCheckBytes':8704,'ReadBufferFromS3Bytes':1068,'ReadBufferFromS3InitMicroseconds':823,'ReadBufferFromS3Microseconds':832,'S3GetObject':2,'S3HeadObject':2,'S3ReadMicroseconds':1189,'S3ReadRequestsCount':4}	4adb91b1ea43a75789635e46d9357357	fold_seal_read	1752	{'ns_cleanup_items':0,'parent_cursors':2,'parent_runs':1,'redundant_reads':1,'seal_reads':2}
2afe19975e46	2026-07-26	2026-07-26 21:42:43	2026-07-26 21:42:43.735751	Phase	ca	ca_soak_ch1	9bf79426d130714470a5b2234a94d187	Scheduled	0	Unknown	0	0	0	0	0	0	0	0	0	0	0	0		{'CasManifestGet':5460,'CasManifestHead':5460,'CasRefEmittedEdges':5460,'CasRefLogBodyGets':125,'CasRefManifestBodyFoldGets':5460,'CasRootGet':125,'ContextLock':41996,'ContextLockWaitMicroseconds':5,'DiskConnectionsCreated':165,'DiskConnectionsElapsedMicroseconds':10411,'DiskConnectionsExpired':166,'DiskConnectionsPreserved':16464,'DiskConnectionsReused':16465,'DiskS3GetObject':5585,'DiskS3HeadObject':11045,'DiskS3ReadMicroseconds':2423107,'DiskS3ReadRequestsCount':16630,'IOBufferAllocBytes':63705192,'IOBufferAllocs':5585,'MemoryAllocatedWithoutCheck':33259,'MemoryAllocatedWithoutCheckBytes':41296512,'QueryProfilerRuns':1,'ReadBufferFromS3Bytes':40477177,'ReadBufferFromS3InitMicroseconds':1300865,'ReadBufferFromS3Microseconds':1313915,'S3GetObject':5585,'S3HeadObject':11045,'S3ReadMicroseconds':2423107,'S3ReadRequestsCount':16630}	4adb91b1ea43a75789635e46d9357357	fold_ref_intake	3578977	{'dead_precommits_skipped':0,'deltas_emitted':19656,'logs_applied':125,'logs_intended':125,'namespace_removals':0,'ref_folding_aborted':0,'tables_changed':1,'tables_clamped':0,'tables_scanned':2,'txns_opened':125}
2afe19975e46	2026-07-26	2026-07-26 21:42:43	2026-07-26 21:42:43.735757	Phase	ca	ca_soak_ch1	9bf79426d130714470a5b2234a94d187	Scheduled	0	Unknown	0	0	0	0	0	0	0	0	0	0	0	0		{}	4adb91b1ea43a75789635e46d9357357	fold_ns_cleanup_scan	1	{'items_added':0,'items_carried':0,'items_completed_now':0,'items_final':0,'items_scanned':0}
2afe19975e46	2026-07-26	2026-07-26 21:42:43	2026-07-26 21:42:43.756963	Phase	ca	ca_soak_ch1	9bf79426d130714470a5b2234a94d187	Scheduled	0	Unknown	0	0	0	0	0	0	0	0	0	0	0	0		{'CasConditionalWriteAttempts':1,'CasConditionalWriteCommitted':1,'CasGcGetStream':1,'CasGcPut':1,'ContextLock':5,'DiskConnectionsPreserved':2,'DiskConnectionsReused':2,'DiskS3GetObject':1,'DiskS3HeadObject':1,'DiskS3ReadMicroseconds':2021,'DiskS3ReadRequestsCount':2,'IOBufferAllocBytes':2101500,'IOBufferAllocs':4,'LocalThreadPoolJobs':1,'LogTrace':3,'MemoryAllocatedWithoutCheck':4,'MemoryAllocatedWithoutCheckBytes':4352,'ReadBufferFromS3Bytes':1825418,'ReadBufferFromS3InitMicroseconds':1933,'ReadBufferFromS3Microseconds':2163,'S3GetObject':1,'S3HeadObject':1,'S3ReadMicroseconds':2021,'S3ReadRequestsCount':2,'WriteBufferFromS3Bytes':747219}	4adb91b1ea43a75789635e46d9357357	fold_reduce	21194	{'condemned':0,'deltas_in':19656,'graduated':0,'redelete_pending':2391,'runs_written':1,'shards_pure_carry':0,'shards_reduced':1,'shards_total':1,'spared':0,'suppress_destructive':0,'txns_unapplied':0,'unmatched_removes':0}
2afe19975e46	2026-07-26	2026-07-26 21:42:43	2026-07-26 21:42:43.757818	Phase	ca	ca_soak_ch1	9bf79426d130714470a5b2234a94d187	Scheduled	0	Unknown	0	0	0	0	0	0	0	0	0	0	0	0		{'CasConditionalWriteAttempts':1,'CasConditionalWriteCommitted':1,'CasGcPut':1,'ContextLock':1,'IOBufferAllocBytes':1048639,'IOBufferAllocs':1,'LocalThreadPoolJobs':1,'LogTrace':3,'WriteBufferFromS3Bytes':529}	4adb91b1ea43a75789635e46d9357357	fold_seal_write	845	{'ns_cleanup_items':0,'seal_bytes':529,'seal_namespaces':2,'seal_runs':1}
2afe19975e46	2026-07-26	2026-07-26 21:42:45	2026-07-26 21:42:45.801677	Phase	ca	ca_soak_ch1	9bf79426d130714470a5b2234a94d187	Scheduled	0	Unknown	0	0	0	0	0	0	0	0	0	0	0	0		{'CasBlobDelete':2391,'CasConditionalWriteAttempts':1,'CasConditionalWriteCommitted':1,'CasGcPut':1,'CasGcRetiredRedeleted':2391,'ContextLock':4792,'DiskConnectionsCreated':11,'DiskConnectionsElapsedMicroseconds':736,'DiskConnectionsExpired':17,'DiskConnectionsPreserved':2374,'DiskConnectionsReused':2380,'DiskS3DeleteObjects':2391,'DiskS3WriteMicroseconds':1830986,'DiskS3WriteRequestAttempts':2391,'DiskS3WriteRequestsCount':2391,'IOBufferAllocBytes':1048639,'IOBufferAllocs':1,'LocalThreadPoolJobs':2392,'LogTrace':3,'MemoryAllocatedWithoutCheck':4770,'MemoryAllocatedWithoutCheckBytes':5189760,'S3WriteMicroseconds':1830986,'S3WriteRequestAttempts':2391,'S3WriteRequestsCount':2391,'WriteBufferFromS3Bytes':89195}	4adb91b1ea43a75789635e46d9357357	pending_deletes	2043813	{'absent':0,'deleted':2391,'graduated':0,'outcome_logs_written':1,'redeleted':2391,'replaced':0,'spared':0}
2afe19975e46	2026-07-26	2026-07-26 21:42:45	2026-07-26 21:42:45.801685	Phase	ca	ca_soak_ch1	9bf79426d130714470a5b2234a94d187	Scheduled	0	Unknown	0	0	0	0	0	0	0	0	0	0	0	0		{}	4adb91b1ea43a75789635e46d9357357	meta_pool_wait	1	{'jobs_completed':2391,'jobs_completed_on_entry':2391,'jobs_scheduled':2391}
2afe19975e46	2026-07-26	2026-07-26 21:42:45	2026-07-26 21:42:45.805566	Phase	ca	ca_soak_ch1	9bf79426d130714470a5b2234a94d187	Scheduled	0	Unknown	0	0	0	0	0	0	0	0	0	0	0	0		{'CasConditionalWriteAttempts':1,'CasConditionalWriteCommitted':1,'CasGcCas':1,'CasGcDelete':3,'CasGcEnumerationPages':1,'CasGcList':1,'ContextLock':4,'DiskConnectionsPreserved':3,'DiskConnectionsReused':3,'DiskS3DeleteObjects':3,'DiskS3WriteMicroseconds':1404,'DiskS3WriteRequestAttempts':3,'DiskS3WriteRequestsCount':3,'GlobalThreadPoolJobs':1,'IOBufferAllocBytes':1048639,'IOBufferAllocs':1,'LocalThreadPoolExpansions':1,'LocalThreadPoolJobs':2,'LocalThreadPoolShrinks':1,'LocalThreadPoolThreadCreationMicroseconds':4,'LogTrace':3,'MemoryAllocatedWithoutCheck':6,'MemoryAllocatedWithoutCheckBytes':6528,'S3WriteMicroseconds':1404,'S3WriteRequestAttempts':3,'S3WriteRequestsCount':3,'WriteBufferFromS3Bytes':272}	4adb91b1ea43a75789635e46d9357357	round_commit	3874	{'generation':11,'generations_referenced':2,'generations_visited':1,'pruned_through':8,'round':11}
2afe19975e46	2026-07-26	2026-07-26 21:42:45	2026-07-26 21:42:45.805573	Phase	ca	ca_soak_ch1	9bf79426d130714470a5b2234a94d187	Scheduled	0	Unknown	0	0	0	0	0	0	0	0	0	0	0	0		{}	4adb91b1ea43a75789635e46d9357357	handoff_reclaim	1	{'generations_reclaimed':0,'objects_reclaimed':0}
2afe19975e46	2026-07-26	2026-07-26 21:42:47	2026-07-26 21:42:47.436349	Phase	ca	ca_soak_ch1	9bf79426d130714470a5b2234a94d187	Scheduled	0	Unknown	0	0	0	0	0	0	0	0	0	0	0	0		{'CasManifestDelete':3276,'ContextLock':6552,'DiskConnectionsCreated':4,'DiskConnectionsElapsedMicroseconds':256,'DiskConnectionsExpired':115,'DiskConnectionsPreserved':3161,'DiskConnectionsReused':3272,'DiskS3DeleteObjects':3276,'DiskS3WriteMicroseconds':1422223,'DiskS3WriteRequestAttempts':3276,'DiskS3WriteRequestsCount':3276,'MemoryAllocatedWithoutCheck':6335,'MemoryAllocatedWithoutCheckBytes':11148442,'S3WriteMicroseconds':1422223,'S3WriteRequestAttempts':3276,'S3WriteRequestsCount':3276}	4adb91b1ea43a75789635e46d9357357	manifest_deletes	1630760	{'attempted':3276,'deleted':3276}
2afe19975e46	2026-07-26	2026-07-26 21:42:47	2026-07-26 21:42:47.436354	Phase	ca	ca_soak_ch1	9bf79426d130714470a5b2234a94d187	Scheduled	0	Unknown	0	0	0	0	0	0	0	0	0	0	0	0		{}	4adb91b1ea43a75789635e46d9357357	namespace_cleanup	1	{'items':0,'items_completed':0,'items_pending':0,'suppressed':0}
2afe19975e46	2026-07-26	2026-07-26 21:42:47	2026-07-26 21:42:47.608629	Phase	ca	ca_soak_ch1	9bf79426d130714470a5b2234a94d187	Scheduled	0	Unknown	0	0	0	0	0	0	0	0	0	0	0	0		{'CasRefCleanupObjectsDeleted':258,'CasRootDelete':258,'CasRootHead':258,'ContextLock':258,'DiskConnectionsCreated':5,'DiskConnectionsElapsedMicroseconds':353,'DiskConnectionsExpired':5,'DiskConnectionsPreserved':511,'DiskConnectionsReused':511,'DiskS3DeleteObjects':258,'DiskS3HeadObject':258,'DiskS3ReadMicroseconds':35264,'DiskS3ReadRequestsCount':258,'DiskS3WriteMicroseconds':106386,'DiskS3WriteRequestAttempts':258,'DiskS3WriteRequestsCount':258,'MemoryAllocatedWithoutCheck':1032,'MemoryAllocatedWithoutCheckBytes':1122816,'S3HeadObject':258,'S3ReadMicroseconds':35264,'S3ReadRequestsCount':258,'S3WriteMicroseconds':106386,'S3WriteRequestAttempts':258,'S3WriteRequestsCount':258}	4adb91b1ea43a75789635e46d9357357	ref_object_cleanup	172260	{'namespaces_planned':2,'suppressed':0,'trim_enabled':1}
2afe19975e46	2026-07-26	2026-07-26 21:42:48	2026-07-26 21:42:48.836272	Start	ca	ca_soak_ch1	9bf79426d130714470a5b2234a94d187	Manual	0	Unknown	0	0	0	0	0	0	0	0	0	0	0	0		{}	b70b17165e432099ebaee6325b60e0ce		0	{}
2afe19975e46	2026-07-26	2026-07-26 21:42:48	2026-07-26 21:42:48.836255	Finish	ca	ca_soak_ch1	9bf79426d130714470a5b2234a94d187	Scheduled	11	Success	0	2391	0	0	0	3276	0	0	2391	0	0	8758		{'AsyncLoggingFileLogTotalMessages':2000,'AsyncLoggingTextLogTotalMessages':2000,'CasBlobDelete':2391,'CasConditionalWriteAttempts':7,'CasConditionalWriteCommitted':7,'CasGcCas':4,'CasGcDelete':3,'CasGcEnumerationPages':6,'CasGcGet':3011,'CasGcGetStream':1,'CasGcList':2,'CasGcPut':3,'CasGcRetiredRedeleted':2391,'CasManifestDelete':3340,'CasManifestGet':5460,'CasManifestHead':5460,'CasManifestList':1,'CasRefCleanupObjectsDeleted':258,'CasRefEmittedEdges':5460,'CasRefGlobalListPages':1,'CasRefLogBodyGets':125,'CasRefManifestBodyFoldGets':5460,'CasRootDelete':258,'CasRootGet':311,'CasRootHead':258,'CasRootList':4,'ContextLock':58548,'ContextLockWaitMicroseconds':6,'DiskConnectionsCreated':229,'DiskConnectionsElapsedMicroseconds':14072,'DiskConnectionsExpired':347,'DiskConnectionsPreserved':26929,'DiskConnectionsReused':27047,'DiskS3DeleteObjects':5992,'DiskS3GetObject':6783,'DiskS3HeadObject':14501,'DiskS3ReadMicroseconds':2969944,'DiskS3ReadRequestsCount':21284,'DiskS3ReadRequestsErrors':2000,'DiskS3WriteMicroseconds':3388716,'DiskS3WriteRequestAttempts':5992,'DiskS3WriteRequestsCount':5992,'GlobalThreadPoolJobs':7,'IOBufferAllocBytes':77439933,'IOBufferAllocs':6792,'LocalThreadPoolExpansions':7,'LocalThreadPoolJobs':2407,'LocalThreadPoolShrinks':7,'LocalThreadPoolThreadCreationMicroseconds':24,'LogDebug':2000,'LogTrace':21,'LoggerElapsedNanoseconds':6742288,'MemoryAllocatedWithoutCheck':54324,'MemoryAllocatedWithoutCheckBytes':69073114,'QueryProfilerRuns':1,'ReadBufferFromS3Bytes':42665679,'ReadBufferFromS3InitMicroseconds':1560814,'ReadBufferFromS3Microseconds':1575992,'S3GetObject':6783,'S3HeadObject':14501,'S3ReadMicroseconds':2969944,'S3ReadRequestsCount':21284,'S3ReadRequestsErrors':2000,'S3WriteMicroseconds':3388716,'S3WriteRequestAttempts':5992,'S3WriteRequestsCount':5992,'WriteBufferFromS3Bytes':837840}	4adb91b1ea43a75789635e46d9357357		0	{}
2afe19975e46	2026-07-26	2026-07-26 21:42:48	2026-07-26 21:42:48.835808	Phase	ca	ca_soak_ch1	9bf79426d130714470a5b2234a94d187	Scheduled	0	Unknown	0	0	0	0	0	0	0	0	0	0	0	0		{'AsyncLoggingFileLogTotalMessages':2000,'AsyncLoggingTextLogTotalMessages':2000,'CasConditionalWriteAttempts':1,'CasConditionalWriteCommitted':1,'CasGcCas':1,'CasGcEnumerationPages':3,'CasGcGet':3002,'CasManifestDelete':64,'CasManifestList':1,'CasRootGet':186,'CasRootList':2,'ContextLock':4881,'ContextLockWaitMicroseconds':1,'DiskConnectionsCreated':44,'DiskConnectionsElapsedMicroseconds':2316,'DiskConnectionsExpired':44,'DiskConnectionsPreserved':4396,'DiskConnectionsReused':4396,'DiskS3DeleteObjects':64,'DiskS3GetObject':1188,'DiskS3HeadObject':3188,'DiskS3ReadMicroseconds':504713,'DiskS3ReadRequestsCount':4376,'DiskS3ReadRequestsErrors':2000,'DiskS3WriteMicroseconds':27717,'DiskS3WriteRequestAttempts':64,'DiskS3WriteRequestsCount':64,'GlobalThreadPoolJobs':3,'IOBufferAllocBytes':6349216,'IOBufferAllocs':1189,'LocalThreadPoolExpansions':3,'LocalThreadPoolJobs':6,'LocalThreadPoolShrinks':3,'LocalThreadPoolThreadCreationMicroseconds':11,'LogDebug':2000,'LogTrace':3,'LoggerElapsedNanoseconds':6742288,'MemoryAllocatedWithoutCheck':8882,'MemoryAllocatedWithoutCheckBytes':10265536,'ReadBufferFromS3Bytes':359685,'ReadBufferFromS3InitMicroseconds':254717,'ReadBufferFromS3Microseconds':256578,'S3GetObject':1188,'S3HeadObject':3188,'S3ReadMicroseconds':504713,'S3ReadRequestsCount':4376,'S3ReadRequestsErrors':2000,'S3WriteMicroseconds':27717,'S3WriteRequestAttempts':64,'S3WriteRequestsCount':64,'WriteBufferFromS3Bytes':272}	4adb91b1ea43a75789635e46d9357357	orphan_sweep	1227154	{'cursor_advanced':1,'list_budget_keys':1000}
2afe19975e46	2026-07-26	2026-07-26 21:42:48	2026-07-26 21:42:48.844777	Phase	ca	ca_soak_ch1	9bf79426d130714470a5b2234a94d187	Manual	0	Unknown	0	0	0	0	0	0	0	0	0	0	0	0		{'CasConditionalWriteAttempts':1,'CasConditionalWriteCommitted':1,'CasGcCas':1,'CasGcGet':1,'ContextLock':5,'DiskConnectionsPreserved':2,'DiskConnectionsReused':2,'DiskS3GetObject':1,'DiskS3HeadObject':1,'DiskS3ReadMicroseconds':406,'DiskS3ReadRequestsCount':2,'IOBufferAllocBytes':1053070,'IOBufferAllocs':2,'LocalThreadPoolJobs':1,'LogTrace':3,'MemoryAllocatedWithoutCheck':4,'MemoryAllocatedWithoutCheckBytes':4352,'QueryProfilerRuns':1,'ReadBufferFromS3Bytes':272,'ReadBufferFromS3InitMicroseconds':271,'ReadBufferFromS3Microseconds':274,'S3GetObject':1,'S3HeadObject':1,'S3ReadMicroseconds':406,'S3ReadRequestsCount':2,'WriteBufferFromS3Bytes':272}	b70b17165e432099ebaee6325b60e0ce	lease	8488	{'acquired':1,'steal_allowed':0}
2afe19975e46	2026-07-26	2026-07-26 21:42:48	2026-07-26 21:42:48.848403	Phase	ca	ca_soak_ch1	9bf79426d130714470a5b2234a94d187	Manual	0	Unknown	0	0	0	0	0	0	0	0	0	0	0	0		{'CasGcGet':2,'CasGcList':1,'ContextLock':9,'DiskConnectionsPreserved':4,'DiskConnectionsReused':4,'DiskS3GetObject':2,'DiskS3HeadObject':2,'DiskS3ReadMicroseconds':698,'DiskS3ReadRequestsCount':4,'GlobalThreadPoolJobs':1,'IOBufferAllocBytes':8694,'IOBufferAllocs':2,'LocalThreadPoolExpansions':1,'LocalThreadPoolJobs':1,'LocalThreadPoolShrinks':1,'LocalThreadPoolThreadCreationMicroseconds':3,'MemoryAllocatedWithoutCheck':8,'MemoryAllocatedWithoutCheckBytes':8704,'ReadBufferFromS3Bytes':376,'ReadBufferFromS3InitMicroseconds':512,'ReadBufferFromS3Microseconds':516,'S3GetObject':2,'S3HeadObject':2,'S3ReadMicroseconds':698,'S3ReadRequestsCount':4}	b70b17165e432099ebaee6325b60e0ce	heartbeat_floor	2060	{'already_fenced':0,'fenced_now':0,'live':2,'terminated':0}
2afe19975e46	2026-07-26	2026-07-26 21:42:48	2026-07-26 21:42:48.875147	Phase	ca	ca_soak_ch1	9bf79426d130714470a5b2234a94d187	Manual	0	Unknown	0	0	0	0	0	0	0	0	0	0	0	0		{'CasGcEnumerationPages':1,'CasGcGet':2,'CasRootList':1,'ContextLock':8,'DiskConnectionsPreserved':4,'DiskConnectionsReused':4,'DiskS3GetObject':2,'DiskS3HeadObject':2,'DiskS3ReadMicroseconds':537,'DiskS3ReadRequestsCount':4,'GlobalThreadPoolJobs':1,'IOBufferAllocBytes':9376,'IOBufferAllocs':2,'LocalThreadPoolExpansions':1,'LocalThreadPoolJobs':1,'LocalThreadPoolShrinks':1,'LocalThreadPoolThreadCreationMicroseconds':2,'MemoryAllocatedWithoutCheck':8,'MemoryAllocatedWithoutCheckBytes':8704,'QueryProfilerRuns':4,'QueryProfilerSignalOverruns':2,'ReadBufferFromS3Bytes':1058,'ReadBufferFromS3InitMicroseconds':407,'ReadBufferFromS3Microseconds':409,'S3GetObject':2,'S3HeadObject':2,'S3ReadMicroseconds':537,'S3ReadRequestsCount':4}	b70b17165e432099ebaee6325b60e0ce	defer_decision	26732	{'changed_shards':1,'deferred':0,'fold_seal_reads':2,'graduation_due':0,'namespaces_seen':2,'ref_log_keys_listed':328,'rounds_deferred_before':0}
2afe19975e46	2026-07-26	2026-07-26 21:42:48	2026-07-26 21:42:48.875829	Phase	ca	ca_soak_ch1	9bf79426d130714470a5b2234a94d187	Manual	0	Unknown	0	0	0	0	0	0	0	0	0	0	0	0		{'CasGcGet':1,'ContextLock':4,'DiskConnectionsPreserved':2,'DiskConnectionsReused':2,'DiskS3GetObject':1,'DiskS3HeadObject':1,'DiskS3ReadMicroseconds':468,'DiskS3ReadRequestsCount':2,'IOBufferAllocBytes':4688,'IOBufferAllocs':1,'MemoryAllocatedWithoutCheck':4,'MemoryAllocatedWithoutCheckBytes':4352,'ReadBufferFromS3Bytes':529,'ReadBufferFromS3InitMicroseconds':315,'ReadBufferFromS3Microseconds':317,'S3GetObject':1,'S3HeadObject':1,'S3ReadMicroseconds':468,'S3ReadRequestsCount':2}	b70b17165e432099ebaee6325b60e0ce	parent_seal_read	671	{'parent_runs':1}
2afe19975e46	2026-07-26	2026-07-26 21:42:48	2026-07-26 21:42:48.902551	Phase	ca	ca_soak_ch1	9bf79426d130714470a5b2234a94d187	Manual	0	Unknown	0	0	0	0	0	0	0	0	0	0	0	0		{'CasGcEnumerationPages':1,'CasRefGlobalListPages':1,'CasRootList':1,'GlobalThreadPoolJobs':1,'LocalThreadPoolExpansions':1,'LocalThreadPoolJobs':1,'LocalThreadPoolShrinks':1,'LocalThreadPoolThreadCreationMicroseconds':2,'QueryProfilerRuns':3}	b70b17165e432099ebaee6325b60e0ce	fold_ref_list	26714	{'namespaces_seen':2,'probe_a_holes':0,'ref_folding_aborted':0,'ref_keys_listed':331}
2afe19975e46	2026-07-26	2026-07-26 21:42:48	2026-07-26 21:42:48.904225	Phase	ca	ca_soak_ch1	9bf79426d130714470a5b2234a94d187	Manual	0	Unknown	0	0	0	0	0	0	0	0	0	0	0	0		{'CasGcGet':2,'ContextLock':8,'DiskConnectionsPreserved':4,'DiskConnectionsReused':4,'DiskS3GetObject':2,'DiskS3HeadObject':2,'DiskS3ReadMicroseconds':1207,'DiskS3ReadRequestsCount':4,'IOBufferAllocBytes':9376,'IOBufferAllocs':2,'MemoryAllocatedWithoutCheck':8,'MemoryAllocatedWithoutCheckBytes':8704,'ReadBufferFromS3Bytes':1058,'ReadBufferFromS3InitMicroseconds':710,'ReadBufferFromS3Microseconds':717,'S3GetObject':2,'S3HeadObject':2,'S3ReadMicroseconds':1207,'S3ReadRequestsCount':4}	b70b17165e432099ebaee6325b60e0ce	fold_seal_read	1661	{'ns_cleanup_items':0,'parent_cursors':2,'parent_runs':1,'redundant_reads':1,'seal_reads':2}
2afe19975e46	2026-07-26	2026-07-26 21:42:52	2026-07-26 21:42:52.748791	Phase	ca	ca_soak_ch1	9bf79426d130714470a5b2234a94d187	Manual	0	Unknown	0	0	0	0	0	0	0	0	0	0	0	0		{'CasManifestGet':6015,'CasManifestHead':6015,'CasRefEmittedEdges':6015,'CasRefLogBodyGets':138,'CasRefManifestBodyFoldGets':6015,'CasRootGet':138,'ContextLock':46266,'ContextLockWaitMicroseconds':44,'DiskConnectionsCreated':182,'DiskConnectionsElapsedMicroseconds':10953,'DiskConnectionsExpired':184,'DiskConnectionsPreserved':18137,'DiskConnectionsReused':18139,'DiskS3GetObject':6153,'DiskS3HeadObject':12168,'DiskS3ReadMicroseconds':2615470,'DiskS3ReadRequestsCount':18321,'IOBufferAllocBytes':72099578,'IOBufferAllocs':6153,'MemoryAllocatedWithoutCheck':36639,'MemoryAllocatedWithoutCheckBytes':44973952,'QueryProfilerRuns':539,'ReadBufferFromS3Bytes':46509251,'ReadBufferFromS3InitMicroseconds':1398910,'ReadBufferFromS3Microseconds':1412463,'S3GetObject':6153,'S3HeadObject':12168,'S3ReadMicroseconds':2615470,'S3ReadRequestsCount':18321}	b70b17165e432099ebaee6325b60e0ce	fold_ref_intake	3844550	{'dead_precommits_skipped':0,'deltas_emitted':21654,'logs_applied':138,'logs_intended':138,'namespace_removals':0,'ref_folding_aborted':0,'tables_changed':1,'tables_clamped':0,'tables_scanned':2,'txns_opened':138}
2afe19975e46	2026-07-26	2026-07-26 21:42:52	2026-07-26 21:42:52.748800	Phase	ca	ca_soak_ch1	9bf79426d130714470a5b2234a94d187	Manual	0	Unknown	0	0	0	0	0	0	0	0	0	0	0	0		{}	b70b17165e432099ebaee6325b60e0ce	fold_ns_cleanup_scan	1	{'items_added':0,'items_carried':0,'items_completed_now':0,'items_final':0,'items_scanned':0}
2afe19975e46	2026-07-26	2026-07-26 21:42:53	2026-07-26 21:42:53.473164	Phase	ca	ca_soak_ch1	9bf79426d130714470a5b2234a94d187	Manual	0	Unknown	0	0	0	0	0	0	0	0	0	0	0	0		{'CasBlobHead':2396,'CasConditionalWriteAttempts':1,'CasConditionalWriteCommitted':1,'CasGcGetStream':1,'CasGcPut':1,'CasGcRetiredCondemned':2396,'ContextLock':7193,'ContextLockWaitMicroseconds':2,'DiskConnectionsCreated':17,'DiskConnectionsElapsedMicroseconds':1182,'DiskConnectionsExpired':22,'DiskConnectionsPreserved':2376,'DiskConnectionsReused':2381,'DiskS3GetObject':1,'DiskS3HeadObject':2397,'DiskS3ReadMicroseconds':477555,'DiskS3ReadRequestsCount':2398,'IOBufferAllocBytes':1804239,'IOBufferAllocs':4,'LocalThreadPoolJobs':2397,'LogTrace':3,'MemoryAllocatedWithoutCheck':4787,'MemoryAllocatedWithoutCheckBytes':12182656,'QueryProfilerRuns':104,'ReadBufferFromS3Bytes':747219,'ReadBufferFromS3InitMicroseconds':1062,'ReadBufferFromS3Microseconds':1216,'S3GetObject':1,'S3HeadObject':2397,'S3ReadMicroseconds':477555,'S3ReadRequestsCount':2398,'WriteBufferFromS3Bytes':552861}	b70b17165e432099ebaee6325b60e0ce	fold_reduce	724347	{'condemned':2396,'deltas_in':21654,'graduated':0,'redelete_pending':0,'runs_written':1,'shards_pure_carry':0,'shards_reduced':1,'shards_total':1,'spared':0,'suppress_destructive':0,'txns_unapplied':0,'unmatched_removes':0}
2afe19975e46	2026-07-26	2026-07-26 21:42:53	2026-07-26 21:42:53.473700	Phase	ca	ca_soak_ch1	9bf79426d130714470a5b2234a94d187	Manual	0	Unknown	0	0	0	0	0	0	0	0	0	0	0	0		{'CasConditionalWriteAttempts':1,'CasConditionalWriteCommitted':1,'CasGcPut':1,'ContextLock':1,'IOBufferAllocBytes':1048639,'IOBufferAllocs':1,'LocalThreadPoolJobs':1,'LogTrace':3,'WriteBufferFromS3Bytes':514}	b70b17165e432099ebaee6325b60e0ce	fold_seal_write	528	{'ns_cleanup_items':0,'seal_bytes':514,'seal_namespaces':2,'seal_runs':1}
2afe19975e46	2026-07-26	2026-07-26 21:42:53	2026-07-26 21:42:53.473728	Phase	ca	ca_soak_ch1	9bf79426d130714470a5b2234a94d187	Manual	0	Unknown	0	0	0	0	0	0	0	0	0	0	0	0		{}	b70b17165e432099ebaee6325b60e0ce	pending_deletes	2	{'absent':0,'deleted':0,'graduated':0,'outcome_logs_written':0,'redeleted':0,'replaced':0,'spared':0}
2afe19975e46	2026-07-26	2026-07-26 21:42:53	2026-07-26 21:42:53.473731	Phase	ca	ca_soak_ch1	9bf79426d130714470a5b2234a94d187	Manual	0	Unknown	0	0	0	0	0	0	0	0	0	0	0	0		{}	b70b17165e432099ebaee6325b60e0ce	meta_pool_wait	1	{'jobs_completed':2396,'jobs_completed_on_entry':2396,'jobs_scheduled':2396}
2afe19975e46	2026-07-26	2026-07-26 21:42:53	2026-07-26 21:42:53.477513	Phase	ca	ca_soak_ch1	9bf79426d130714470a5b2234a94d187	Manual	0	Unknown	0	0	0	0	0	0	0	0	0	0	0	0		{'CasConditionalWriteAttempts':1,'CasConditionalWriteCommitted':1,'CasGcCas':1,'CasGcDelete':3,'CasGcEnumerationPages':1,'CasGcList':1,'ContextLock':4,'DiskConnectionsPreserved':3,'DiskConnectionsReused':3,'DiskS3DeleteObjects':3,'DiskS3WriteMicroseconds':1511,'DiskS3WriteRequestAttempts':3,'DiskS3WriteRequestsCount':3,'GlobalThreadPoolJobs':1,'IOBufferAllocBytes':1048639,'IOBufferAllocs':1,'LocalThreadPoolExpansions':1,'LocalThreadPoolJobs':2,'LocalThreadPoolShrinks':1,'LocalThreadPoolThreadCreationMicroseconds':4,'LogTrace':3,'MemoryAllocatedWithoutCheck':6,'MemoryAllocatedWithoutCheckBytes':6528,'S3WriteMicroseconds':1511,'S3WriteRequestAttempts':3,'S3WriteRequestsCount':3,'WriteBufferFromS3Bytes':272}	b70b17165e432099ebaee6325b60e0ce	round_commit	3771	{'generation':12,'generations_referenced':2,'generations_visited':1,'pruned_through':9,'round':12}
2afe19975e46	2026-07-26	2026-07-26 21:42:53	2026-07-26 21:42:53.477520	Phase	ca	ca_soak_ch1	9bf79426d130714470a5b2234a94d187	Manual	0	Unknown	0	0	0	0	0	0	0	0	0	0	0	0		{}	b70b17165e432099ebaee6325b60e0ce	handoff_reclaim	1	{'generations_reclaimed':0,'objects_reclaimed':0}
2afe19975e46	2026-07-26	2026-07-26 21:42:55	2026-07-26 21:42:55.174453	Phase	ca	ca_soak_ch1	9bf79426d130714470a5b2234a94d187	Manual	0	Unknown	0	0	0	0	0	0	0	0	0	0	0	0		{'CasManifestDelete':3609,'ContextLock':7218,'ContextLockWaitMicroseconds':1,'DiskConnectionsCreated':32,'DiskConnectionsElapsedMicroseconds':2244,'DiskConnectionsExpired':38,'DiskConnectionsPreserved':3571,'DiskConnectionsReused':3577,'DiskS3DeleteObjects':3609,'DiskS3WriteMicroseconds':1470808,'DiskS3WriteRequestAttempts':3609,'DiskS3WriteRequestsCount':3609,'MemoryAllocatedWithoutCheck':7206,'MemoryAllocatedWithoutCheckBytes':7840128,'QueryProfilerRuns':199,'S3WriteMicroseconds':1470808,'S3WriteRequestAttempts':3609,'S3WriteRequestsCount':3609}	b70b17165e432099ebaee6325b60e0ce	manifest_deletes	1696918	{'attempted':3609,'deleted':3609}
2afe19975e46	2026-07-26	2026-07-26 21:42:55	2026-07-26 21:42:55.174458	Phase	ca	ca_soak_ch1	9bf79426d130714470a5b2234a94d187	Manual	0	Unknown	0	0	0	0	0	0	0	0	0	0	0	0		{}	b70b17165e432099ebaee6325b60e0ce	namespace_cleanup	1	{'items':0,'items_completed':0,'items_pending':0,'suppressed':0}
2afe19975e46	2026-07-26	2026-07-26 21:42:55	2026-07-26 21:42:55.341824	Phase	ca	ca_soak_ch1	9bf79426d130714470a5b2234a94d187	Manual	0	Unknown	0	0	0	0	0	0	0	0	0	0	0	0		{'CasRefCleanupObjectsDeleted':258,'CasRootDelete':258,'CasRootHead':258,'ContextLock':258,'DiskConnectionsCreated':5,'DiskConnectionsElapsedMicroseconds':339,'DiskConnectionsExpired':5,'DiskConnectionsPreserved':511,'DiskConnectionsReused':511,'DiskS3DeleteObjects':258,'DiskS3HeadObject':258,'DiskS3ReadMicroseconds':32810,'DiskS3ReadRequestsCount':258,'DiskS3WriteMicroseconds':107615,'DiskS3WriteRequestAttempts':258,'DiskS3WriteRequestsCount':258,'MemoryAllocatedWithoutCheck':1032,'MemoryAllocatedWithoutCheckBytes':1122816,'QueryProfilerRuns':21,'S3HeadObject':258,'S3ReadMicroseconds':32810,'S3ReadRequestsCount':258,'S3WriteMicroseconds':107615,'S3WriteRequestAttempts':258,'S3WriteRequestsCount':258}	b70b17165e432099ebaee6325b60e0ce	ref_object_cleanup	167349	{'namespaces_planned':2,'suppressed':0,'trim_enabled':1}
2afe19975e46	2026-07-26	2026-07-26 21:42:55	2026-07-26 21:42:55.449353	Phase	ca	ca_soak_ch1	9bf79426d130714470a5b2234a94d187	Manual	0	Unknown	0	0	0	0	0	0	0	0	0	0	0	0		{'AsyncLoggingFileLogTotalMessages':166,'AsyncLoggingTextLogTotalMessages':166,'CasConditionalWriteAttempts':1,'CasConditionalWriteCommitted':1,'CasGcCas':1,'CasGcEnumerationPages':3,'CasGcGet':251,'CasManifestList':1,'CasRootGet':25,'CasRootList':2,'ContextLock':441,'DiskConnectionsCreated':4,'DiskConnectionsElapsedMicroseconds':291,'DiskConnectionsExpired':4,'DiskConnectionsPreserved':382,'DiskConnectionsReused':382,'DiskS3GetObject':110,'DiskS3HeadObject':276,'DiskS3ReadMicroseconds':52539,'DiskS3ReadRequestsCount':386,'DiskS3ReadRequestsErrors':166,'GlobalThreadPoolJobs':3,'IOBufferAllocBytes':1543796,'IOBufferAllocs':111,'LocalThreadPoolExpansions':3,'LocalThreadPoolJobs':4,'LocalThreadPoolShrinks':3,'LocalThreadPoolThreadCreationMicroseconds':11,'LogDebug':166,'LogTrace':3,'LoggerElapsedNanoseconds':575641,'MemoryAllocatedWithoutCheck':772,'MemoryAllocatedWithoutCheckBytes':839936,'QueryProfilerRuns':13,'ReadBufferFromS3Bytes':37667,'ReadBufferFromS3InitMicroseconds':26824,'ReadBufferFromS3Microseconds':27019,'S3GetObject':110,'S3HeadObject':276,'S3ReadMicroseconds':52539,'S3ReadRequestsCount':386,'S3ReadRequestsErrors':166,'WriteBufferFromS3Bytes':140}	b70b17165e432099ebaee6325b60e0ce	orphan_sweep	107508	{'cursor_advanced':1,'list_budget_keys':1000}
2afe19975e46	2026-07-26	2026-07-26 21:42:55	2026-07-26 21:42:55.449690	Finish	ca	ca_soak_ch1	9bf79426d130714470a5b2234a94d187	Manual	12	Success	2396	0	0	0	0	3609	2396	0	0	0	0	6613		{'AsyncLoggingFileLogTotalMessages':166,'AsyncLoggingTextLogTotalMessages':166,'CasBlobHead':2396,'CasConditionalWriteAttempts':6,'CasConditionalWriteCommitted':6,'CasGcCas':4,'CasGcDelete':3,'CasGcEnumerationPages':6,'CasGcGet':260,'CasGcGetStream':1,'CasGcList':2,'CasGcPut':2,'CasGcRetiredCondemned':2396,'CasManifestDelete':3609,'CasManifestGet':6015,'CasManifestHead':6015,'CasManifestList':1,'CasRefCleanupObjectsDeleted':258,'CasRefEmittedEdges':6015,'CasRefGlobalListPages':1,'CasRefLogBodyGets':138,'CasRefManifestBodyFoldGets':6015,'CasRootDelete':258,'CasRootGet':163,'CasRootHead':258,'CasRootList':4,'ContextLock':61440,'ContextLockWaitMicroseconds':47,'DiskConnectionsCreated':240,'DiskConnectionsElapsedMicroseconds':15009,'DiskConnectionsExpired':253,'DiskConnectionsPreserved':24998,'DiskConnectionsReused':25011,'DiskS3DeleteObjects':3870,'DiskS3GetObject':6273,'DiskS3HeadObject':15108,'DiskS3ReadMicroseconds':3182172,'DiskS3ReadRequestsCount':21381,'DiskS3ReadRequestsErrors':166,'DiskS3WriteMicroseconds':1579934,'DiskS3WriteRequestAttempts':3870,'DiskS3WriteRequestsCount':3870,'GlobalThreadPoolJobs':7,'IOBufferAllocBytes':79682974,'IOBufferAllocs':6281,'LocalThreadPoolExpansions':7,'LocalThreadPoolJobs':2409,'LocalThreadPoolShrinks':7,'LocalThreadPoolThreadCreationMicroseconds':22,'LogDebug':166,'LogTrace':18,'LoggerElapsedNanoseconds':575641,'MemoryAllocatedWithoutCheck':50478,'MemoryAllocatedWithoutCheckBytes':67005184,'QueryProfilerRuns':884,'QueryProfilerSignalOverruns':2,'ReadBufferFromS3Bytes':47297511,'ReadBufferFromS3InitMicroseconds':1429338,'ReadBufferFromS3Microseconds':1443260,'S3GetObject':6273,'S3HeadObject':15108,'S3ReadMicroseconds':3182172,'S3ReadRequestsCount':21381,'S3ReadRequestsErrors':166,'S3WriteMicroseconds':1579934,'S3WriteRequestAttempts':3870,'S3WriteRequestsCount':3870,'WriteBufferFromS3Bytes':554140}	b70b17165e432099ebaee6325b60e0ce		0	{}
2afe19975e46	2026-07-26	2026-07-26 21:42:58	2026-07-26 21:42:58.873352	Phase	ca	ca_soak_ch1	9bf79426d130714470a5b2234a94d187	Scheduled	0	Unknown	0	0	0	0	0	0	0	0	0	0	0	0		{'CasConditionalWriteAttempts':1,'CasConditionalWriteCommitted':1,'CasGcCas':1,'CasGcDelete':3,'CasGcEnumerationPages':1,'CasGcList':1,'ContextLock':4,'DiskConnectionsPreserved':3,'DiskConnectionsReused':3,'DiskS3DeleteObjects':3,'DiskS3WriteMicroseconds':1546,'DiskS3WriteRequestAttempts':3,'DiskS3WriteRequestsCount':3,'GlobalThreadPoolJobs':1,'IOBufferAllocBytes':1048639,'IOBufferAllocs':1,'LocalThreadPoolExpansions':1,'LocalThreadPoolJobs':2,'LocalThreadPoolShrinks':1,'LocalThreadPoolThreadCreationMicroseconds':2,'LogTrace':3,'MemoryAllocatedWithoutCheck':6,'MemoryAllocatedWithoutCheckBytes':6528,'S3WriteMicroseconds':1546,'S3WriteRequestAttempts':3,'S3WriteRequestsCount':3,'WriteBufferFromS3Bytes':141}	f6b57820eb8ba3379e5f28e744ff1506	round_commit	4160	{'generation':13,'generations_referenced':2,'generations_visited':1,'pruned_through':10,'round':13}
2afe19975e46	2026-07-26	2026-07-26 21:42:58	2026-07-26 21:42:58.838539	Phase	ca	ca_soak_ch1	9bf79426d130714470a5b2234a94d187	Scheduled	0	Unknown	0	0	0	0	0	0	0	0	0	0	0	0		{'CasConditionalWriteAttempts':1,'CasConditionalWriteCommitted':1,'CasGcCas':1,'CasGcGet':1,'ContextLock':5,'DiskConnectionsPreserved':2,'DiskConnectionsReused':2,'DiskS3GetObject':1,'DiskS3HeadObject':1,'DiskS3ReadMicroseconds':671,'DiskS3ReadRequestsCount':2,'IOBufferAllocBytes':1052938,'IOBufferAllocs':2,'LocalThreadPoolJobs':1,'LogTrace':3,'MemoryAllocatedWithoutCheck':4,'MemoryAllocatedWithoutCheckBytes':4352,'ReadBufferFromS3Bytes':140,'ReadBufferFromS3InitMicroseconds':416,'ReadBufferFromS3Microseconds':422,'S3GetObject':1,'S3HeadObject':1,'S3ReadMicroseconds':671,'S3ReadRequestsCount':2,'WriteBufferFromS3Bytes':140}	f6b57820eb8ba3379e5f28e744ff1506	lease	2191	{'acquired':1,'steal_allowed':1}
2afe19975e46	2026-07-26	2026-07-26 21:42:58	2026-07-26 21:42:58.842602	Phase	ca	ca_soak_ch1	9bf79426d130714470a5b2234a94d187	Scheduled	0	Unknown	0	0	0	0	0	0	0	0	0	0	0	0		{'CasGcGet':2,'CasGcList':1,'ContextLock':9,'DiskConnectionsPreserved':4,'DiskConnectionsReused':4,'DiskS3GetObject':2,'DiskS3HeadObject':2,'DiskS3ReadMicroseconds':912,'DiskS3ReadRequestsCount':4,'GlobalThreadPoolJobs':1,'IOBufferAllocBytes':8694,'IOBufferAllocs':2,'LocalThreadPoolExpansions':1,'LocalThreadPoolJobs':1,'LocalThreadPoolShrinks':1,'LocalThreadPoolThreadCreationMicroseconds':4,'MemoryAllocatedWithoutCheck':8,'MemoryAllocatedWithoutCheckBytes':8704,'ReadBufferFromS3Bytes':376,'ReadBufferFromS3InitMicroseconds':698,'ReadBufferFromS3Microseconds':703,'S3GetObject':2,'S3HeadObject':2,'S3ReadMicroseconds':912,'S3ReadRequestsCount':4}	f6b57820eb8ba3379e5f28e744ff1506	heartbeat_floor	2314	{'already_fenced':0,'fenced_now':0,'live':2,'terminated':0}
2afe19975e46	2026-07-26	2026-07-26 21:42:58	2026-07-26 21:42:58.850287	Phase	ca	ca_soak_ch1	9bf79426d130714470a5b2234a94d187	Scheduled	0	Unknown	0	0	0	0	0	0	0	0	0	0	0	0		{'CasGcEnumerationPages':1,'CasGcGet':2,'CasRootList':1,'ContextLock':8,'DiskConnectionsPreserved':4,'DiskConnectionsReused':4,'DiskS3GetObject':2,'DiskS3HeadObject':2,'DiskS3ReadMicroseconds':727,'DiskS3ReadRequestsCount':4,'GlobalThreadPoolJobs':1,'IOBufferAllocBytes':9346,'IOBufferAllocs':2,'LocalThreadPoolExpansions':1,'LocalThreadPoolJobs':1,'LocalThreadPoolShrinks':1,'LocalThreadPoolThreadCreationMicroseconds':2,'MemoryAllocatedWithoutCheck':8,'MemoryAllocatedWithoutCheckBytes':8704,'ReadBufferFromS3Bytes':1028,'ReadBufferFromS3InitMicroseconds':495,'ReadBufferFromS3Microseconds':498,'S3GetObject':2,'S3HeadObject':2,'S3ReadMicroseconds':727,'S3ReadRequestsCount':4}	f6b57820eb8ba3379e5f28e744ff1506	defer_decision	7674	{'changed_shards':0,'deferred':0,'fold_seal_reads':2,'graduation_due':1,'namespaces_seen':2,'ref_log_keys_listed':71,'rounds_deferred_before':0}
2afe19975e46	2026-07-26	2026-07-26 21:42:58	2026-07-26 21:42:58.850945	Phase	ca	ca_soak_ch1	9bf79426d130714470a5b2234a94d187	Scheduled	0	Unknown	0	0	0	0	0	0	0	0	0	0	0	0		{'CasGcGet':1,'ContextLock':4,'DiskConnectionsPreserved':2,'DiskConnectionsReused':2,'DiskS3GetObject':1,'DiskS3HeadObject':1,'DiskS3ReadMicroseconds':431,'DiskS3ReadRequestsCount':2,'IOBufferAllocBytes':4673,'IOBufferAllocs':1,'MemoryAllocatedWithoutCheck':4,'MemoryAllocatedWithoutCheckBytes':4352,'ReadBufferFromS3Bytes':514,'ReadBufferFromS3InitMicroseconds':340,'ReadBufferFromS3Microseconds':343,'S3GetObject':1,'S3HeadObject':1,'S3ReadMicroseconds':431,'S3ReadRequestsCount':2}	f6b57820eb8ba3379e5f28e744ff1506	parent_seal_read	648	{'parent_runs':1}
2afe19975e46	2026-07-26	2026-07-26 21:42:58	2026-07-26 21:42:58.856661	Phase	ca	ca_soak_ch1	9bf79426d130714470a5b2234a94d187	Scheduled	0	Unknown	0	0	0	0	0	0	0	0	0	0	0	0		{'CasGcEnumerationPages':1,'CasRefGlobalListPages':1,'CasRootList':1,'GlobalThreadPoolJobs':1,'LocalThreadPoolExpansions':1,'LocalThreadPoolJobs':1,'LocalThreadPoolShrinks':1,'LocalThreadPoolThreadCreationMicroseconds':2}	f6b57820eb8ba3379e5f28e744ff1506	fold_ref_list	5711	{'namespaces_seen':2,'probe_a_holes':0,'ref_folding_aborted':0,'ref_keys_listed':73}
2afe19975e46	2026-07-26	2026-07-26 21:42:58	2026-07-26 21:42:58.858100	Phase	ca	ca_soak_ch1	9bf79426d130714470a5b2234a94d187	Scheduled	0	Unknown	0	0	0	0	0	0	0	0	0	0	0	0		{'CasGcGet':2,'ContextLock':8,'DiskConnectionsPreserved':4,'DiskConnectionsReused':4,'DiskS3GetObject':2,'DiskS3HeadObject':2,'DiskS3ReadMicroseconds':999,'DiskS3ReadRequestsCount':4,'IOBufferAllocBytes':9346,'IOBufferAllocs':2,'MemoryAllocatedWithoutCheck':8,'MemoryAllocatedWithoutCheckBytes':8704,'ReadBufferFromS3Bytes':1028,'ReadBufferFromS3InitMicroseconds':769,'ReadBufferFromS3Microseconds':775,'S3GetObject':2,'S3HeadObject':2,'S3ReadMicroseconds':999,'S3ReadRequestsCount':4}	f6b57820eb8ba3379e5f28e744ff1506	fold_seal_read	1418	{'ns_cleanup_items':0,'parent_cursors':2,'parent_runs':1,'redundant_reads':1,'seal_reads':2}
2afe19975e46	2026-07-26	2026-07-26 21:42:58	2026-07-26 21:42:58.858111	Phase	ca	ca_soak_ch1	9bf79426d130714470a5b2234a94d187	Scheduled	0	Unknown	0	0	0	0	0	0	0	0	0	0	0	0		{}	f6b57820eb8ba3379e5f28e744ff1506	fold_ref_intake	6	{'dead_precommits_skipped':0,'deltas_emitted':0,'logs_applied':0,'logs_intended':0,'namespace_removals':0,'ref_folding_aborted':0,'tables_changed':0,'tables_clamped':0,'tables_scanned':2,'txns_opened':0}
2afe19975e46	2026-07-26	2026-07-26 21:42:58	2026-07-26 21:42:58.858115	Phase	ca	ca_soak_ch1	9bf79426d130714470a5b2234a94d187	Scheduled	0	Unknown	0	0	0	0	0	0	0	0	0	0	0	0		{}	f6b57820eb8ba3379e5f28e744ff1506	fold_ns_cleanup_scan	1	{'items_added':0,'items_carried':0,'items_completed_now':0,'items_final':0,'items_scanned':0}
2afe19975e46	2026-07-26	2026-07-26 21:42:58	2026-07-26 21:42:58.867782	Phase	ca	ca_soak_ch1	9bf79426d130714470a5b2234a94d187	Scheduled	0	Unknown	0	0	0	0	0	0	0	0	0	0	0	0		{'CasConditionalWriteAttempts':1,'CasConditionalWriteCommitted':1,'CasGcGetStream':1,'CasGcPut':1,'ContextLock':5,'DiskConnectionsPreserved':2,'DiskConnectionsReused':2,'DiskS3GetObject':1,'DiskS3HeadObject':1,'DiskS3ReadMicroseconds':905,'DiskS3ReadRequestsCount':2,'IOBufferAllocBytes':1609881,'IOBufferAllocs':4,'LocalThreadPoolJobs':1,'LogTrace':3,'MemoryAllocatedWithoutCheck':6,'MemoryAllocatedWithoutCheckBytes':8680594,'ReadBufferFromS3Bytes':552861,'ReadBufferFromS3InitMicroseconds':805,'ReadBufferFromS3Microseconds':940,'S3GetObject':1,'S3HeadObject':1,'S3ReadMicroseconds':905,'S3ReadRequestsCount':2,'WriteBufferFromS3Bytes':548069}	f6b57820eb8ba3379e5f28e744ff1506	fold_reduce	9655	{'condemned':0,'deltas_in':0,'graduated':2396,'redelete_pending':0,'runs_written':1,'shards_pure_carry':0,'shards_reduced':1,'shards_total':1,'spared':0,'suppress_destructive':0,'txns_unapplied':0,'unmatched_removes':0}
2afe19975e46	2026-07-26	2026-07-26 21:42:58	2026-07-26 21:42:58.868429	Phase	ca	ca_soak_ch1	9bf79426d130714470a5b2234a94d187	Scheduled	0	Unknown	0	0	0	0	0	0	0	0	0	0	0	0		{'CasConditionalWriteAttempts':1,'CasConditionalWriteCommitted':1,'CasGcPut':1,'ContextLock':1,'IOBufferAllocBytes':1048639,'IOBufferAllocs':1,'LocalThreadPoolJobs':1,'LogTrace':3,'WriteBufferFromS3Bytes':535}	f6b57820eb8ba3379e5f28e744ff1506	fold_seal_write	642	{'ns_cleanup_items':0,'seal_bytes':535,'seal_namespaces':2,'seal_runs':1}
2afe19975e46	2026-07-26	2026-07-26 21:42:58	2026-07-26 21:42:58.869182	Phase	ca	ca_soak_ch1	9bf79426d130714470a5b2234a94d187	Scheduled	0	Unknown	0	0	0	0	0	0	0	0	0	0	0	0		{'CasGcRetiredGraduated':2396,'ContextLock':2396,'ContextLockWaitMicroseconds':1}	f6b57820eb8ba3379e5f28e744ff1506	pending_deletes	739	{'absent':0,'deleted':0,'graduated':2396,'outcome_logs_written':0,'redeleted':0,'replaced':0,'spared':0}
2afe19975e46	2026-07-26	2026-07-26 21:42:58	2026-07-26 21:42:58.869184	Phase	ca	ca_soak_ch1	9bf79426d130714470a5b2234a94d187	Scheduled	0	Unknown	0	0	0	0	0	0	0	0	0	0	0	0		{}	f6b57820eb8ba3379e5f28e744ff1506	meta_pool_wait	1	{'jobs_completed':0,'jobs_completed_on_entry':0,'jobs_scheduled':0}
2afe19975e46	2026-07-26	2026-07-26 21:42:58	2026-07-26 21:42:58.836325	Start	ca	ca_soak_ch1	9bf79426d130714470a5b2234a94d187	Scheduled	0	Unknown	0	0	0	0	0	0	0	0	0	0	0	0		{}	f6b57820eb8ba3379e5f28e744ff1506		0	{}
2afe19975e46	2026-07-26	2026-07-26 21:42:58	2026-07-26 21:42:58.873357	Phase	ca	ca_soak_ch1	9bf79426d130714470a5b2234a94d187	Scheduled	0	Unknown	0	0	0	0	0	0	0	0	0	0	0	0		{}	f6b57820eb8ba3379e5f28e744ff1506	handoff_reclaim	1	{'generations_reclaimed':0,'objects_reclaimed':0}
2afe19975e46	2026-07-26	2026-07-26 21:42:58	2026-07-26 21:42:58.873359	Phase	ca	ca_soak_ch1	9bf79426d130714470a5b2234a94d187	Scheduled	0	Unknown	0	0	0	0	0	0	0	0	0	0	0	0		{}	f6b57820eb8ba3379e5f28e744ff1506	manifest_deletes	0	{'attempted':0,'deleted':0}
2afe19975e46	2026-07-26	2026-07-26 21:42:58	2026-07-26 21:42:58.873361	Phase	ca	ca_soak_ch1	9bf79426d130714470a5b2234a94d187	Scheduled	0	Unknown	0	0	0	0	0	0	0	0	0	0	0	0		{}	f6b57820eb8ba3379e5f28e744ff1506	namespace_cleanup	1	{'items':0,'items_completed':0,'items_pending':0,'suppressed':0}
2afe19975e46	2026-07-26	2026-07-26 21:42:58	2026-07-26 21:42:58.873366	Phase	ca	ca_soak_ch1	9bf79426d130714470a5b2234a94d187	Scheduled	0	Unknown	0	0	0	0	0	0	0	0	0	0	0	0		{}	f6b57820eb8ba3379e5f28e744ff1506	ref_object_cleanup	3	{'namespaces_planned':2,'suppressed':0,'trim_enabled':1}
2afe19975e46	2026-07-26	2026-07-26 21:42:59	2026-07-26 21:42:59.074649	Phase	ca	ca_soak_ch1	9bf79426d130714470a5b2234a94d187	Scheduled	0	Unknown	0	0	0	0	0	0	0	0	0	0	0	0		{'AsyncLoggingFileLogTotalMessages':260,'AsyncLoggingTextLogTotalMessages':260,'CasGcEnumerationPages':5,'CasGcGet':394,'CasManifestList':1,'CasRootGet':73,'CasRootList':4,'ContextLock':828,'DiskConnectionsCreated':7,'DiskConnectionsElapsedMicroseconds':523,'DiskConnectionsExpired':7,'DiskConnectionsPreserved':667,'DiskConnectionsReused':667,'DiskS3GetObject':207,'DiskS3HeadObject':467,'DiskS3ReadMicroseconds':103892,'DiskS3ReadRequestsCount':674,'DiskS3ReadRequestsErrors':260,'GlobalThreadPoolJobs':5,'IOBufferAllocBytes':953901,'IOBufferAllocs':207,'LocalThreadPoolExpansions':5,'LocalThreadPoolJobs':5,'LocalThreadPoolShrinks':5,'LocalThreadPoolThreadCreationMicroseconds':17,'LogDebug':260,'LoggerElapsedNanoseconds':770921,'MemoryAllocatedWithoutCheck':1350,'MemoryAllocatedWithoutCheckBytes':6504036,'ReadBufferFromS3Bytes':92988,'ReadBufferFromS3InitMicroseconds':55332,'ReadBufferFromS3Microseconds':55741,'S3GetObject':207,'S3HeadObject':467,'S3ReadMicroseconds':103892,'S3ReadRequestsCount':674,'S3ReadRequestsErrors':260}	f6b57820eb8ba3379e5f28e744ff1506	orphan_sweep	201263	{'cursor_advanced':0,'list_budget_keys':1000}
2afe19975e46	2026-07-26	2026-07-26 21:42:59	2026-07-26 21:42:59.074751	Finish	ca	ca_soak_ch1	9bf79426d130714470a5b2234a94d187	Scheduled	13	Success	0	0	0	0	0	0	0	2396	0	0	0	238		{'AsyncLoggingFileLogTotalMessages':260,'AsyncLoggingTextLogTotalMessages':260,'CasConditionalWriteAttempts':5,'CasConditionalWriteCommitted':5,'CasGcCas':3,'CasGcDelete':3,'CasGcEnumerationPages':8,'CasGcGet':403,'CasGcGetStream':1,'CasGcList':2,'CasGcPut':2,'CasGcRetiredGraduated':2396,'CasManifestList':1,'CasRefGlobalListPages':1,'CasRootGet':73,'CasRootList':6,'ContextLock':3293,'ContextLockWaitMicroseconds':1,'DiskConnectionsCreated':7,'DiskConnectionsElapsedMicroseconds':523,'DiskConnectionsExpired':7,'DiskConnectionsPreserved':690,'DiskConnectionsReused':690,'DiskS3DeleteObjects':3,'DiskS3GetObject':217,'DiskS3HeadObject':477,'DiskS3ReadMicroseconds':108959,'DiskS3ReadRequestsCount':694,'DiskS3ReadRequestsErrors':260,'DiskS3WriteMicroseconds':1546,'DiskS3WriteRequestAttempts':3,'DiskS3WriteRequestsCount':3,'GlobalThreadPoolJobs':9,'IOBufferAllocBytes':6798936,'IOBufferAllocs':224,'LocalThreadPoolExpansions':9,'LocalThreadPoolJobs':14,'LocalThreadPoolShrinks':9,'LocalThreadPoolThreadCreationMicroseconds':27,'LogDebug':260,'LogTrace':15,'LoggerElapsedNanoseconds':770921,'MemoryAllocatedWithoutCheck':1398,'MemoryAllocatedWithoutCheckBytes':15230326,'ReadBufferFromS3Bytes':649016,'ReadBufferFromS3InitMicroseconds':59165,'ReadBufferFromS3Microseconds':59737,'S3GetObject':217,'S3HeadObject':477,'S3ReadMicroseconds':108959,'S3ReadRequestsCount':694,'S3ReadRequestsErrors':260,'S3WriteMicroseconds':1546,'S3WriteRequestAttempts':3,'S3WriteRequestsCount':3,'WriteBufferFromS3Bytes':548966}	f6b57820eb8ba3379e5f28e744ff1506		0	{}
2afe19975e46	2026-07-26	2026-07-26 21:43:00	2026-07-26 21:43:00.181128	Phase	ca	ca_soak_ch1	9bf79426d130714470a5b2234a94d187	Manual	0	Unknown	0	0	0	0	0	0	0	0	0	0	0	0		{'CasGcEnumerationPages':1,'CasGcGet':2,'CasRootList':1,'ContextLock':8,'DiskConnectionsPreserved':4,'DiskConnectionsReused':4,'DiskS3GetObject':2,'DiskS3HeadObject':2,'DiskS3ReadMicroseconds':769,'DiskS3ReadRequestsCount':4,'GlobalThreadPoolJobs':1,'IOBufferAllocBytes':9388,'IOBufferAllocs':2,'LocalThreadPoolExpansions':1,'LocalThreadPoolJobs':1,'LocalThreadPoolShrinks':1,'LocalThreadPoolThreadCreationMicroseconds':3,'MemoryAllocatedWithoutCheck':8,'MemoryAllocatedWithoutCheckBytes':8704,'ReadBufferFromS3Bytes':1070,'ReadBufferFromS3InitMicroseconds':586,'ReadBufferFromS3Microseconds':592,'S3GetObject':2,'S3HeadObject':2,'S3ReadMicroseconds':769,'S3ReadRequestsCount':4}	0fb1cba34f17b31e31dbd3c4c0dd243a	defer_decision	9763	{'changed_shards':0,'deferred':0,'fold_seal_reads':2,'graduation_due':1,'namespaces_seen':2,'ref_log_keys_listed':71,'rounds_deferred_before':0}
2afe19975e46	2026-07-26	2026-07-26 21:43:00	2026-07-26 21:43:00.166854	Phase	ca	ca_soak_ch1	9bf79426d130714470a5b2234a94d187	Manual	0	Unknown	0	0	0	0	0	0	0	0	0	0	0	0		{'CasConditionalWriteAttempts':1,'CasConditionalWriteCommitted':1,'CasGcCas':1,'CasGcGet':1,'ContextLock':5,'DiskConnectionsPreserved':2,'DiskConnectionsReused':2,'DiskS3GetObject':1,'DiskS3HeadObject':1,'DiskS3ReadMicroseconds':833,'DiskS3ReadRequestsCount':2,'IOBufferAllocBytes':1052939,'IOBufferAllocs':2,'LocalThreadPoolJobs':1,'LogTrace':3,'MemoryAllocatedWithoutCheck':4,'MemoryAllocatedWithoutCheckBytes':4352,'ReadBufferFromS3Bytes':141,'ReadBufferFromS3InitMicroseconds':438,'ReadBufferFromS3Microseconds':443,'S3GetObject':1,'S3HeadObject':1,'S3ReadMicroseconds':833,'S3ReadRequestsCount':2,'WriteBufferFromS3Bytes':141}	0fb1cba34f17b31e31dbd3c4c0dd243a	lease	2580	{'acquired':1,'steal_allowed':0}
2afe19975e46	2026-07-26	2026-07-26 21:43:00	2026-07-26 21:43:00.171323	Phase	ca	ca_soak_ch1	9bf79426d130714470a5b2234a94d187	Manual	0	Unknown	0	0	0	0	0	0	0	0	0	0	0	0		{'CasGcGet':2,'CasGcList':1,'ContextLock':9,'DiskConnectionsPreserved':4,'DiskConnectionsReused':4,'DiskS3GetObject':2,'DiskS3HeadObject':2,'DiskS3ReadMicroseconds':949,'DiskS3ReadRequestsCount':4,'GlobalThreadPoolJobs':1,'IOBufferAllocBytes':8694,'IOBufferAllocs':2,'LocalThreadPoolExpansions':1,'LocalThreadPoolJobs':1,'LocalThreadPoolShrinks':1,'LocalThreadPoolThreadCreationMicroseconds':4,'MemoryAllocatedWithoutCheck':8,'MemoryAllocatedWithoutCheckBytes':8704,'QueryProfilerRuns':1,'ReadBufferFromS3Bytes':376,'ReadBufferFromS3InitMicroseconds':644,'ReadBufferFromS3Microseconds':649,'S3GetObject':2,'S3HeadObject':2,'S3ReadMicroseconds':949,'S3ReadRequestsCount':4}	0fb1cba34f17b31e31dbd3c4c0dd243a	heartbeat_floor	2631	{'already_fenced':0,'fenced_now':0,'live':2,'terminated':0}
2afe19975e46	2026-07-26	2026-07-26 21:43:00	2026-07-26 21:43:00.164260	Start	ca	ca_soak_ch1	9bf79426d130714470a5b2234a94d187	Manual	0	Unknown	0	0	0	0	0	0	0	0	0	0	0	0		{}	0fb1cba34f17b31e31dbd3c4c0dd243a		0	{}
2afe19975e46	2026-07-26	2026-07-26 21:43:00	2026-07-26 21:43:00.181911	Phase	ca	ca_soak_ch1	9bf79426d130714470a5b2234a94d187	Manual	0	Unknown	0	0	0	0	0	0	0	0	0	0	0	0		{'CasGcGet':1,'ContextLock':4,'DiskConnectionsPreserved':2,'DiskConnectionsReused':2,'DiskS3GetObject':1,'DiskS3HeadObject':1,'DiskS3ReadMicroseconds':568,'DiskS3ReadRequestsCount':2,'IOBufferAllocBytes':4694,'IOBufferAllocs':1,'MemoryAllocatedWithoutCheck':4,'MemoryAllocatedWithoutCheckBytes':4352,'ReadBufferFromS3Bytes':535,'ReadBufferFromS3InitMicroseconds':342,'ReadBufferFromS3Microseconds':345,'S3GetObject':1,'S3HeadObject':1,'S3ReadMicroseconds':568,'S3ReadRequestsCount':2}	0fb1cba34f17b31e31dbd3c4c0dd243a	parent_seal_read	770	{'parent_runs':1}
2afe19975e46	2026-07-26	2026-07-26 21:43:00	2026-07-26 21:43:00.189186	Phase	ca	ca_soak_ch1	9bf79426d130714470a5b2234a94d187	Manual	0	Unknown	0	0	0	0	0	0	0	0	0	0	0	0		{'CasGcEnumerationPages':1,'CasRefGlobalListPages':1,'CasRootList':1,'GlobalThreadPoolJobs':1,'LocalThreadPoolExpansions':1,'LocalThreadPoolJobs':1,'LocalThreadPoolShrinks':1,'LocalThreadPoolThreadCreationMicroseconds':2}	0fb1cba34f17b31e31dbd3c4c0dd243a	fold_ref_list	7269	{'namespaces_seen':2,'probe_a_holes':0,'ref_folding_aborted':0,'ref_keys_listed':73}
2afe19975e46	2026-07-26	2026-07-26 21:43:00	2026-07-26 21:43:00.190340	Phase	ca	ca_soak_ch1	9bf79426d130714470a5b2234a94d187	Manual	0	Unknown	0	0	0	0	0	0	0	0	0	0	0	0		{'CasGcGet':2,'ContextLock':8,'DiskConnectionsPreserved':4,'DiskConnectionsReused':4,'DiskS3GetObject':2,'DiskS3HeadObject':2,'DiskS3ReadMicroseconds':810,'DiskS3ReadRequestsCount':4,'IOBufferAllocBytes':9388,'IOBufferAllocs':2,'MemoryAllocatedWithoutCheck':8,'MemoryAllocatedWithoutCheckBytes':8704,'ReadBufferFromS3Bytes':1070,'ReadBufferFromS3InitMicroseconds':554,'ReadBufferFromS3Microseconds':557,'S3GetObject':2,'S3HeadObject':2,'S3ReadMicroseconds':810,'S3ReadRequestsCount':4}	0fb1cba34f17b31e31dbd3c4c0dd243a	fold_seal_read	1143	{'ns_cleanup_items':0,'parent_cursors':2,'parent_runs':1,'redundant_reads':1,'seal_reads':2}
2afe19975e46	2026-07-26	2026-07-26 21:43:00	2026-07-26 21:43:00.190346	Phase	ca	ca_soak_ch1	9bf79426d130714470a5b2234a94d187	Manual	0	Unknown	0	0	0	0	0	0	0	0	0	0	0	0		{}	0fb1cba34f17b31e31dbd3c4c0dd243a	fold_ref_intake	3	{'dead_precommits_skipped':0,'deltas_emitted':0,'logs_applied':0,'logs_intended':0,'namespace_removals':0,'ref_folding_aborted':0,'tables_changed':0,'tables_clamped':0,'tables_scanned':2,'txns_opened':0}
2afe19975e46	2026-07-26	2026-07-26 21:43:00	2026-07-26 21:43:00.190350	Phase	ca	ca_soak_ch1	9bf79426d130714470a5b2234a94d187	Manual	0	Unknown	0	0	0	0	0	0	0	0	0	0	0	0		{}	0fb1cba34f17b31e31dbd3c4c0dd243a	fold_ns_cleanup_scan	0	{'items_added':0,'items_carried':0,'items_completed_now':0,'items_final':0,'items_scanned':0}
2afe19975e46	2026-07-26	2026-07-26 21:43:00	2026-07-26 21:43:00.196018	Phase	ca	ca_soak_ch1	9bf79426d130714470a5b2234a94d187	Manual	0	Unknown	0	0	0	0	0	0	0	0	0	0	0	0		{'CasConditionalWriteAttempts':1,'CasConditionalWriteCommitted':1,'CasGcGetStream':1,'CasGcPut':1,'ContextLock':5,'DiskConnectionsPreserved':2,'DiskConnectionsReused':2,'DiskS3GetObject':1,'DiskS3HeadObject':1,'DiskS3ReadMicroseconds':587,'DiskS3ReadRequestsCount':2,'IOBufferAllocBytes':1605089,'IOBufferAllocs':4,'LocalThreadPoolJobs':1,'LogTrace':3,'MemoryAllocatedWithoutCheck':4,'MemoryAllocatedWithoutCheckBytes':4352,'QueryProfilerRuns':1,'ReadBufferFromS3Bytes':548069,'ReadBufferFromS3InitMicroseconds':514,'ReadBufferFromS3Microseconds':721,'S3GetObject':1,'S3HeadObject':1,'S3ReadMicroseconds':587,'S3ReadRequestsCount':2,'WriteBufferFromS3Bytes':75944}	0fb1cba34f17b31e31dbd3c4c0dd243a	fold_reduce	5657	{'condemned':0,'deltas_in':0,'graduated':0,'redelete_pending':2396,'runs_written':1,'shards_pure_carry':0,'shards_reduced':1,'shards_total':1,'spared':0,'suppress_destructive':0,'txns_unapplied':0,'unmatched_removes':0}
2afe19975e46	2026-07-26	2026-07-26 21:43:00	2026-07-26 21:43:00.196909	Phase	ca	ca_soak_ch1	9bf79426d130714470a5b2234a94d187	Manual	0	Unknown	0	0	0	0	0	0	0	0	0	0	0	0		{'CasConditionalWriteAttempts':1,'CasConditionalWriteCommitted':1,'CasGcPut':1,'ContextLock':1,'IOBufferAllocBytes':1048639,'IOBufferAllocs':1,'LocalThreadPoolJobs':1,'LogTrace':3,'WriteBufferFromS3Bytes':529}	0fb1cba34f17b31e31dbd3c4c0dd243a	fold_seal_write	882	{'ns_cleanup_items':0,'seal_bytes':529,'seal_namespaces':2,'seal_runs':1}
2afe19975e46	2026-07-26	2026-07-26 21:43:01	2026-07-26 21:43:01.418505	Phase	ca	ca_soak_ch1	9bf79426d130714470a5b2234a94d187	Manual	0	Unknown	0	0	0	0	0	0	0	0	0	0	0	0		{'CasConditionalWriteAttempts':1,'CasConditionalWriteCommitted':1,'CasGcCas':1,'CasGcDelete':3,'CasGcEnumerationPages':1,'CasGcList':1,'ContextLock':4,'DiskConnectionsPreserved':3,'DiskConnectionsReused':3,'DiskS3DeleteObjects':3,'DiskS3WriteMicroseconds':1282,'DiskS3WriteRequestAttempts':3,'DiskS3WriteRequestsCount':3,'GlobalThreadPoolJobs':1,'IOBufferAllocBytes':1048639,'IOBufferAllocs':1,'LocalThreadPoolExpansions':1,'LocalThreadPoolJobs':2,'LocalThreadPoolShrinks':1,'LocalThreadPoolThreadCreationMicroseconds':4,'LogTrace':3,'MemoryAllocatedWithoutCheck':6,'MemoryAllocatedWithoutCheckBytes':6528,'S3WriteMicroseconds':1282,'S3WriteRequestAttempts':3,'S3WriteRequestsCount':3,'WriteBufferFromS3Bytes':141}	0fb1cba34f17b31e31dbd3c4c0dd243a	round_commit	4324	{'generation':14,'generations_referenced':2,'generations_visited':1,'pruned_through':11,'round':14}
2afe19975e46	2026-07-26	2026-07-26 21:43:01	2026-07-26 21:43:01.414172	Phase	ca	ca_soak_ch1	9bf79426d130714470a5b2234a94d187	Manual	0	Unknown	0	0	0	0	0	0	0	0	0	0	0	0		{}	0fb1cba34f17b31e31dbd3c4c0dd243a	meta_pool_wait	1	{'jobs_completed':2396,'jobs_completed_on_entry':2396,'jobs_scheduled':2396}
2afe19975e46	2026-07-26	2026-07-26 21:43:01	2026-07-26 21:43:01.414165	Phase	ca	ca_soak_ch1	9bf79426d130714470a5b2234a94d187	Manual	0	Unknown	0	0	0	0	0	0	0	0	0	0	0	0		{'CasBlobDelete':2396,'CasConditionalWriteAttempts':1,'CasConditionalWriteCommitted':1,'CasGcPut':1,'CasGcRetiredRedeleted':2396,'ContextLock':4793,'ContextLockWaitMicroseconds':5,'DiskConnectionsCreated':17,'DiskConnectionsElapsedMicroseconds':936,'DiskConnectionsExpired':10,'DiskConnectionsPreserved':2386,'DiskConnectionsReused':2379,'DiskS3DeleteObjects':2396,'DiskS3WriteMicroseconds':1024221,'DiskS3WriteRequestAttempts':2396,'DiskS3WriteRequestsCount':2396,'IOBufferAllocBytes':1048639,'IOBufferAllocs':1,'LocalThreadPoolJobs':2397,'LocalThreadPoolLockWaitMicroseconds':1,'LogTrace':3,'MemoryAllocatedWithoutCheck':4806,'MemoryAllocatedWithoutCheckBytes':5228928,'QueryProfilerRuns':147,'S3WriteMicroseconds':1024221,'S3WriteRequestAttempts':2396,'S3WriteRequestsCount':2396,'WriteBufferFromS3Bytes':89279}	0fb1cba34f17b31e31dbd3c4c0dd243a	pending_deletes	1217233	{'absent':0,'deleted':2396,'graduated':0,'outcome_logs_written':1,'redeleted':2396,'replaced':0,'spared':0}
2afe19975e46	2026-07-26	2026-07-26 21:43:01	2026-07-26 21:43:01.418511	Phase	ca	ca_soak_ch1	9bf79426d130714470a5b2234a94d187	Manual	0	Unknown	0	0	0	0	0	0	0	0	0	0	0	0		{}	0fb1cba34f17b31e31dbd3c4c0dd243a	handoff_reclaim	1	{'generations_reclaimed':0,'objects_reclaimed':0}
2afe19975e46	2026-07-26	2026-07-26 21:43:01	2026-07-26 21:43:01.418513	Phase	ca	ca_soak_ch1	9bf79426d130714470a5b2234a94d187	Manual	0	Unknown	0	0	0	0	0	0	0	0	0	0	0	0		{}	0fb1cba34f17b31e31dbd3c4c0dd243a	manifest_deletes	0	{'attempted':0,'deleted':0}
2afe19975e46	2026-07-26	2026-07-26 21:43:01	2026-07-26 21:43:01.418515	Phase	ca	ca_soak_ch1	9bf79426d130714470a5b2234a94d187	Manual	0	Unknown	0	0	0	0	0	0	0	0	0	0	0	0		{}	0fb1cba34f17b31e31dbd3c4c0dd243a	namespace_cleanup	1	{'items':0,'items_completed':0,'items_pending':0,'suppressed':0}
2afe19975e46	2026-07-26	2026-07-26 21:43:01	2026-07-26 21:43:01.418521	Phase	ca	ca_soak_ch1	9bf79426d130714470a5b2234a94d187	Manual	0	Unknown	0	0	0	0	0	0	0	0	0	0	0	0		{}	0fb1cba34f17b31e31dbd3c4c0dd243a	ref_object_cleanup	4	{'namespaces_planned':2,'suppressed':0,'trim_enabled':1}
2afe19975e46	2026-07-26	2026-07-26 21:43:01	2026-07-26 21:43:01.586310	Phase	ca	ca_soak_ch1	9bf79426d130714470a5b2234a94d187	Manual	0	Unknown	0	0	0	0	0	0	0	0	0	0	0	0		{'AsyncLoggingFileLogTotalMessages':260,'AsyncLoggingTextLogTotalMessages':260,'CasGcEnumerationPages':5,'CasGcGet':394,'CasManifestList':1,'CasRootGet':73,'CasRootList':4,'ContextLock':828,'ContextLockWaitMicroseconds':22,'DiskConnectionsCreated':6,'DiskConnectionsElapsedMicroseconds':361,'DiskConnectionsExpired':8,'DiskConnectionsPreserved':666,'DiskConnectionsReused':668,'DiskS3GetObject':207,'DiskS3HeadObject':467,'DiskS3ReadMicroseconds':80123,'DiskS3ReadRequestsCount':674,'DiskS3ReadRequestsErrors':260,'GlobalThreadPoolJobs':5,'IOBufferAllocBytes':953889,'IOBufferAllocs':207,'LocalThreadPoolExpansions':5,'LocalThreadPoolJobs':5,'LocalThreadPoolShrinks':5,'LocalThreadPoolThreadCreationMicroseconds':12,'LogDebug':260,'LoggerElapsedNanoseconds':678652,'MemoryAllocatedWithoutCheck':1348,'MemoryAllocatedWithoutCheckBytes':6218488,'QueryProfilerRuns':23,'ReadBufferFromS3Bytes':92976,'ReadBufferFromS3InitMicroseconds':43799,'ReadBufferFromS3Microseconds':44135,'S3GetObject':207,'S3HeadObject':467,'S3ReadMicroseconds':80123,'S3ReadRequestsCount':674,'S3ReadRequestsErrors':260}	0fb1cba34f17b31e31dbd3c4c0dd243a	orphan_sweep	167771	{'cursor_advanced':0,'list_budget_keys':1000}
2afe19975e46	2026-07-26	2026-07-26 21:43:01	2026-07-26 21:43:01.586454	Finish	ca	ca_soak_ch1	9bf79426d130714470a5b2234a94d187	Manual	14	Success	0	2396	0	0	0	0	0	0	2396	0	0	1422		{'AsyncLoggingFileLogTotalMessages':260,'AsyncLoggingTextLogTotalMessages':260,'CasBlobDelete':2396,'CasConditionalWriteAttempts':6,'CasConditionalWriteCommitted':6,'CasGcCas':3,'CasGcDelete':3,'CasGcEnumerationPages':8,'CasGcGet':403,'CasGcGetStream':1,'CasGcList':2,'CasGcPut':3,'CasGcRetiredRedeleted':2396,'CasManifestList':1,'CasRefGlobalListPages':1,'CasRootGet':73,'CasRootList':6,'ContextLock':5690,'ContextLockWaitMicroseconds':27,'DiskConnectionsCreated':23,'DiskConnectionsElapsedMicroseconds':1297,'DiskConnectionsExpired':18,'DiskConnectionsPreserved':3075,'DiskConnectionsReused':3070,'DiskS3DeleteObjects':2399,'DiskS3GetObject':217,'DiskS3HeadObject':477,'DiskS3ReadMicroseconds':85109,'DiskS3ReadRequestsCount':694,'DiskS3ReadRequestsErrors':260,'DiskS3WriteMicroseconds':1025503,'DiskS3WriteRequestAttempts':2399,'DiskS3WriteRequestsCount':2399,'GlobalThreadPoolJobs':9,'IOBufferAllocBytes':7842877,'IOBufferAllocs':225,'LocalThreadPoolExpansions':9,'LocalThreadPoolJobs':2411,'LocalThreadPoolLockWaitMicroseconds':1,'LocalThreadPoolShrinks':9,'LocalThreadPoolThreadCreationMicroseconds':25,'LogDebug':260,'LogTrace':18,'LoggerElapsedNanoseconds':678652,'MemoryAllocatedWithoutCheck':6200,'MemoryAllocatedWithoutCheckBytes':11497464,'QueryProfilerRuns':173,'ReadBufferFromS3Bytes':644318,'ReadBufferFromS3InitMicroseconds':47152,'ReadBufferFromS3Microseconds':47719,'S3GetObject':217,'S3HeadObject':477,'S3ReadMicroseconds':85109,'S3ReadRequestsCount':694,'S3ReadRequestsErrors':260,'S3WriteMicroseconds':1025503,'S3WriteRequestAttempts':2399,'S3WriteRequestsCount':2399,'WriteBufferFromS3Bytes':166115}	0fb1cba34f17b31e31dbd3c4c0dd243a		0	{}
2afe19975e46	2026-07-26	2026-07-26 21:43:09	2026-07-26 21:43:09.074821	Start	ca	ca_soak_ch1	9bf79426d130714470a5b2234a94d187	Scheduled	0	Unknown	0	0	0	0	0	0	0	0	0	0	0	0		{}	9239f01f705b6b73f9085727e5cd9f70		0	{}
2afe19975e46	2026-07-26	2026-07-26 21:43:09	2026-07-26 21:43:09.078384	Phase	ca	ca_soak_ch1	9bf79426d130714470a5b2234a94d187	Scheduled	0	Unknown	0	0	0	0	0	0	0	0	0	0	0	0		{'CasConditionalWriteAttempts':1,'CasConditionalWriteCommitted':1,'CasGcCas':1,'CasGcGet':1,'ContextLock':5,'DiskConnectionsPreserved':2,'DiskConnectionsReused':2,'DiskS3GetObject':1,'DiskS3HeadObject':1,'DiskS3ReadMicroseconds':1328,'DiskS3ReadRequestsCount':2,'IOBufferAllocBytes':1052939,'IOBufferAllocs':2,'LocalThreadPoolJobs':1,'LogTrace':3,'MemoryAllocatedWithoutCheck':4,'MemoryAllocatedWithoutCheckBytes':4352,'ReadBufferFromS3Bytes':141,'ReadBufferFromS3InitMicroseconds':619,'ReadBufferFromS3Microseconds':624,'S3GetObject':1,'S3HeadObject':1,'S3ReadMicroseconds':1328,'S3ReadRequestsCount':2,'WriteBufferFromS3Bytes':141}	9239f01f705b6b73f9085727e5cd9f70	lease	3540	{'acquired':1,'steal_allowed':1}
2afe19975e46	2026-07-26	2026-07-26 21:43:09	2026-07-26 21:43:09.083803	Phase	ca	ca_soak_ch1	9bf79426d130714470a5b2234a94d187	Scheduled	0	Unknown	0	0	0	0	0	0	0	0	0	0	0	0		{'CasGcGet':2,'CasGcList':1,'ContextLock':9,'DiskConnectionsPreserved':4,'DiskConnectionsReused':4,'DiskS3GetObject':2,'DiskS3HeadObject':2,'DiskS3ReadMicroseconds':1246,'DiskS3ReadRequestsCount':4,'GlobalThreadPoolJobs':1,'IOBufferAllocBytes':8694,'IOBufferAllocs':2,'LocalThreadPoolExpansions':1,'LocalThreadPoolJobs':1,'LocalThreadPoolShrinks':1,'LocalThreadPoolThreadCreationMicroseconds':5,'MemoryAllocatedWithoutCheck':8,'MemoryAllocatedWithoutCheckBytes':8704,'ReadBufferFromS3Bytes':376,'ReadBufferFromS3InitMicroseconds':942,'ReadBufferFromS3Microseconds':949,'S3GetObject':2,'S3HeadObject':2,'S3ReadMicroseconds':1246,'S3ReadRequestsCount':4}	9239f01f705b6b73f9085727e5cd9f70	heartbeat_floor	3434	{'already_fenced':0,'fenced_now':0,'live':2,'terminated':0}
2afe19975e46	2026-07-26	2026-07-26 21:43:09	2026-07-26 21:43:09.094714	Phase	ca	ca_soak_ch1	9bf79426d130714470a5b2234a94d187	Scheduled	0	Unknown	0	0	0	0	0	0	0	0	0	0	0	0		{'CasGcEnumerationPages':1,'CasGcGet':2,'CasRootList':1,'ContextLock':9,'DiskConnectionsPreserved':4,'DiskConnectionsReused':4,'DiskS3GetObject':2,'DiskS3HeadObject':2,'DiskS3ReadMicroseconds':1087,'DiskS3ReadRequestsCount':4,'GlobalThreadPoolJobs':1,'IOBufferAllocBytes':9376,'IOBufferAllocs':2,'LocalThreadPoolExpansions':1,'LocalThreadPoolJobs':1,'LocalThreadPoolShrinks':1,'LocalThreadPoolThreadCreationMicroseconds':3,'MemoryAllocatedWithoutCheck':8,'MemoryAllocatedWithoutCheckBytes':8704,'ReadBufferFromS3Bytes':1058,'ReadBufferFromS3InitMicroseconds':747,'ReadBufferFromS3Microseconds':752,'S3GetObject':2,'S3HeadObject':2,'S3ReadMicroseconds':1087,'S3ReadRequestsCount':4}	9239f01f705b6b73f9085727e5cd9f70	defer_decision	10894	{'changed_shards':0,'deferred':1,'fold_seal_reads':2,'graduation_due':0,'namespaces_seen':2,'ref_log_keys_listed':71,'rounds_deferred_before':0}
2afe19975e46	2026-07-26	2026-07-26 21:43:09	2026-07-26 21:43:09.094726	Finish	ca	ca_soak_ch1	9bf79426d130714470a5b2234a94d187	Scheduled	14	Deferred	0	0	0	0	0	0	0	0	0	0	0	19		{'CasConditionalWriteAttempts':2,'CasConditionalWriteCommitted':2,'CasGcCas':2,'CasGcEnumerationPages':1,'CasGcGet':6,'CasGcList':1,'CasRootList':1,'ContextLock':31,'DiskConnectionsPreserved':12,'DiskConnectionsReused':12,'DiskS3GetObject':6,'DiskS3HeadObject':6,'DiskS3ReadMicroseconds':4207,'DiskS3ReadRequestsCount':12,'GlobalThreadPoolJobs':2,'IOBufferAllocBytes':2123888,'IOBufferAllocs':8,'LocalThreadPoolExpansions':2,'LocalThreadPoolJobs':4,'LocalThreadPoolShrinks':2,'LocalThreadPoolThreadCreationMicroseconds':8,'LogTrace':6,'MemoryAllocatedWithoutCheck':24,'MemoryAllocatedWithoutCheckBytes':26112,'ReadBufferFromS3Bytes':1656,'ReadBufferFromS3InitMicroseconds':2673,'ReadBufferFromS3Microseconds':2693,'S3GetObject':6,'S3HeadObject':6,'S3ReadMicroseconds':4207,'S3ReadRequestsCount':12,'WriteBufferFromS3Bytes':222}	9239f01f705b6b73f9085727e5cd9f70		0	{}
2afe19975e46	2026-07-26	2026-07-26 21:43:19	2026-07-26 21:43:19.633794	Phase	ca	ca_soak_ch1	9bf79426d130714470a5b2234a94d187	Scheduled	0	Unknown	0	0	0	0	0	0	0	0	0	0	0	0		{'CasGcGet':1,'ContextLock':4,'DiskConnectionsPreserved':2,'DiskConnectionsReused':2,'DiskS3GetObject':1,'DiskS3HeadObject':1,'DiskS3ReadMicroseconds':8481,'DiskS3ReadRequestsCount':2,'IOBufferAllocBytes':4688,'IOBufferAllocs':1,'MemoryAllocatedWithoutCheck':4,'MemoryAllocatedWithoutCheckBytes':4352,'ReadBufferFromS3Bytes':529,'ReadBufferFromS3InitMicroseconds':6237,'ReadBufferFromS3Microseconds':6260,'S3GetObject':1,'S3HeadObject':1,'S3ReadMicroseconds':8481,'S3ReadRequestsCount':2}	b0d61e5048e82edfd7993c23c35327b6	parent_seal_read	9646	{'parent_runs':1}
2afe19975e46	2026-07-26	2026-07-26 21:43:19	2026-07-26 21:43:19.133934	Phase	ca	ca_soak_ch1	9bf79426d130714470a5b2234a94d187	Scheduled	0	Unknown	0	0	0	0	0	0	0	0	0	0	0	0		{'CasConditionalWriteAttempts':1,'CasConditionalWriteCommitted':1,'CasGcCas':1,'CasGcGet':1,'ContextLock':5,'ContextLockWaitMicroseconds':1,'DiskConnectionsPreserved':2,'DiskConnectionsReused':2,'DiskS3GetObject':1,'DiskS3HeadObject':1,'DiskS3ReadMicroseconds':13537,'DiskS3ReadRequestsCount':2,'IOBufferAllocBytes':1052939,'IOBufferAllocs':2,'LocalThreadPoolJobs':1,'LogTrace':3,'MemoryAllocatedWithoutCheck':4,'MemoryAllocatedWithoutCheckBytes':4352,'ReadBufferFromS3Bytes':141,'ReadBufferFromS3InitMicroseconds':9218,'ReadBufferFromS3Microseconds':9254,'S3GetObject':1,'S3HeadObject':1,'S3ReadMicroseconds':13537,'S3ReadRequestsCount':2,'WriteBufferFromS3Bytes':141}	b0d61e5048e82edfd7993c23c35327b6	lease	38403	{'acquired':1,'steal_allowed':1}
2afe19975e46	2026-07-26	2026-07-26 21:43:19	2026-07-26 21:43:19.275791	Phase	ca	ca_soak_ch1	9bf79426d130714470a5b2234a94d187	Scheduled	0	Unknown	0	0	0	0	0	0	0	0	0	0	0	0		{'CasGcGet':2,'CasGcList':1,'ContextLock':9,'DiskConnectionsPreserved':4,'DiskConnectionsReused':4,'DiskS3GetObject':2,'DiskS3HeadObject':2,'DiskS3ReadMicroseconds':41302,'DiskS3ReadRequestsCount':4,'GlobalThreadPoolJobs':1,'IOBufferAllocBytes':8694,'IOBufferAllocs':2,'LocalThreadPoolExpansions':1,'LocalThreadPoolJobs':1,'LocalThreadPoolLockWaitMicroseconds':1,'LocalThreadPoolShrinks':1,'LocalThreadPoolThreadCreationMicroseconds':42,'MemoryAllocatedWithoutCheck':8,'MemoryAllocatedWithoutCheckBytes':8704,'ReadBufferFromS3Bytes':376,'ReadBufferFromS3InitMicroseconds':25414,'ReadBufferFromS3Microseconds':25486,'S3GetObject':2,'S3HeadObject':2,'S3ReadMicroseconds':41302,'S3ReadRequestsCount':4}	b0d61e5048e82edfd7993c23c35327b6	heartbeat_floor	93461	{'already_fenced':0,'fenced_now':0,'live':2,'terminated':0}
2afe19975e46	2026-07-26	2026-07-26 21:43:19	2026-07-26 21:43:19.624075	Phase	ca	ca_soak_ch1	9bf79426d130714470a5b2234a94d187	Scheduled	0	Unknown	0	0	0	0	0	0	0	0	0	0	0	0		{'CasGcEnumerationPages':1,'CasGcGet':2,'CasRootList':1,'ContextLock':8,'DiskConnectionsPreserved':4,'DiskConnectionsReused':4,'DiskS3GetObject':2,'DiskS3HeadObject':2,'DiskS3ReadMicroseconds':14359,'DiskS3ReadRequestsCount':4,'GlobalThreadPoolJobs':1,'IOBufferAllocBytes':9376,'IOBufferAllocs':2,'LocalThreadPoolExpansions':1,'LocalThreadPoolJobs':1,'LocalThreadPoolShrinks':1,'LocalThreadPoolThreadCreationMicroseconds':47,'MemoryAllocatedWithoutCheck':8,'MemoryAllocatedWithoutCheckBytes':8704,'ReadBufferFromS3Bytes':1058,'ReadBufferFromS3InitMicroseconds':9959,'ReadBufferFromS3Microseconds':10016,'S3GetObject':2,'S3HeadObject':2,'S3ReadMicroseconds':14359,'S3ReadRequestsCount':4}	b0d61e5048e82edfd7993c23c35327b6	defer_decision	348227	{'changed_shards':1,'deferred':0,'fold_seal_reads':2,'graduation_due':0,'namespaces_seen':2,'ref_log_keys_listed':89,'rounds_deferred_before':1}
2afe19975e46	2026-07-26	2026-07-26 21:43:19	2026-07-26 21:43:19.095301	Start	ca	ca_soak_ch1	9bf79426d130714470a5b2234a94d187	Scheduled	0	Unknown	0	0	0	0	0	0	0	0	0	0	0	0		{}	b0d61e5048e82edfd7993c23c35327b6		0	{}
2afe19975e46	2026-07-26	2026-07-26 21:43:19	2026-07-26 21:43:19.996841	Phase	ca	ca_soak_ch1	9bf79426d130714470a5b2234a94d187	Scheduled	0	Unknown	0	0	0	0	0	0	0	0	0	0	0	0		{'CasGcEnumerationPages':1,'CasRefGlobalListPages':1,'CasRootList':1,'GlobalThreadPoolJobs':1,'LocalThreadPoolExpansions':1,'LocalThreadPoolJobs':1,'LocalThreadPoolShrinks':1,'LocalThreadPoolThreadCreationMicroseconds':10}	b0d61e5048e82edfd7993c23c35327b6	fold_ref_list	363007	{'namespaces_seen':2,'probe_a_holes':0,'ref_folding_aborted':0,'ref_keys_listed':91}
2afe19975e46	2026-07-26	2026-07-26 21:43:20	2026-07-26 21:43:20.051847	Phase	ca	ca_soak_ch1	9bf79426d130714470a5b2234a94d187	Scheduled	0	Unknown	0	0	0	0	0	0	0	0	0	0	0	0		{'CasGcGet':2,'ContextLock':8,'ContextLockWaitMicroseconds':1,'DiskConnectionsPreserved':4,'DiskConnectionsReused':4,'DiskS3GetObject':2,'DiskS3HeadObject':2,'DiskS3ReadMicroseconds':49254,'DiskS3ReadRequestsCount':4,'IOBufferAllocBytes':9376,'IOBufferAllocs':2,'MemoryAllocatedWithoutCheck':8,'MemoryAllocatedWithoutCheckBytes':8704,'ReadBufferFromS3Bytes':1058,'ReadBufferFromS3InitMicroseconds':28474,'ReadBufferFromS3Microseconds':28571,'S3GetObject':2,'S3HeadObject':2,'S3ReadMicroseconds':49254,'S3ReadRequestsCount':4}	b0d61e5048e82edfd7993c23c35327b6	fold_seal_read	54944	{'ns_cleanup_items':0,'parent_cursors':2,'parent_runs':1,'redundant_reads':1,'seal_reads':2}
2afe19975e46	2026-07-26	2026-07-26 21:43:22	2026-07-26 21:43:22.450109	Phase	ca	ca_soak_ch1	9bf79426d130714470a5b2234a94d187	Scheduled	0	Unknown	0	0	0	0	0	0	0	0	0	0	0	0		{'CasManifestGet':255,'CasManifestHead':255,'CasRefEmittedEdges':255,'CasRefLogBodyGets':18,'CasRefManifestBodyFoldGets':255,'CasRootGet':18,'ContextLock':2010,'ContextLockWaitMicroseconds':53,'DiskConnectionsPreserved':801,'DiskConnectionsReused':801,'DiskS3GetObject':273,'DiskS3HeadObject':528,'DiskS3ReadMicroseconds':1990338,'DiskS3ReadRequestsCount':801,'IOBufferAllocBytes':7674547,'IOBufferAllocs':273,'MemoryAllocatedWithoutCheck':1604,'MemoryAllocatedWithoutCheckBytes':10600524,'ReadBufferFromS3Bytes':6539140,'ReadBufferFromS3InitMicroseconds':912446,'ReadBufferFromS3Microseconds':926585,'S3GetObject':273,'S3HeadObject':528,'S3ReadMicroseconds':1990338,'S3ReadRequestsCount':801}	b0d61e5048e82edfd7993c23c35327b6	fold_ref_intake	2398240	{'dead_precommits_skipped':0,'deltas_emitted':918,'logs_applied':18,'logs_intended':18,'namespace_removals':0,'ref_folding_aborted':0,'tables_changed':1,'tables_clamped':0,'tables_scanned':2,'txns_opened':18}
2afe19975e46	2026-07-26	2026-07-26 21:43:22	2026-07-26 21:43:22.450116	Phase	ca	ca_soak_ch1	9bf79426d130714470a5b2234a94d187	Scheduled	0	Unknown	0	0	0	0	0	0	0	0	0	0	0	0		{}	b0d61e5048e82edfd7993c23c35327b6	fold_ns_cleanup_scan	1	{'items_added':0,'items_carried':0,'items_completed_now':0,'items_final':0,'items_scanned':0}
2afe19975e46	2026-07-26	2026-07-26 21:43:35	2026-07-26 21:43:35.714590	Start	ca	ca_soak_ch1	fc461c6c87e27bc94fbcfebbdc698fb8	Scheduled	0	Unknown	0	0	0	0	0	0	0	0	0	0	0	0		{}	e114a26b5f2c73975c21c2c928ecc149		0	{}
2afe19975e46	2026-07-26	2026-07-26 21:43:35	2026-07-26 21:43:35.719070	Phase	ca	ca_soak_ch1	fc461c6c87e27bc94fbcfebbdc698fb8	Scheduled	0	Unknown	0	0	0	0	0	0	0	0	0	0	0	0		{'CasGcGet':2,'ContextLock':8,'DiskConnectionsPreserved':4,'DiskConnectionsReused':4,'DiskS3GetObject':2,'DiskS3HeadObject':2,'DiskS3ReadMicroseconds':3481,'DiskS3ReadRequestsCount':4,'IOBufferAllocBytes':8540,'IOBufferAllocs':2,'MemoryAllocatedWithoutCheck':8,'MemoryAllocatedWithoutCheckBytes':8704,'ReadBufferFromS3Bytes':222,'ReadBufferFromS3InitMicroseconds':2283,'ReadBufferFromS3Microseconds':2300,'S3GetObject':2,'S3HeadObject':2,'S3ReadMicroseconds':3481,'S3ReadRequestsCount':4}	e114a26b5f2c73975c21c2c928ecc149	lease	4417	{'acquired':0,'steal_allowed':1}
2afe19975e46	2026-07-26	2026-07-26 21:43:35	2026-07-26 21:43:35.719079	Finish	ca	ca_soak_ch1	fc461c6c87e27bc94fbcfebbdc698fb8	Scheduled	0	NotALeader	0	0	0	0	0	0	0	0	0	0	0	4		{'CasGcGet':2,'ContextLock':9,'DiskConnectionsPreserved':4,'DiskConnectionsReused':4,'DiskS3GetObject':2,'DiskS3HeadObject':2,'DiskS3ReadMicroseconds':3481,'DiskS3ReadRequestsCount':4,'IOBufferAllocBytes':8540,'IOBufferAllocs':2,'MemoryAllocatedWithoutCheck':8,'MemoryAllocatedWithoutCheckBytes':8704,'ReadBufferFromS3Bytes':222,'ReadBufferFromS3InitMicroseconds':2283,'ReadBufferFromS3Microseconds':2300,'S3GetObject':2,'S3HeadObject':2,'S3ReadMicroseconds':3481,'S3ReadRequestsCount':4}	e114a26b5f2c73975c21c2c928ecc149		0	{}
2afe19975e46	2026-07-26	2026-07-26 21:43:45	2026-07-26 21:43:45.719250	Start	ca	ca_soak_ch1	fc461c6c87e27bc94fbcfebbdc698fb8	Scheduled	0	Unknown	0	0	0	0	0	0	0	0	0	0	0	0		{}	b5a82fefcee3dc8d67068e1f11759618		0	{}
2afe19975e46	2026-07-26	2026-07-26 21:43:45	2026-07-26 21:43:45.748634	Phase	ca	ca_soak_ch1	fc461c6c87e27bc94fbcfebbdc698fb8	Scheduled	0	Unknown	0	0	0	0	0	0	0	0	0	0	0	0		{'CasConditionalWriteAttempts':1,'CasConditionalWriteCommitted':1,'CasGcCas':1,'CasGcGet':2,'ContextLock':9,'DiskConnectionsExpired':92,'DiskConnectionsPreserved':4,'DiskConnectionsReused':4,'DiskS3GetObject':2,'DiskS3HeadObject':2,'DiskS3ReadMicroseconds':14640,'DiskS3ReadRequestsCount':4,'IOBufferAllocBytes':1057179,'IOBufferAllocs':3,'LocalThreadPoolJobs':1,'LogTrace':3,'MemoryAllocatedWithoutCheck':8,'MemoryAllocatedWithoutCheckBytes':8704,'ReadBufferFromS3Bytes':222,'ReadBufferFromS3InitMicroseconds':8587,'ReadBufferFromS3Microseconds':8749,'S3GetObject':2,'S3HeadObject':2,'S3ReadMicroseconds':14640,'S3ReadRequestsCount':4,'WriteBufferFromS3Bytes':141}	b5a82fefcee3dc8d67068e1f11759618	lease	29272	{'acquired':1,'steal_allowed':1}
2afe19975e46	2026-07-26	2026-07-26 21:43:45	2026-07-26 21:43:45.809609	Phase	ca	ca_soak_ch1	fc461c6c87e27bc94fbcfebbdc698fb8	Scheduled	0	Unknown	0	0	0	0	0	0	0	0	0	0	0	0		{'CasGcGet':2,'CasGcList':1,'ContextLock':9,'DiskConnectionsPreserved':4,'DiskConnectionsReused':4,'DiskS3GetObject':2,'DiskS3HeadObject':2,'DiskS3ReadMicroseconds':16666,'DiskS3ReadRequestsCount':4,'GlobalThreadPoolJobs':1,'IOBufferAllocBytes':8686,'IOBufferAllocs':2,'LocalThreadPoolExpansions':1,'LocalThreadPoolJobs':1,'LocalThreadPoolShrinks':1,'LocalThreadPoolThreadCreationMicroseconds':27,'MemoryAllocatedWithoutCheck':8,'MemoryAllocatedWithoutCheckBytes':8704,'ReadBufferFromS3Bytes':368,'ReadBufferFromS3InitMicroseconds':9698,'ReadBufferFromS3Microseconds':9758,'S3GetObject':2,'S3HeadObject':2,'S3ReadMicroseconds':16666,'S3ReadRequestsCount':4}	b5a82fefcee3dc8d67068e1f11759618	heartbeat_floor	39870	{'already_fenced':0,'fenced_now':0,'live':2,'terminated':0}
2afe19975e46	2026-07-26	2026-07-26 21:43:47	2026-07-26 21:43:47.294510	Phase	ca	ca_soak_ch1	fc461c6c87e27bc94fbcfebbdc698fb8	Scheduled	0	Unknown	0	0	0	0	0	0	0	0	0	0	0	0		{'CasGcEnumerationPages':1,'CasGcGet':2,'CasRootList':1,'ContextLock':8,'DiskConnectionsPreserved':4,'DiskConnectionsReused':4,'DiskS3GetObject':2,'DiskS3HeadObject':2,'DiskS3ReadMicroseconds':15784,'DiskS3ReadRequestsCount':4,'GlobalThreadPoolJobs':1,'IOBufferAllocBytes':9344,'IOBufferAllocs':2,'LocalThreadPoolExpansions':1,'LocalThreadPoolJobs':1,'LocalThreadPoolShrinks':1,'LocalThreadPoolThreadCreationMicroseconds':26,'MemoryAllocatedWithoutCheck':8,'MemoryAllocatedWithoutCheckBytes':8704,'ReadBufferFromS3Bytes':1026,'ReadBufferFromS3InitMicroseconds':11489,'ReadBufferFromS3Microseconds':11551,'S3GetObject':2,'S3HeadObject':2,'S3ReadMicroseconds':15784,'S3ReadRequestsCount':4}	b5a82fefcee3dc8d67068e1f11759618	defer_decision	1484826	{'changed_shards':2,'deferred':0,'fold_seal_reads':2,'graduation_due':1,'namespaces_seen':2,'ref_log_keys_listed':172,'rounds_deferred_before':0}
2afe19975e46	2026-07-26	2026-07-26 21:43:47	2026-07-26 21:43:47.316097	Phase	ca	ca_soak_ch1	fc461c6c87e27bc94fbcfebbdc698fb8	Scheduled	0	Unknown	0	0	0	0	0	0	0	0	0	0	0	0		{'CasGcGet':1,'ContextLock':4,'ContextLockWaitMicroseconds':1,'DiskConnectionsExpired':29,'DiskConnectionsPreserved':2,'DiskConnectionsReused':2,'DiskS3GetObject':1,'DiskS3HeadObject':1,'DiskS3ReadMicroseconds':18079,'DiskS3ReadRequestsCount':2,'IOBufferAllocBytes':4672,'IOBufferAllocs':1,'MemoryAllocatedWithoutCheck':4,'MemoryAllocatedWithoutCheckBytes':4352,'ReadBufferFromS3Bytes':513,'ReadBufferFromS3InitMicroseconds':11815,'ReadBufferFromS3Microseconds':11858,'S3GetObject':1,'S3HeadObject':1,'S3ReadMicroseconds':18079,'S3ReadRequestsCount':2}	b5a82fefcee3dc8d67068e1f11759618	parent_seal_read	21370	{'parent_runs':1}
2afe19975e46	2026-07-26	2026-07-26 21:43:48	2026-07-26 21:43:48.648561	Phase	ca	ca_soak_ch1	fc461c6c87e27bc94fbcfebbdc698fb8	Scheduled	0	Unknown	0	0	0	0	0	0	0	0	0	0	0	0		{'CasGcEnumerationPages':1,'CasRefGlobalListPages':1,'CasRootList':1,'GlobalThreadPoolJobs':1,'LocalThreadPoolExpansions':1,'LocalThreadPoolJobs':1,'LocalThreadPoolShrinks':1,'LocalThreadPoolThreadCreationMicroseconds':27,'QueryProfilerRuns':1}	b5a82fefcee3dc8d67068e1f11759618	fold_ref_list	1332378	{'namespaces_seen':2,'probe_a_holes':0,'ref_folding_aborted':0,'ref_keys_listed':174}
2afe19975e46	2026-07-26	2026-07-26 21:43:48	2026-07-26 21:43:48.701837	Phase	ca	ca_soak_ch1	fc461c6c87e27bc94fbcfebbdc698fb8	Scheduled	0	Unknown	0	0	0	0	0	0	0	0	0	0	0	0		{'CasGcGet':2,'ContextLock':8,'ContextLockWaitMicroseconds':1,'DiskConnectionsExpired':50,'DiskConnectionsPreserved':4,'DiskConnectionsReused':4,'DiskS3GetObject':2,'DiskS3HeadObject':2,'DiskS3ReadMicroseconds':46195,'DiskS3ReadRequestsCount':4,'IOBufferAllocBytes':9344,'IOBufferAllocs':2,'MemoryAllocatedWithoutCheck':8,'MemoryAllocatedWithoutCheckBytes':8704,'ReadBufferFromS3Bytes':1026,'ReadBufferFromS3InitMicroseconds':34895,'ReadBufferFromS3Microseconds':34955,'S3GetObject':2,'S3HeadObject':2,'S3ReadMicroseconds':46195,'S3ReadRequestsCount':4}	b5a82fefcee3dc8d67068e1f11759618	fold_seal_read	53221	{'ns_cleanup_items':0,'parent_cursors':2,'parent_runs':1,'redundant_reads':1,'seal_reads':2}
2afe19975e46	2026-07-26	2026-07-26 21:43:49	2026-07-26 21:43:49.758586	Phase	ca	ca_soak_ch1	fc461c6c87e27bc94fbcfebbdc698fb8	Scheduled	0	Unknown	0	0	0	0	0	0	0	0	0	0	0	0		{'CasManifestGet':345,'CasManifestHead':345,'CasRefEmittedEdges':345,'CasRefLogBodyGets':83,'CasRefManifestBodyFoldGets':345,'CasRootGet':83,'ContextLock':2954,'ContextLockWaitMicroseconds':4,'DiskConnectionsPreserved':1201,'DiskConnectionsReused':1201,'DiskS3GetObject':428,'DiskS3HeadObject':773,'DiskS3ReadMicroseconds':832602,'DiskS3ReadRequestsCount':1201,'IOBufferAllocBytes':27866308,'IOBufferAllocs':428,'MemoryAllocatedWithoutCheck':2404,'MemoryAllocatedWithoutCheckBytes':12574588,'ReadBufferFromS3Bytes':26086256,'ReadBufferFromS3InitMicroseconds':453073,'ReadBufferFromS3Microseconds':458533,'S3GetObject':428,'S3HeadObject':773,'S3ReadMicroseconds':832602,'S3ReadRequestsCount':1201}	b5a82fefcee3dc8d67068e1f11759618	fold_ref_intake	1056726	{'dead_precommits_skipped':0,'deltas_emitted':1242,'logs_applied':83,'logs_intended':83,'namespace_removals':0,'ref_folding_aborted':0,'tables_changed':2,'tables_clamped':0,'tables_scanned':2,'txns_opened':83}
2afe19975e46	2026-07-26	2026-07-26 21:43:49	2026-07-26 21:43:49.758594	Phase	ca	ca_soak_ch1	fc461c6c87e27bc94fbcfebbdc698fb8	Scheduled	0	Unknown	0	0	0	0	0	0	0	0	0	0	0	0		{}	b5a82fefcee3dc8d67068e1f11759618	fold_ns_cleanup_scan	1	{'items_added':0,'items_carried':0,'items_completed_now':0,'items_final':0,'items_scanned':0}
2afe19975e46	2026-07-26	2026-07-26 21:43:49	2026-07-26 21:43:49.889726	Phase	ca	ca_soak_ch1	fc461c6c87e27bc94fbcfebbdc698fb8	Scheduled	0	Unknown	0	0	0	0	0	0	0	0	0	0	0	0		{'CasBlobGet':107,'CasBlobHead':159,'CasConditionalWriteAttempts':1,'CasConditionalWriteCommitted':1,'CasGcGetStream':1,'CasGcPut':1,'CasGcRetiredCondemned':159,'ContextLock':910,'DiskConnectionsPreserved':375,'DiskConnectionsReused':375,'DiskS3GetObject':108,'DiskS3HeadObject':267,'DiskS3ReadMicroseconds':93564,'DiskS3ReadRequestsCount':375,'GlobalThreadPoolJobs':9,'IOBufferAllocBytes':1578593,'IOBufferAllocs':111,'LocalThreadPoolExpansions':9,'LocalThreadPoolJobs':160,'LocalThreadPoolThreadCreationMicroseconds':29,'LogTrace':3,'MemoryAllocatedWithoutCheck':750,'MemoryAllocatedWithoutCheckBytes':816000,'ReadBufferFromS3Bytes':76560,'ReadBufferFromS3InitMicroseconds':40974,'ReadBufferFromS3Microseconds':41273,'S3GetObject':108,'S3HeadObject':267,'S3ReadMicroseconds':93564,'S3ReadRequestsCount':375,'WriteBufferFromS3Bytes':61684}	b5a82fefcee3dc8d67068e1f11759618	fold_reduce	131115	{'condemned':159,'deltas_in':1242,'graduated':107,'redelete_pending':0,'runs_written':1,'shards_pure_carry':0,'shards_reduced':1,'shards_total':1,'spared':0,'suppress_destructive':0,'txns_unapplied':0,'unmatched_removes':0}
2afe19975e46	2026-07-26	2026-07-26 21:43:49	2026-07-26 21:43:49.890244	Phase	ca	ca_soak_ch1	fc461c6c87e27bc94fbcfebbdc698fb8	Scheduled	0	Unknown	0	0	0	0	0	0	0	0	0	0	0	0		{'CasConditionalWriteAttempts':1,'CasConditionalWriteCommitted':1,'CasGcPut':1,'ContextLock':1,'IOBufferAllocBytes':1048639,'IOBufferAllocs':1,'LocalThreadPoolJobs':1,'LogTrace':3,'WriteBufferFromS3Bytes':509}	b5a82fefcee3dc8d67068e1f11759618	fold_seal_write	510	{'ns_cleanup_items':0,'seal_bytes':509,'seal_namespaces':2,'seal_runs':1}
2afe19975e46	2026-07-26	2026-07-26 21:43:49	2026-07-26 21:43:49.890311	Phase	ca	ca_soak_ch1	fc461c6c87e27bc94fbcfebbdc698fb8	Scheduled	0	Unknown	0	0	0	0	0	0	0	0	0	0	0	0		{'CasGcRetiredGraduated':107,'ContextLock':107}	b5a82fefcee3dc8d67068e1f11759618	pending_deletes	52	{'absent':0,'deleted':0,'graduated':107,'outcome_logs_written':0,'redeleted':0,'replaced':0,'spared':0}
2afe19975e46	2026-07-26	2026-07-26 21:43:49	2026-07-26 21:43:49.890314	Phase	ca	ca_soak_ch1	fc461c6c87e27bc94fbcfebbdc698fb8	Scheduled	0	Unknown	0	0	0	0	0	0	0	0	0	0	0	0		{}	b5a82fefcee3dc8d67068e1f11759618	meta_pool_wait	1	{'jobs_completed':159,'jobs_completed_on_entry':159,'jobs_scheduled':159}
2afe19975e46	2026-07-26	2026-07-26 21:43:49	2026-07-26 21:43:49.894232	Phase	ca	ca_soak_ch1	fc461c6c87e27bc94fbcfebbdc698fb8	Scheduled	0	Unknown	0	0	0	0	0	0	0	0	0	0	0	0		{'CasConditionalWriteAttempts':1,'CasConditionalWriteCommitted':1,'CasGcCas':1,'CasGcDelete':2,'CasGcEnumerationPages':1,'CasGcList':1,'ContextLock':3,'DiskConnectionsPreserved':2,'DiskConnectionsReused':2,'DiskS3DeleteObjects':2,'DiskS3WriteMicroseconds':1436,'DiskS3WriteRequestAttempts':2,'DiskS3WriteRequestsCount':2,'GlobalThreadPoolJobs':1,'IOBufferAllocBytes':1048639,'IOBufferAllocs':1,'LocalThreadPoolExpansions':1,'LocalThreadPoolJobs':2,'LocalThreadPoolShrinks':1,'LocalThreadPoolThreadCreationMicroseconds':3,'LogTrace':3,'MemoryAllocatedWithoutCheck':4,'MemoryAllocatedWithoutCheckBytes':4352,'S3WriteMicroseconds':1436,'S3WriteRequestAttempts':2,'S3WriteRequestsCount':2,'WriteBufferFromS3Bytes':141}	b5a82fefcee3dc8d67068e1f11759618	round_commit	3906	{'generation':16,'generations_referenced':2,'generations_visited':1,'pruned_through':13,'round':16}
2afe19975e46	2026-07-26	2026-07-26 21:43:49	2026-07-26 21:43:49.894239	Phase	ca	ca_soak_ch1	fc461c6c87e27bc94fbcfebbdc698fb8	Scheduled	0	Unknown	0	0	0	0	0	0	0	0	0	0	0	0		{}	b5a82fefcee3dc8d67068e1f11759618	handoff_reclaim	1	{'generations_reclaimed':0,'objects_reclaimed':0}
2afe19975e46	2026-07-26	2026-07-26 21:43:50	2026-07-26 21:43:50.053991	Phase	ca	ca_soak_ch1	fc461c6c87e27bc94fbcfebbdc698fb8	Scheduled	0	Unknown	0	0	0	0	0	0	0	0	0	0	0	0		{'CasManifestDelete':207,'ContextLock':414,'DiskConnectionsPreserved':207,'DiskConnectionsReused':207,'DiskS3DeleteObjects':207,'DiskS3WriteMicroseconds':141431,'DiskS3WriteRequestAttempts':207,'DiskS3WriteRequestsCount':207,'MemoryAllocatedWithoutCheck':414,'MemoryAllocatedWithoutCheckBytes':450432,'S3WriteMicroseconds':141431,'S3WriteRequestAttempts':207,'S3WriteRequestsCount':207}	b5a82fefcee3dc8d67068e1f11759618	manifest_deletes	159728	{'attempted':207,'deleted':207}
2afe19975e46	2026-07-26	2026-07-26 21:43:50	2026-07-26 21:43:50.053997	Phase	ca	ca_soak_ch1	fc461c6c87e27bc94fbcfebbdc698fb8	Scheduled	0	Unknown	0	0	0	0	0	0	0	0	0	0	0	0		{}	b5a82fefcee3dc8d67068e1f11759618	namespace_cleanup	1	{'items':0,'items_completed':0,'items_pending':0,'suppressed':0}
2afe19975e46	2026-07-26	2026-07-26 21:43:50	2026-07-26 21:43:50.054004	Phase	ca	ca_soak_ch1	fc461c6c87e27bc94fbcfebbdc698fb8	Scheduled	0	Unknown	0	0	0	0	0	0	0	0	0	0	0	0		{}	b5a82fefcee3dc8d67068e1f11759618	ref_object_cleanup	5	{'namespaces_planned':2,'suppressed':0,'trim_enabled':1}
2afe19975e46	2026-07-26	2026-07-26 21:43:50	2026-07-26 21:43:50.226929	Phase	ca	ca_soak_ch1	fc461c6c87e27bc94fbcfebbdc698fb8	Scheduled	0	Unknown	0	0	0	0	0	0	0	0	0	0	0	0		{'AsyncLoggingFileLogTotalMessages':20,'AsyncLoggingTextLogTotalMessages':20,'CasGcEnumerationPages':5,'CasGcGet':34,'CasManifestList':1,'CasRootGet':174,'CasRootList':4,'ContextLock':752,'DiskConnectionsCreated':3,'DiskConnectionsElapsedMicroseconds':236,'DiskConnectionsExpired':27,'DiskConnectionsPreserved':369,'DiskConnectionsReused':393,'DiskS3GetObject':188,'DiskS3HeadObject':208,'DiskS3ReadMicroseconds':84649,'DiskS3ReadRequestsCount':396,'DiskS3ReadRequestsErrors':20,'GlobalThreadPoolJobs':5,'IOBufferAllocBytes':884552,'IOBufferAllocs':188,'LocalThreadPoolExpansions':5,'LocalThreadPoolJobs':5,'LocalThreadPoolShrinks':5,'LocalThreadPoolThreadCreationMicroseconds':21,'LogDebug':20,'LoggerElapsedNanoseconds':102080,'MemoryAllocatedWithoutCheck':744,'MemoryAllocatedWithoutCheckBytes':809472,'ReadBufferFromS3Bytes':102660,'ReadBufferFromS3InitMicroseconds':56963,'ReadBufferFromS3Microseconds':57335,'S3GetObject':188,'S3HeadObject':208,'S3ReadMicroseconds':84649,'S3ReadRequestsCount':396,'S3ReadRequestsErrors':20}	b5a82fefcee3dc8d67068e1f11759618	orphan_sweep	172911	{'cursor_advanced':0,'list_budget_keys':1000}
2afe19975e46	2026-07-26	2026-07-26 21:43:50	2026-07-26 21:43:50.226998	Finish	ca	ca_soak_ch1	fc461c6c87e27bc94fbcfebbdc698fb8	Scheduled	16	Success	159	0	0	0	0	207	159	107	0	0	0	4507		{'AsyncLoggingFileLogTotalMessages':20,'AsyncLoggingTextLogTotalMessages':20,'CasBlobGet':107,'CasBlobHead':159,'CasConditionalWriteAttempts':5,'CasConditionalWriteCommitted':5,'CasGcCas':3,'CasGcDelete':2,'CasGcEnumerationPages':8,'CasGcGet':44,'CasGcGetStream':1,'CasGcList':2,'CasGcPut':2,'CasGcRetiredCondemned':159,'CasGcRetiredGraduated':107,'CasManifestDelete':207,'CasManifestGet':345,'CasManifestHead':345,'CasManifestList':1,'CasRefEmittedEdges':345,'CasRefGlobalListPages':1,'CasRefLogBodyGets':83,'CasRefManifestBodyFoldGets':345,'CasRootGet':257,'CasRootList':6,'ContextLock':5204,'ContextLockWaitMicroseconds':7,'DiskConnectionsCreated':3,'DiskConnectionsElapsedMicroseconds':236,'DiskConnectionsExpired':198,'DiskConnectionsPreserved':2174,'DiskConnectionsReused':2198,'DiskS3DeleteObjects':209,'DiskS3GetObject':734,'DiskS3HeadObject':1258,'DiskS3ReadMicroseconds':1132480,'DiskS3ReadRequestsCount':1992,'DiskS3ReadRequestsErrors':20,'DiskS3WriteMicroseconds':142867,'DiskS3WriteRequestAttempts':209,'DiskS3WriteRequestsCount':209,'GlobalThreadPoolJobs':18,'IOBufferAllocBytes':34568835,'IOBufferAllocs':741,'LocalThreadPoolExpansions':18,'LocalThreadPoolJobs':173,'LocalThreadPoolShrinks':9,'LocalThreadPoolThreadCreationMicroseconds':133,'LogDebug':20,'LogTrace':15,'LoggerElapsedNanoseconds':102080,'MemoryAllocatedWithoutCheck':4356,'MemoryAllocatedWithoutCheckBytes':14698364,'QueryProfilerRuns':1,'ReadBufferFromS3Bytes':26268712,'ReadBufferFromS3InitMicroseconds':636448,'ReadBufferFromS3Microseconds':643089,'S3GetObject':734,'S3HeadObject':1258,'S3ReadMicroseconds':1132480,'S3ReadRequestsCount':1992,'S3ReadRequestsErrors':20,'S3WriteMicroseconds':142867,'S3WriteRequestAttempts':209,'S3WriteRequestsCount':209,'WriteBufferFromS3Bytes':62556}	b5a82fefcee3dc8d67068e1f11759618		0	{}
2afe19975e46	2026-07-26	2026-07-26 21:44:00	2026-07-26 21:44:00.227054	Start	ca	ca_soak_ch1	fc461c6c87e27bc94fbcfebbdc698fb8	Scheduled	0	Unknown	0	0	0	0	0	0	0	0	0	0	0	0		{}	ac593b08b848b78f4566240624f80669		0	{}
2afe19975e46	2026-07-26	2026-07-26 21:44:00	2026-07-26 21:44:00.362253	Phase	ca	ca_soak_ch1	fc461c6c87e27bc94fbcfebbdc698fb8	Scheduled	0	Unknown	0	0	0	0	0	0	0	0	0	0	0	0		{'AsyncLoggingFileLogTotalMessages':3,'AsyncLoggingTextLogTotalMessages':3,'CasConditionalWriteAttempts':1,'CasConditionalWriteCommitted':1,'CasGcCas':1,'CasGcGet':1,'ContextLock':5,'DiskConnectionsPreserved':2,'DiskConnectionsReused':2,'DiskS3GetObject':1,'DiskS3HeadObject':1,'DiskS3ReadMicroseconds':1340,'DiskS3ReadRequestsCount':2,'IOBufferAllocBytes':1052939,'IOBufferAllocs':2,'LocalThreadPoolJobs':1,'LogTrace':3,'LoggerElapsedNanoseconds':15950,'MemoryAllocatedWithoutCheck':8,'MemoryAllocatedWithoutCheckBytes':2167310,'ReadBufferFromS3Bytes':141,'ReadBufferFromS3InitMicroseconds':896,'ReadBufferFromS3Microseconds':901,'S3GetObject':1,'S3HeadObject':1,'S3ReadMicroseconds':1340,'S3ReadRequestsCount':2,'WriteBufferFromS3Bytes':141}	ac593b08b848b78f4566240624f80669	lease	135170	{'acquired':1,'steal_allowed':1}
2afe19975e46	2026-07-26	2026-07-26 21:44:00	2026-07-26 21:44:00.372548	Phase	ca	ca_soak_ch1	fc461c6c87e27bc94fbcfebbdc698fb8	Scheduled	0	Unknown	0	0	0	0	0	0	0	0	0	0	0	0		{'CasGcGet':2,'CasGcList':1,'ContextLock':9,'DiskConnectionsPreserved':4,'DiskConnectionsReused':4,'DiskS3GetObject':2,'DiskS3HeadObject':2,'DiskS3ReadMicroseconds':4525,'DiskS3ReadRequestsCount':4,'GlobalThreadPoolJobs':1,'IOBufferAllocBytes':8686,'IOBufferAllocs':2,'LocalThreadPoolExpansions':1,'LocalThreadPoolJobs':1,'LocalThreadPoolShrinks':1,'LocalThreadPoolThreadCreationMicroseconds':3,'MemoryAllocatedWithoutCheck':8,'MemoryAllocatedWithoutCheckBytes':8704,'ReadBufferFromS3Bytes':368,'ReadBufferFromS3InitMicroseconds':3461,'ReadBufferFromS3Microseconds':3491,'S3GetObject':2,'S3HeadObject':2,'S3ReadMicroseconds':4525,'S3ReadRequestsCount':4}	ac593b08b848b78f4566240624f80669	heartbeat_floor	7665	{'already_fenced':0,'fenced_now':0,'live':2,'terminated':0}
2afe19975e46	2026-07-26	2026-07-26 21:44:00	2026-07-26 21:44:00.407887	Phase	ca	ca_soak_ch1	fc461c6c87e27bc94fbcfebbdc698fb8	Scheduled	0	Unknown	0	0	0	0	0	0	0	0	0	0	0	0		{'CasGcEnumerationPages':1,'CasGcGet':2,'CasRootList':1,'ContextLock':8,'DiskConnectionsPreserved':4,'DiskConnectionsReused':4,'DiskS3GetObject':2,'DiskS3HeadObject':2,'DiskS3ReadMicroseconds':2573,'DiskS3ReadRequestsCount':4,'GlobalThreadPoolJobs':1,'IOBufferAllocBytes':9336,'IOBufferAllocs':2,'LocalThreadPoolExpansions':1,'LocalThreadPoolJobs':1,'LocalThreadPoolShrinks':1,'LocalThreadPoolThreadCreationMicroseconds':5,'MemoryAllocatedWithoutCheck':8,'MemoryAllocatedWithoutCheckBytes':8704,'ReadBufferFromS3Bytes':1018,'ReadBufferFromS3InitMicroseconds':1469,'ReadBufferFromS3Microseconds':1481,'S3GetObject':2,'S3HeadObject':2,'S3ReadMicroseconds':2573,'S3ReadRequestsCount':4}	ac593b08b848b78f4566240624f80669	defer_decision	35307	{'changed_shards':2,'deferred':0,'fold_seal_reads':2,'graduation_due':1,'namespaces_seen':2,'ref_log_keys_listed':179,'rounds_deferred_before':0}
2afe19975e46	2026-07-26	2026-07-26 21:44:00	2026-07-26 21:44:00.409437	Phase	ca	ca_soak_ch1	fc461c6c87e27bc94fbcfebbdc698fb8	Scheduled	0	Unknown	0	0	0	0	0	0	0	0	0	0	0	0		{'CasGcGet':1,'ContextLock':4,'DiskConnectionsPreserved':2,'DiskConnectionsReused':2,'DiskS3GetObject':1,'DiskS3HeadObject':1,'DiskS3ReadMicroseconds':1040,'DiskS3ReadRequestsCount':2,'IOBufferAllocBytes':4668,'IOBufferAllocs':1,'MemoryAllocatedWithoutCheck':4,'MemoryAllocatedWithoutCheckBytes':4352,'ReadBufferFromS3Bytes':509,'ReadBufferFromS3InitMicroseconds':682,'ReadBufferFromS3Microseconds':688,'S3GetObject':1,'S3HeadObject':1,'S3ReadMicroseconds':1040,'S3ReadRequestsCount':2}	ac593b08b848b78f4566240624f80669	parent_seal_read	1530	{'parent_runs':1}
2afe19975e46	2026-07-26	2026-07-26 21:44:00	2026-07-26 21:44:00.439171	Phase	ca	ca_soak_ch1	fc461c6c87e27bc94fbcfebbdc698fb8	Scheduled	0	Unknown	0	0	0	0	0	0	0	0	0	0	0	0		{'CasGcEnumerationPages':1,'CasRefGlobalListPages':1,'CasRootList':1,'GlobalThreadPoolJobs':1,'LocalThreadPoolExpansions':1,'LocalThreadPoolJobs':1,'LocalThreadPoolShrinks':1,'LocalThreadPoolThreadCreationMicroseconds':3}	ac593b08b848b78f4566240624f80669	fold_ref_list	29715	{'namespaces_seen':2,'probe_a_holes':0,'ref_folding_aborted':0,'ref_keys_listed':181}
2afe19975e46	2026-07-26	2026-07-26 21:44:00	2026-07-26 21:44:00.442199	Phase	ca	ca_soak_ch1	fc461c6c87e27bc94fbcfebbdc698fb8	Scheduled	0	Unknown	0	0	0	0	0	0	0	0	0	0	0	0		{'CasGcGet':2,'ContextLock':8,'DiskConnectionsPreserved':4,'DiskConnectionsReused':4,'DiskS3GetObject':2,'DiskS3HeadObject':2,'DiskS3ReadMicroseconds':2146,'DiskS3ReadRequestsCount':4,'IOBufferAllocBytes':9336,'IOBufferAllocs':2,'MemoryAllocatedWithoutCheck':8,'MemoryAllocatedWithoutCheckBytes':8704,'ReadBufferFromS3Bytes':1018,'ReadBufferFromS3InitMicroseconds':1366,'ReadBufferFromS3Microseconds':1377,'S3GetObject':2,'S3HeadObject':2,'S3ReadMicroseconds':2146,'S3ReadRequestsCount':4}	ac593b08b848b78f4566240624f80669	fold_seal_read	3014	{'ns_cleanup_items':0,'parent_cursors':2,'parent_runs':1,'redundant_reads':1,'seal_reads':2}
2afe19975e46	2026-07-26	2026-07-26 21:44:00	2026-07-26 21:44:00.453931	Phase	ca	ca_soak_ch1	fc461c6c87e27bc94fbcfebbdc698fb8	Scheduled	0	Unknown	0	0	0	0	0	0	0	0	0	0	0	0		{'CasManifestGet':4,'CasManifestHead':4,'CasRefEmittedEdges':4,'CasRefLogBodyGets':7,'CasRefManifestBodyFoldGets':4,'CasRootGet':7,'ContextLock':68,'DiskConnectionsPreserved':26,'DiskConnectionsReused':26,'DiskS3GetObject':11,'DiskS3HeadObject':15,'DiskS3ReadMicroseconds':8672,'DiskS3ReadRequestsCount':26,'IOBufferAllocBytes':52301,'IOBufferAllocs':11,'MemoryAllocatedWithoutCheck':52,'MemoryAllocatedWithoutCheckBytes':56576,'ReadBufferFromS3Bytes':6552,'ReadBufferFromS3InitMicroseconds':4914,'ReadBufferFromS3Microseconds':4955,'S3GetObject':11,'S3HeadObject':15,'S3ReadMicroseconds':8672,'S3ReadRequestsCount':26}	ac593b08b848b78f4566240624f80669	fold_ref_intake	11704	{'dead_precommits_skipped':0,'deltas_emitted':24,'logs_applied':7,'logs_intended':7,'namespace_removals':0,'ref_folding_aborted':0,'tables_changed':2,'tables_clamped':0,'tables_scanned':2,'txns_opened':7}
2afe19975e46	2026-07-26	2026-07-26 21:44:00	2026-07-26 21:44:00.453944	Phase	ca	ca_soak_ch1	fc461c6c87e27bc94fbcfebbdc698fb8	Scheduled	0	Unknown	0	0	0	0	0	0	0	0	0	0	0	0		{}	ac593b08b848b78f4566240624f80669	fold_ns_cleanup_scan	2	{'items_added':0,'items_carried':0,'items_completed_now':0,'items_final':0,'items_scanned':0}
2afe19975e46	2026-07-26	2026-07-26 21:44:00	2026-07-26 21:44:00.457850	Phase	ca	ca_soak_ch1	fc461c6c87e27bc94fbcfebbdc698fb8	Scheduled	0	Unknown	0	0	0	0	0	0	0	0	0	0	0	0		{'CasConditionalWriteAttempts':1,'CasConditionalWriteCommitted':1,'CasGcGetStream':1,'CasGcPut':1,'ContextLock':5,'DiskConnectionsPreserved':2,'DiskConnectionsReused':2,'DiskS3GetObject':1,'DiskS3HeadObject':1,'DiskS3ReadMicroseconds':908,'DiskS3ReadRequestsCount':2,'IOBufferAllocBytes':1118704,'IOBufferAllocs':4,'LocalThreadPoolJobs':1,'LogTrace':3,'MemoryAllocatedWithoutCheck':4,'MemoryAllocatedWithoutCheckBytes':4352,'ReadBufferFromS3Bytes':61684,'ReadBufferFromS3InitMicroseconds':567,'ReadBufferFromS3Microseconds':603,'S3GetObject':1,'S3HeadObject':1,'S3ReadMicroseconds':908,'S3ReadRequestsCount':2,'WriteBufferFromS3Bytes':41415}	ac593b08b848b78f4566240624f80669	fold_reduce	3892	{'condemned':0,'deltas_in':24,'graduated':159,'redelete_pending':107,'runs_written':1,'shards_pure_carry':0,'shards_reduced':1,'shards_total':1,'spared':0,'suppress_destructive':0,'txns_unapplied':0,'unmatched_removes':0}
2afe19975e46	2026-07-26	2026-07-26 21:44:00	2026-07-26 21:44:00.458861	Phase	ca	ca_soak_ch1	fc461c6c87e27bc94fbcfebbdc698fb8	Scheduled	0	Unknown	0	0	0	0	0	0	0	0	0	0	0	0		{'CasConditionalWriteAttempts':1,'CasConditionalWriteCommitted':1,'CasGcPut':1,'ContextLock':1,'IOBufferAllocBytes':1048639,'IOBufferAllocs':1,'LocalThreadPoolJobs':1,'LogTrace':3,'WriteBufferFromS3Bytes':527}	ac593b08b848b78f4566240624f80669	fold_seal_write	999	{'ns_cleanup_items':0,'seal_bytes':527,'seal_namespaces':2,'seal_runs':1}
2afe19975e46	2026-07-26	2026-07-26 21:44:00	2026-07-26 21:44:00.617631	Phase	ca	ca_soak_ch1	fc461c6c87e27bc94fbcfebbdc698fb8	Scheduled	0	Unknown	0	0	0	0	0	0	0	0	0	0	0	0		{'CasBlobDelete':107,'CasConditionalWriteAttempts':1,'CasConditionalWriteCommitted':1,'CasGcPut':1,'CasGcRetiredGraduated':159,'CasGcRetiredRedeleted':107,'ContextLock':374,'ContextLockWaitMicroseconds':4,'DiskConnectionsPreserved':107,'DiskConnectionsReused':107,'DiskS3DeleteObjects':107,'DiskS3WriteMicroseconds':141430,'DiskS3WriteRequestAttempts':107,'DiskS3WriteRequestsCount':107,'IOBufferAllocBytes':1048639,'IOBufferAllocs':1,'LocalThreadPoolJobs':108,'LogTrace':3,'MemoryAllocatedWithoutCheck':214,'MemoryAllocatedWithoutCheckBytes':232832,'S3WriteMicroseconds':141430,'S3WriteRequestAttempts':107,'S3WriteRequestsCount':107,'WriteBufferFromS3Bytes':4198}	ac593b08b848b78f4566240624f80669	pending_deletes	158722	{'absent':0,'deleted':107,'graduated':159,'outcome_logs_written':1,'redeleted':107,'replaced':0,'spared':0}
2afe19975e46	2026-07-26	2026-07-26 21:44:00	2026-07-26 21:44:00.618196	Phase	ca	ca_soak_ch1	fc461c6c87e27bc94fbcfebbdc698fb8	Scheduled	0	Unknown	0	0	0	0	0	0	0	0	0	0	0	0		{}	ac593b08b848b78f4566240624f80669	meta_pool_wait	551	{'jobs_completed':107,'jobs_completed_on_entry':106,'jobs_scheduled':107}
2afe19975e46	2026-07-26	2026-07-26 21:44:01	2026-07-26 21:44:01.165551	Phase	ca	ca_soak_ch1	fc461c6c87e27bc94fbcfebbdc698fb8	Scheduled	0	Unknown	0	0	0	0	0	0	0	0	0	0	0	0		{'CasConditionalWriteAttempts':1,'CasConditionalWriteCommitted':1,'CasGcCas':1,'CasGcDelete':3,'CasGcEnumerationPages':1,'CasGcList':1,'ContextLock':4,'DiskConnectionsPreserved':3,'DiskConnectionsReused':3,'DiskS3DeleteObjects':3,'DiskS3WriteMicroseconds':3313,'DiskS3WriteRequestAttempts':3,'DiskS3WriteRequestsCount':3,'GlobalThreadPoolJobs':1,'IOBufferAllocBytes':1048639,'IOBufferAllocs':1,'LocalThreadPoolExpansions':1,'LocalThreadPoolJobs':2,'LocalThreadPoolShrinks':1,'LocalThreadPoolThreadCreationMicroseconds':10,'LogTrace':3,'MemoryAllocatedWithoutCheck':6,'MemoryAllocatedWithoutCheckBytes':6528,'S3WriteMicroseconds':3313,'S3WriteRequestAttempts':3,'S3WriteRequestsCount':3,'WriteBufferFromS3Bytes':141}	ac593b08b848b78f4566240624f80669	round_commit	547307	{'generation':17,'generations_referenced':2,'generations_visited':1,'pruned_through':14,'round':17}
2afe19975e46	2026-07-26	2026-07-26 21:44:01	2026-07-26 21:44:01.165597	Phase	ca	ca_soak_ch1	fc461c6c87e27bc94fbcfebbdc698fb8	Scheduled	0	Unknown	0	0	0	0	0	0	0	0	0	0	0	0		{}	ac593b08b848b78f4566240624f80669	handoff_reclaim	19	{'generations_reclaimed':0,'objects_reclaimed':0}
2afe19975e46	2026-07-26	2026-07-26 21:44:01	2026-07-26 21:44:01.169178	Phase	ca	ca_soak_ch1	fc461c6c87e27bc94fbcfebbdc698fb8	Scheduled	0	Unknown	0	0	0	0	0	0	0	0	0	0	0	0		{'CasManifestDelete':1,'ContextLock':2,'DiskConnectionsPreserved':1,'DiskConnectionsReused':1,'DiskS3DeleteObjects':1,'DiskS3WriteMicroseconds':3054,'DiskS3WriteRequestAttempts':1,'DiskS3WriteRequestsCount':1,'MemoryAllocatedWithoutCheck':2,'MemoryAllocatedWithoutCheckBytes':2176,'S3WriteMicroseconds':3054,'S3WriteRequestAttempts':1,'S3WriteRequestsCount':1}	ac593b08b848b78f4566240624f80669	manifest_deletes	3565	{'attempted':1,'deleted':1}
2afe19975e46	2026-07-26	2026-07-26 21:44:01	2026-07-26 21:44:01.169190	Phase	ca	ca_soak_ch1	fc461c6c87e27bc94fbcfebbdc698fb8	Scheduled	0	Unknown	0	0	0	0	0	0	0	0	0	0	0	0		{}	ac593b08b848b78f4566240624f80669	namespace_cleanup	3	{'items':0,'items_completed':0,'items_pending':0,'suppressed':0}
2afe19975e46	2026-07-26	2026-07-26 21:44:01	2026-07-26 21:44:01.169205	Phase	ca	ca_soak_ch1	fc461c6c87e27bc94fbcfebbdc698fb8	Scheduled	0	Unknown	0	0	0	0	0	0	0	0	0	0	0	0		{}	ac593b08b848b78f4566240624f80669	ref_object_cleanup	13	{'namespaces_planned':2,'suppressed':0,'trim_enabled':1}
2afe19975e46	2026-07-26	2026-07-26 21:44:01	2026-07-26 21:44:01.504171	Phase	ca	ca_soak_ch1	fc461c6c87e27bc94fbcfebbdc698fb8	Scheduled	0	Unknown	0	0	0	0	0	0	0	0	0	0	0	0		{'AsyncLoggingFileLogTotalMessages':24,'AsyncLoggingTextLogTotalMessages':24,'CasGcEnumerationPages':5,'CasGcGet':40,'CasManifestList':1,'CasRootGet':181,'CasRootList':4,'ContextLock':788,'ContextLockWaitMicroseconds':5,'DiskConnectionsCreated':3,'DiskConnectionsElapsedMicroseconds':272,'DiskConnectionsExpired':5,'DiskConnectionsPreserved':413,'DiskConnectionsReused':415,'DiskS3GetObject':197,'DiskS3HeadObject':221,'DiskS3ReadMicroseconds':184396,'DiskS3ReadRequestsCount':418,'DiskS3ReadRequestsErrors':24,'GlobalThreadPoolJobs':5,'IOBufferAllocBytes':923892,'IOBufferAllocs':197,'LocalThreadPoolExpansions':5,'LocalThreadPoolJobs':5,'LocalThreadPoolShrinks':5,'LocalThreadPoolThreadCreationMicroseconds':42,'LogDebug':24,'LoggerElapsedNanoseconds':425792,'MemoryAllocatedWithoutCheck':834,'MemoryAllocatedWithoutCheckBytes':917728,'ReadBufferFromS3Bytes':104569,'ReadBufferFromS3InitMicroseconds':113771,'ReadBufferFromS3Microseconds':114657,'S3GetObject':197,'S3HeadObject':221,'S3ReadMicroseconds':184396,'S3ReadRequestsCount':418,'S3ReadRequestsErrors':24}	ac593b08b848b78f4566240624f80669	orphan_sweep	334928	{'cursor_advanced':0,'list_budget_keys':1000}
2afe19975e46	2026-07-26	2026-07-26 21:44:01	2026-07-26 21:44:01.504304	Finish	ca	ca_soak_ch1	fc461c6c87e27bc94fbcfebbdc698fb8	Scheduled	17	Success	0	107	0	0	0	1	0	159	107	0	0	1277		{'AsyncLoggingFileLogTotalMessages':27,'AsyncLoggingTextLogTotalMessages':27,'CasBlobDelete':107,'CasConditionalWriteAttempts':6,'CasConditionalWriteCommitted':6,'CasGcCas':3,'CasGcDelete':3,'CasGcEnumerationPages':8,'CasGcGet':49,'CasGcGetStream':1,'CasGcList':2,'CasGcPut':3,'CasGcRetiredGraduated':159,'CasGcRetiredRedeleted':107,'CasManifestDelete':1,'CasManifestGet':4,'CasManifestHead':4,'CasManifestList':1,'CasRefEmittedEdges':4,'CasRefGlobalListPages':1,'CasRefLogBodyGets':7,'CasRefManifestBodyFoldGets':4,'CasRootGet':188,'CasRootList':6,'ContextLock':1301,'ContextLockWaitMicroseconds':9,'DiskConnectionsCreated':3,'DiskConnectionsElapsedMicroseconds':272,'DiskConnectionsExpired':5,'DiskConnectionsPreserved':570,'DiskConnectionsReused':572,'DiskS3DeleteObjects':111,'DiskS3GetObject':218,'DiskS3HeadObject':246,'DiskS3ReadMicroseconds':206565,'DiskS3ReadRequestsCount':464,'DiskS3ReadRequestsErrors':24,'DiskS3WriteMicroseconds':147797,'DiskS3WriteRequestAttempts':111,'DiskS3WriteRequestsCount':111,'GlobalThreadPoolJobs':9,'IOBufferAllocBytes':7378658,'IOBufferAllocs':226,'LocalThreadPoolExpansions':9,'LocalThreadPoolJobs':122,'LocalThreadPoolShrinks':9,'LocalThreadPoolThreadCreationMicroseconds':63,'LogDebug':24,'LogTrace':18,'LoggerElapsedNanoseconds':441742,'MemoryAllocatedWithoutCheck':1152,'MemoryAllocatedWithoutCheckBytes':3422318,'ReadBufferFromS3Bytes':175940,'ReadBufferFromS3InitMicroseconds':127708,'ReadBufferFromS3Microseconds':128740,'S3GetObject':218,'S3HeadObject':246,'S3ReadMicroseconds':206565,'S3ReadRequestsCount':464,'S3ReadRequestsErrors':24,'S3WriteMicroseconds':147797,'S3WriteRequestAttempts':111,'S3WriteRequestsCount':111,'WriteBufferFromS3Bytes':46503}	ac593b08b848b78f4566240624f80669		0	{}
2afe19975e46	2026-07-26	2026-07-26 21:44:11	2026-07-26 21:44:11.504392	Start	ca	ca_soak_ch1	fc461c6c87e27bc94fbcfebbdc698fb8	Scheduled	0	Unknown	0	0	0	0	0	0	0	0	0	0	0	0		{}	30d5154ee20eadb38aa8720bf9ea09a6		0	{}
2afe19975e46	2026-07-26	2026-07-26 21:44:14	2026-07-26 21:44:14.366243	Phase	ca	ca_soak_ch1	fc461c6c87e27bc94fbcfebbdc698fb8	Scheduled	0	Unknown	0	0	0	0	0	0	0	0	0	0	0	0		{'CasConditionalWriteAttempts':1,'CasConditionalWriteCommitted':1,'CasGcGetStream':1,'CasGcPut':1,'ContextLock':5,'DiskConnectionsPreserved':2,'DiskConnectionsReused':2,'DiskS3GetObject':1,'DiskS3HeadObject':1,'DiskS3ReadMicroseconds':435,'DiskS3ReadRequestsCount':2,'IOBufferAllocBytes':1098435,'IOBufferAllocs':4,'LocalThreadPoolJobs':1,'LogTrace':3,'MemoryAllocatedWithoutCheck':4,'MemoryAllocatedWithoutCheckBytes':4352,'ReadBufferFromS3Bytes':41415,'ReadBufferFromS3InitMicroseconds':263,'ReadBufferFromS3Microseconds':267,'S3GetObject':1,'S3HeadObject':1,'S3ReadMicroseconds':435,'S3ReadRequestsCount':2,'WriteBufferFromS3Bytes':10658}	30d5154ee20eadb38aa8720bf9ea09a6	fold_reduce	1861	{'condemned':0,'deltas_in':6,'graduated':0,'redelete_pending':159,'runs_written':1,'shards_pure_carry':0,'shards_reduced':1,'shards_total':1,'spared':0,'suppress_destructive':0,'txns_unapplied':0,'unmatched_removes':0}
2afe19975e46	2026-07-26	2026-07-26 21:44:14	2026-07-26 21:44:14.324129	Phase	ca	ca_soak_ch1	fc461c6c87e27bc94fbcfebbdc698fb8	Scheduled	0	Unknown	0	0	0	0	0	0	0	0	0	0	0	0		{'CasGcGet':2,'CasGcList':1,'ContextLock':9,'DiskConnectionsPreserved':4,'DiskConnectionsReused':4,'DiskS3GetObject':2,'DiskS3HeadObject':2,'DiskS3ReadMicroseconds':978,'DiskS3ReadRequestsCount':4,'GlobalThreadPoolJobs':1,'IOBufferAllocBytes':8686,'IOBufferAllocs':2,'LocalThreadPoolExpansions':1,'LocalThreadPoolJobs':1,'LocalThreadPoolShrinks':1,'LocalThreadPoolThreadCreationMicroseconds':5,'MemoryAllocatedWithoutCheck':8,'MemoryAllocatedWithoutCheckBytes':8704,'ReadBufferFromS3Bytes':368,'ReadBufferFromS3InitMicroseconds':690,'ReadBufferFromS3Microseconds':697,'S3GetObject':2,'S3HeadObject':2,'S3ReadMicroseconds':978,'S3ReadRequestsCount':4}	30d5154ee20eadb38aa8720bf9ea09a6	heartbeat_floor	3177	{'already_fenced':0,'fenced_now':0,'live':2,'terminated':0}
2afe19975e46	2026-07-26	2026-07-26 21:44:14	2026-07-26 21:44:14.343676	Phase	ca	ca_soak_ch1	fc461c6c87e27bc94fbcfebbdc698fb8	Scheduled	0	Unknown	0	0	0	0	0	0	0	0	0	0	0	0		{'CasGcEnumerationPages':1,'CasGcGet':2,'CasRootList':1,'ContextLock':8,'DiskConnectionsPreserved':4,'DiskConnectionsReused':4,'DiskS3GetObject':2,'DiskS3HeadObject':2,'DiskS3ReadMicroseconds':673,'DiskS3ReadRequestsCount':4,'GlobalThreadPoolJobs':1,'IOBufferAllocBytes':9372,'IOBufferAllocs':2,'LocalThreadPoolExpansions':1,'LocalThreadPoolJobs':1,'LocalThreadPoolShrinks':1,'LocalThreadPoolThreadCreationMicroseconds':3,'MemoryAllocatedWithoutCheck':8,'MemoryAllocatedWithoutCheckBytes':8704,'ReadBufferFromS3Bytes':1054,'ReadBufferFromS3InitMicroseconds':485,'ReadBufferFromS3Microseconds':489,'S3GetObject':2,'S3HeadObject':2,'S3ReadMicroseconds':673,'S3ReadRequestsCount':4}	30d5154ee20eadb38aa8720bf9ea09a6	defer_decision	19535	{'changed_shards':1,'deferred':0,'fold_seal_reads':2,'graduation_due':1,'namespaces_seen':2,'ref_log_keys_listed':180,'rounds_deferred_before':0}
2afe19975e46	2026-07-26	2026-07-26 21:44:14	2026-07-26 21:44:14.344387	Phase	ca	ca_soak_ch1	fc461c6c87e27bc94fbcfebbdc698fb8	Scheduled	0	Unknown	0	0	0	0	0	0	0	0	0	0	0	0		{'CasGcGet':1,'ContextLock':4,'DiskConnectionsPreserved':2,'DiskConnectionsReused':2,'DiskS3GetObject':1,'DiskS3HeadObject':1,'DiskS3ReadMicroseconds':491,'DiskS3ReadRequestsCount':2,'IOBufferAllocBytes':4686,'IOBufferAllocs':1,'MemoryAllocatedWithoutCheck':4,'MemoryAllocatedWithoutCheckBytes':4352,'ReadBufferFromS3Bytes':527,'ReadBufferFromS3InitMicroseconds':299,'ReadBufferFromS3Microseconds':301,'S3GetObject':1,'S3HeadObject':1,'S3ReadMicroseconds':491,'S3ReadRequestsCount':2}	30d5154ee20eadb38aa8720bf9ea09a6	parent_seal_read	700	{'parent_runs':1}
2afe19975e46	2026-07-26	2026-07-26 21:44:14	2026-07-26 21:44:14.360988	Phase	ca	ca_soak_ch1	fc461c6c87e27bc94fbcfebbdc698fb8	Scheduled	0	Unknown	0	0	0	0	0	0	0	0	0	0	0	0		{'CasGcEnumerationPages':1,'CasRefGlobalListPages':1,'CasRootList':1,'GlobalThreadPoolJobs':1,'LocalThreadPoolExpansions':1,'LocalThreadPoolJobs':1,'LocalThreadPoolShrinks':1,'LocalThreadPoolThreadCreationMicroseconds':2}	30d5154ee20eadb38aa8720bf9ea09a6	fold_ref_list	16595	{'namespaces_seen':2,'probe_a_holes':0,'ref_folding_aborted':0,'ref_keys_listed':182}
2afe19975e46	2026-07-26	2026-07-26 21:44:14	2026-07-26 21:44:14.362339	Phase	ca	ca_soak_ch1	fc461c6c87e27bc94fbcfebbdc698fb8	Scheduled	0	Unknown	0	0	0	0	0	0	0	0	0	0	0	0		{'CasGcGet':2,'ContextLock':8,'DiskConnectionsPreserved':4,'DiskConnectionsReused':4,'DiskS3GetObject':2,'DiskS3HeadObject':2,'DiskS3ReadMicroseconds':945,'DiskS3ReadRequestsCount':4,'IOBufferAllocBytes':9372,'IOBufferAllocs':2,'MemoryAllocatedWithoutCheck':8,'MemoryAllocatedWithoutCheckBytes':8704,'ReadBufferFromS3Bytes':1054,'ReadBufferFromS3InitMicroseconds':638,'ReadBufferFromS3Microseconds':642,'S3GetObject':2,'S3HeadObject':2,'S3ReadMicroseconds':945,'S3ReadRequestsCount':4}	30d5154ee20eadb38aa8720bf9ea09a6	fold_seal_read	1344	{'ns_cleanup_items':0,'parent_cursors':2,'parent_runs':1,'redundant_reads':1,'seal_reads':2}
2afe19975e46	2026-07-26	2026-07-26 21:44:14	2026-07-26 21:44:14.364369	Phase	ca	ca_soak_ch1	fc461c6c87e27bc94fbcfebbdc698fb8	Scheduled	0	Unknown	0	0	0	0	0	0	0	0	0	0	0	0		{'CasManifestGet':1,'CasManifestHead':1,'CasRefEmittedEdges':1,'CasRefLogBodyGets':1,'CasRefManifestBodyFoldGets':1,'CasRootGet':1,'ContextLock':14,'DiskConnectionsPreserved':5,'DiskConnectionsReused':5,'DiskS3GetObject':2,'DiskS3HeadObject':3,'DiskS3ReadMicroseconds':1108,'DiskS3ReadRequestsCount':5,'IOBufferAllocBytes':283480,'IOBufferAllocs':2,'MemoryAllocatedWithoutCheck':10,'MemoryAllocatedWithoutCheckBytes':10880,'ReadBufferFromS3Bytes':275162,'ReadBufferFromS3InitMicroseconds':787,'ReadBufferFromS3Microseconds':853,'S3GetObject':2,'S3HeadObject':3,'S3ReadMicroseconds':1108,'S3ReadRequestsCount':5}	30d5154ee20eadb38aa8720bf9ea09a6	fold_ref_intake	2017	{'dead_precommits_skipped':0,'deltas_emitted':6,'logs_applied':1,'logs_intended':1,'namespace_removals':0,'ref_folding_aborted':0,'tables_changed':1,'tables_clamped':0,'tables_scanned':2,'txns_opened':1}
2afe19975e46	2026-07-26	2026-07-26 21:44:14	2026-07-26 21:44:14.364373	Phase	ca	ca_soak_ch1	fc461c6c87e27bc94fbcfebbdc698fb8	Scheduled	0	Unknown	0	0	0	0	0	0	0	0	0	0	0	0		{}	30d5154ee20eadb38aa8720bf9ea09a6	fold_ns_cleanup_scan	0	{'items_added':0,'items_carried':0,'items_completed_now':0,'items_final':0,'items_scanned':0}
2afe19975e46	2026-07-26	2026-07-26 21:44:14	2026-07-26 21:44:14.309654	Phase	ca	ca_soak_ch1	fc461c6c87e27bc94fbcfebbdc698fb8	Scheduled	0	Unknown	0	0	0	0	0	0	0	0	0	0	0	0		{'AsyncLoggingFileLogTotalMessages':3,'AsyncLoggingTextLogTotalMessages':3,'CasConditionalWriteAttempts':1,'CasConditionalWriteCommitted':1,'CasGcCas':1,'CasGcGet':1,'ContextLock':5,'DiskConnectionsPreserved':2,'DiskConnectionsReused':2,'DiskS3GetObject':1,'DiskS3HeadObject':1,'DiskS3ReadMicroseconds':1273,'DiskS3ReadRequestsCount':2,'IOBufferAllocBytes':1052939,'IOBufferAllocs':2,'LocalThreadPoolJobs':1,'LogTrace':3,'LoggerElapsedNanoseconds':22590,'MemoryAllocatedWithoutCheck':8,'MemoryAllocatedWithoutCheckBytes':2167310,'ReadBufferFromS3Bytes':141,'ReadBufferFromS3InitMicroseconds':670,'ReadBufferFromS3Microseconds':676,'S3GetObject':1,'S3HeadObject':1,'S3ReadMicroseconds':1273,'S3ReadRequestsCount':2,'WriteBufferFromS3Bytes':141}	30d5154ee20eadb38aa8720bf9ea09a6	lease	2805232	{'acquired':1,'steal_allowed':1}
2afe19975e46	2026-07-26	2026-07-26 21:44:14	2026-07-26 21:44:14.366771	Phase	ca	ca_soak_ch1	fc461c6c87e27bc94fbcfebbdc698fb8	Scheduled	0	Unknown	0	0	0	0	0	0	0	0	0	0	0	0		{'CasConditionalWriteAttempts':1,'CasConditionalWriteCommitted':1,'CasGcPut':1,'ContextLock':1,'IOBufferAllocBytes':1048639,'IOBufferAllocs':1,'LocalThreadPoolJobs':1,'LogTrace':3,'WriteBufferFromS3Bytes':523}	30d5154ee20eadb38aa8720bf9ea09a6	fold_seal_write	522	{'ns_cleanup_items':0,'seal_bytes':523,'seal_namespaces':2,'seal_runs':1}
2afe19975e46	2026-07-26	2026-07-26 21:44:23	2026-07-26 21:44:23.531611	Phase	ca	ca_soak_ch1	fc461c6c87e27bc94fbcfebbdc698fb8	Scheduled	0	Unknown	0	0	0	0	0	0	0	0	0	0	0	0		{'AsyncLoggingFileLogTotalMessages':3,'AsyncLoggingTextLogTotalMessages':3,'CasBlobDelete':159,'CasConditionalWriteAttempts':1,'CasConditionalWriteCommitted':1,'CasGcPut':1,'CasGcRetiredRedeleted':159,'ContextLock':319,'DiskConnectionsCreated':4,'DiskConnectionsElapsedMicroseconds':911,'DiskConnectionsPreserved':158,'DiskConnectionsReset':1,'DiskConnectionsReused':155,'DiskS3DeleteObjects':159,'DiskS3WriteMicroseconds':9139618,'DiskS3WriteRequestAttempts':159,'DiskS3WriteRequestsCount':159,'IOBufferAllocBytes':1048639,'IOBufferAllocs':1,'LocalThreadPoolJobs':160,'LocalThreadPoolLockWaitMicroseconds':8,'LogTrace':3,'LoggerElapsedNanoseconds':19500,'MemoryAllocatedWithoutCheck':328,'MemoryAllocatedWithoutCheckBytes':8478232,'QueryProfilerRuns':1,'S3WriteMicroseconds':9139618,'S3WriteRequestAttempts':159,'S3WriteRequestsCount':159,'WriteBufferFromS3Bytes':5840}	30d5154ee20eadb38aa8720bf9ea09a6	pending_deletes	9164810	{'absent':0,'deleted':159,'graduated':0,'outcome_logs_written':1,'redeleted':159,'replaced':0,'spared':0}
2afe19975e46	2026-07-26	2026-07-26 21:44:23	2026-07-26 21:44:23.531740	Phase	ca	ca_soak_ch1	fc461c6c87e27bc94fbcfebbdc698fb8	Scheduled	0	Unknown	0	0	0	0	0	0	0	0	0	0	0	0		{}	30d5154ee20eadb38aa8720bf9ea09a6	meta_pool_wait	122	{'jobs_completed':159,'jobs_completed_on_entry':158,'jobs_scheduled':159}
2afe19975e46	2026-07-26	2026-07-26 21:44:23	2026-07-26 21:44:23.536199	Phase	ca	ca_soak_ch1	fc461c6c87e27bc94fbcfebbdc698fb8	Scheduled	0	Unknown	0	0	0	0	0	0	0	0	0	0	0	0		{'CasConditionalWriteAttempts':1,'CasConditionalWriteCommitted':1,'CasGcCas':1,'CasGcDelete':2,'CasGcEnumerationPages':1,'CasGcList':1,'ContextLock':3,'DiskConnectionsPreserved':2,'DiskConnectionsReused':2,'DiskS3DeleteObjects':2,'DiskS3WriteMicroseconds':1530,'DiskS3WriteRequestAttempts':2,'DiskS3WriteRequestsCount':2,'GlobalThreadPoolJobs':1,'IOBufferAllocBytes':1048639,'IOBufferAllocs':1,'LocalThreadPoolExpansions':1,'LocalThreadPoolJobs':2,'LocalThreadPoolShrinks':1,'LocalThreadPoolThreadCreationMicroseconds':3,'LogTrace':3,'MemoryAllocatedWithoutCheck':4,'MemoryAllocatedWithoutCheckBytes':4352,'S3WriteMicroseconds':1530,'S3WriteRequestAttempts':2,'S3WriteRequestsCount':2,'WriteBufferFromS3Bytes':141}	30d5154ee20eadb38aa8720bf9ea09a6	round_commit	4451	{'generation':18,'generations_referenced':2,'generations_visited':1,'pruned_through':15,'round':18}
2afe19975e46	2026-07-26	2026-07-26 21:44:23	2026-07-26 21:44:23.536205	Phase	ca	ca_soak_ch1	fc461c6c87e27bc94fbcfebbdc698fb8	Scheduled	0	Unknown	0	0	0	0	0	0	0	0	0	0	0	0		{}	30d5154ee20eadb38aa8720bf9ea09a6	handoff_reclaim	1	{'generations_reclaimed':0,'objects_reclaimed':0}
2afe19975e46	2026-07-26	2026-07-26 21:44:23	2026-07-26 21:44:23.536206	Phase	ca	ca_soak_ch1	fc461c6c87e27bc94fbcfebbdc698fb8	Scheduled	0	Unknown	0	0	0	0	0	0	0	0	0	0	0	0		{}	30d5154ee20eadb38aa8720bf9ea09a6	manifest_deletes	0	{'attempted':0,'deleted':0}
2afe19975e46	2026-07-26	2026-07-26 21:44:23	2026-07-26 21:44:23.536209	Phase	ca	ca_soak_ch1	fc461c6c87e27bc94fbcfebbdc698fb8	Scheduled	0	Unknown	0	0	0	0	0	0	0	0	0	0	0	0		{}	30d5154ee20eadb38aa8720bf9ea09a6	namespace_cleanup	1	{'items':0,'items_completed':0,'items_pending':0,'suppressed':0}
2afe19975e46	2026-07-26	2026-07-26 21:44:23	2026-07-26 21:44:23.536216	Phase	ca	ca_soak_ch1	fc461c6c87e27bc94fbcfebbdc698fb8	Scheduled	0	Unknown	0	0	0	0	0	0	0	0	0	0	0	0		{}	30d5154ee20eadb38aa8720bf9ea09a6	ref_object_cleanup	6	{'namespaces_planned':2,'suppressed':0,'trim_enabled':1}
2afe19975e46	2026-07-26	2026-07-26 21:44:23	2026-07-26 21:44:23.747004	Phase	ca	ca_soak_ch1	fc461c6c87e27bc94fbcfebbdc698fb8	Scheduled	0	Unknown	0	0	0	0	0	0	0	0	0	0	0	0		{'AsyncLoggingFileLogTotalMessages':28,'AsyncLoggingTextLogTotalMessages':28,'CasGcEnumerationPages':5,'CasGcGet':46,'CasManifestList':1,'CasRootGet':184,'CasRootList':4,'ContextLock':808,'DiskConnectionsCreated':5,'DiskConnectionsElapsedMicroseconds':629,'DiskConnectionsExpired':4,'DiskConnectionsPreserved':428,'DiskConnectionsReused':427,'DiskS3GetObject':202,'DiskS3HeadObject':230,'DiskS3ReadMicroseconds':108539,'DiskS3ReadRequestsCount':432,'DiskS3ReadRequestsErrors':28,'GlobalThreadPoolJobs':5,'IOBufferAllocBytes':945610,'IOBufferAllocs':202,'LocalThreadPoolExpansions':5,'LocalThreadPoolJobs':5,'LocalThreadPoolShrinks':5,'LocalThreadPoolThreadCreationMicroseconds':21,'LogDebug':28,'LoggerElapsedNanoseconds':122470,'MemoryAllocatedWithoutCheck':868,'MemoryAllocatedWithoutCheckBytes':2994798,'ReadBufferFromS3Bytes':105492,'ReadBufferFromS3InitMicroseconds':71433,'ReadBufferFromS3Microseconds':71919,'S3GetObject':202,'S3HeadObject':230,'S3ReadMicroseconds':108539,'S3ReadRequestsCount':432,'S3ReadRequestsErrors':28}	30d5154ee20eadb38aa8720bf9ea09a6	orphan_sweep	210772	{'cursor_advanced':0,'list_budget_keys':1000}
2afe19975e46	2026-07-26	2026-07-26 21:44:23	2026-07-26 21:44:23.747082	Finish	ca	ca_soak_ch1	fc461c6c87e27bc94fbcfebbdc698fb8	Scheduled	18	Success	0	159	0	0	0	0	0	0	159	0	0	12242		{'AsyncLoggingFileLogTotalMessages':34,'AsyncLoggingTextLogTotalMessages':34,'CasBlobDelete':159,'CasConditionalWriteAttempts':6,'CasConditionalWriteCommitted':6,'CasGcCas':3,'CasGcDelete':2,'CasGcEnumerationPages':8,'CasGcGet':55,'CasGcGetStream':1,'CasGcList':2,'CasGcPut':3,'CasGcRetiredRedeleted':159,'CasManifestGet':1,'CasManifestHead':1,'CasManifestList':1,'CasRefEmittedEdges':1,'CasRefGlobalListPages':1,'CasRefLogBodyGets':1,'CasRefManifestBodyFoldGets':1,'CasRootGet':185,'CasRootList':6,'ContextLock':1209,'DiskConnectionsCreated':9,'DiskConnectionsElapsedMicroseconds':1540,'DiskConnectionsExpired':4,'DiskConnectionsPreserved':613,'DiskConnectionsReset':1,'DiskConnectionsReused':609,'DiskS3DeleteObjects':161,'DiskS3GetObject':214,'DiskS3HeadObject':243,'DiskS3ReadMicroseconds':115350,'DiskS3ReadRequestsCount':457,'DiskS3ReadRequestsErrors':28,'DiskS3WriteMicroseconds':9141148,'DiskS3WriteRequestAttempts':161,'DiskS3WriteRequestsCount':161,'GlobalThreadPoolJobs':9,'IOBufferAllocBytes':7611376,'IOBufferAllocs':222,'LocalThreadPoolExpansions':9,'LocalThreadPoolJobs':174,'LocalThreadPoolLockWaitMicroseconds':8,'LocalThreadPoolShrinks':9,'LocalThreadPoolThreadCreationMicroseconds':34,'LogDebug':28,'LogTrace':18,'LoggerElapsedNanoseconds':164560,'MemoryAllocatedWithoutCheck':1254,'MemoryAllocatedWithoutCheckBytes':13694740,'QueryProfilerRuns':1,'ReadBufferFromS3Bytes':425294,'ReadBufferFromS3InitMicroseconds':75774,'ReadBufferFromS3Microseconds':76358,'S3GetObject':214,'S3HeadObject':243,'S3ReadMicroseconds':115350,'S3ReadRequestsCount':457,'S3ReadRequestsErrors':28,'S3WriteMicroseconds':9141148,'S3WriteRequestAttempts':161,'S3WriteRequestsCount':161,'WriteBufferFromS3Bytes':17384}	30d5154ee20eadb38aa8720bf9ea09a6		0	{}
2afe19975e46	2026-07-26	2026-07-26 21:44:33	2026-07-26 21:44:33.747160	Start	ca	ca_soak_ch1	fc461c6c87e27bc94fbcfebbdc698fb8	Scheduled	0	Unknown	0	0	0	0	0	0	0	0	0	0	0	0		{}	a451b81562a60ee63b159144a72e5350		0	{}
2afe19975e46	2026-07-26	2026-07-26 21:44:34	2026-07-26 21:44:34.169068	Phase	ca	ca_soak_ch1	fc461c6c87e27bc94fbcfebbdc698fb8	Scheduled	0	Unknown	0	0	0	0	0	0	0	0	0	0	0	0		{'CasConditionalWriteAttempts':1,'CasConditionalWriteCommitted':1,'CasGcCas':1,'CasGcGet':1,'ContextLock':5,'DiskConnectionsPreserved':2,'DiskConnectionsReused':2,'DiskS3GetObject':1,'DiskS3HeadObject':1,'DiskS3ReadMicroseconds':1274,'DiskS3ReadRequestsCount':2,'IOBufferAllocBytes':1052939,'IOBufferAllocs':2,'LocalThreadPoolJobs':1,'LogTrace':3,'MemoryAllocatedWithoutCheck':4,'MemoryAllocatedWithoutCheckBytes':4352,'ReadBufferFromS3Bytes':141,'ReadBufferFromS3InitMicroseconds':757,'ReadBufferFromS3Microseconds':764,'S3GetObject':1,'S3HeadObject':1,'S3ReadMicroseconds':1274,'S3ReadRequestsCount':2,'WriteBufferFromS3Bytes':141}	a451b81562a60ee63b159144a72e5350	lease	421885	{'acquired':1,'steal_allowed':1}
2afe19975e46	2026-07-26	2026-07-26 21:44:35	2026-07-26 21:44:35.676042	Phase	ca	ca_soak_ch1	fc461c6c87e27bc94fbcfebbdc698fb8	Scheduled	0	Unknown	0	0	0	0	0	0	0	0	0	0	0	0		{}	a451b81562a60ee63b159144a72e5350	namespace_cleanup	2	{'items':0,'items_completed':0,'items_pending':0,'suppressed':0}
2afe19975e46	2026-07-26	2026-07-26 21:44:35	2026-07-26 21:44:35.641713	Phase	ca	ca_soak_ch1	fc461c6c87e27bc94fbcfebbdc698fb8	Scheduled	0	Unknown	0	0	0	0	0	0	0	0	0	0	0	0		{'CasGcEnumerationPages':1,'CasGcGet':2,'CasRootList':1,'ContextLock':8,'DiskConnectionsPreserved':4,'DiskConnectionsReused':4,'DiskS3GetObject':2,'DiskS3HeadObject':2,'DiskS3ReadMicroseconds':991,'DiskS3ReadRequestsCount':4,'GlobalThreadPoolJobs':1,'IOBufferAllocBytes':9364,'IOBufferAllocs':2,'LocalThreadPoolExpansions':1,'LocalThreadPoolJobs':1,'LocalThreadPoolShrinks':1,'LocalThreadPoolThreadCreationMicroseconds':4,'MemoryAllocatedWithoutCheck':8,'MemoryAllocatedWithoutCheckBytes':8704,'ReadBufferFromS3Bytes':1046,'ReadBufferFromS3InitMicroseconds':622,'ReadBufferFromS3Microseconds':624,'S3GetObject':2,'S3HeadObject':2,'S3ReadMicroseconds':991,'S3ReadRequestsCount':4}	a451b81562a60ee63b159144a72e5350	defer_decision	109148	{'changed_shards':1,'deferred':0,'fold_seal_reads':2,'graduation_due':0,'namespaces_seen':2,'ref_log_keys_listed':181,'rounds_deferred_before':0}
2afe19975e46	2026-07-26	2026-07-26 21:44:35	2026-07-26 21:44:35.643030	Phase	ca	ca_soak_ch1	fc461c6c87e27bc94fbcfebbdc698fb8	Scheduled	0	Unknown	0	0	0	0	0	0	0	0	0	0	0	0		{'CasGcGet':1,'ContextLock':4,'DiskConnectionsPreserved':2,'DiskConnectionsReused':2,'DiskS3GetObject':1,'DiskS3HeadObject':1,'DiskS3ReadMicroseconds':924,'DiskS3ReadRequestsCount':2,'IOBufferAllocBytes':4682,'IOBufferAllocs':1,'MemoryAllocatedWithoutCheck':4,'MemoryAllocatedWithoutCheckBytes':4352,'ReadBufferFromS3Bytes':523,'ReadBufferFromS3InitMicroseconds':587,'ReadBufferFromS3Microseconds':592,'S3GetObject':1,'S3HeadObject':1,'S3ReadMicroseconds':924,'S3ReadRequestsCount':2}	a451b81562a60ee63b159144a72e5350	parent_seal_read	1302	{'parent_runs':1}
2afe19975e46	2026-07-26	2026-07-26 21:44:35	2026-07-26 21:44:35.661718	Phase	ca	ca_soak_ch1	fc461c6c87e27bc94fbcfebbdc698fb8	Scheduled	0	Unknown	0	0	0	0	0	0	0	0	0	0	0	0		{'CasGcEnumerationPages':1,'CasRefGlobalListPages':1,'CasRootList':1,'GlobalThreadPoolJobs':1,'LocalThreadPoolExpansions':1,'LocalThreadPoolJobs':1,'LocalThreadPoolShrinks':1,'LocalThreadPoolThreadCreationMicroseconds':4}	a451b81562a60ee63b159144a72e5350	fold_ref_list	18677	{'namespaces_seen':2,'probe_a_holes':0,'ref_folding_aborted':0,'ref_keys_listed':183}
2afe19975e46	2026-07-26	2026-07-26 21:44:35	2026-07-26 21:44:35.663848	Phase	ca	ca_soak_ch1	fc461c6c87e27bc94fbcfebbdc698fb8	Scheduled	0	Unknown	0	0	0	0	0	0	0	0	0	0	0	0		{'CasGcGet':2,'ContextLock':8,'DiskConnectionsPreserved':4,'DiskConnectionsReused':4,'DiskS3GetObject':2,'DiskS3HeadObject':2,'DiskS3ReadMicroseconds':1488,'DiskS3ReadRequestsCount':4,'IOBufferAllocBytes':9364,'IOBufferAllocs':2,'MemoryAllocatedWithoutCheck':8,'MemoryAllocatedWithoutCheckBytes':8704,'ReadBufferFromS3Bytes':1046,'ReadBufferFromS3InitMicroseconds':1005,'ReadBufferFromS3Microseconds':1015,'S3GetObject':2,'S3HeadObject':2,'S3ReadMicroseconds':1488,'S3ReadRequestsCount':4}	a451b81562a60ee63b159144a72e5350	fold_seal_read	2119	{'ns_cleanup_items':0,'parent_cursors':2,'parent_runs':1,'redundant_reads':1,'seal_reads':2}
2afe19975e46	2026-07-26	2026-07-26 21:44:35	2026-07-26 21:44:35.667043	Phase	ca	ca_soak_ch1	fc461c6c87e27bc94fbcfebbdc698fb8	Scheduled	0	Unknown	0	0	0	0	0	0	0	0	0	0	0	0		{'CasManifestGet':1,'CasManifestHead':1,'CasRefEmittedEdges':1,'CasRefLogBodyGets':1,'CasRefManifestBodyFoldGets':1,'CasRootGet':1,'ContextLock':14,'DiskConnectionsPreserved':5,'DiskConnectionsReused':5,'DiskS3GetObject':2,'DiskS3HeadObject':3,'DiskS3ReadMicroseconds':2112,'DiskS3ReadRequestsCount':5,'IOBufferAllocBytes':283481,'IOBufferAllocs':2,'MemoryAllocatedWithoutCheck':10,'MemoryAllocatedWithoutCheckBytes':10880,'ReadBufferFromS3Bytes':275163,'ReadBufferFromS3InitMicroseconds':1133,'ReadBufferFromS3Microseconds':1222,'S3GetObject':2,'S3HeadObject':3,'S3ReadMicroseconds':2112,'S3ReadRequestsCount':5}	a451b81562a60ee63b159144a72e5350	fold_ref_intake	3179	{'dead_precommits_skipped':0,'deltas_emitted':6,'logs_applied':1,'logs_intended':1,'namespace_removals':0,'ref_folding_aborted':0,'tables_changed':1,'tables_clamped':0,'tables_scanned':2,'txns_opened':1}
2afe19975e46	2026-07-26	2026-07-26 21:44:35	2026-07-26 21:44:35.667051	Phase	ca	ca_soak_ch1	fc461c6c87e27bc94fbcfebbdc698fb8	Scheduled	0	Unknown	0	0	0	0	0	0	0	0	0	0	0	0		{}	a451b81562a60ee63b159144a72e5350	fold_ns_cleanup_scan	1	{'items_added':0,'items_carried':0,'items_completed_now':0,'items_final':0,'items_scanned':0}
2afe19975e46	2026-07-26	2026-07-26 21:44:35	2026-07-26 21:44:35.669365	Phase	ca	ca_soak_ch1	fc461c6c87e27bc94fbcfebbdc698fb8	Scheduled	0	Unknown	0	0	0	0	0	0	0	0	0	0	0	0		{'CasConditionalWriteAttempts':1,'CasConditionalWriteCommitted':1,'CasGcGetStream':1,'CasGcPut':1,'ContextLock':5,'DiskConnectionsPreserved':2,'DiskConnectionsReused':2,'DiskS3GetObject':1,'DiskS3HeadObject':1,'DiskS3ReadMicroseconds':791,'DiskS3ReadRequestsCount':2,'IOBufferAllocBytes':1067678,'IOBufferAllocs':4,'LocalThreadPoolJobs':1,'LogTrace':3,'MemoryAllocatedWithoutCheck':4,'MemoryAllocatedWithoutCheckBytes':4352,'ReadBufferFromS3Bytes':10658,'ReadBufferFromS3InitMicroseconds':357,'ReadBufferFromS3Microseconds':363,'S3GetObject':1,'S3HeadObject':1,'S3ReadMicroseconds':791,'S3ReadRequestsCount':2,'WriteBufferFromS3Bytes':11216}	a451b81562a60ee63b159144a72e5350	fold_reduce	2304	{'condemned':0,'deltas_in':6,'graduated':0,'redelete_pending':0,'runs_written':1,'shards_pure_carry':0,'shards_reduced':1,'shards_total':1,'spared':0,'suppress_destructive':0,'txns_unapplied':0,'unmatched_removes':0}
2afe19975e46	2026-07-26	2026-07-26 21:44:35	2026-07-26 21:44:35.670125	Phase	ca	ca_soak_ch1	fc461c6c87e27bc94fbcfebbdc698fb8	Scheduled	0	Unknown	0	0	0	0	0	0	0	0	0	0	0	0		{'CasConditionalWriteAttempts':1,'CasConditionalWriteCommitted':1,'CasGcPut':1,'ContextLock':1,'IOBufferAllocBytes':1048639,'IOBufferAllocs':1,'LocalThreadPoolJobs':1,'LogTrace':3,'WriteBufferFromS3Bytes':523}	a451b81562a60ee63b159144a72e5350	fold_seal_write	753	{'ns_cleanup_items':0,'seal_bytes':523,'seal_namespaces':2,'seal_runs':1}
2afe19975e46	2026-07-26	2026-07-26 21:44:35	2026-07-26 21:44:35.670142	Phase	ca	ca_soak_ch1	fc461c6c87e27bc94fbcfebbdc698fb8	Scheduled	0	Unknown	0	0	0	0	0	0	0	0	0	0	0	0		{}	a451b81562a60ee63b159144a72e5350	pending_deletes	1	{'absent':0,'deleted':0,'graduated':0,'outcome_logs_written':0,'redeleted':0,'replaced':0,'spared':0}
2afe19975e46	2026-07-26	2026-07-26 21:44:35	2026-07-26 21:44:35.670145	Phase	ca	ca_soak_ch1	fc461c6c87e27bc94fbcfebbdc698fb8	Scheduled	0	Unknown	0	0	0	0	0	0	0	0	0	0	0	0		{}	a451b81562a60ee63b159144a72e5350	meta_pool_wait	1	{'jobs_completed':0,'jobs_completed_on_entry':0,'jobs_scheduled':0}
2afe19975e46	2026-07-26	2026-07-26 21:44:35	2026-07-26 21:44:35.676027	Phase	ca	ca_soak_ch1	fc461c6c87e27bc94fbcfebbdc698fb8	Scheduled	0	Unknown	0	0	0	0	0	0	0	0	0	0	0	0		{'CasConditionalWriteAttempts':1,'CasConditionalWriteCommitted':1,'CasGcCas':1,'CasGcDelete':2,'CasGcEnumerationPages':1,'CasGcList':1,'ContextLock':3,'DiskConnectionsPreserved':2,'DiskConnectionsReused':2,'DiskS3DeleteObjects':2,'DiskS3WriteMicroseconds':2728,'DiskS3WriteRequestAttempts':2,'DiskS3WriteRequestsCount':2,'GlobalThreadPoolJobs':1,'IOBufferAllocBytes':1048639,'IOBufferAllocs':1,'LocalThreadPoolExpansions':1,'LocalThreadPoolJobs':2,'LocalThreadPoolShrinks':1,'LocalThreadPoolThreadCreationMicroseconds':3,'LogTrace':3,'MemoryAllocatedWithoutCheck':4,'MemoryAllocatedWithoutCheckBytes':4352,'S3WriteMicroseconds':2728,'S3WriteRequestAttempts':2,'S3WriteRequestsCount':2,'WriteBufferFromS3Bytes':141}	a451b81562a60ee63b159144a72e5350	round_commit	5868	{'generation':19,'generations_referenced':2,'generations_visited':1,'pruned_through':16,'round':19}
2afe19975e46	2026-07-26	2026-07-26 21:44:35	2026-07-26 21:44:35.676036	Phase	ca	ca_soak_ch1	fc461c6c87e27bc94fbcfebbdc698fb8	Scheduled	0	Unknown	0	0	0	0	0	0	0	0	0	0	0	0		{}	a451b81562a60ee63b159144a72e5350	handoff_reclaim	1	{'generations_reclaimed':0,'objects_reclaimed':0}
2afe19975e46	2026-07-26	2026-07-26 21:44:35	2026-07-26 21:44:35.676038	Phase	ca	ca_soak_ch1	fc461c6c87e27bc94fbcfebbdc698fb8	Scheduled	0	Unknown	0	0	0	0	0	0	0	0	0	0	0	0		{}	a451b81562a60ee63b159144a72e5350	manifest_deletes	0	{'attempted':0,'deleted':0}
2afe19975e46	2026-07-26	2026-07-26 21:44:35	2026-07-26 21:44:35.532545	Phase	ca	ca_soak_ch1	fc461c6c87e27bc94fbcfebbdc698fb8	Scheduled	0	Unknown	0	0	0	0	0	0	0	0	0	0	0	0		{'CasGcGet':2,'CasGcList':1,'ContextLock':9,'DiskConnectionsPreserved':4,'DiskConnectionsReused':4,'DiskS3GetObject':2,'DiskS3HeadObject':2,'DiskS3ReadMicroseconds':1312,'DiskS3ReadRequestsCount':4,'GlobalThreadPoolJobs':1,'IOBufferAllocBytes':8686,'IOBufferAllocs':2,'LocalThreadPoolExpansions':1,'LocalThreadPoolJobs':1,'LocalThreadPoolShrinks':1,'LocalThreadPoolThreadCreationMicroseconds':8,'MemoryAllocatedWithoutCheck':8,'MemoryAllocatedWithoutCheckBytes':8704,'ReadBufferFromS3Bytes':368,'ReadBufferFromS3InitMicroseconds':818,'ReadBufferFromS3Microseconds':834,'S3GetObject':2,'S3HeadObject':2,'S3ReadMicroseconds':1312,'S3ReadRequestsCount':4}	a451b81562a60ee63b159144a72e5350	heartbeat_floor	126075	{'already_fenced':0,'fenced_now':0,'live':2,'terminated':0}
2afe19975e46	2026-07-26	2026-07-26 21:44:35	2026-07-26 21:44:35.676053	Phase	ca	ca_soak_ch1	fc461c6c87e27bc94fbcfebbdc698fb8	Scheduled	0	Unknown	0	0	0	0	0	0	0	0	0	0	0	0		{}	a451b81562a60ee63b159144a72e5350	ref_object_cleanup	10	{'namespaces_planned':2,'suppressed':0,'trim_enabled':1}
2afe19975e46	2026-07-26	2026-07-26 21:44:36	2026-07-26 21:44:36.138691	Phase	ca	ca_soak_ch1	fc461c6c87e27bc94fbcfebbdc698fb8	Scheduled	0	Unknown	0	0	0	0	0	0	0	0	0	0	0	0		{'AsyncLoggingFileLogTotalMessages':28,'AsyncLoggingTextLogTotalMessages':28,'CasGcEnumerationPages':5,'CasGcGet':46,'CasManifestList':1,'CasRootGet':183,'CasRootList':4,'ContextLock':804,'DiskConnectionsExpired':1,'DiskConnectionsPreserved':429,'DiskConnectionsReused':430,'DiskS3GetObject':201,'DiskS3HeadObject':229,'DiskS3ReadMicroseconds':255023,'DiskS3ReadRequestsCount':430,'DiskS3ReadRequestsErrors':28,'GlobalThreadPoolJobs':5,'IOBufferAllocBytes':941263,'IOBufferAllocs':201,'LocalThreadPoolExpansions':5,'LocalThreadPoolJobs':5,'LocalThreadPoolShrinks':5,'LocalThreadPoolThreadCreationMicroseconds':35,'LogDebug':28,'LoggerElapsedNanoseconds':353200,'MemoryAllocatedWithoutCheck':860,'MemoryAllocatedWithoutCheckBytes':944768,'ReadBufferFromS3Bytes':105304,'ReadBufferFromS3InitMicroseconds':165069,'ReadBufferFromS3Microseconds':166499,'S3GetObject':201,'S3HeadObject':229,'S3ReadMicroseconds':255023,'S3ReadRequestsCount':430,'S3ReadRequestsErrors':28}	a451b81562a60ee63b159144a72e5350	orphan_sweep	462587	{'cursor_advanced':0,'list_budget_keys':1000}
2afe19975e46	2026-07-26	2026-07-26 21:44:36	2026-07-26 21:44:36.138759	Finish	ca	ca_soak_ch1	fc461c6c87e27bc94fbcfebbdc698fb8	Scheduled	19	Success	0	0	0	0	0	0	0	0	0	0	0	2391		{'AsyncLoggingFileLogTotalMessages':28,'AsyncLoggingTextLogTotalMessages':28,'CasConditionalWriteAttempts':5,'CasConditionalWriteCommitted':5,'CasGcCas':3,'CasGcDelete':2,'CasGcEnumerationPages':8,'CasGcGet':55,'CasGcGetStream':1,'CasGcList':2,'CasGcPut':2,'CasManifestGet':1,'CasManifestHead':1,'CasManifestList':1,'CasRefEmittedEdges':1,'CasRefGlobalListPages':1,'CasRefLogBodyGets':1,'CasRefManifestBodyFoldGets':1,'CasRootGet':184,'CasRootList':6,'ContextLock':886,'DiskConnectionsExpired':1,'DiskConnectionsPreserved':456,'DiskConnectionsReused':457,'DiskS3DeleteObjects':2,'DiskS3GetObject':213,'DiskS3HeadObject':242,'DiskS3ReadMicroseconds':265641,'DiskS3ReadRequestsCount':455,'DiskS3ReadRequestsErrors':28,'DiskS3WriteMicroseconds':2728,'DiskS3WriteRequestAttempts':2,'DiskS3WriteRequestsCount':2,'GlobalThreadPoolJobs':9,'IOBufferAllocBytes':6527614,'IOBufferAllocs':220,'LocalThreadPoolExpansions':9,'LocalThreadPoolJobs':14,'LocalThreadPoolShrinks':9,'LocalThreadPoolThreadCreationMicroseconds':54,'LogDebug':28,'LogTrace':15,'LoggerElapsedNanoseconds':353200,'MemoryAllocatedWithoutCheck':914,'MemoryAllocatedWithoutCheckBytes':1003520,'ReadBufferFromS3Bytes':394330,'ReadBufferFromS3InitMicroseconds':171634,'ReadBufferFromS3Microseconds':173209,'S3GetObject':213,'S3HeadObject':242,'S3ReadMicroseconds':265641,'S3ReadRequestsCount':455,'S3ReadRequestsErrors':28,'S3WriteMicroseconds':2728,'S3WriteRequestAttempts':2,'S3WriteRequestsCount':2,'WriteBufferFromS3Bytes':12102}	a451b81562a60ee63b159144a72e5350		0	{}
2afe19975e46	2026-07-26	2026-07-26 21:44:46	2026-07-26 21:44:46.138846	Start	ca	ca_soak_ch1	fc461c6c87e27bc94fbcfebbdc698fb8	Scheduled	0	Unknown	0	0	0	0	0	0	0	0	0	0	0	0		{}	bc06342ca0f39e7a372fd26ded6db188		0	{}
2afe19975e46	2026-07-26	2026-07-26 21:44:46	2026-07-26 21:44:46.897255	Phase	ca	ca_soak_ch1	fc461c6c87e27bc94fbcfebbdc698fb8	Scheduled	0	Unknown	0	0	0	0	0	0	0	0	0	0	0	0		{'CasConditionalWriteAttempts':1,'CasConditionalWriteCommitted':1,'CasGcCas':1,'CasGcGet':1,'ContextLock':5,'DiskConnectionsCreated':1,'DiskConnectionsElapsedMicroseconds':174,'DiskConnectionsPreserved':2,'DiskConnectionsReused':1,'DiskS3GetObject':1,'DiskS3HeadObject':1,'DiskS3ReadMicroseconds':1194,'DiskS3ReadRequestsCount':2,'IOBufferAllocBytes':1052939,'IOBufferAllocs':2,'LocalThreadPoolJobs':1,'LogTrace':3,'MemoryAllocatedWithoutCheck':8,'MemoryAllocatedWithoutCheckBytes':6624,'ReadBufferFromS3Bytes':141,'ReadBufferFromS3InitMicroseconds':742,'ReadBufferFromS3Microseconds':747,'S3GetObject':1,'S3HeadObject':1,'S3ReadMicroseconds':1194,'S3ReadRequestsCount':2,'WriteBufferFromS3Bytes':141}	bc06342ca0f39e7a372fd26ded6db188	lease	758380	{'acquired':1,'steal_allowed':1}
2afe19975e46	2026-07-26	2026-07-26 21:44:46	2026-07-26 21:44:46.974514	Phase	ca	ca_soak_ch1	fc461c6c87e27bc94fbcfebbdc698fb8	Scheduled	0	Unknown	0	0	0	0	0	0	0	0	0	0	0	0		{'CasGcGet':2,'CasGcList':1,'ContextLock':9,'DiskConnectionsPreserved':4,'DiskConnectionsReused':4,'DiskS3GetObject':2,'DiskS3HeadObject':2,'DiskS3ReadMicroseconds':1863,'DiskS3ReadRequestsCount':4,'GlobalThreadPoolJobs':1,'IOBufferAllocBytes':8686,'IOBufferAllocs':2,'LocalThreadPoolExpansions':1,'LocalThreadPoolJobs':1,'LocalThreadPoolShrinks':1,'LocalThreadPoolThreadCreationMicroseconds':4,'MemoryAllocatedWithoutCheck':8,'MemoryAllocatedWithoutCheckBytes':8704,'ReadBufferFromS3Bytes':368,'ReadBufferFromS3InitMicroseconds':1169,'ReadBufferFromS3Microseconds':1178,'S3GetObject':2,'S3HeadObject':2,'S3ReadMicroseconds':1863,'S3ReadRequestsCount':4}	bc06342ca0f39e7a372fd26ded6db188	heartbeat_floor	4909	{'already_fenced':0,'fenced_now':0,'live':2,'terminated':0}
2afe19975e46	2026-07-26	2026-07-26 21:44:46	2026-07-26 21:44:46.995032	Phase	ca	ca_soak_ch1	fc461c6c87e27bc94fbcfebbdc698fb8	Scheduled	0	Unknown	0	0	0	0	0	0	0	0	0	0	0	0		{'CasGcEnumerationPages':1,'CasGcGet':2,'CasRootList':1,'ContextLock':9,'DiskConnectionsPreserved':4,'DiskConnectionsReused':4,'DiskS3GetObject':2,'DiskS3HeadObject':2,'DiskS3ReadMicroseconds':1174,'DiskS3ReadRequestsCount':4,'GlobalThreadPoolJobs':1,'IOBufferAllocBytes':9364,'IOBufferAllocs':2,'LocalThreadPoolExpansions':1,'LocalThreadPoolJobs':1,'LocalThreadPoolShrinks':1,'LocalThreadPoolThreadCreationMicroseconds':4,'MemoryAllocatedWithoutCheck':8,'MemoryAllocatedWithoutCheckBytes':8704,'ReadBufferFromS3Bytes':1046,'ReadBufferFromS3InitMicroseconds':812,'ReadBufferFromS3Microseconds':817,'S3GetObject':2,'S3HeadObject':2,'S3ReadMicroseconds':1174,'S3ReadRequestsCount':4}	bc06342ca0f39e7a372fd26ded6db188	defer_decision	20500	{'changed_shards':0,'deferred':1,'fold_seal_reads':2,'graduation_due':0,'namespaces_seen':2,'ref_log_keys_listed':181,'rounds_deferred_before':0}
2afe19975e46	2026-07-26	2026-07-26 21:44:46	2026-07-26 21:44:46.995053	Finish	ca	ca_soak_ch1	fc461c6c87e27bc94fbcfebbdc698fb8	Scheduled	19	Deferred	0	0	0	0	0	0	0	0	0	0	0	856		{'CasConditionalWriteAttempts':2,'CasConditionalWriteCommitted':2,'CasGcCas':2,'CasGcEnumerationPages':1,'CasGcGet':6,'CasGcList':1,'CasRootList':1,'ContextLock':31,'DiskConnectionsCreated':1,'DiskConnectionsElapsedMicroseconds':174,'DiskConnectionsPreserved':12,'DiskConnectionsReused':11,'DiskS3GetObject':6,'DiskS3HeadObject':6,'DiskS3ReadMicroseconds':6015,'DiskS3ReadRequestsCount':12,'GlobalThreadPoolJobs':2,'IOBufferAllocBytes':2123868,'IOBufferAllocs':8,'LocalThreadPoolExpansions':2,'LocalThreadPoolJobs':4,'LocalThreadPoolShrinks':2,'LocalThreadPoolThreadCreationMicroseconds':8,'LogTrace':6,'MemoryAllocatedWithoutCheck':28,'MemoryAllocatedWithoutCheckBytes':28384,'ReadBufferFromS3Bytes':1636,'ReadBufferFromS3InitMicroseconds':4135,'ReadBufferFromS3Microseconds':4167,'S3GetObject':6,'S3HeadObject':6,'S3ReadMicroseconds':6015,'S3ReadRequestsCount':12,'WriteBufferFromS3Bytes':222}	bc06342ca0f39e7a372fd26ded6db188		0	{}
2afe19975e46	2026-07-26	2026-07-26 21:44:56	2026-07-26 21:44:56.998691	Phase	ca	ca_soak_ch1	fc461c6c87e27bc94fbcfebbdc698fb8	Scheduled	0	Unknown	0	0	0	0	0	0	0	0	0	0	0	0		{'CasConditionalWriteAttempts':1,'CasConditionalWriteCommitted':1,'CasGcCas':1,'CasGcGet':1,'ContextLock':5,'DiskConnectionsPreserved':2,'DiskConnectionsReused':2,'DiskS3GetObject':1,'DiskS3HeadObject':1,'DiskS3ReadMicroseconds':1143,'DiskS3ReadRequestsCount':2,'IOBufferAllocBytes':1052939,'IOBufferAllocs':2,'LocalThreadPoolJobs':1,'LogTrace':3,'MemoryAllocatedWithoutCheck':4,'MemoryAllocatedWithoutCheckBytes':4352,'ReadBufferFromS3Bytes':141,'ReadBufferFromS3InitMicroseconds':733,'ReadBufferFromS3Microseconds':740,'S3GetObject':1,'S3HeadObject':1,'S3ReadMicroseconds':1143,'S3ReadRequestsCount':2,'WriteBufferFromS3Bytes':141}	0a328dccbcd47813f970abeba6d898cc	lease	3527	{'acquired':1,'steal_allowed':1}
2afe19975e46	2026-07-26	2026-07-26 21:44:56	2026-07-26 21:44:56.995127	Start	ca	ca_soak_ch1	fc461c6c87e27bc94fbcfebbdc698fb8	Scheduled	0	Unknown	0	0	0	0	0	0	0	0	0	0	0	0		{}	0a328dccbcd47813f970abeba6d898cc		0	{}
2afe19975e46	2026-07-26	2026-07-26 21:44:57	2026-07-26 21:44:57.007746	Phase	ca	ca_soak_ch1	fc461c6c87e27bc94fbcfebbdc698fb8	Scheduled	0	Unknown	0	0	0	0	0	0	0	0	0	0	0	0		{'CasGcGet':2,'CasGcList':1,'ContextLock':9,'DiskConnectionsPreserved':4,'DiskConnectionsReused':4,'DiskS3GetObject':2,'DiskS3HeadObject':2,'DiskS3ReadMicroseconds':1729,'DiskS3ReadRequestsCount':4,'GlobalThreadPoolJobs':1,'IOBufferAllocBytes':8686,'IOBufferAllocs':2,'LocalThreadPoolExpansions':1,'LocalThreadPoolJobs':1,'LocalThreadPoolShrinks':1,'LocalThreadPoolThreadCreationMicroseconds':6,'MemoryAllocatedWithoutCheck':8,'MemoryAllocatedWithoutCheckBytes':8704,'ReadBufferFromS3Bytes':368,'ReadBufferFromS3InitMicroseconds':996,'ReadBufferFromS3Microseconds':1006,'S3GetObject':2,'S3HeadObject':2,'S3ReadMicroseconds':1729,'S3ReadRequestsCount':4}	0a328dccbcd47813f970abeba6d898cc	heartbeat_floor	4751	{'already_fenced':0,'fenced_now':0,'live':2,'terminated':0}
2afe19975e46	2026-07-26	2026-07-26 21:44:57	2026-07-26 21:44:57.041155	Phase	ca	ca_soak_ch1	fc461c6c87e27bc94fbcfebbdc698fb8	Scheduled	0	Unknown	0	0	0	0	0	0	0	0	0	0	0	0		{'CasGcEnumerationPages':1,'CasGcGet':2,'CasRootList':1,'ContextLock':9,'DiskConnectionsPreserved':4,'DiskConnectionsReused':4,'DiskS3GetObject':2,'DiskS3HeadObject':2,'DiskS3ReadMicroseconds':1440,'DiskS3ReadRequestsCount':4,'GlobalThreadPoolJobs':1,'IOBufferAllocBytes':9364,'IOBufferAllocs':2,'LocalThreadPoolExpansions':1,'LocalThreadPoolJobs':1,'LocalThreadPoolShrinks':1,'LocalThreadPoolThreadCreationMicroseconds':4,'MemoryAllocatedWithoutCheck':8,'MemoryAllocatedWithoutCheckBytes':8704,'ReadBufferFromS3Bytes':1046,'ReadBufferFromS3InitMicroseconds':1058,'ReadBufferFromS3Microseconds':1064,'S3GetObject':2,'S3HeadObject':2,'S3ReadMicroseconds':1440,'S3ReadRequestsCount':4}	0a328dccbcd47813f970abeba6d898cc	defer_decision	33385	{'changed_shards':0,'deferred':1,'fold_seal_reads':2,'graduation_due':0,'namespaces_seen':2,'ref_log_keys_listed':181,'rounds_deferred_before':1}
2afe19975e46	2026-07-26	2026-07-26 21:44:57	2026-07-26 21:44:57.041224	Finish	ca	ca_soak_ch1	fc461c6c87e27bc94fbcfebbdc698fb8	Scheduled	19	Deferred	0	0	0	0	0	0	0	0	0	0	0	46		{'CasConditionalWriteAttempts':2,'CasConditionalWriteCommitted':2,'CasGcCas':2,'CasGcEnumerationPages':1,'CasGcGet':6,'CasGcList':1,'CasRootList':1,'ContextLock':31,'DiskConnectionsPreserved':12,'DiskConnectionsReused':12,'DiskS3GetObject':6,'DiskS3HeadObject':6,'DiskS3ReadMicroseconds':5113,'DiskS3ReadRequestsCount':12,'GlobalThreadPoolJobs':2,'IOBufferAllocBytes':2123868,'IOBufferAllocs':8,'LocalThreadPoolExpansions':2,'LocalThreadPoolJobs':4,'LocalThreadPoolShrinks':2,'LocalThreadPoolThreadCreationMicroseconds':10,'LogTrace':6,'MemoryAllocatedWithoutCheck':24,'MemoryAllocatedWithoutCheckBytes':26112,'ReadBufferFromS3Bytes':1636,'ReadBufferFromS3InitMicroseconds':3343,'ReadBufferFromS3Microseconds':3371,'S3GetObject':6,'S3HeadObject':6,'S3ReadMicroseconds':5113,'S3ReadRequestsCount':12,'WriteBufferFromS3Bytes':222}	0a328dccbcd47813f970abeba6d898cc		0	{}
2afe19975e46	2026-07-26	2026-07-26 21:45:07	2026-07-26 21:45:07.096984	Phase	ca	ca_soak_ch1	fc461c6c87e27bc94fbcfebbdc698fb8	Scheduled	0	Unknown	0	0	0	0	0	0	0	0	0	0	0	0		{}	f97bbe262a0efbf96dfaff215422e90b	fold_ns_cleanup_scan	1	{'items_added':0,'items_carried':0,'items_completed_now':0,'items_final':0,'items_scanned':0}
2afe19975e46	2026-07-26	2026-07-26 21:45:07	2026-07-26 21:45:07.044977	Phase	ca	ca_soak_ch1	fc461c6c87e27bc94fbcfebbdc698fb8	Scheduled	0	Unknown	0	0	0	0	0	0	0	0	0	0	0	0		{'CasConditionalWriteAttempts':1,'CasConditionalWriteCommitted':1,'CasGcCas':1,'CasGcGet':1,'ContextLock':5,'DiskConnectionsPreserved':2,'DiskConnectionsReused':2,'DiskS3GetObject':1,'DiskS3HeadObject':1,'DiskS3ReadMicroseconds':1315,'DiskS3ReadRequestsCount':2,'IOBufferAllocBytes':1052939,'IOBufferAllocs':2,'LocalThreadPoolJobs':1,'LogTrace':3,'MemoryAllocatedWithoutCheck':4,'MemoryAllocatedWithoutCheckBytes':4352,'ReadBufferFromS3Bytes':141,'ReadBufferFromS3InitMicroseconds':722,'ReadBufferFromS3Microseconds':726,'S3GetObject':1,'S3HeadObject':1,'S3ReadMicroseconds':1315,'S3ReadRequestsCount':2,'WriteBufferFromS3Bytes':141}	f97bbe262a0efbf96dfaff215422e90b	lease	3630	{'acquired':1,'steal_allowed':1}
2afe19975e46	2026-07-26	2026-07-26 21:45:07	2026-07-26 21:45:07.051292	Phase	ca	ca_soak_ch1	fc461c6c87e27bc94fbcfebbdc698fb8	Scheduled	0	Unknown	0	0	0	0	0	0	0	0	0	0	0	0		{'CasGcGet':2,'CasGcList':1,'ContextLock':9,'DiskConnectionsPreserved':4,'DiskConnectionsReused':4,'DiskS3GetObject':2,'DiskS3HeadObject':2,'DiskS3ReadMicroseconds':1238,'DiskS3ReadRequestsCount':4,'GlobalThreadPoolJobs':1,'IOBufferAllocBytes':8687,'IOBufferAllocs':2,'LocalThreadPoolExpansions':1,'LocalThreadPoolJobs':1,'LocalThreadPoolShrinks':1,'LocalThreadPoolThreadCreationMicroseconds':3,'MemoryAllocatedWithoutCheck':8,'MemoryAllocatedWithoutCheckBytes':8704,'ReadBufferFromS3Bytes':369,'ReadBufferFromS3InitMicroseconds':929,'ReadBufferFromS3Microseconds':936,'S3GetObject':2,'S3HeadObject':2,'S3ReadMicroseconds':1238,'S3ReadRequestsCount':4}	f97bbe262a0efbf96dfaff215422e90b	heartbeat_floor	3954	{'already_fenced':0,'fenced_now':0,'live':2,'terminated':0}
2afe19975e46	2026-07-26	2026-07-26 21:45:07	2026-07-26 21:45:07.072733	Phase	ca	ca_soak_ch1	fc461c6c87e27bc94fbcfebbdc698fb8	Scheduled	0	Unknown	0	0	0	0	0	0	0	0	0	0	0	0		{'CasGcEnumerationPages':1,'CasGcGet':2,'CasRootList':1,'ContextLock':8,'DiskConnectionsPreserved':4,'DiskConnectionsReused':4,'DiskS3GetObject':2,'DiskS3HeadObject':2,'DiskS3ReadMicroseconds':866,'DiskS3ReadRequestsCount':4,'GlobalThreadPoolJobs':1,'IOBufferAllocBytes':9364,'IOBufferAllocs':2,'LocalThreadPoolExpansions':1,'LocalThreadPoolJobs':1,'LocalThreadPoolShrinks':1,'LocalThreadPoolThreadCreationMicroseconds':4,'MemoryAllocatedWithoutCheck':8,'MemoryAllocatedWithoutCheckBytes':8704,'ReadBufferFromS3Bytes':1046,'ReadBufferFromS3InitMicroseconds':590,'ReadBufferFromS3Microseconds':594,'S3GetObject':2,'S3HeadObject':2,'S3ReadMicroseconds':866,'S3ReadRequestsCount':4}	f97bbe262a0efbf96dfaff215422e90b	defer_decision	21424	{'changed_shards':1,'deferred':0,'fold_seal_reads':2,'graduation_due':0,'namespaces_seen':2,'ref_log_keys_listed':182,'rounds_deferred_before':2}
2afe19975e46	2026-07-26	2026-07-26 21:45:07	2026-07-26 21:45:07.073664	Phase	ca	ca_soak_ch1	fc461c6c87e27bc94fbcfebbdc698fb8	Scheduled	0	Unknown	0	0	0	0	0	0	0	0	0	0	0	0		{'CasGcGet':1,'ContextLock':4,'DiskConnectionsPreserved':2,'DiskConnectionsReused':2,'DiskS3GetObject':1,'DiskS3HeadObject':1,'DiskS3ReadMicroseconds':671,'DiskS3ReadRequestsCount':2,'IOBufferAllocBytes':4682,'IOBufferAllocs':1,'MemoryAllocatedWithoutCheck':4,'MemoryAllocatedWithoutCheckBytes':4352,'ReadBufferFromS3Bytes':523,'ReadBufferFromS3InitMicroseconds':440,'ReadBufferFromS3Microseconds':444,'S3GetObject':1,'S3HeadObject':1,'S3ReadMicroseconds':671,'S3ReadRequestsCount':2}	f97bbe262a0efbf96dfaff215422e90b	parent_seal_read	917	{'parent_runs':1}
2afe19975e46	2026-07-26	2026-07-26 21:45:07	2026-07-26 21:45:07.094667	Phase	ca	ca_soak_ch1	fc461c6c87e27bc94fbcfebbdc698fb8	Scheduled	0	Unknown	0	0	0	0	0	0	0	0	0	0	0	0		{'CasGcEnumerationPages':1,'CasRefGlobalListPages':1,'CasRootList':1,'GlobalThreadPoolJobs':1,'LocalThreadPoolExpansions':1,'LocalThreadPoolJobs':1,'LocalThreadPoolShrinks':1,'LocalThreadPoolThreadCreationMicroseconds':2}	f97bbe262a0efbf96dfaff215422e90b	fold_ref_list	20994	{'namespaces_seen':2,'probe_a_holes':0,'ref_folding_aborted':0,'ref_keys_listed':184}
2afe19975e46	2026-07-26	2026-07-26 21:45:07	2026-07-26 21:45:07.096364	Phase	ca	ca_soak_ch1	fc461c6c87e27bc94fbcfebbdc698fb8	Scheduled	0	Unknown	0	0	0	0	0	0	0	0	0	0	0	0		{'CasGcGet':2,'ContextLock':8,'DiskConnectionsPreserved':4,'DiskConnectionsReused':4,'DiskS3GetObject':2,'DiskS3HeadObject':2,'DiskS3ReadMicroseconds':1277,'DiskS3ReadRequestsCount':4,'IOBufferAllocBytes':9364,'IOBufferAllocs':2,'MemoryAllocatedWithoutCheck':8,'MemoryAllocatedWithoutCheckBytes':8704,'ReadBufferFromS3Bytes':1046,'ReadBufferFromS3InitMicroseconds':723,'ReadBufferFromS3Microseconds':733,'S3GetObject':2,'S3HeadObject':2,'S3ReadMicroseconds':1277,'S3ReadRequestsCount':4}	f97bbe262a0efbf96dfaff215422e90b	fold_seal_read	1687	{'ns_cleanup_items':0,'parent_cursors':2,'parent_runs':1,'redundant_reads':1,'seal_reads':2}
2afe19975e46	2026-07-26	2026-07-26 21:45:07	2026-07-26 21:45:07.096979	Phase	ca	ca_soak_ch1	fc461c6c87e27bc94fbcfebbdc698fb8	Scheduled	0	Unknown	0	0	0	0	0	0	0	0	0	0	0	0		{'CasRefLogBodyGets':1,'CasRootGet':1,'ContextLock':4,'DiskConnectionsPreserved':2,'DiskConnectionsReused':2,'DiskS3GetObject':1,'DiskS3HeadObject':1,'DiskS3ReadMicroseconds':415,'DiskS3ReadRequestsCount':2,'IOBufferAllocBytes':4405,'IOBufferAllocs':1,'MemoryAllocatedWithoutCheck':4,'MemoryAllocatedWithoutCheckBytes':4352,'ReadBufferFromS3Bytes':246,'ReadBufferFromS3InitMicroseconds':307,'ReadBufferFromS3Microseconds':309,'S3GetObject':1,'S3HeadObject':1,'S3ReadMicroseconds':415,'S3ReadRequestsCount':2}	f97bbe262a0efbf96dfaff215422e90b	fold_ref_intake	607	{'dead_precommits_skipped':0,'deltas_emitted':0,'logs_applied':1,'logs_intended':1,'namespace_removals':0,'ref_folding_aborted':0,'tables_changed':1,'tables_clamped':0,'tables_scanned':2,'txns_opened':1}
2afe19975e46	2026-07-26	2026-07-26 21:45:07	2026-07-26 21:45:07.041320	Start	ca	ca_soak_ch1	fc461c6c87e27bc94fbcfebbdc698fb8	Scheduled	0	Unknown	0	0	0	0	0	0	0	0	0	0	0	0		{}	f97bbe262a0efbf96dfaff215422e90b		0	{}
2afe19975e46	2026-07-26	2026-07-26 21:45:07	2026-07-26 21:45:07.098632	Phase	ca	ca_soak_ch1	fc461c6c87e27bc94fbcfebbdc698fb8	Scheduled	0	Unknown	0	0	0	0	0	0	0	0	0	0	0	0		{'CasConditionalWriteAttempts':1,'CasConditionalWriteCommitted':1,'CasGcGetStream':1,'CasGcPut':1,'ContextLock':5,'DiskConnectionsPreserved':2,'DiskConnectionsReused':2,'DiskS3GetObject':1,'DiskS3HeadObject':1,'DiskS3ReadMicroseconds':458,'DiskS3ReadRequestsCount':2,'IOBufferAllocBytes':1068236,'IOBufferAllocs':4,'LocalThreadPoolJobs':1,'LogTrace':3,'MemoryAllocatedWithoutCheck':4,'MemoryAllocatedWithoutCheckBytes':4352,'ReadBufferFromS3Bytes':11216,'ReadBufferFromS3InitMicroseconds':311,'ReadBufferFromS3Microseconds':318,'S3GetObject':1,'S3HeadObject':1,'S3ReadMicroseconds':458,'S3ReadRequestsCount':2,'WriteBufferFromS3Bytes':11216}	f97bbe262a0efbf96dfaff215422e90b	fold_reduce	1640	{'condemned':0,'deltas_in':0,'graduated':0,'redelete_pending':0,'runs_written':1,'shards_pure_carry':0,'shards_reduced':1,'shards_total':1,'spared':0,'suppress_destructive':0,'txns_unapplied':0,'unmatched_removes':0}
2afe19975e46	2026-07-26	2026-07-26 21:45:07	2026-07-26 21:45:07.099194	Phase	ca	ca_soak_ch1	fc461c6c87e27bc94fbcfebbdc698fb8	Scheduled	0	Unknown	0	0	0	0	0	0	0	0	0	0	0	0		{'CasConditionalWriteAttempts':1,'CasConditionalWriteCommitted':1,'CasGcPut':1,'ContextLock':1,'IOBufferAllocBytes':1048639,'IOBufferAllocs':1,'LocalThreadPoolJobs':1,'LogTrace':3,'WriteBufferFromS3Bytes':523}	f97bbe262a0efbf96dfaff215422e90b	fold_seal_write	557	{'ns_cleanup_items':0,'seal_bytes':523,'seal_namespaces':2,'seal_runs':1}
2afe19975e46	2026-07-26	2026-07-26 21:45:07	2026-07-26 21:45:07.099208	Phase	ca	ca_soak_ch1	fc461c6c87e27bc94fbcfebbdc698fb8	Scheduled	0	Unknown	0	0	0	0	0	0	0	0	0	0	0	0		{}	f97bbe262a0efbf96dfaff215422e90b	pending_deletes	1	{'absent':0,'deleted':0,'graduated':0,'outcome_logs_written':0,'redeleted':0,'replaced':0,'spared':0}
2afe19975e46	2026-07-26	2026-07-26 21:45:07	2026-07-26 21:45:07.099211	Phase	ca	ca_soak_ch1	fc461c6c87e27bc94fbcfebbdc698fb8	Scheduled	0	Unknown	0	0	0	0	0	0	0	0	0	0	0	0		{}	f97bbe262a0efbf96dfaff215422e90b	meta_pool_wait	1	{'jobs_completed':0,'jobs_completed_on_entry':0,'jobs_scheduled':0}
2afe19975e46	2026-07-26	2026-07-26 21:45:07	2026-07-26 21:45:07.104134	Phase	ca	ca_soak_ch1	fc461c6c87e27bc94fbcfebbdc698fb8	Scheduled	0	Unknown	0	0	0	0	0	0	0	0	0	0	0	0		{'CasConditionalWriteAttempts':1,'CasConditionalWriteCommitted':1,'CasGcCas':1,'CasGcDelete':3,'CasGcEnumerationPages':1,'CasGcList':1,'ContextLock':4,'DiskConnectionsPreserved':3,'DiskConnectionsReused':3,'DiskS3DeleteObjects':3,'DiskS3WriteMicroseconds':1978,'DiskS3WriteRequestAttempts':3,'DiskS3WriteRequestsCount':3,'GlobalThreadPoolJobs':1,'IOBufferAllocBytes':1048639,'IOBufferAllocs':1,'LocalThreadPoolExpansions':1,'LocalThreadPoolJobs':2,'LocalThreadPoolShrinks':1,'LocalThreadPoolThreadCreationMicroseconds':2,'LogTrace':3,'MemoryAllocatedWithoutCheck':6,'MemoryAllocatedWithoutCheckBytes':6528,'S3WriteMicroseconds':1978,'S3WriteRequestAttempts':3,'S3WriteRequestsCount':3,'WriteBufferFromS3Bytes':141}	f97bbe262a0efbf96dfaff215422e90b	round_commit	4915	{'generation':20,'generations_referenced':2,'generations_visited':1,'pruned_through':17,'round':20}
2afe19975e46	2026-07-26	2026-07-26 21:45:07	2026-07-26 21:45:07.104142	Phase	ca	ca_soak_ch1	fc461c6c87e27bc94fbcfebbdc698fb8	Scheduled	0	Unknown	0	0	0	0	0	0	0	0	0	0	0	0		{}	f97bbe262a0efbf96dfaff215422e90b	handoff_reclaim	1	{'generations_reclaimed':0,'objects_reclaimed':0}
2afe19975e46	2026-07-26	2026-07-26 21:45:07	2026-07-26 21:45:07.104145	Phase	ca	ca_soak_ch1	fc461c6c87e27bc94fbcfebbdc698fb8	Scheduled	0	Unknown	0	0	0	0	0	0	0	0	0	0	0	0		{}	f97bbe262a0efbf96dfaff215422e90b	manifest_deletes	1	{'attempted':0,'deleted':0}
2afe19975e46	2026-07-26	2026-07-26 21:45:07	2026-07-26 21:45:07.104148	Phase	ca	ca_soak_ch1	fc461c6c87e27bc94fbcfebbdc698fb8	Scheduled	0	Unknown	0	0	0	0	0	0	0	0	0	0	0	0		{}	f97bbe262a0efbf96dfaff215422e90b	namespace_cleanup	1	{'items':0,'items_completed':0,'items_pending':0,'suppressed':0}
2afe19975e46	2026-07-26	2026-07-26 21:45:07	2026-07-26 21:45:07.104155	Phase	ca	ca_soak_ch1	fc461c6c87e27bc94fbcfebbdc698fb8	Scheduled	0	Unknown	0	0	0	0	0	0	0	0	0	0	0	0		{}	f97bbe262a0efbf96dfaff215422e90b	ref_object_cleanup	5	{'namespaces_planned':2,'suppressed':0,'trim_enabled':1}
2afe19975e46	2026-07-26	2026-07-26 21:45:07	2026-07-26 21:45:07.280551	Phase	ca	ca_soak_ch1	fc461c6c87e27bc94fbcfebbdc698fb8	Scheduled	0	Unknown	0	0	0	0	0	0	0	0	0	0	0	0		{'AsyncLoggingFileLogTotalMessages':28,'AsyncLoggingTextLogTotalMessages':28,'CasGcEnumerationPages':5,'CasGcGet':46,'CasManifestList':1,'CasRootGet':184,'CasRootList':4,'ContextLock':808,'DiskConnectionsCreated':4,'DiskConnectionsElapsedMicroseconds':311,'DiskConnectionsExpired':6,'DiskConnectionsPreserved':426,'DiskConnectionsReused':428,'DiskS3GetObject':202,'DiskS3HeadObject':230,'DiskS3ReadMicroseconds':83055,'DiskS3ReadRequestsCount':432,'DiskS3ReadRequestsErrors':28,'GlobalThreadPoolJobs':5,'IOBufferAllocBytes':945675,'IOBufferAllocs':202,'LocalThreadPoolExpansions':5,'LocalThreadPoolJobs':5,'LocalThreadPoolShrinks':5,'LocalThreadPoolThreadCreationMicroseconds':19,'LogDebug':28,'LoggerElapsedNanoseconds':91080,'MemoryAllocatedWithoutCheck':862,'MemoryAllocatedWithoutCheckBytes':946944,'ReadBufferFromS3Bytes':105557,'ReadBufferFromS3InitMicroseconds':59007,'ReadBufferFromS3Microseconds':59380,'S3GetObject':202,'S3HeadObject':230,'S3ReadMicroseconds':83055,'S3ReadRequestsCount':432,'S3ReadRequestsErrors':28}	f97bbe262a0efbf96dfaff215422e90b	orphan_sweep	176382	{'cursor_advanced':0,'list_budget_keys':1000}
2afe19975e46	2026-07-26	2026-07-26 21:45:07	2026-07-26 21:45:07.280580	Finish	ca	ca_soak_ch1	fc461c6c87e27bc94fbcfebbdc698fb8	Scheduled	20	Success	0	0	0	0	0	0	0	0	0	0	0	239		{'AsyncLoggingFileLogTotalMessages':28,'AsyncLoggingTextLogTotalMessages':28,'CasConditionalWriteAttempts':5,'CasConditionalWriteCommitted':5,'CasGcCas':3,'CasGcDelete':3,'CasGcEnumerationPages':8,'CasGcGet':55,'CasGcGetStream':1,'CasGcList':2,'CasGcPut':2,'CasManifestList':1,'CasRefGlobalListPages':1,'CasRefLogBodyGets':1,'CasRootGet':185,'CasRootList':6,'ContextLock':881,'DiskConnectionsCreated':4,'DiskConnectionsElapsedMicroseconds':311,'DiskConnectionsExpired':6,'DiskConnectionsPreserved':451,'DiskConnectionsReused':453,'DiskS3DeleteObjects':3,'DiskS3GetObject':213,'DiskS3HeadObject':241,'DiskS3ReadMicroseconds':89981,'DiskS3ReadRequestsCount':454,'DiskS3ReadRequestsErrors':28,'DiskS3WriteMicroseconds':1978,'DiskS3WriteRequestAttempts':3,'DiskS3WriteRequestsCount':3,'GlobalThreadPoolJobs':9,'IOBufferAllocBytes':6253509,'IOBufferAllocs':220,'LocalThreadPoolExpansions':9,'LocalThreadPoolJobs':14,'LocalThreadPoolShrinks':9,'LocalThreadPoolThreadCreationMicroseconds':30,'LogDebug':28,'LogTrace':15,'LoggerElapsedNanoseconds':91080,'MemoryAllocatedWithoutCheck':912,'MemoryAllocatedWithoutCheckBytes':1001344,'ReadBufferFromS3Bytes':120225,'ReadBufferFromS3InitMicroseconds':63492,'ReadBufferFromS3Microseconds':63906,'S3GetObject':213,'S3HeadObject':241,'S3ReadMicroseconds':89981,'S3ReadRequestsCount':454,'S3ReadRequestsErrors':28,'S3WriteMicroseconds':1978,'S3WriteRequestAttempts':3,'S3WriteRequestsCount':3,'WriteBufferFromS3Bytes':12102}	f97bbe262a0efbf96dfaff215422e90b		0	{}
2afe19975e46	2026-07-26	2026-07-26 21:45:17	2026-07-26 21:45:17.568941	Phase	ca	ca_soak_ch1	fc461c6c87e27bc94fbcfebbdc698fb8	Scheduled	0	Unknown	0	0	0	0	0	0	0	0	0	0	0	0		{'AsyncLoggingFileLogTotalMessages':26,'AsyncLoggingTextLogTotalMessages':26,'CasGcEnumerationPages':5,'CasGcGet':43,'CasManifestList':1,'CasRootGet':185,'CasRootList':4,'ContextLock':808,'DiskConnectionsCreated':4,'DiskConnectionsElapsedMicroseconds':339,'DiskConnectionsExpired':5,'DiskConnectionsPreserved':425,'DiskConnectionsReused':426,'DiskS3GetObject':202,'DiskS3HeadObject':228,'DiskS3ReadMicroseconds':95092,'DiskS3ReadRequestsCount':430,'DiskS3ReadRequestsErrors':26,'GlobalThreadPoolJobs':5,'IOBufferAllocBytes':945679,'IOBufferAllocs':202,'LocalThreadPoolExpansions':5,'LocalThreadPoolJobs':5,'LocalThreadPoolShrinks':5,'LocalThreadPoolThreadCreationMicroseconds':25,'LogDebug':26,'LoggerElapsedNanoseconds':93810,'MemoryAllocatedWithoutCheck':860,'MemoryAllocatedWithoutCheckBytes':945696,'QueryProfilerRuns':1,'ReadBufferFromS3Bytes':105561,'ReadBufferFromS3InitMicroseconds':62803,'ReadBufferFromS3Microseconds':63202,'S3GetObject':202,'S3HeadObject':228,'S3ReadMicroseconds':95092,'S3ReadRequestsCount':430,'S3ReadRequestsErrors':26}	a04fbecc874df6e58afd2cdd56fdc364	orphan_sweep	192887	{'cursor_advanced':0,'list_budget_keys':1000}
2afe19975e46	2026-07-26	2026-07-26 21:45:17	2026-07-26 21:45:17.284005	Phase	ca	ca_soak_ch1	fc461c6c87e27bc94fbcfebbdc698fb8	Scheduled	0	Unknown	0	0	0	0	0	0	0	0	0	0	0	0		{'CasConditionalWriteAttempts':1,'CasConditionalWriteCommitted':1,'CasGcCas':1,'CasGcGet':1,'ContextLock':5,'DiskConnectionsPreserved':2,'DiskConnectionsReused':2,'DiskS3GetObject':1,'DiskS3HeadObject':1,'DiskS3ReadMicroseconds':1181,'DiskS3ReadRequestsCount':2,'IOBufferAllocBytes':1052939,'IOBufferAllocs':2,'LocalThreadPoolJobs':1,'LogTrace':3,'MemoryAllocatedWithoutCheck':4,'MemoryAllocatedWithoutCheckBytes':4352,'ReadBufferFromS3Bytes':141,'ReadBufferFromS3InitMicroseconds':589,'ReadBufferFromS3Microseconds':594,'S3GetObject':1,'S3HeadObject':1,'S3ReadMicroseconds':1181,'S3ReadRequestsCount':2,'WriteBufferFromS3Bytes':141}	a04fbecc874df6e58afd2cdd56fdc364	lease	3344	{'acquired':1,'steal_allowed':1}
2afe19975e46	2026-07-26	2026-07-26 21:45:17	2026-07-26 21:45:17.289512	Phase	ca	ca_soak_ch1	fc461c6c87e27bc94fbcfebbdc698fb8	Scheduled	0	Unknown	0	0	0	0	0	0	0	0	0	0	0	0		{'CasGcGet':2,'CasGcList':1,'ContextLock':9,'DiskConnectionsPreserved':4,'DiskConnectionsReused':4,'DiskS3GetObject':2,'DiskS3HeadObject':2,'DiskS3ReadMicroseconds':1064,'DiskS3ReadRequestsCount':4,'GlobalThreadPoolJobs':1,'IOBufferAllocBytes':8687,'IOBufferAllocs':2,'LocalThreadPoolExpansions':1,'LocalThreadPoolJobs':1,'LocalThreadPoolShrinks':1,'LocalThreadPoolThreadCreationMicroseconds':4,'MemoryAllocatedWithoutCheck':8,'MemoryAllocatedWithoutCheckBytes':8704,'ReadBufferFromS3Bytes':369,'ReadBufferFromS3InitMicroseconds':692,'ReadBufferFromS3Microseconds':697,'S3GetObject':2,'S3HeadObject':2,'S3ReadMicroseconds':1064,'S3ReadRequestsCount':4}	a04fbecc874df6e58afd2cdd56fdc364	heartbeat_floor	3133	{'already_fenced':0,'fenced_now':0,'live':2,'terminated':0}
2afe19975e46	2026-07-26	2026-07-26 21:45:17	2026-07-26 21:45:17.313084	Phase	ca	ca_soak_ch1	fc461c6c87e27bc94fbcfebbdc698fb8	Scheduled	0	Unknown	0	0	0	0	0	0	0	0	0	0	0	0		{'CasGcEnumerationPages':1,'CasGcGet':2,'CasRootList':1,'ContextLock':8,'DiskConnectionsPreserved':4,'DiskConnectionsReused':4,'DiskS3GetObject':2,'DiskS3HeadObject':2,'DiskS3ReadMicroseconds':740,'DiskS3ReadRequestsCount':4,'GlobalThreadPoolJobs':1,'IOBufferAllocBytes':9364,'IOBufferAllocs':2,'LocalThreadPoolExpansions':1,'LocalThreadPoolJobs':1,'LocalThreadPoolShrinks':1,'LocalThreadPoolThreadCreationMicroseconds':2,'MemoryAllocatedWithoutCheck':8,'MemoryAllocatedWithoutCheckBytes':8704,'ReadBufferFromS3Bytes':1046,'ReadBufferFromS3InitMicroseconds':505,'ReadBufferFromS3Microseconds':507,'S3GetObject':2,'S3HeadObject':2,'S3ReadMicroseconds':740,'S3ReadRequestsCount':4}	a04fbecc874df6e58afd2cdd56fdc364	defer_decision	23552	{'changed_shards':1,'deferred':0,'fold_seal_reads':2,'graduation_due':0,'namespaces_seen':2,'ref_log_keys_listed':183,'rounds_deferred_before':0}
2afe19975e46	2026-07-26	2026-07-26 21:45:17	2026-07-26 21:45:17.314319	Phase	ca	ca_soak_ch1	fc461c6c87e27bc94fbcfebbdc698fb8	Scheduled	0	Unknown	0	0	0	0	0	0	0	0	0	0	0	0		{'CasGcGet':1,'ContextLock':4,'DiskConnectionsPreserved':2,'DiskConnectionsReused':2,'DiskS3GetObject':1,'DiskS3HeadObject':1,'DiskS3ReadMicroseconds':867,'DiskS3ReadRequestsCount':2,'IOBufferAllocBytes':4682,'IOBufferAllocs':1,'MemoryAllocatedWithoutCheck':4,'MemoryAllocatedWithoutCheckBytes':4352,'ReadBufferFromS3Bytes':523,'ReadBufferFromS3InitMicroseconds':546,'ReadBufferFromS3Microseconds':551,'S3GetObject':1,'S3HeadObject':1,'S3ReadMicroseconds':867,'S3ReadRequestsCount':2}	a04fbecc874df6e58afd2cdd56fdc364	parent_seal_read	1218	{'parent_runs':1}
2afe19975e46	2026-07-26	2026-07-26 21:45:17	2026-07-26 21:45:17.335909	Phase	ca	ca_soak_ch1	fc461c6c87e27bc94fbcfebbdc698fb8	Scheduled	0	Unknown	0	0	0	0	0	0	0	0	0	0	0	0		{'CasGcEnumerationPages':1,'CasRefGlobalListPages':1,'CasRootList':1,'GlobalThreadPoolJobs':1,'LocalThreadPoolExpansions':1,'LocalThreadPoolJobs':1,'LocalThreadPoolShrinks':1,'LocalThreadPoolThreadCreationMicroseconds':4}	a04fbecc874df6e58afd2cdd56fdc364	fold_ref_list	21579	{'namespaces_seen':2,'probe_a_holes':0,'ref_folding_aborted':0,'ref_keys_listed':185}
2afe19975e46	2026-07-26	2026-07-26 21:45:17	2026-07-26 21:45:17.338032	Phase	ca	ca_soak_ch1	fc461c6c87e27bc94fbcfebbdc698fb8	Scheduled	0	Unknown	0	0	0	0	0	0	0	0	0	0	0	0		{'CasGcGet':2,'ContextLock':8,'DiskConnectionsPreserved':4,'DiskConnectionsReused':4,'DiskS3GetObject':2,'DiskS3HeadObject':2,'DiskS3ReadMicroseconds':1495,'DiskS3ReadRequestsCount':4,'IOBufferAllocBytes':9364,'IOBufferAllocs':2,'MemoryAllocatedWithoutCheck':8,'MemoryAllocatedWithoutCheckBytes':8704,'ReadBufferFromS3Bytes':1046,'ReadBufferFromS3InitMicroseconds':1001,'ReadBufferFromS3Microseconds':1011,'S3GetObject':2,'S3HeadObject':2,'S3ReadMicroseconds':1495,'S3ReadRequestsCount':4}	a04fbecc874df6e58afd2cdd56fdc364	fold_seal_read	2107	{'ns_cleanup_items':0,'parent_cursors':2,'parent_runs':1,'redundant_reads':1,'seal_reads':2}
2afe19975e46	2026-07-26	2026-07-26 21:45:17	2026-07-26 21:45:17.344259	Phase	ca	ca_soak_ch1	fc461c6c87e27bc94fbcfebbdc698fb8	Scheduled	0	Unknown	0	0	0	0	0	0	0	0	0	0	0	0		{'CasManifestGet':1,'CasManifestHead':1,'CasRefEmittedEdges':1,'CasRefLogBodyGets':1,'CasRefManifestBodyFoldGets':1,'CasRootGet':1,'ContextLock':14,'DiskConnectionsPreserved':5,'DiskConnectionsReused':5,'DiskS3GetObject':2,'DiskS3HeadObject':3,'DiskS3ReadMicroseconds':4944,'DiskS3ReadRequestsCount':5,'IOBufferAllocBytes':283481,'IOBufferAllocs':2,'MemoryAllocatedWithoutCheck':10,'MemoryAllocatedWithoutCheckBytes':10880,'ReadBufferFromS3Bytes':275163,'ReadBufferFromS3InitMicroseconds':4131,'ReadBufferFromS3Microseconds':4400,'S3GetObject':2,'S3HeadObject':3,'S3ReadMicroseconds':4944,'S3ReadRequestsCount':5}	a04fbecc874df6e58afd2cdd56fdc364	fold_ref_intake	6208	{'dead_precommits_skipped':0,'deltas_emitted':6,'logs_applied':1,'logs_intended':1,'namespace_removals':0,'ref_folding_aborted':0,'tables_changed':1,'tables_clamped':0,'tables_scanned':2,'txns_opened':1}
2afe19975e46	2026-07-26	2026-07-26 21:45:17	2026-07-26 21:45:17.344267	Phase	ca	ca_soak_ch1	fc461c6c87e27bc94fbcfebbdc698fb8	Scheduled	0	Unknown	0	0	0	0	0	0	0	0	0	0	0	0		{}	a04fbecc874df6e58afd2cdd56fdc364	fold_ns_cleanup_scan	1	{'items_added':0,'items_carried':0,'items_completed_now':0,'items_final':0,'items_scanned':0}
2afe19975e46	2026-07-26	2026-07-26 21:45:17	2026-07-26 21:45:17.346786	Phase	ca	ca_soak_ch1	fc461c6c87e27bc94fbcfebbdc698fb8	Scheduled	0	Unknown	0	0	0	0	0	0	0	0	0	0	0	0		{'CasConditionalWriteAttempts':1,'CasConditionalWriteCommitted':1,'CasGcGetStream':1,'CasGcPut':1,'ContextLock':5,'DiskConnectionsPreserved':2,'DiskConnectionsReused':2,'DiskS3GetObject':1,'DiskS3HeadObject':1,'DiskS3ReadMicroseconds':983,'DiskS3ReadRequestsCount':2,'IOBufferAllocBytes':1068236,'IOBufferAllocs':4,'LocalThreadPoolJobs':1,'LogTrace':3,'MemoryAllocatedWithoutCheck':4,'MemoryAllocatedWithoutCheckBytes':4352,'ReadBufferFromS3Bytes':11216,'ReadBufferFromS3InitMicroseconds':356,'ReadBufferFromS3Microseconds':362,'S3GetObject':1,'S3HeadObject':1,'S3ReadMicroseconds':983,'S3ReadRequestsCount':2,'WriteBufferFromS3Bytes':10658}	a04fbecc874df6e58afd2cdd56fdc364	fold_reduce	2506	{'condemned':0,'deltas_in':6,'graduated':0,'redelete_pending':0,'runs_written':1,'shards_pure_carry':0,'shards_reduced':1,'shards_total':1,'spared':0,'suppress_destructive':0,'txns_unapplied':0,'unmatched_removes':0}
2afe19975e46	2026-07-26	2026-07-26 21:45:17	2026-07-26 21:45:17.347500	Phase	ca	ca_soak_ch1	fc461c6c87e27bc94fbcfebbdc698fb8	Scheduled	0	Unknown	0	0	0	0	0	0	0	0	0	0	0	0		{'CasConditionalWriteAttempts':1,'CasConditionalWriteCommitted':1,'CasGcPut':1,'ContextLock':1,'IOBufferAllocBytes':1048639,'IOBufferAllocs':1,'LocalThreadPoolJobs':1,'LogTrace':3,'WriteBufferFromS3Bytes':523}	a04fbecc874df6e58afd2cdd56fdc364	fold_seal_write	707	{'ns_cleanup_items':0,'seal_bytes':523,'seal_namespaces':2,'seal_runs':1}
2afe19975e46	2026-07-26	2026-07-26 21:45:17	2026-07-26 21:45:17.347515	Phase	ca	ca_soak_ch1	fc461c6c87e27bc94fbcfebbdc698fb8	Scheduled	0	Unknown	0	0	0	0	0	0	0	0	0	0	0	0		{}	a04fbecc874df6e58afd2cdd56fdc364	pending_deletes	1	{'absent':0,'deleted':0,'graduated':0,'outcome_logs_written':0,'redeleted':0,'replaced':0,'spared':0}
2afe19975e46	2026-07-26	2026-07-26 21:45:17	2026-07-26 21:45:17.347517	Phase	ca	ca_soak_ch1	fc461c6c87e27bc94fbcfebbdc698fb8	Scheduled	0	Unknown	0	0	0	0	0	0	0	0	0	0	0	0		{}	a04fbecc874df6e58afd2cdd56fdc364	meta_pool_wait	1	{'jobs_completed':0,'jobs_completed_on_entry':0,'jobs_scheduled':0}
2afe19975e46	2026-07-26	2026-07-26 21:45:17	2026-07-26 21:45:17.372303	Phase	ca	ca_soak_ch1	fc461c6c87e27bc94fbcfebbdc698fb8	Scheduled	0	Unknown	0	0	0	0	0	0	0	0	0	0	0	0		{'CasConditionalWriteAttempts':1,'CasConditionalWriteCommitted':1,'CasGcCas':1,'CasGcDelete':3,'CasGcEnumerationPages':1,'CasGcList':1,'ContextLock':4,'DiskConnectionsPreserved':3,'DiskConnectionsReused':3,'DiskS3DeleteObjects':3,'DiskS3WriteMicroseconds':2969,'DiskS3WriteRequestAttempts':3,'DiskS3WriteRequestsCount':3,'GlobalThreadPoolJobs':1,'IOBufferAllocBytes':1048639,'IOBufferAllocs':1,'LocalThreadPoolExpansions':1,'LocalThreadPoolJobs':2,'LocalThreadPoolShrinks':1,'LocalThreadPoolThreadCreationMicroseconds':4,'LogTrace':3,'MemoryAllocatedWithoutCheck':6,'MemoryAllocatedWithoutCheckBytes':6528,'S3WriteMicroseconds':2969,'S3WriteRequestAttempts':3,'S3WriteRequestsCount':3,'WriteBufferFromS3Bytes':141}	a04fbecc874df6e58afd2cdd56fdc364	round_commit	24772	{'generation':21,'generations_referenced':2,'generations_visited':1,'pruned_through':18,'round':21}
2afe19975e46	2026-07-26	2026-07-26 21:45:17	2026-07-26 21:45:17.372313	Phase	ca	ca_soak_ch1	fc461c6c87e27bc94fbcfebbdc698fb8	Scheduled	0	Unknown	0	0	0	0	0	0	0	0	0	0	0	0		{}	a04fbecc874df6e58afd2cdd56fdc364	handoff_reclaim	1	{'generations_reclaimed':0,'objects_reclaimed':0}
2afe19975e46	2026-07-26	2026-07-26 21:45:17	2026-07-26 21:45:17.376015	Phase	ca	ca_soak_ch1	fc461c6c87e27bc94fbcfebbdc698fb8	Scheduled	0	Unknown	0	0	0	0	0	0	0	0	0	0	0	0		{'CasManifestDelete':1,'ContextLock':2,'DiskConnectionsPreserved':1,'DiskConnectionsReused':1,'DiskS3DeleteObjects':1,'DiskS3WriteMicroseconds':3465,'DiskS3WriteRequestAttempts':1,'DiskS3WriteRequestsCount':1,'MemoryAllocatedWithoutCheck':2,'MemoryAllocatedWithoutCheckBytes':2176,'S3WriteMicroseconds':3465,'S3WriteRequestAttempts':1,'S3WriteRequestsCount':1}	a04fbecc874df6e58afd2cdd56fdc364	manifest_deletes	3690	{'attempted':1,'deleted':1}
2afe19975e46	2026-07-26	2026-07-26 21:45:17	2026-07-26 21:45:17.376022	Phase	ca	ca_soak_ch1	fc461c6c87e27bc94fbcfebbdc698fb8	Scheduled	0	Unknown	0	0	0	0	0	0	0	0	0	0	0	0		{}	a04fbecc874df6e58afd2cdd56fdc364	namespace_cleanup	1	{'items':0,'items_completed':0,'items_pending':0,'suppressed':0}
2afe19975e46	2026-07-26	2026-07-26 21:45:17	2026-07-26 21:45:17.376039	Phase	ca	ca_soak_ch1	fc461c6c87e27bc94fbcfebbdc698fb8	Scheduled	0	Unknown	0	0	0	0	0	0	0	0	0	0	0	0		{}	a04fbecc874df6e58afd2cdd56fdc364	ref_object_cleanup	15	{'namespaces_planned':2,'suppressed':0,'trim_enabled':1}
2afe19975e46	2026-07-26	2026-07-26 21:45:17	2026-07-26 21:45:17.280644	Start	ca	ca_soak_ch1	fc461c6c87e27bc94fbcfebbdc698fb8	Scheduled	0	Unknown	0	0	0	0	0	0	0	0	0	0	0	0		{}	a04fbecc874df6e58afd2cdd56fdc364		0	{}
2afe19975e46	2026-07-26	2026-07-26 21:45:17	2026-07-26 21:45:17.568973	Finish	ca	ca_soak_ch1	fc461c6c87e27bc94fbcfebbdc698fb8	Scheduled	21	Success	0	0	0	0	0	1	0	0	0	0	0	288		{'AsyncLoggingFileLogTotalMessages':26,'AsyncLoggingTextLogTotalMessages':26,'CasConditionalWriteAttempts':5,'CasConditionalWriteCommitted':5,'CasGcCas':3,'CasGcDelete':3,'CasGcEnumerationPages':8,'CasGcGet':52,'CasGcGetStream':1,'CasGcList':2,'CasGcPut':2,'CasManifestDelete':1,'CasManifestGet':1,'CasManifestHead':1,'CasManifestList':1,'CasRefEmittedEdges':1,'CasRefGlobalListPages':1,'CasRefLogBodyGets':1,'CasRefManifestBodyFoldGets':1,'CasRootGet':186,'CasRootList':6,'ContextLock':893,'DiskConnectionsCreated':4,'DiskConnectionsElapsedMicroseconds':339,'DiskConnectionsExpired':5,'DiskConnectionsPreserved':454,'DiskConnectionsReused':455,'DiskS3DeleteObjects':4,'DiskS3GetObject':214,'DiskS3HeadObject':241,'DiskS3ReadMicroseconds':107053,'DiskS3ReadRequestsCount':455,'DiskS3ReadRequestsErrors':26,'DiskS3WriteMicroseconds':6434,'DiskS3WriteRequestAttempts':4,'DiskS3WriteRequestsCount':4,'GlobalThreadPoolJobs':9,'IOBufferAllocBytes':6532589,'IOBufferAllocs':221,'LocalThreadPoolExpansions':9,'LocalThreadPoolJobs':14,'LocalThreadPoolShrinks':9,'LocalThreadPoolThreadCreationMicroseconds':39,'LogDebug':26,'LogTrace':15,'LoggerElapsedNanoseconds':93810,'MemoryAllocatedWithoutCheck':918,'MemoryAllocatedWithoutCheckBytes':1008800,'QueryProfilerRuns':1,'ReadBufferFromS3Bytes':395146,'ReadBufferFromS3InitMicroseconds':71142,'ReadBufferFromS3Microseconds':71847,'S3GetObject':214,'S3HeadObject':241,'S3ReadMicroseconds':107053,'S3ReadRequestsCount':455,'S3ReadRequestsErrors':26,'S3WriteMicroseconds':6434,'S3WriteRequestAttempts':4,'S3WriteRequestsCount':4,'WriteBufferFromS3Bytes':11544}	a04fbecc874df6e58afd2cdd56fdc364		0	{}
2afe19975e46	2026-07-26	2026-07-26 21:45:27	2026-07-26 21:45:27.754089	Phase	ca	ca_soak_ch1	fc461c6c87e27bc94fbcfebbdc698fb8	Scheduled	0	Unknown	0	0	0	0	0	0	0	0	0	0	0	0		{'CasGcEnumerationPages':1,'CasGcGet':2,'CasRootList':1,'ContextLock':9,'DiskConnectionsPreserved':4,'DiskConnectionsReused':4,'DiskS3GetObject':2,'DiskS3HeadObject':2,'DiskS3ReadMicroseconds':886,'DiskS3ReadRequestsCount':4,'GlobalThreadPoolJobs':1,'IOBufferAllocBytes':9364,'IOBufferAllocs':2,'LocalThreadPoolExpansions':1,'LocalThreadPoolJobs':1,'LocalThreadPoolShrinks':1,'LocalThreadPoolThreadCreationMicroseconds':3,'MemoryAllocatedWithoutCheck':8,'MemoryAllocatedWithoutCheckBytes':8704,'ReadBufferFromS3Bytes':1046,'ReadBufferFromS3InitMicroseconds':613,'ReadBufferFromS3Microseconds':618,'S3GetObject':2,'S3HeadObject':2,'S3ReadMicroseconds':886,'S3ReadRequestsCount':4}	2ff638f33bdb0e428d6d845b7de2e18d	defer_decision	20720	{'changed_shards':0,'deferred':1,'fold_seal_reads':2,'graduation_due':0,'namespaces_seen':2,'ref_log_keys_listed':183,'rounds_deferred_before':0}
2afe19975e46	2026-07-26	2026-07-26 21:45:27	2026-07-26 21:45:27.653992	Phase	ca	ca_soak_ch1	fc461c6c87e27bc94fbcfebbdc698fb8	Scheduled	0	Unknown	0	0	0	0	0	0	0	0	0	0	0	0		{'CasConditionalWriteAttempts':1,'CasConditionalWriteCommitted':1,'CasGcCas':1,'CasGcGet':1,'ContextLock':5,'DiskConnectionsCreated':1,'DiskConnectionsElapsedMicroseconds':139,'DiskConnectionsPreserved':2,'DiskConnectionsReused':1,'DiskS3GetObject':1,'DiskS3HeadObject':1,'DiskS3ReadMicroseconds':1120,'DiskS3ReadRequestsCount':2,'IOBufferAllocBytes':1052939,'IOBufferAllocs':2,'LocalThreadPoolJobs':1,'LogTrace':3,'MemoryAllocatedWithoutCheck':8,'MemoryAllocatedWithoutCheckBytes':6624,'ReadBufferFromS3Bytes':141,'ReadBufferFromS3InitMicroseconds':645,'ReadBufferFromS3Microseconds':651,'S3GetObject':1,'S3HeadObject':1,'S3ReadMicroseconds':1120,'S3ReadRequestsCount':2,'WriteBufferFromS3Bytes':141}	2ff638f33bdb0e428d6d845b7de2e18d	lease	84902	{'acquired':1,'steal_allowed':1}
2afe19975e46	2026-07-26	2026-07-26 21:45:27	2026-07-26 21:45:27.733339	Phase	ca	ca_soak_ch1	fc461c6c87e27bc94fbcfebbdc698fb8	Scheduled	0	Unknown	0	0	0	0	0	0	0	0	0	0	0	0		{'CasGcGet':2,'CasGcList':1,'ContextLock':9,'DiskConnectionsPreserved':4,'DiskConnectionsReused':4,'DiskS3GetObject':2,'DiskS3HeadObject':2,'DiskS3ReadMicroseconds':1279,'DiskS3ReadRequestsCount':4,'GlobalThreadPoolJobs':1,'IOBufferAllocBytes':8687,'IOBufferAllocs':2,'LocalThreadPoolExpansions':1,'LocalThreadPoolJobs':1,'LocalThreadPoolShrinks':1,'LocalThreadPoolThreadCreationMicroseconds':4,'MemoryAllocatedWithoutCheck':8,'MemoryAllocatedWithoutCheckBytes':8704,'ReadBufferFromS3Bytes':369,'ReadBufferFromS3InitMicroseconds':848,'ReadBufferFromS3Microseconds':856,'S3GetObject':2,'S3HeadObject':2,'S3ReadMicroseconds':1279,'S3ReadRequestsCount':4}	2ff638f33bdb0e428d6d845b7de2e18d	heartbeat_floor	3617	{'already_fenced':0,'fenced_now':0,'live':2,'terminated':0}
2afe19975e46	2026-07-26	2026-07-26 21:45:27	2026-07-26 21:45:27.569061	Start	ca	ca_soak_ch1	fc461c6c87e27bc94fbcfebbdc698fb8	Scheduled	0	Unknown	0	0	0	0	0	0	0	0	0	0	0	0		{}	2ff638f33bdb0e428d6d845b7de2e18d		0	{}
2afe19975e46	2026-07-26	2026-07-26 21:45:27	2026-07-26 21:45:27.754108	Finish	ca	ca_soak_ch1	fc461c6c87e27bc94fbcfebbdc698fb8	Scheduled	21	Deferred	0	0	0	0	0	0	0	0	0	0	0	185		{'AsyncLoggingFileLogTotalMessages':2,'AsyncLoggingTextLogTotalMessages':2,'CasConditionalWriteAttempts':2,'CasConditionalWriteCommitted':1,'CasConditionalWriteUnresolved':1,'CasGcCas':1,'CasGcCasConflict':1,'CasGcEnumerationPages':1,'CasGcGet':6,'CasGcList':1,'CasRootList':1,'ContextLock':31,'DiskConnectionsCreated':1,'DiskConnectionsElapsedMicroseconds':139,'DiskConnectionsPreserved':12,'DiskConnectionsReused':11,'DiskS3GetObject':6,'DiskS3HeadObject':6,'DiskS3ReadMicroseconds':4001,'DiskS3ReadRequestsCount':12,'GlobalThreadPoolJobs':2,'IOBufferAllocBytes':2123869,'IOBufferAllocs':8,'LocalThreadPoolExpansions':2,'LocalThreadPoolJobs':4,'LocalThreadPoolShrinks':2,'LocalThreadPoolThreadCreationMicroseconds':7,'LogInfo':2,'LogTrace':6,'LoggerElapsedNanoseconds':14430,'MemoryAllocatedWithoutCheck':30,'MemoryAllocatedWithoutCheckBytes':4267724,'ReadBufferFromS3Bytes':1637,'ReadBufferFromS3InitMicroseconds':2562,'ReadBufferFromS3Microseconds':2584,'S3GetObject':6,'S3HeadObject':6,'S3ReadMicroseconds':4001,'S3ReadRequestsCount':12,'WriteBufferFromS3Bytes':222}	2ff638f33bdb0e428d6d845b7de2e18d		0	{}
2afe19975e46	2026-07-26	2026-07-26 21:45:37	2026-07-26 21:45:37.844663	Phase	ca	ca_soak_ch1	fc461c6c87e27bc94fbcfebbdc698fb8	Scheduled	0	Unknown	0	0	0	0	0	0	0	0	0	0	0	0		{}	d34668e7bab656e5e4395c9bfed3e4fc	fold_ns_cleanup_scan	1	{'items_added':0,'items_carried':0,'items_completed_now':0,'items_final':0,'items_scanned':0}
2afe19975e46	2026-07-26	2026-07-26 21:45:37	2026-07-26 21:45:37.757269	Phase	ca	ca_soak_ch1	fc461c6c87e27bc94fbcfebbdc698fb8	Scheduled	0	Unknown	0	0	0	0	0	0	0	0	0	0	0	0		{'CasConditionalWriteAttempts':1,'CasConditionalWriteCommitted':1,'CasGcCas':1,'CasGcGet':1,'ContextLock':5,'DiskConnectionsPreserved':2,'DiskConnectionsReused':2,'DiskS3GetObject':1,'DiskS3HeadObject':1,'DiskS3ReadMicroseconds':1171,'DiskS3ReadRequestsCount':2,'IOBufferAllocBytes':1052939,'IOBufferAllocs':2,'LocalThreadPoolJobs':1,'LogTrace':3,'MemoryAllocatedWithoutCheck':4,'MemoryAllocatedWithoutCheckBytes':4352,'ReadBufferFromS3Bytes':141,'ReadBufferFromS3InitMicroseconds':626,'ReadBufferFromS3Microseconds':632,'S3GetObject':1,'S3HeadObject':1,'S3ReadMicroseconds':1171,'S3ReadRequestsCount':2,'WriteBufferFromS3Bytes':141}	d34668e7bab656e5e4395c9bfed3e4fc	lease	3050	{'acquired':1,'steal_allowed':1}
2afe19975e46	2026-07-26	2026-07-26 21:45:37	2026-07-26 21:45:37.763067	Phase	ca	ca_soak_ch1	fc461c6c87e27bc94fbcfebbdc698fb8	Scheduled	0	Unknown	0	0	0	0	0	0	0	0	0	0	0	0		{'CasGcGet':2,'CasGcList':1,'ContextLock':9,'DiskConnectionsPreserved':4,'DiskConnectionsReused':4,'DiskS3GetObject':2,'DiskS3HeadObject':2,'DiskS3ReadMicroseconds':1219,'DiskS3ReadRequestsCount':4,'GlobalThreadPoolJobs':1,'IOBufferAllocBytes':8687,'IOBufferAllocs':2,'LocalThreadPoolExpansions':1,'LocalThreadPoolJobs':1,'LocalThreadPoolShrinks':1,'LocalThreadPoolThreadCreationMicroseconds':4,'MemoryAllocatedWithoutCheck':8,'MemoryAllocatedWithoutCheckBytes':8704,'ReadBufferFromS3Bytes':369,'ReadBufferFromS3InitMicroseconds':818,'ReadBufferFromS3Microseconds':826,'S3GetObject':2,'S3HeadObject':2,'S3ReadMicroseconds':1219,'S3ReadRequestsCount':4}	d34668e7bab656e5e4395c9bfed3e4fc	heartbeat_floor	3599	{'already_fenced':0,'fenced_now':0,'live':2,'terminated':0}
2afe19975e46	2026-07-26	2026-07-26 21:45:37	2026-07-26 21:45:37.789673	Phase	ca	ca_soak_ch1	fc461c6c87e27bc94fbcfebbdc698fb8	Scheduled	0	Unknown	0	0	0	0	0	0	0	0	0	0	0	0		{'CasGcEnumerationPages':1,'CasGcGet':2,'CasRootList':1,'ContextLock':8,'DiskConnectionsPreserved':4,'DiskConnectionsReused':4,'DiskS3GetObject':2,'DiskS3HeadObject':2,'DiskS3ReadMicroseconds':1108,'DiskS3ReadRequestsCount':4,'GlobalThreadPoolJobs':1,'IOBufferAllocBytes':9364,'IOBufferAllocs':2,'LocalThreadPoolExpansions':1,'LocalThreadPoolJobs':1,'LocalThreadPoolShrinks':1,'LocalThreadPoolThreadCreationMicroseconds':4,'MemoryAllocatedWithoutCheck':8,'MemoryAllocatedWithoutCheckBytes':8704,'ReadBufferFromS3Bytes':1046,'ReadBufferFromS3InitMicroseconds':771,'ReadBufferFromS3Microseconds':775,'S3GetObject':2,'S3HeadObject':2,'S3ReadMicroseconds':1108,'S3ReadRequestsCount':4}	d34668e7bab656e5e4395c9bfed3e4fc	defer_decision	26586	{'changed_shards':1,'deferred':0,'fold_seal_reads':2,'graduation_due':0,'namespaces_seen':2,'ref_log_keys_listed':201,'rounds_deferred_before':1}
2afe19975e46	2026-07-26	2026-07-26 21:45:37	2026-07-26 21:45:37.791639	Phase	ca	ca_soak_ch1	fc461c6c87e27bc94fbcfebbdc698fb8	Scheduled	0	Unknown	0	0	0	0	0	0	0	0	0	0	0	0		{'CasGcGet':1,'ContextLock':4,'DiskConnectionsPreserved':2,'DiskConnectionsReused':2,'DiskS3GetObject':1,'DiskS3HeadObject':1,'DiskS3ReadMicroseconds':1415,'DiskS3ReadRequestsCount':2,'IOBufferAllocBytes':4682,'IOBufferAllocs':1,'MemoryAllocatedWithoutCheck':4,'MemoryAllocatedWithoutCheckBytes':4352,'ReadBufferFromS3Bytes':523,'ReadBufferFromS3InitMicroseconds':992,'ReadBufferFromS3Microseconds':999,'S3GetObject':1,'S3HeadObject':1,'S3ReadMicroseconds':1415,'S3ReadRequestsCount':2}	d34668e7bab656e5e4395c9bfed3e4fc	parent_seal_read	1945	{'parent_runs':1}
2afe19975e46	2026-07-26	2026-07-26 21:45:37	2026-07-26 21:45:37.815069	Phase	ca	ca_soak_ch1	fc461c6c87e27bc94fbcfebbdc698fb8	Scheduled	0	Unknown	0	0	0	0	0	0	0	0	0	0	0	0		{'CasGcEnumerationPages':1,'CasRefGlobalListPages':1,'CasRootList':1,'GlobalThreadPoolJobs':1,'LocalThreadPoolExpansions':1,'LocalThreadPoolJobs':1,'LocalThreadPoolShrinks':1,'LocalThreadPoolThreadCreationMicroseconds':4}	d34668e7bab656e5e4395c9bfed3e4fc	fold_ref_list	23417	{'namespaces_seen':2,'probe_a_holes':0,'ref_folding_aborted':0,'ref_keys_listed':203}
2afe19975e46	2026-07-26	2026-07-26 21:45:37	2026-07-26 21:45:37.816949	Phase	ca	ca_soak_ch1	fc461c6c87e27bc94fbcfebbdc698fb8	Scheduled	0	Unknown	0	0	0	0	0	0	0	0	0	0	0	0		{'CasGcGet':2,'ContextLock':8,'DiskConnectionsPreserved':4,'DiskConnectionsReused':4,'DiskS3GetObject':2,'DiskS3HeadObject':2,'DiskS3ReadMicroseconds':1360,'DiskS3ReadRequestsCount':4,'IOBufferAllocBytes':9364,'IOBufferAllocs':2,'MemoryAllocatedWithoutCheck':8,'MemoryAllocatedWithoutCheckBytes':8704,'ReadBufferFromS3Bytes':1046,'ReadBufferFromS3InitMicroseconds':871,'ReadBufferFromS3Microseconds':879,'S3GetObject':2,'S3HeadObject':2,'S3ReadMicroseconds':1360,'S3ReadRequestsCount':4}	d34668e7bab656e5e4395c9bfed3e4fc	fold_seal_read	1868	{'ns_cleanup_items':0,'parent_cursors':2,'parent_runs':1,'redundant_reads':1,'seal_reads':2}
2afe19975e46	2026-07-26	2026-07-26 21:45:37	2026-07-26 21:45:37.844656	Phase	ca	ca_soak_ch1	fc461c6c87e27bc94fbcfebbdc698fb8	Scheduled	0	Unknown	0	0	0	0	0	0	0	0	0	0	0	0		{'CasManifestGet':15,'CasManifestHead':15,'CasRefEmittedEdges':15,'CasRefLogBodyGets':18,'CasRefManifestBodyFoldGets':15,'CasRootGet':18,'ContextLock':186,'DiskConnectionsExpired':1,'DiskConnectionsPreserved':80,'DiskConnectionsReused':81,'DiskS3GetObject':33,'DiskS3HeadObject':48,'DiskS3ReadMicroseconds':20074,'DiskS3ReadRequestsCount':81,'IOBufferAllocBytes':1342864,'IOBufferAllocs':33,'MemoryAllocatedWithoutCheck':160,'MemoryAllocatedWithoutCheckBytes':174080,'ReadBufferFromS3Bytes':1205617,'ReadBufferFromS3InitMicroseconds':12429,'ReadBufferFromS3Microseconds':12660,'S3GetObject':33,'S3HeadObject':48,'S3ReadMicroseconds':20074,'S3ReadRequestsCount':81}	d34668e7bab656e5e4395c9bfed3e4fc	fold_ref_intake	27689	{'dead_precommits_skipped':0,'deltas_emitted':54,'logs_applied':18,'logs_intended':18,'namespace_removals':0,'ref_folding_aborted':0,'tables_changed':1,'tables_clamped':0,'tables_scanned':2,'txns_opened':18}
2afe19975e46	2026-07-26	2026-07-26 21:45:37	2026-07-26 21:45:37.754187	Start	ca	ca_soak_ch1	fc461c6c87e27bc94fbcfebbdc698fb8	Scheduled	0	Unknown	0	0	0	0	0	0	0	0	0	0	0	0		{}	d34668e7bab656e5e4395c9bfed3e4fc		0	{}
2afe19975e46	2026-07-26	2026-07-26 21:45:37	2026-07-26 21:45:37.847373	Phase	ca	ca_soak_ch1	fc461c6c87e27bc94fbcfebbdc698fb8	Scheduled	0	Unknown	0	0	0	0	0	0	0	0	0	0	0	0		{'CasConditionalWriteAttempts':1,'CasConditionalWriteCommitted':1,'CasGcGetStream':1,'CasGcPut':1,'ContextLock':5,'DiskConnectionsPreserved':2,'DiskConnectionsReused':2,'DiskS3GetObject':1,'DiskS3HeadObject':1,'DiskS3ReadMicroseconds':1133,'DiskS3ReadRequestsCount':2,'IOBufferAllocBytes':1067678,'IOBufferAllocs':4,'LocalThreadPoolJobs':1,'LogTrace':3,'MemoryAllocatedWithoutCheck':4,'MemoryAllocatedWithoutCheckBytes':4352,'ReadBufferFromS3Bytes':10658,'ReadBufferFromS3InitMicroseconds':453,'ReadBufferFromS3Microseconds':462,'S3GetObject':1,'S3HeadObject':1,'S3ReadMicroseconds':1133,'S3ReadRequestsCount':2,'WriteBufferFromS3Bytes':8983}	d34668e7bab656e5e4395c9bfed3e4fc	fold_reduce	2697	{'condemned':0,'deltas_in':54,'graduated':0,'redelete_pending':0,'runs_written':1,'shards_pure_carry':0,'shards_reduced':1,'shards_total':1,'spared':0,'suppress_destructive':0,'txns_unapplied':0,'unmatched_removes':0}
2afe19975e46	2026-07-26	2026-07-26 21:45:37	2026-07-26 21:45:37.848405	Phase	ca	ca_soak_ch1	fc461c6c87e27bc94fbcfebbdc698fb8	Scheduled	0	Unknown	0	0	0	0	0	0	0	0	0	0	0	0		{'CasConditionalWriteAttempts':1,'CasConditionalWriteCommitted':1,'CasGcPut':1,'ContextLock':1,'IOBufferAllocBytes':1048639,'IOBufferAllocs':1,'LocalThreadPoolJobs':1,'LogTrace':3,'WriteBufferFromS3Bytes':523}	d34668e7bab656e5e4395c9bfed3e4fc	fold_seal_write	1022	{'ns_cleanup_items':0,'seal_bytes':523,'seal_namespaces':2,'seal_runs':1}
2afe19975e46	2026-07-26	2026-07-26 21:45:37	2026-07-26 21:45:37.848430	Phase	ca	ca_soak_ch1	fc461c6c87e27bc94fbcfebbdc698fb8	Scheduled	0	Unknown	0	0	0	0	0	0	0	0	0	0	0	0		{}	d34668e7bab656e5e4395c9bfed3e4fc	pending_deletes	6	{'absent':0,'deleted':0,'graduated':0,'outcome_logs_written':0,'redeleted':0,'replaced':0,'spared':0}
2afe19975e46	2026-07-26	2026-07-26 21:45:37	2026-07-26 21:45:37.848436	Phase	ca	ca_soak_ch1	fc461c6c87e27bc94fbcfebbdc698fb8	Scheduled	0	Unknown	0	0	0	0	0	0	0	0	0	0	0	0		{}	d34668e7bab656e5e4395c9bfed3e4fc	meta_pool_wait	2	{'jobs_completed':0,'jobs_completed_on_entry':0,'jobs_scheduled':0}
2afe19975e46	2026-07-26	2026-07-26 21:45:37	2026-07-26 21:45:37.858512	Phase	ca	ca_soak_ch1	fc461c6c87e27bc94fbcfebbdc698fb8	Scheduled	0	Unknown	0	0	0	0	0	0	0	0	0	0	0	0		{'CasConditionalWriteAttempts':1,'CasConditionalWriteCommitted':1,'CasGcCas':1,'CasGcDelete':2,'CasGcEnumerationPages':1,'CasGcList':1,'ContextLock':3,'DiskConnectionsPreserved':2,'DiskConnectionsReused':2,'DiskS3DeleteObjects':2,'DiskS3WriteMicroseconds':4384,'DiskS3WriteRequestAttempts':2,'DiskS3WriteRequestsCount':2,'GlobalThreadPoolJobs':1,'IOBufferAllocBytes':1048639,'IOBufferAllocs':1,'LocalThreadPoolExpansions':1,'LocalThreadPoolJobs':2,'LocalThreadPoolShrinks':1,'LocalThreadPoolThreadCreationMicroseconds':13,'LogTrace':3,'MemoryAllocatedWithoutCheck':4,'MemoryAllocatedWithoutCheckBytes':4352,'S3WriteMicroseconds':4384,'S3WriteRequestAttempts':2,'S3WriteRequestsCount':2,'WriteBufferFromS3Bytes':141}	d34668e7bab656e5e4395c9bfed3e4fc	round_commit	10055	{'generation':22,'generations_referenced':2,'generations_visited':1,'pruned_through':19,'round':22}
2afe19975e46	2026-07-26	2026-07-26 21:45:37	2026-07-26 21:45:37.858527	Phase	ca	ca_soak_ch1	fc461c6c87e27bc94fbcfebbdc698fb8	Scheduled	0	Unknown	0	0	0	0	0	0	0	0	0	0	0	0		{}	d34668e7bab656e5e4395c9bfed3e4fc	handoff_reclaim	2	{'generations_reclaimed':0,'objects_reclaimed':0}
2afe19975e46	2026-07-26	2026-07-26 21:45:37	2026-07-26 21:45:37.882888	Phase	ca	ca_soak_ch1	fc461c6c87e27bc94fbcfebbdc698fb8	Scheduled	0	Unknown	0	0	0	0	0	0	0	0	0	0	0	0		{'CasManifestDelete':9,'ContextLock':18,'ContextLockWaitMicroseconds':1,'DiskConnectionsPreserved':9,'DiskConnectionsReused':9,'DiskS3DeleteObjects':9,'DiskS3WriteMicroseconds':21094,'DiskS3WriteRequestAttempts':9,'DiskS3WriteRequestsCount':9,'MemoryAllocatedWithoutCheck':18,'MemoryAllocatedWithoutCheckBytes':19584,'S3WriteMicroseconds':21094,'S3WriteRequestAttempts':9,'S3WriteRequestsCount':9}	d34668e7bab656e5e4395c9bfed3e4fc	manifest_deletes	24352	{'attempted':9,'deleted':9}
2afe19975e46	2026-07-26	2026-07-26 21:45:37	2026-07-26 21:45:37.882902	Phase	ca	ca_soak_ch1	fc461c6c87e27bc94fbcfebbdc698fb8	Scheduled	0	Unknown	0	0	0	0	0	0	0	0	0	0	0	0		{}	d34668e7bab656e5e4395c9bfed3e4fc	namespace_cleanup	1	{'items':0,'items_completed':0,'items_pending':0,'suppressed':0}
2afe19975e46	2026-07-26	2026-07-26 21:45:37	2026-07-26 21:45:37.882914	Phase	ca	ca_soak_ch1	fc461c6c87e27bc94fbcfebbdc698fb8	Scheduled	0	Unknown	0	0	0	0	0	0	0	0	0	0	0	0		{}	d34668e7bab656e5e4395c9bfed3e4fc	ref_object_cleanup	10	{'namespaces_planned':2,'suppressed':0,'trim_enabled':1}
2afe19975e46	2026-07-26	2026-07-26 21:45:38	2026-07-26 21:45:38.171844	Phase	ca	ca_soak_ch1	fc461c6c87e27bc94fbcfebbdc698fb8	Scheduled	0	Unknown	0	0	0	0	0	0	0	0	0	0	0	0		{'AsyncLoggingFileLogTotalMessages':20,'AsyncLoggingTextLogTotalMessages':20,'CasGcEnumerationPages':5,'CasGcGet':34,'CasManifestList':1,'CasRootGet':203,'CasRootList':4,'ContextLock':868,'DiskConnectionsCreated':5,'DiskConnectionsElapsedMicroseconds':437,'DiskConnectionsExpired':4,'DiskConnectionsPreserved':450,'DiskConnectionsReused':449,'DiskS3GetObject':217,'DiskS3HeadObject':237,'DiskS3ReadMicroseconds':152625,'DiskS3ReadRequestsCount':454,'DiskS3ReadRequestsErrors':20,'GlobalThreadPoolJobs':5,'IOBufferAllocBytes':1011412,'IOBufferAllocs':217,'LocalThreadPoolExpansions':5,'LocalThreadPoolJobs':5,'LocalThreadPoolShrinks':5,'LocalThreadPoolThreadCreationMicroseconds':31,'LogDebug':20,'LoggerElapsedNanoseconds':148090,'MemoryAllocatedWithoutCheck':912,'MemoryAllocatedWithoutCheckBytes':991648,'ReadBufferFromS3Bytes':108909,'ReadBufferFromS3InitMicroseconds':99298,'ReadBufferFromS3Microseconds':100006,'S3GetObject':217,'S3HeadObject':237,'S3ReadMicroseconds':152625,'S3ReadRequestsCount':454,'S3ReadRequestsErrors':20}	d34668e7bab656e5e4395c9bfed3e4fc	orphan_sweep	288913	{'cursor_advanced':0,'list_budget_keys':1000}
2afe19975e46	2026-07-26	2026-07-26 21:45:38	2026-07-26 21:45:38.171878	Finish	ca	ca_soak_ch1	fc461c6c87e27bc94fbcfebbdc698fb8	Scheduled	22	Success	0	0	0	0	0	9	0	0	0	0	0	417		{'AsyncLoggingFileLogTotalMessages':20,'AsyncLoggingTextLogTotalMessages':20,'CasConditionalWriteAttempts':5,'CasConditionalWriteCommitted':5,'CasGcCas':3,'CasGcDelete':2,'CasGcEnumerationPages':8,'CasGcGet':43,'CasGcGetStream':1,'CasGcList':2,'CasGcPut':2,'CasManifestDelete':9,'CasManifestGet':15,'CasManifestHead':15,'CasManifestList':1,'CasRefEmittedEdges':15,'CasRefGlobalListPages':1,'CasRefLogBodyGets':18,'CasRefManifestBodyFoldGets':15,'CasRootGet':221,'CasRootList':6,'ContextLock':1140,'ContextLockWaitMicroseconds':1,'DiskConnectionsCreated':5,'DiskConnectionsElapsedMicroseconds':437,'DiskConnectionsExpired':5,'DiskConnectionsPreserved':561,'DiskConnectionsReused':561,'DiskS3DeleteObjects':11,'DiskS3GetObject':260,'DiskS3HeadObject':295,'DiskS3ReadMicroseconds':180748,'DiskS3ReadRequestsCount':555,'DiskS3ReadRequestsErrors':20,'DiskS3WriteMicroseconds':25478,'DiskS3WriteRequestAttempts':11,'DiskS3WriteRequestsCount':11,'GlobalThreadPoolJobs':9,'IOBufferAllocBytes':7657147,'IOBufferAllocs':267,'LocalThreadPoolExpansions':9,'LocalThreadPoolJobs':14,'LocalThreadPoolShrinks':9,'LocalThreadPoolThreadCreationMicroseconds':56,'LogDebug':20,'LogTrace':15,'LoggerElapsedNanoseconds':148090,'MemoryAllocatedWithoutCheck':1134,'MemoryAllocatedWithoutCheckBytes':1233184,'ReadBufferFromS3Bytes':1328390,'ReadBufferFromS3InitMicroseconds':116688,'ReadBufferFromS3Microseconds':117673,'S3GetObject':260,'S3HeadObject':295,'S3ReadMicroseconds':180748,'S3ReadRequestsCount':555,'S3ReadRequestsErrors':20,'S3WriteMicroseconds':25478,'S3WriteRequestAttempts':11,'S3WriteRequestsCount':11,'WriteBufferFromS3Bytes':9869}	d34668e7bab656e5e4395c9bfed3e4fc		0	{}
2afe19975e46	2026-07-26	2026-07-26 21:45:48	2026-07-26 21:45:48.259463	Phase	ca	ca_soak_ch1	fc461c6c87e27bc94fbcfebbdc698fb8	Scheduled	0	Unknown	0	0	0	0	0	0	0	0	0	0	0	0		{}	33acd3133bde504fa19cdcdabecc3f25	fold_ns_cleanup_scan	2	{'items_added':0,'items_carried':0,'items_completed_now':0,'items_final':0,'items_scanned':0}
2afe19975e46	2026-07-26	2026-07-26 21:45:48	2026-07-26 21:45:48.609694	Finish	ca	ca_soak_ch1	fc461c6c87e27bc94fbcfebbdc698fb8	Scheduled	23	Success	0	0	0	0	0	0	0	0	0	0	0	437		{'AsyncLoggingFileLogTotalMessages':22,'AsyncLoggingTextLogTotalMessages':22,'CasConditionalWriteAttempts':5,'CasConditionalWriteCommitted':5,'CasGcCas':3,'CasGcDelete':2,'CasGcEnumerationPages':8,'CasGcGet':46,'CasGcGetStream':1,'CasGcList':2,'CasGcPut':2,'CasManifestGet':1,'CasManifestHead':1,'CasManifestList':1,'CasRefEmittedEdges':1,'CasRefGlobalListPages':1,'CasRefLogBodyGets':2,'CasRefManifestBodyFoldGets':1,'CasRootGet':207,'CasRootList':6,'ContextLock':966,'DiskConnectionsCreated':6,'DiskConnectionsElapsedMicroseconds':761,'DiskConnectionsExpired':5,'DiskConnectionsPreserved':486,'DiskConnectionsReused':485,'DiskS3DeleteObjects':2,'DiskS3GetObject':233,'DiskS3HeadObject':256,'DiskS3ReadMicroseconds':210710,'DiskS3ReadRequestsCount':489,'DiskS3ReadRequestsErrors':22,'DiskS3WriteMicroseconds':3219,'DiskS3WriteRequestAttempts':2,'DiskS3WriteRequestsCount':2,'GlobalThreadPoolJobs':9,'IOBufferAllocBytes':6613587,'IOBufferAllocs':240,'LocalThreadPoolExpansions':9,'LocalThreadPoolJobs':14,'LocalThreadPoolShrinks':9,'LocalThreadPoolThreadCreationMicroseconds':47,'LogDebug':22,'LogTrace':15,'LoggerElapsedNanoseconds':120910,'MemoryAllocatedWithoutCheck':986,'MemoryAllocatedWithoutCheckBytes':1082816,'ReadBufferFromS3Bytes':397123,'ReadBufferFromS3InitMicroseconds':139327,'ReadBufferFromS3Microseconds':140429,'S3GetObject':233,'S3HeadObject':256,'S3ReadMicroseconds':210710,'S3ReadRequestsCount':489,'S3ReadRequestsErrors':22,'S3WriteMicroseconds':3219,'S3WriteRequestAttempts':2,'S3WriteRequestsCount':2,'WriteBufferFromS3Bytes':10428}	33acd3133bde504fa19cdcdabecc3f25		0	{}
2afe19975e46	2026-07-26	2026-07-26 21:45:48	2026-07-26 21:45:48.184806	Phase	ca	ca_soak_ch1	fc461c6c87e27bc94fbcfebbdc698fb8	Scheduled	0	Unknown	0	0	0	0	0	0	0	0	0	0	0	0		{'CasGcGet':2,'CasGcList':1,'ContextLock':9,'DiskConnectionsPreserved':4,'DiskConnectionsReused':4,'DiskS3GetObject':2,'DiskS3HeadObject':2,'DiskS3ReadMicroseconds':2296,'DiskS3ReadRequestsCount':4,'GlobalThreadPoolJobs':1,'IOBufferAllocBytes':8687,'IOBufferAllocs':2,'LocalThreadPoolExpansions':1,'LocalThreadPoolJobs':1,'LocalThreadPoolShrinks':1,'LocalThreadPoolThreadCreationMicroseconds':5,'MemoryAllocatedWithoutCheck':8,'MemoryAllocatedWithoutCheckBytes':8704,'ReadBufferFromS3Bytes':369,'ReadBufferFromS3InitMicroseconds':1723,'ReadBufferFromS3Microseconds':1737,'S3GetObject':2,'S3HeadObject':2,'S3ReadMicroseconds':2296,'S3ReadRequestsCount':4}	33acd3133bde504fa19cdcdabecc3f25	heartbeat_floor	5471	{'already_fenced':0,'fenced_now':0,'live':2,'terminated':0}
2afe19975e46	2026-07-26	2026-07-26 21:45:48	2026-07-26 21:45:48.217601	Phase	ca	ca_soak_ch1	fc461c6c87e27bc94fbcfebbdc698fb8	Scheduled	0	Unknown	0	0	0	0	0	0	0	0	0	0	0	0		{'CasGcEnumerationPages':1,'CasGcGet':2,'CasRootList':1,'ContextLock':8,'DiskConnectionsPreserved':4,'DiskConnectionsReused':4,'DiskS3GetObject':2,'DiskS3HeadObject':2,'DiskS3ReadMicroseconds':1173,'DiskS3ReadRequestsCount':4,'GlobalThreadPoolJobs':1,'IOBufferAllocBytes':9364,'IOBufferAllocs':2,'LocalThreadPoolExpansions':1,'LocalThreadPoolJobs':1,'LocalThreadPoolShrinks':1,'LocalThreadPoolThreadCreationMicroseconds':4,'MemoryAllocatedWithoutCheck':8,'MemoryAllocatedWithoutCheckBytes':8704,'ReadBufferFromS3Bytes':1046,'ReadBufferFromS3InitMicroseconds':746,'ReadBufferFromS3Microseconds':751,'S3GetObject':2,'S3HeadObject':2,'S3ReadMicroseconds':1173,'S3ReadRequestsCount':4}	33acd3133bde504fa19cdcdabecc3f25	defer_decision	32776	{'changed_shards':1,'deferred':0,'fold_seal_reads':2,'graduation_due':0,'namespaces_seen':2,'ref_log_keys_listed':203,'rounds_deferred_before':0}
2afe19975e46	2026-07-26	2026-07-26 21:45:48	2026-07-26 21:45:48.218658	Phase	ca	ca_soak_ch1	fc461c6c87e27bc94fbcfebbdc698fb8	Scheduled	0	Unknown	0	0	0	0	0	0	0	0	0	0	0	0		{'CasGcGet':1,'ContextLock':4,'DiskConnectionsPreserved':2,'DiskConnectionsReused':2,'DiskS3GetObject':1,'DiskS3HeadObject':1,'DiskS3ReadMicroseconds':759,'DiskS3ReadRequestsCount':2,'IOBufferAllocBytes':4682,'IOBufferAllocs':1,'MemoryAllocatedWithoutCheck':4,'MemoryAllocatedWithoutCheckBytes':4352,'ReadBufferFromS3Bytes':523,'ReadBufferFromS3InitMicroseconds':404,'ReadBufferFromS3Microseconds':407,'S3GetObject':1,'S3HeadObject':1,'S3ReadMicroseconds':759,'S3ReadRequestsCount':2}	33acd3133bde504fa19cdcdabecc3f25	parent_seal_read	1044	{'parent_runs':1}
2afe19975e46	2026-07-26	2026-07-26 21:45:48	2026-07-26 21:45:48.250549	Phase	ca	ca_soak_ch1	fc461c6c87e27bc94fbcfebbdc698fb8	Scheduled	0	Unknown	0	0	0	0	0	0	0	0	0	0	0	0		{'CasGcEnumerationPages':1,'CasRefGlobalListPages':1,'CasRootList':1,'GlobalThreadPoolJobs':1,'LocalThreadPoolExpansions':1,'LocalThreadPoolJobs':1,'LocalThreadPoolShrinks':1,'LocalThreadPoolThreadCreationMicroseconds':5}	33acd3133bde504fa19cdcdabecc3f25	fold_ref_list	31880	{'namespaces_seen':2,'probe_a_holes':0,'ref_folding_aborted':0,'ref_keys_listed':205}
2afe19975e46	2026-07-26	2026-07-26 21:45:48	2026-07-26 21:45:48.254271	Phase	ca	ca_soak_ch1	fc461c6c87e27bc94fbcfebbdc698fb8	Scheduled	0	Unknown	0	0	0	0	0	0	0	0	0	0	0	0		{'CasGcGet':2,'ContextLock':8,'DiskConnectionsPreserved':4,'DiskConnectionsReused':4,'DiskS3GetObject':2,'DiskS3HeadObject':2,'DiskS3ReadMicroseconds':2813,'DiskS3ReadRequestsCount':4,'IOBufferAllocBytes':9364,'IOBufferAllocs':2,'MemoryAllocatedWithoutCheck':8,'MemoryAllocatedWithoutCheckBytes':8704,'ReadBufferFromS3Bytes':1046,'ReadBufferFromS3InitMicroseconds':1584,'ReadBufferFromS3Microseconds':1598,'S3GetObject':2,'S3HeadObject':2,'S3ReadMicroseconds':2813,'S3ReadRequestsCount':4}	33acd3133bde504fa19cdcdabecc3f25	fold_seal_read	3705	{'ns_cleanup_items':0,'parent_cursors':2,'parent_runs':1,'redundant_reads':1,'seal_reads':2}
2afe19975e46	2026-07-26	2026-07-26 21:45:48	2026-07-26 21:45:48.259454	Phase	ca	ca_soak_ch1	fc461c6c87e27bc94fbcfebbdc698fb8	Scheduled	0	Unknown	0	0	0	0	0	0	0	0	0	0	0	0		{'CasManifestGet':1,'CasManifestHead':1,'CasRefEmittedEdges':1,'CasRefLogBodyGets':2,'CasRefManifestBodyFoldGets':1,'CasRootGet':2,'ContextLock':18,'DiskConnectionsPreserved':7,'DiskConnectionsReused':7,'DiskS3GetObject':3,'DiskS3HeadObject':4,'DiskS3ReadMicroseconds':3398,'DiskS3ReadRequestsCount':7,'IOBufferAllocBytes':287885,'IOBufferAllocs':3,'MemoryAllocatedWithoutCheck':14,'MemoryAllocatedWithoutCheckBytes':15232,'ReadBufferFromS3Bytes':275408,'ReadBufferFromS3InitMicroseconds':2109,'ReadBufferFromS3Microseconds':2202,'S3GetObject':3,'S3HeadObject':4,'S3ReadMicroseconds':3398,'S3ReadRequestsCount':7}	33acd3133bde504fa19cdcdabecc3f25	fold_ref_intake	5164	{'dead_precommits_skipped':0,'deltas_emitted':6,'logs_applied':2,'logs_intended':2,'namespace_removals':0,'ref_folding_aborted':0,'tables_changed':1,'tables_clamped':0,'tables_scanned':2,'txns_opened':2}
2afe19975e46	2026-07-26	2026-07-26 21:45:48	2026-07-26 21:45:48.171952	Start	ca	ca_soak_ch1	fc461c6c87e27bc94fbcfebbdc698fb8	Scheduled	0	Unknown	0	0	0	0	0	0	0	0	0	0	0	0		{}	33acd3133bde504fa19cdcdabecc3f25		0	{}
2afe19975e46	2026-07-26	2026-07-26 21:45:48	2026-07-26 21:45:48.261862	Phase	ca	ca_soak_ch1	fc461c6c87e27bc94fbcfebbdc698fb8	Scheduled	0	Unknown	0	0	0	0	0	0	0	0	0	0	0	0		{'CasConditionalWriteAttempts':1,'CasConditionalWriteCommitted':1,'CasGcGetStream':1,'CasGcPut':1,'ContextLock':5,'DiskConnectionsPreserved':2,'DiskConnectionsReused':2,'DiskS3GetObject':1,'DiskS3HeadObject':1,'DiskS3ReadMicroseconds':819,'DiskS3ReadRequestsCount':2,'IOBufferAllocBytes':1066003,'IOBufferAllocs':4,'LocalThreadPoolJobs':1,'LogTrace':3,'MemoryAllocatedWithoutCheck':4,'MemoryAllocatedWithoutCheckBytes':4352,'ReadBufferFromS3Bytes':8983,'ReadBufferFromS3InitMicroseconds':549,'ReadBufferFromS3Microseconds':561,'S3GetObject':1,'S3HeadObject':1,'S3ReadMicroseconds':819,'S3ReadRequestsCount':2,'WriteBufferFromS3Bytes':9542}	33acd3133bde504fa19cdcdabecc3f25	fold_reduce	2385	{'condemned':0,'deltas_in':6,'graduated':0,'redelete_pending':0,'runs_written':1,'shards_pure_carry':0,'shards_reduced':1,'shards_total':1,'spared':0,'suppress_destructive':0,'txns_unapplied':0,'unmatched_removes':0}
2afe19975e46	2026-07-26	2026-07-26 21:45:48	2026-07-26 21:45:48.263060	Phase	ca	ca_soak_ch1	fc461c6c87e27bc94fbcfebbdc698fb8	Scheduled	0	Unknown	0	0	0	0	0	0	0	0	0	0	0	0		{'CasConditionalWriteAttempts':1,'CasConditionalWriteCommitted':1,'CasGcPut':1,'ContextLock':1,'IOBufferAllocBytes':1048639,'IOBufferAllocs':1,'LocalThreadPoolJobs':1,'LogTrace':3,'WriteBufferFromS3Bytes':523}	33acd3133bde504fa19cdcdabecc3f25	fold_seal_write	1191	{'ns_cleanup_items':0,'seal_bytes':523,'seal_namespaces':2,'seal_runs':1}
2afe19975e46	2026-07-26	2026-07-26 21:45:48	2026-07-26 21:45:48.263089	Phase	ca	ca_soak_ch1	fc461c6c87e27bc94fbcfebbdc698fb8	Scheduled	0	Unknown	0	0	0	0	0	0	0	0	0	0	0	0		{}	33acd3133bde504fa19cdcdabecc3f25	pending_deletes	2	{'absent':0,'deleted':0,'graduated':0,'outcome_logs_written':0,'redeleted':0,'replaced':0,'spared':0}
2afe19975e46	2026-07-26	2026-07-26 21:45:48	2026-07-26 21:45:48.263092	Phase	ca	ca_soak_ch1	fc461c6c87e27bc94fbcfebbdc698fb8	Scheduled	0	Unknown	0	0	0	0	0	0	0	0	0	0	0	0		{}	33acd3133bde504fa19cdcdabecc3f25	meta_pool_wait	1	{'jobs_completed':0,'jobs_completed_on_entry':0,'jobs_scheduled':0}
2afe19975e46	2026-07-26	2026-07-26 21:45:48	2026-07-26 21:45:48.270814	Phase	ca	ca_soak_ch1	fc461c6c87e27bc94fbcfebbdc698fb8	Scheduled	0	Unknown	0	0	0	0	0	0	0	0	0	0	0	0		{'CasConditionalWriteAttempts':1,'CasConditionalWriteCommitted':1,'CasGcCas':1,'CasGcDelete':2,'CasGcEnumerationPages':1,'CasGcList':1,'ContextLock':3,'DiskConnectionsPreserved':2,'DiskConnectionsReused':2,'DiskS3DeleteObjects':2,'DiskS3WriteMicroseconds':3219,'DiskS3WriteRequestAttempts':2,'DiskS3WriteRequestsCount':2,'GlobalThreadPoolJobs':1,'IOBufferAllocBytes':1048639,'IOBufferAllocs':1,'LocalThreadPoolExpansions':1,'LocalThreadPoolJobs':2,'LocalThreadPoolShrinks':1,'LocalThreadPoolThreadCreationMicroseconds':6,'LogTrace':3,'MemoryAllocatedWithoutCheck':4,'MemoryAllocatedWithoutCheckBytes':4352,'S3WriteMicroseconds':3219,'S3WriteRequestAttempts':2,'S3WriteRequestsCount':2,'WriteBufferFromS3Bytes':141}	33acd3133bde504fa19cdcdabecc3f25	round_commit	7705	{'generation':23,'generations_referenced':2,'generations_visited':1,'pruned_through':20,'round':23}
2afe19975e46	2026-07-26	2026-07-26 21:45:48	2026-07-26 21:45:48.270831	Phase	ca	ca_soak_ch1	fc461c6c87e27bc94fbcfebbdc698fb8	Scheduled	0	Unknown	0	0	0	0	0	0	0	0	0	0	0	0		{}	33acd3133bde504fa19cdcdabecc3f25	handoff_reclaim	1	{'generations_reclaimed':0,'objects_reclaimed':0}
2afe19975e46	2026-07-26	2026-07-26 21:45:48	2026-07-26 21:45:48.270833	Phase	ca	ca_soak_ch1	fc461c6c87e27bc94fbcfebbdc698fb8	Scheduled	0	Unknown	0	0	0	0	0	0	0	0	0	0	0	0		{}	33acd3133bde504fa19cdcdabecc3f25	manifest_deletes	0	{'attempted':0,'deleted':0}
2afe19975e46	2026-07-26	2026-07-26 21:45:48	2026-07-26 21:45:48.270836	Phase	ca	ca_soak_ch1	fc461c6c87e27bc94fbcfebbdc698fb8	Scheduled	0	Unknown	0	0	0	0	0	0	0	0	0	0	0	0		{}	33acd3133bde504fa19cdcdabecc3f25	namespace_cleanup	2	{'items':0,'items_completed':0,'items_pending':0,'suppressed':0}
2afe19975e46	2026-07-26	2026-07-26 21:45:48	2026-07-26 21:45:48.270844	Phase	ca	ca_soak_ch1	fc461c6c87e27bc94fbcfebbdc698fb8	Scheduled	0	Unknown	0	0	0	0	0	0	0	0	0	0	0	0		{}	33acd3133bde504fa19cdcdabecc3f25	ref_object_cleanup	7	{'namespaces_planned':2,'suppressed':0,'trim_enabled':1}
2afe19975e46	2026-07-26	2026-07-26 21:45:48	2026-07-26 21:45:48.609659	Phase	ca	ca_soak_ch1	fc461c6c87e27bc94fbcfebbdc698fb8	Scheduled	0	Unknown	0	0	0	0	0	0	0	0	0	0	0	0		{'AsyncLoggingFileLogTotalMessages':22,'AsyncLoggingTextLogTotalMessages':22,'CasGcEnumerationPages':5,'CasGcGet':37,'CasManifestList':1,'CasRootGet':205,'CasRootList':4,'ContextLock':880,'DiskConnectionsCreated':5,'DiskConnectionsElapsedMicroseconds':636,'DiskConnectionsExpired':5,'DiskConnectionsPreserved':457,'DiskConnectionsReused':457,'DiskS3GetObject':220,'DiskS3HeadObject':242,'DiskS3ReadMicroseconds':196783,'DiskS3ReadRequestsCount':462,'DiskS3ReadRequestsErrors':22,'GlobalThreadPoolJobs':5,'IOBufferAllocBytes':1024506,'IOBufferAllocs':220,'LocalThreadPoolExpansions':5,'LocalThreadPoolJobs':5,'LocalThreadPoolShrinks':5,'LocalThreadPoolThreadCreationMicroseconds':27,'LogDebug':22,'LoggerElapsedNanoseconds':120910,'MemoryAllocatedWithoutCheck':926,'MemoryAllocatedWithoutCheckBytes':1017536,'ReadBufferFromS3Bytes':109526,'ReadBufferFromS3InitMicroseconds':130570,'ReadBufferFromS3Microseconds':131519,'S3GetObject':220,'S3HeadObject':242,'S3ReadMicroseconds':196783,'S3ReadRequestsCount':462,'S3ReadRequestsErrors':22}	33acd3133bde504fa19cdcdabecc3f25	orphan_sweep	338795	{'cursor_advanced':0,'list_budget_keys':1000}
2afe19975e46	2026-07-26	2026-07-26 21:45:48	2026-07-26 21:45:48.175874	Phase	ca	ca_soak_ch1	fc461c6c87e27bc94fbcfebbdc698fb8	Scheduled	0	Unknown	0	0	0	0	0	0	0	0	0	0	0	0		{'CasConditionalWriteAttempts':1,'CasConditionalWriteCommitted':1,'CasGcCas':1,'CasGcGet':1,'ContextLock':5,'DiskConnectionsCreated':1,'DiskConnectionsElapsedMicroseconds':125,'DiskConnectionsPreserved':2,'DiskConnectionsReused':1,'DiskS3GetObject':1,'DiskS3HeadObject':1,'DiskS3ReadMicroseconds':1415,'DiskS3ReadRequestsCount':2,'IOBufferAllocBytes':1052939,'IOBufferAllocs':2,'LocalThreadPoolJobs':1,'LogTrace':3,'MemoryAllocatedWithoutCheck':6,'MemoryAllocatedWithoutCheckBytes':6528,'ReadBufferFromS3Bytes':141,'ReadBufferFromS3InitMicroseconds':641,'ReadBufferFromS3Microseconds':647,'S3GetObject':1,'S3HeadObject':1,'S3ReadMicroseconds':1415,'S3ReadRequestsCount':2,'WriteBufferFromS3Bytes':141}	33acd3133bde504fa19cdcdabecc3f25	lease	3895	{'acquired':1,'steal_allowed':1}
2afe19975e46	2026-07-26	2026-07-26 21:45:58	2026-07-26 21:45:58.609773	Start	ca	ca_soak_ch1	fc461c6c87e27bc94fbcfebbdc698fb8	Scheduled	0	Unknown	0	0	0	0	0	0	0	0	0	0	0	0		{}	8b34d0b18c1833a35ae9d7f178f9c5f6		0	{}
2afe19975e46	2026-07-26	2026-07-26 21:45:58	2026-07-26 21:45:58.615205	Phase	ca	ca_soak_ch1	fc461c6c87e27bc94fbcfebbdc698fb8	Scheduled	0	Unknown	0	0	0	0	0	0	0	0	0	0	0	0		{'CasConditionalWriteAttempts':1,'CasConditionalWriteCommitted':1,'CasGcCas':1,'CasGcGet':1,'ContextLock':5,'DiskConnectionsPreserved':2,'DiskConnectionsReused':2,'DiskS3GetObject':1,'DiskS3HeadObject':1,'DiskS3ReadMicroseconds':1722,'DiskS3ReadRequestsCount':2,'IOBufferAllocBytes':1052939,'IOBufferAllocs':2,'LocalThreadPoolJobs':1,'LogTrace':3,'MemoryAllocatedWithoutCheck':4,'MemoryAllocatedWithoutCheckBytes':4352,'ReadBufferFromS3Bytes':141,'ReadBufferFromS3InitMicroseconds':987,'ReadBufferFromS3Microseconds':996,'S3GetObject':1,'S3HeadObject':1,'S3ReadMicroseconds':1722,'S3ReadRequestsCount':2,'WriteBufferFromS3Bytes':141}	8b34d0b18c1833a35ae9d7f178f9c5f6	lease	5395	{'acquired':1,'steal_allowed':1}
2afe19975e46	2026-07-26	2026-07-26 21:45:58	2026-07-26 21:45:58.626400	Phase	ca	ca_soak_ch1	fc461c6c87e27bc94fbcfebbdc698fb8	Scheduled	0	Unknown	0	0	0	0	0	0	0	0	0	0	0	0		{'CasGcGet':2,'CasGcList':1,'ContextLock':9,'DiskConnectionsPreserved':4,'DiskConnectionsReused':4,'DiskS3GetObject':2,'DiskS3HeadObject':2,'DiskS3ReadMicroseconds':2717,'DiskS3ReadRequestsCount':4,'GlobalThreadPoolJobs':1,'IOBufferAllocBytes':8687,'IOBufferAllocs':2,'LocalThreadPoolExpansions':1,'LocalThreadPoolJobs':1,'LocalThreadPoolShrinks':1,'LocalThreadPoolThreadCreationMicroseconds':4,'MemoryAllocatedWithoutCheck':8,'MemoryAllocatedWithoutCheckBytes':8704,'ReadBufferFromS3Bytes':369,'ReadBufferFromS3InitMicroseconds':1836,'ReadBufferFromS3Microseconds':1851,'S3GetObject':2,'S3HeadObject':2,'S3ReadMicroseconds':2717,'S3ReadRequestsCount':4}	8b34d0b18c1833a35ae9d7f178f9c5f6	heartbeat_floor	7645	{'already_fenced':0,'fenced_now':0,'live':2,'terminated':0}
2afe19975e46	2026-07-26	2026-07-26 21:45:58	2026-07-26 21:45:58.669090	Phase	ca	ca_soak_ch1	fc461c6c87e27bc94fbcfebbdc698fb8	Scheduled	0	Unknown	0	0	0	0	0	0	0	0	0	0	0	0		{'CasGcEnumerationPages':1,'CasGcGet':2,'CasRootList':1,'ContextLock':9,'DiskConnectionsPreserved':4,'DiskConnectionsReused':4,'DiskS3GetObject':2,'DiskS3HeadObject':2,'DiskS3ReadMicroseconds':2926,'DiskS3ReadRequestsCount':4,'GlobalThreadPoolJobs':1,'IOBufferAllocBytes':9364,'IOBufferAllocs':2,'LocalThreadPoolExpansions':1,'LocalThreadPoolJobs':1,'LocalThreadPoolShrinks':1,'LocalThreadPoolThreadCreationMicroseconds':7,'MemoryAllocatedWithoutCheck':8,'MemoryAllocatedWithoutCheckBytes':8704,'ReadBufferFromS3Bytes':1046,'ReadBufferFromS3InitMicroseconds':2454,'ReadBufferFromS3Microseconds':2466,'S3GetObject':2,'S3HeadObject':2,'S3ReadMicroseconds':2926,'S3ReadRequestsCount':4}	8b34d0b18c1833a35ae9d7f178f9c5f6	defer_decision	42661	{'changed_shards':0,'deferred':1,'fold_seal_reads':2,'graduation_due':0,'namespaces_seen':2,'ref_log_keys_listed':203,'rounds_deferred_before':0}
2afe19975e46	2026-07-26	2026-07-26 21:45:58	2026-07-26 21:45:58.669114	Finish	ca	ca_soak_ch1	fc461c6c87e27bc94fbcfebbdc698fb8	Scheduled	23	Deferred	0	0	0	0	0	0	0	0	0	0	0	59		{'CasConditionalWriteAttempts':2,'CasConditionalWriteCommitted':2,'CasGcCas':2,'CasGcEnumerationPages':1,'CasGcGet':6,'CasGcList':1,'CasRootList':1,'ContextLock':31,'DiskConnectionsPreserved':12,'DiskConnectionsReused':12,'DiskS3GetObject':6,'DiskS3HeadObject':6,'DiskS3ReadMicroseconds':8517,'DiskS3ReadRequestsCount':12,'GlobalThreadPoolJobs':2,'IOBufferAllocBytes':2123869,'IOBufferAllocs':8,'LocalThreadPoolExpansions':2,'LocalThreadPoolJobs':4,'LocalThreadPoolShrinks':2,'LocalThreadPoolThreadCreationMicroseconds':11,'LogTrace':6,'MemoryAllocatedWithoutCheck':24,'MemoryAllocatedWithoutCheckBytes':26112,'ReadBufferFromS3Bytes':1637,'ReadBufferFromS3InitMicroseconds':5994,'ReadBufferFromS3Microseconds':6036,'S3GetObject':6,'S3HeadObject':6,'S3ReadMicroseconds':8517,'S3ReadRequestsCount':12,'WriteBufferFromS3Bytes':222}	8b34d0b18c1833a35ae9d7f178f9c5f6		0	{}
2afe19975e46	2026-07-26	2026-07-26 21:46:08	2026-07-26 21:46:08.716904	Phase	ca	ca_soak_ch1	fc461c6c87e27bc94fbcfebbdc698fb8	Scheduled	0	Unknown	0	0	0	0	0	0	0	0	0	0	0	0		{'CasGcEnumerationPages':1,'CasRefGlobalListPages':1,'CasRootList':1,'GlobalThreadPoolJobs':1,'LocalThreadPoolExpansions':1,'LocalThreadPoolJobs':1,'LocalThreadPoolShrinks':1,'LocalThreadPoolThreadCreationMicroseconds':3}	c554cd495a24458e038a7a31165eb7ef	fold_ref_list	18094	{'namespaces_seen':2,'probe_a_holes':0,'ref_folding_aborted':0,'ref_keys_listed':209}
2afe19975e46	2026-07-26	2026-07-26 21:46:08	2026-07-26 21:46:08.883486	Finish	ca	ca_soak_ch1	fc461c6c87e27bc94fbcfebbdc698fb8	Scheduled	24	Success	0	0	0	0	0	0	0	0	0	0	0	214		{'AsyncLoggingFileLogTotalMessages':26,'AsyncLoggingTextLogTotalMessages':26,'CasConditionalWriteAttempts':5,'CasConditionalWriteCommitted':5,'CasGcCas':3,'CasGcDelete':2,'CasGcEnumerationPages':8,'CasGcGet':52,'CasGcGetStream':1,'CasGcList':2,'CasGcPut':2,'CasManifestGet':2,'CasManifestHead':2,'CasManifestList':1,'CasRefEmittedEdges':2,'CasRefGlobalListPages':1,'CasRefLogBodyGets':4,'CasRefManifestBodyFoldGets':2,'CasRootGet':213,'CasRootList':6,'ContextLock':1008,'DiskConnectionsExpired':1,'DiskConnectionsPreserved':513,'DiskConnectionsReused':514,'DiskS3DeleteObjects':2,'DiskS3GetObject':242,'DiskS3HeadObject':270,'DiskS3ReadMicroseconds':80474,'DiskS3ReadRequestsCount':512,'DiskS3ReadRequestsErrors':26,'DiskS3WriteMicroseconds':1133,'DiskS3WriteRequestAttempts':2,'DiskS3WriteRequestsCount':2,'GlobalThreadPoolJobs':9,'IOBufferAllocBytes':6928228,'IOBufferAllocs':249,'LocalThreadPoolExpansions':9,'LocalThreadPoolJobs':14,'LocalThreadPoolShrinks':9,'LocalThreadPoolThreadCreationMicroseconds':23,'LogDebug':26,'LogTrace':15,'LoggerElapsedNanoseconds':93140,'MemoryAllocatedWithoutCheck':1028,'MemoryAllocatedWithoutCheckBytes':1127872,'ReadBufferFromS3Bytes':674333,'ReadBufferFromS3InitMicroseconds':55855,'ReadBufferFromS3Microseconds':56304,'S3GetObject':242,'S3HeadObject':270,'S3ReadMicroseconds':80474,'S3ReadRequestsCount':512,'S3ReadRequestsErrors':26,'S3WriteMicroseconds':1133,'S3WriteRequestAttempts':2,'S3WriteRequestsCount':2,'WriteBufferFromS3Bytes':11544}	c554cd495a24458e038a7a31165eb7ef		0	{}
2afe19975e46	2026-07-26	2026-07-26 21:46:08	2026-07-26 21:46:08.677195	Phase	ca	ca_soak_ch1	fc461c6c87e27bc94fbcfebbdc698fb8	Scheduled	0	Unknown	0	0	0	0	0	0	0	0	0	0	0	0		{'CasGcGet':2,'CasGcList':1,'ContextLock':9,'DiskConnectionsPreserved':4,'DiskConnectionsReused':4,'DiskS3GetObject':2,'DiskS3HeadObject':2,'DiskS3ReadMicroseconds':902,'DiskS3ReadRequestsCount':4,'GlobalThreadPoolJobs':1,'IOBufferAllocBytes':8687,'IOBufferAllocs':2,'LocalThreadPoolExpansions':1,'LocalThreadPoolJobs':1,'LocalThreadPoolShrinks':1,'LocalThreadPoolThreadCreationMicroseconds':3,'MemoryAllocatedWithoutCheck':8,'MemoryAllocatedWithoutCheckBytes':8704,'ReadBufferFromS3Bytes':369,'ReadBufferFromS3InitMicroseconds':640,'ReadBufferFromS3Microseconds':645,'S3GetObject':2,'S3HeadObject':2,'S3ReadMicroseconds':902,'S3ReadRequestsCount':4}	c554cd495a24458e038a7a31165eb7ef	heartbeat_floor	2739	{'already_fenced':0,'fenced_now':0,'live':2,'terminated':0}
2afe19975e46	2026-07-26	2026-07-26 21:46:08	2026-07-26 21:46:08.697738	Phase	ca	ca_soak_ch1	fc461c6c87e27bc94fbcfebbdc698fb8	Scheduled	0	Unknown	0	0	0	0	0	0	0	0	0	0	0	0		{'CasGcEnumerationPages':1,'CasGcGet':2,'CasRootList':1,'ContextLock':8,'DiskConnectionsPreserved':4,'DiskConnectionsReused':4,'DiskS3GetObject':2,'DiskS3HeadObject':2,'DiskS3ReadMicroseconds':759,'DiskS3ReadRequestsCount':4,'GlobalThreadPoolJobs':1,'IOBufferAllocBytes':9364,'IOBufferAllocs':2,'LocalThreadPoolExpansions':1,'LocalThreadPoolJobs':1,'LocalThreadPoolShrinks':1,'LocalThreadPoolThreadCreationMicroseconds':2,'MemoryAllocatedWithoutCheck':8,'MemoryAllocatedWithoutCheckBytes':8704,'ReadBufferFromS3Bytes':1046,'ReadBufferFromS3InitMicroseconds':558,'ReadBufferFromS3Microseconds':561,'S3GetObject':2,'S3HeadObject':2,'S3ReadMicroseconds':759,'S3ReadRequestsCount':4}	c554cd495a24458e038a7a31165eb7ef	defer_decision	20528	{'changed_shards':2,'deferred':0,'fold_seal_reads':2,'graduation_due':0,'namespaces_seen':2,'ref_log_keys_listed':207,'rounds_deferred_before':1}
2afe19975e46	2026-07-26	2026-07-26 21:46:08	2026-07-26 21:46:08.698803	Phase	ca	ca_soak_ch1	fc461c6c87e27bc94fbcfebbdc698fb8	Scheduled	0	Unknown	0	0	0	0	0	0	0	0	0	0	0	0		{'CasGcGet':1,'ContextLock':4,'DiskConnectionsPreserved':2,'DiskConnectionsReused':2,'DiskS3GetObject':1,'DiskS3HeadObject':1,'DiskS3ReadMicroseconds':747,'DiskS3ReadRequestsCount':2,'IOBufferAllocBytes':4682,'IOBufferAllocs':1,'MemoryAllocatedWithoutCheck':4,'MemoryAllocatedWithoutCheckBytes':4352,'ReadBufferFromS3Bytes':523,'ReadBufferFromS3InitMicroseconds':457,'ReadBufferFromS3Microseconds':461,'S3GetObject':1,'S3HeadObject':1,'S3ReadMicroseconds':747,'S3ReadRequestsCount':2}	c554cd495a24458e038a7a31165eb7ef	parent_seal_read	1050	{'parent_runs':1}
2afe19975e46	2026-07-26	2026-07-26 21:46:08	2026-07-26 21:46:08.669196	Start	ca	ca_soak_ch1	fc461c6c87e27bc94fbcfebbdc698fb8	Scheduled	0	Unknown	0	0	0	0	0	0	0	0	0	0	0	0		{}	c554cd495a24458e038a7a31165eb7ef		0	{}
2afe19975e46	2026-07-26	2026-07-26 21:46:08	2026-07-26 21:46:08.718252	Phase	ca	ca_soak_ch1	fc461c6c87e27bc94fbcfebbdc698fb8	Scheduled	0	Unknown	0	0	0	0	0	0	0	0	0	0	0	0		{'CasGcGet':2,'ContextLock':8,'DiskConnectionsPreserved':4,'DiskConnectionsReused':4,'DiskS3GetObject':2,'DiskS3HeadObject':2,'DiskS3ReadMicroseconds':983,'DiskS3ReadRequestsCount':4,'IOBufferAllocBytes':9364,'IOBufferAllocs':2,'MemoryAllocatedWithoutCheck':8,'MemoryAllocatedWithoutCheckBytes':8704,'ReadBufferFromS3Bytes':1046,'ReadBufferFromS3InitMicroseconds':630,'ReadBufferFromS3Microseconds':635,'S3GetObject':2,'S3HeadObject':2,'S3ReadMicroseconds':983,'S3ReadRequestsCount':4}	c554cd495a24458e038a7a31165eb7ef	fold_seal_read	1340	{'ns_cleanup_items':0,'parent_cursors':2,'parent_runs':1,'redundant_reads':1,'seal_reads':2}
2afe19975e46	2026-07-26	2026-07-26 21:46:08	2026-07-26 21:46:08.722400	Phase	ca	ca_soak_ch1	fc461c6c87e27bc94fbcfebbdc698fb8	Scheduled	0	Unknown	0	0	0	0	0	0	0	0	0	0	0	0		{'CasManifestGet':2,'CasManifestHead':2,'CasRefEmittedEdges':2,'CasRefLogBodyGets':4,'CasRefManifestBodyFoldGets':2,'CasRootGet':4,'ContextLock':36,'DiskConnectionsPreserved':14,'DiskConnectionsReused':14,'DiskS3GetObject':6,'DiskS3HeadObject':8,'DiskS3ReadMicroseconds':2496,'DiskS3ReadRequestsCount':14,'IOBufferAllocBytes':575774,'IOBufferAllocs':6,'MemoryAllocatedWithoutCheck':28,'MemoryAllocatedWithoutCheckBytes':30464,'ReadBufferFromS3Bytes':550820,'ReadBufferFromS3InitMicroseconds':1802,'ReadBufferFromS3Microseconds':1913,'S3GetObject':6,'S3HeadObject':8,'S3ReadMicroseconds':2496,'S3ReadRequestsCount':14}	c554cd495a24458e038a7a31165eb7ef	fold_ref_intake	4135	{'dead_precommits_skipped':0,'deltas_emitted':12,'logs_applied':4,'logs_intended':4,'namespace_removals':0,'ref_folding_aborted':0,'tables_changed':2,'tables_clamped':0,'tables_scanned':2,'txns_opened':4}
2afe19975e46	2026-07-26	2026-07-26 21:46:08	2026-07-26 21:46:08.722406	Phase	ca	ca_soak_ch1	fc461c6c87e27bc94fbcfebbdc698fb8	Scheduled	0	Unknown	0	0	0	0	0	0	0	0	0	0	0	0		{}	c554cd495a24458e038a7a31165eb7ef	fold_ns_cleanup_scan	0	{'items_added':0,'items_carried':0,'items_completed_now':0,'items_final':0,'items_scanned':0}
2afe19975e46	2026-07-26	2026-07-26 21:46:08	2026-07-26 21:46:08.723941	Phase	ca	ca_soak_ch1	fc461c6c87e27bc94fbcfebbdc698fb8	Scheduled	0	Unknown	0	0	0	0	0	0	0	0	0	0	0	0		{'CasConditionalWriteAttempts':1,'CasConditionalWriteCommitted':1,'CasGcGetStream':1,'CasGcPut':1,'ContextLock':5,'DiskConnectionsPreserved':2,'DiskConnectionsReused':2,'DiskS3GetObject':1,'DiskS3HeadObject':1,'DiskS3ReadMicroseconds':334,'DiskS3ReadRequestsCount':2,'IOBufferAllocBytes':1066562,'IOBufferAllocs':4,'LocalThreadPoolJobs':1,'LogTrace':3,'MemoryAllocatedWithoutCheck':4,'MemoryAllocatedWithoutCheckBytes':4352,'ReadBufferFromS3Bytes':9542,'ReadBufferFromS3InitMicroseconds':255,'ReadBufferFromS3Microseconds':259,'S3GetObject':1,'S3HeadObject':1,'S3ReadMicroseconds':334,'S3ReadRequestsCount':2,'WriteBufferFromS3Bytes':10658}	c554cd495a24458e038a7a31165eb7ef	fold_reduce	1528	{'condemned':0,'deltas_in':12,'graduated':0,'redelete_pending':0,'runs_written':1,'shards_pure_carry':0,'shards_reduced':1,'shards_total':1,'spared':0,'suppress_destructive':0,'txns_unapplied':0,'unmatched_removes':0}
2afe19975e46	2026-07-26	2026-07-26 21:46:08	2026-07-26 21:46:08.724644	Phase	ca	ca_soak_ch1	fc461c6c87e27bc94fbcfebbdc698fb8	Scheduled	0	Unknown	0	0	0	0	0	0	0	0	0	0	0	0		{'CasConditionalWriteAttempts':1,'CasConditionalWriteCommitted':1,'CasGcPut':1,'ContextLock':1,'IOBufferAllocBytes':1048639,'IOBufferAllocs':1,'LocalThreadPoolJobs':1,'LogTrace':3,'WriteBufferFromS3Bytes':523}	c554cd495a24458e038a7a31165eb7ef	fold_seal_write	698	{'ns_cleanup_items':0,'seal_bytes':523,'seal_namespaces':2,'seal_runs':1}
2afe19975e46	2026-07-26	2026-07-26 21:46:08	2026-07-26 21:46:08.724656	Phase	ca	ca_soak_ch1	fc461c6c87e27bc94fbcfebbdc698fb8	Scheduled	0	Unknown	0	0	0	0	0	0	0	0	0	0	0	0		{}	c554cd495a24458e038a7a31165eb7ef	pending_deletes	1	{'absent':0,'deleted':0,'graduated':0,'outcome_logs_written':0,'redeleted':0,'replaced':0,'spared':0}
2afe19975e46	2026-07-26	2026-07-26 21:46:08	2026-07-26 21:46:08.724659	Phase	ca	ca_soak_ch1	fc461c6c87e27bc94fbcfebbdc698fb8	Scheduled	0	Unknown	0	0	0	0	0	0	0	0	0	0	0	0		{}	c554cd495a24458e038a7a31165eb7ef	meta_pool_wait	1	{'jobs_completed':0,'jobs_completed_on_entry':0,'jobs_scheduled':0}
2afe19975e46	2026-07-26	2026-07-26 21:46:08	2026-07-26 21:46:08.727820	Phase	ca	ca_soak_ch1	fc461c6c87e27bc94fbcfebbdc698fb8	Scheduled	0	Unknown	0	0	0	0	0	0	0	0	0	0	0	0		{'CasConditionalWriteAttempts':1,'CasConditionalWriteCommitted':1,'CasGcCas':1,'CasGcDelete':2,'CasGcEnumerationPages':1,'CasGcList':1,'ContextLock':3,'DiskConnectionsPreserved':2,'DiskConnectionsReused':2,'DiskS3DeleteObjects':2,'DiskS3WriteMicroseconds':1133,'DiskS3WriteRequestAttempts':2,'DiskS3WriteRequestsCount':2,'GlobalThreadPoolJobs':1,'IOBufferAllocBytes':1048639,'IOBufferAllocs':1,'LocalThreadPoolExpansions':1,'LocalThreadPoolJobs':2,'LocalThreadPoolShrinks':1,'LocalThreadPoolThreadCreationMicroseconds':2,'LogTrace':3,'MemoryAllocatedWithoutCheck':4,'MemoryAllocatedWithoutCheckBytes':4352,'S3WriteMicroseconds':1133,'S3WriteRequestAttempts':2,'S3WriteRequestsCount':2,'WriteBufferFromS3Bytes':141}	c554cd495a24458e038a7a31165eb7ef	round_commit	3154	{'generation':24,'generations_referenced':2,'generations_visited':1,'pruned_through':21,'round':24}
2afe19975e46	2026-07-26	2026-07-26 21:46:08	2026-07-26 21:46:08.727827	Phase	ca	ca_soak_ch1	fc461c6c87e27bc94fbcfebbdc698fb8	Scheduled	0	Unknown	0	0	0	0	0	0	0	0	0	0	0	0		{}	c554cd495a24458e038a7a31165eb7ef	handoff_reclaim	1	{'generations_reclaimed':0,'objects_reclaimed':0}
2afe19975e46	2026-07-26	2026-07-26 21:46:08	2026-07-26 21:46:08.727828	Phase	ca	ca_soak_ch1	fc461c6c87e27bc94fbcfebbdc698fb8	Scheduled	0	Unknown	0	0	0	0	0	0	0	0	0	0	0	0		{}	c554cd495a24458e038a7a31165eb7ef	manifest_deletes	0	{'attempted':0,'deleted':0}
2afe19975e46	2026-07-26	2026-07-26 21:46:08	2026-07-26 21:46:08.727831	Phase	ca	ca_soak_ch1	fc461c6c87e27bc94fbcfebbdc698fb8	Scheduled	0	Unknown	0	0	0	0	0	0	0	0	0	0	0	0		{}	c554cd495a24458e038a7a31165eb7ef	namespace_cleanup	1	{'items':0,'items_completed':0,'items_pending':0,'suppressed':0}
2afe19975e46	2026-07-26	2026-07-26 21:46:08	2026-07-26 21:46:08.727837	Phase	ca	ca_soak_ch1	fc461c6c87e27bc94fbcfebbdc698fb8	Scheduled	0	Unknown	0	0	0	0	0	0	0	0	0	0	0	0		{}	c554cd495a24458e038a7a31165eb7ef	ref_object_cleanup	5	{'namespaces_planned':2,'suppressed':0,'trim_enabled':1}
2afe19975e46	2026-07-26	2026-07-26 21:46:08	2026-07-26 21:46:08.883453	Phase	ca	ca_soak_ch1	fc461c6c87e27bc94fbcfebbdc698fb8	Scheduled	0	Unknown	0	0	0	0	0	0	0	0	0	0	0	0		{'AsyncLoggingFileLogTotalMessages':26,'AsyncLoggingTextLogTotalMessages':26,'CasGcEnumerationPages':5,'CasGcGet':43,'CasManifestList':1,'CasRootGet':209,'CasRootList':4,'ContextLock':904,'DiskConnectionsExpired':1,'DiskConnectionsPreserved':477,'DiskConnectionsReused':478,'DiskS3GetObject':226,'DiskS3HeadObject':252,'DiskS3ReadMicroseconds':72409,'DiskS3ReadRequestsCount':478,'DiskS3ReadRequestsErrors':26,'GlobalThreadPoolJobs':5,'IOBufferAllocBytes':1050699,'IOBufferAllocs':226,'LocalThreadPoolExpansions':5,'LocalThreadPoolJobs':5,'LocalThreadPoolShrinks':5,'LocalThreadPoolThreadCreationMicroseconds':13,'LogDebug':26,'LoggerElapsedNanoseconds':93140,'MemoryAllocatedWithoutCheck':956,'MemoryAllocatedWithoutCheckBytes':1049536,'ReadBufferFromS3Bytes':110765,'ReadBufferFromS3InitMicroseconds':50478,'ReadBufferFromS3Microseconds':50784,'S3GetObject':226,'S3HeadObject':252,'S3ReadMicroseconds':72409,'S3ReadRequestsCount':478,'S3ReadRequestsErrors':26}	c554cd495a24458e038a7a31165eb7ef	orphan_sweep	155603	{'cursor_advanced':0,'list_budget_keys':1000}
2afe19975e46	2026-07-26	2026-07-26 21:46:08	2026-07-26 21:46:08.672480	Phase	ca	ca_soak_ch1	fc461c6c87e27bc94fbcfebbdc698fb8	Scheduled	0	Unknown	0	0	0	0	0	0	0	0	0	0	0	0		{'CasConditionalWriteAttempts':1,'CasConditionalWriteCommitted':1,'CasGcCas':1,'CasGcGet':1,'ContextLock':5,'DiskConnectionsPreserved':2,'DiskConnectionsReused':2,'DiskS3GetObject':1,'DiskS3HeadObject':1,'DiskS3ReadMicroseconds':1169,'DiskS3ReadRequestsCount':2,'IOBufferAllocBytes':1052939,'IOBufferAllocs':2,'LocalThreadPoolJobs':1,'LogTrace':3,'MemoryAllocatedWithoutCheck':4,'MemoryAllocatedWithoutCheckBytes':4352,'ReadBufferFromS3Bytes':141,'ReadBufferFromS3InitMicroseconds':569,'ReadBufferFromS3Microseconds':575,'S3GetObject':1,'S3HeadObject':1,'S3ReadMicroseconds':1169,'S3ReadRequestsCount':2,'WriteBufferFromS3Bytes':141}	c554cd495a24458e038a7a31165eb7ef	lease	3261	{'acquired':1,'steal_allowed':1}
2afe19975e46	2026-07-26	2026-07-26 21:46:12	2026-07-26 21:46:12.591012	Start	ca	ca_soak_ch1	fc461c6c87e27bc94fbcfebbdc698fb8	Manual	0	Unknown	0	0	0	0	0	0	0	0	0	0	0	0		{}	37529c68730373b9af5d6a105dcb79f8		0	{}
2afe19975e46	2026-07-26	2026-07-26 21:46:12	2026-07-26 21:46:12.593813	Phase	ca	ca_soak_ch1	fc461c6c87e27bc94fbcfebbdc698fb8	Manual	0	Unknown	0	0	0	0	0	0	0	0	0	0	0	0		{'CasConditionalWriteAttempts':1,'CasConditionalWriteCommitted':1,'CasGcCas':1,'CasGcGet':1,'ContextLock':5,'DiskConnectionsPreserved':2,'DiskConnectionsReused':2,'DiskS3GetObject':1,'DiskS3HeadObject':1,'DiskS3ReadMicroseconds':960,'DiskS3ReadRequestsCount':2,'IOBufferAllocBytes':1052939,'IOBufferAllocs':2,'LocalThreadPoolJobs':1,'LogTrace':3,'MemoryAllocatedWithoutCheck':4,'MemoryAllocatedWithoutCheckBytes':4352,'ReadBufferFromS3Bytes':141,'ReadBufferFromS3InitMicroseconds':541,'ReadBufferFromS3Microseconds':548,'S3GetObject':1,'S3HeadObject':1,'S3ReadMicroseconds':960,'S3ReadRequestsCount':2,'WriteBufferFromS3Bytes':141}	37529c68730373b9af5d6a105dcb79f8	lease	2786	{'acquired':1,'steal_allowed':0}
2afe19975e46	2026-07-26	2026-07-26 21:46:12	2026-07-26 21:46:12.599196	Phase	ca	ca_soak_ch1	fc461c6c87e27bc94fbcfebbdc698fb8	Manual	0	Unknown	0	0	0	0	0	0	0	0	0	0	0	0		{'CasGcGet':2,'CasGcList':1,'ContextLock':9,'DiskConnectionsPreserved':4,'DiskConnectionsReused':4,'DiskS3GetObject':2,'DiskS3HeadObject':2,'DiskS3ReadMicroseconds':1166,'DiskS3ReadRequestsCount':4,'GlobalThreadPoolJobs':1,'IOBufferAllocBytes':8687,'IOBufferAllocs':2,'LocalThreadPoolExpansions':1,'LocalThreadPoolJobs':1,'LocalThreadPoolShrinks':1,'LocalThreadPoolThreadCreationMicroseconds':4,'MemoryAllocatedWithoutCheck':8,'MemoryAllocatedWithoutCheckBytes':8704,'ReadBufferFromS3Bytes':369,'ReadBufferFromS3InitMicroseconds':813,'ReadBufferFromS3Microseconds':819,'S3GetObject':2,'S3HeadObject':2,'S3ReadMicroseconds':1166,'S3ReadRequestsCount':4}	37529c68730373b9af5d6a105dcb79f8	heartbeat_floor	3150	{'already_fenced':0,'fenced_now':0,'live':2,'terminated':0}
2afe19975e46	2026-07-26	2026-07-26 21:46:12	2026-07-26 21:46:12.619111	Phase	ca	ca_soak_ch1	fc461c6c87e27bc94fbcfebbdc698fb8	Manual	0	Unknown	0	0	0	0	0	0	0	0	0	0	0	0		{'CasGcEnumerationPages':1,'CasGcGet':2,'CasRootList':1,'ContextLock':9,'DiskConnectionsPreserved':4,'DiskConnectionsReused':4,'DiskS3GetObject':2,'DiskS3HeadObject':2,'DiskS3ReadMicroseconds':740,'DiskS3ReadRequestsCount':4,'GlobalThreadPoolJobs':1,'IOBufferAllocBytes':9364,'IOBufferAllocs':2,'LocalThreadPoolExpansions':1,'LocalThreadPoolJobs':1,'LocalThreadPoolShrinks':1,'LocalThreadPoolThreadCreationMicroseconds':2,'MemoryAllocatedWithoutCheck':8,'MemoryAllocatedWithoutCheckBytes':8704,'QueryProfilerRuns':3,'ReadBufferFromS3Bytes':1046,'ReadBufferFromS3InitMicroseconds':508,'ReadBufferFromS3Microseconds':511,'S3GetObject':2,'S3HeadObject':2,'S3ReadMicroseconds':740,'S3ReadRequestsCount':4}	37529c68730373b9af5d6a105dcb79f8	defer_decision	19896	{'changed_shards':0,'deferred':1,'fold_seal_reads':2,'graduation_due':0,'namespaces_seen':2,'ref_log_keys_listed':207,'rounds_deferred_before':0}
2afe19975e46	2026-07-26	2026-07-26 21:46:12	2026-07-26 21:46:12.619129	Finish	ca	ca_soak_ch1	fc461c6c87e27bc94fbcfebbdc698fb8	Manual	24	Deferred	0	0	0	0	0	0	0	0	0	0	0	28		{'CasConditionalWriteAttempts':2,'CasConditionalWriteCommitted':2,'CasGcCas':2,'CasGcEnumerationPages':1,'CasGcGet':6,'CasGcList':1,'CasRootList':1,'ContextLock':31,'DiskConnectionsPreserved':12,'DiskConnectionsReused':12,'DiskS3GetObject':6,'DiskS3HeadObject':6,'DiskS3ReadMicroseconds':3562,'DiskS3ReadRequestsCount':12,'GlobalThreadPoolJobs':2,'IOBufferAllocBytes':2123869,'IOBufferAllocs':8,'LocalThreadPoolExpansions':2,'LocalThreadPoolJobs':4,'LocalThreadPoolShrinks':2,'LocalThreadPoolThreadCreationMicroseconds':6,'LogTrace':6,'MemoryAllocatedWithoutCheck':24,'MemoryAllocatedWithoutCheckBytes':26112,'QueryProfilerRuns':3,'ReadBufferFromS3Bytes':1637,'ReadBufferFromS3InitMicroseconds':2286,'ReadBufferFromS3Microseconds':2307,'S3GetObject':6,'S3HeadObject':6,'S3ReadMicroseconds':3562,'S3ReadRequestsCount':12,'WriteBufferFromS3Bytes':222}	37529c68730373b9af5d6a105dcb79f8		0	{}
2afe19975e46	2026-07-26	2026-07-26 21:46:18	2026-07-26 21:46:18.883556	Start	ca	ca_soak_ch1	fc461c6c87e27bc94fbcfebbdc698fb8	Scheduled	0	Unknown	0	0	0	0	0	0	0	0	0	0	0	0		{}	700c4284e58a9d5f37bbe638bd51568d		0	{}
2afe19975e46	2026-07-26	2026-07-26 21:46:18	2026-07-26 21:46:18.886963	Phase	ca	ca_soak_ch1	fc461c6c87e27bc94fbcfebbdc698fb8	Scheduled	0	Unknown	0	0	0	0	0	0	0	0	0	0	0	0		{'CasConditionalWriteAttempts':1,'CasConditionalWriteCommitted':1,'CasGcCas':1,'CasGcGet':1,'ContextLock':5,'DiskConnectionsPreserved':2,'DiskConnectionsReused':2,'DiskS3GetObject':1,'DiskS3HeadObject':1,'DiskS3ReadMicroseconds':1217,'DiskS3ReadRequestsCount':2,'IOBufferAllocBytes':1052939,'IOBufferAllocs':2,'LocalThreadPoolJobs':1,'LogTrace':3,'MemoryAllocatedWithoutCheck':4,'MemoryAllocatedWithoutCheckBytes':4352,'ReadBufferFromS3Bytes':141,'ReadBufferFromS3InitMicroseconds':707,'ReadBufferFromS3Microseconds':712,'S3GetObject':1,'S3HeadObject':1,'S3ReadMicroseconds':1217,'S3ReadRequestsCount':2,'WriteBufferFromS3Bytes':141}	700c4284e58a9d5f37bbe638bd51568d	lease	3379	{'acquired':1,'steal_allowed':1}
2afe19975e46	2026-07-26	2026-07-26 21:46:18	2026-07-26 21:46:18.892847	Phase	ca	ca_soak_ch1	fc461c6c87e27bc94fbcfebbdc698fb8	Scheduled	0	Unknown	0	0	0	0	0	0	0	0	0	0	0	0		{'CasGcGet':2,'CasGcList':1,'ContextLock':9,'DiskConnectionsPreserved':4,'DiskConnectionsReused':4,'DiskS3GetObject':2,'DiskS3HeadObject':2,'DiskS3ReadMicroseconds':1048,'DiskS3ReadRequestsCount':4,'GlobalThreadPoolJobs':1,'IOBufferAllocBytes':8687,'IOBufferAllocs':2,'LocalThreadPoolExpansions':1,'LocalThreadPoolJobs':1,'LocalThreadPoolShrinks':1,'LocalThreadPoolThreadCreationMicroseconds':3,'MemoryAllocatedWithoutCheck':8,'MemoryAllocatedWithoutCheckBytes':8704,'ReadBufferFromS3Bytes':369,'ReadBufferFromS3InitMicroseconds':700,'ReadBufferFromS3Microseconds':705,'S3GetObject':2,'S3HeadObject':2,'S3ReadMicroseconds':1048,'S3ReadRequestsCount':4}	700c4284e58a9d5f37bbe638bd51568d	heartbeat_floor	3397	{'already_fenced':0,'fenced_now':0,'live':2,'terminated':0}
2afe19975e46	2026-07-26	2026-07-26 21:46:18	2026-07-26 21:46:18.919011	Phase	ca	ca_soak_ch1	fc461c6c87e27bc94fbcfebbdc698fb8	Scheduled	0	Unknown	0	0	0	0	0	0	0	0	0	0	0	0		{'CasGcEnumerationPages':1,'CasGcGet':2,'CasRootList':1,'ContextLock':9,'DiskConnectionsPreserved':4,'DiskConnectionsReused':4,'DiskS3GetObject':2,'DiskS3HeadObject':2,'DiskS3ReadMicroseconds':928,'DiskS3ReadRequestsCount':4,'GlobalThreadPoolJobs':1,'IOBufferAllocBytes':9364,'IOBufferAllocs':2,'LocalThreadPoolExpansions':1,'LocalThreadPoolJobs':1,'LocalThreadPoolShrinks':1,'LocalThreadPoolThreadCreationMicroseconds':3,'MemoryAllocatedWithoutCheck':8,'MemoryAllocatedWithoutCheckBytes':8704,'ReadBufferFromS3Bytes':1046,'ReadBufferFromS3InitMicroseconds':644,'ReadBufferFromS3Microseconds':651,'S3GetObject':2,'S3HeadObject':2,'S3ReadMicroseconds':928,'S3ReadRequestsCount':4}	700c4284e58a9d5f37bbe638bd51568d	defer_decision	26150	{'changed_shards':0,'deferred':1,'fold_seal_reads':2,'graduation_due':0,'namespaces_seen':2,'ref_log_keys_listed':207,'rounds_deferred_before':1}
2afe19975e46	2026-07-26	2026-07-26 21:46:18	2026-07-26 21:46:18.919029	Finish	ca	ca_soak_ch1	fc461c6c87e27bc94fbcfebbdc698fb8	Scheduled	24	Deferred	0	0	0	0	0	0	0	0	0	0	0	35		{'CasConditionalWriteAttempts':2,'CasConditionalWriteCommitted':2,'CasGcCas':2,'CasGcEnumerationPages':1,'CasGcGet':6,'CasGcList':1,'CasRootList':1,'ContextLock':31,'DiskConnectionsExpired':2,'DiskConnectionsPreserved':10,'DiskConnectionsReused':12,'DiskS3GetObject':6,'DiskS3HeadObject':6,'DiskS3ReadMicroseconds':3816,'DiskS3ReadRequestsCount':12,'GlobalThreadPoolJobs':2,'IOBufferAllocBytes':2123869,'IOBufferAllocs':8,'LocalThreadPoolExpansions':2,'LocalThreadPoolJobs':4,'LocalThreadPoolShrinks':2,'LocalThreadPoolThreadCreationMicroseconds':6,'LogTrace':6,'MemoryAllocatedWithoutCheck':20,'MemoryAllocatedWithoutCheckBytes':21760,'ReadBufferFromS3Bytes':1637,'ReadBufferFromS3InitMicroseconds':2498,'ReadBufferFromS3Microseconds':2518,'S3GetObject':6,'S3HeadObject':6,'S3ReadMicroseconds':3816,'S3ReadRequestsCount':12,'WriteBufferFromS3Bytes':222}	700c4284e58a9d5f37bbe638bd51568d		0	{}
2afe19975e46	2026-07-26	2026-07-26 21:46:22	2026-07-26 21:46:22.979887	Start	ca	ca_soak_ch1	fc461c6c87e27bc94fbcfebbdc698fb8	Manual	0	Unknown	0	0	0	0	0	0	0	0	0	0	0	0		{}	efaacaa226bfd191174895d217032a7c		0	{}
2afe19975e46	2026-07-26	2026-07-26 21:46:22	2026-07-26 21:46:22.982635	Phase	ca	ca_soak_ch1	fc461c6c87e27bc94fbcfebbdc698fb8	Manual	0	Unknown	0	0	0	0	0	0	0	0	0	0	0	0		{'CasConditionalWriteAttempts':1,'CasConditionalWriteCommitted':1,'CasGcCas':1,'CasGcGet':1,'ContextLock':5,'DiskConnectionsPreserved':2,'DiskConnectionsReused':2,'DiskS3GetObject':1,'DiskS3HeadObject':1,'DiskS3ReadMicroseconds':881,'DiskS3ReadRequestsCount':2,'IOBufferAllocBytes':1052939,'IOBufferAllocs':2,'LocalThreadPoolJobs':1,'LogTrace':3,'MemoryAllocatedWithoutCheck':4,'MemoryAllocatedWithoutCheckBytes':4352,'ReadBufferFromS3Bytes':141,'ReadBufferFromS3InitMicroseconds':498,'ReadBufferFromS3Microseconds':503,'S3GetObject':1,'S3HeadObject':1,'S3ReadMicroseconds':881,'S3ReadRequestsCount':2,'WriteBufferFromS3Bytes':141}	efaacaa226bfd191174895d217032a7c	lease	2735	{'acquired':1,'steal_allowed':0}
2afe19975e46	2026-07-26	2026-07-26 21:46:22	2026-07-26 21:46:22.986989	Phase	ca	ca_soak_ch1	fc461c6c87e27bc94fbcfebbdc698fb8	Manual	0	Unknown	0	0	0	0	0	0	0	0	0	0	0	0		{'CasGcGet':2,'CasGcList':1,'ContextLock':9,'DiskConnectionsPreserved':4,'DiskConnectionsReused':4,'DiskS3GetObject':2,'DiskS3HeadObject':2,'DiskS3ReadMicroseconds':849,'DiskS3ReadRequestsCount':4,'GlobalThreadPoolJobs':1,'IOBufferAllocBytes':8687,'IOBufferAllocs':2,'LocalThreadPoolExpansions':1,'LocalThreadPoolJobs':1,'LocalThreadPoolShrinks':1,'LocalThreadPoolThreadCreationMicroseconds':4,'MemoryAllocatedWithoutCheck':8,'MemoryAllocatedWithoutCheckBytes':8704,'QueryProfilerRuns':1,'ReadBufferFromS3Bytes':369,'ReadBufferFromS3InitMicroseconds':598,'ReadBufferFromS3Microseconds':603,'S3GetObject':2,'S3HeadObject':2,'S3ReadMicroseconds':849,'S3ReadRequestsCount':4}	efaacaa226bfd191174895d217032a7c	heartbeat_floor	2559	{'already_fenced':0,'fenced_now':0,'live':2,'terminated':0}
2afe19975e46	2026-07-26	2026-07-26 21:46:23	2026-07-26 21:46:23.005398	Phase	ca	ca_soak_ch1	fc461c6c87e27bc94fbcfebbdc698fb8	Manual	0	Unknown	0	0	0	0	0	0	0	0	0	0	0	0		{'CasGcEnumerationPages':1,'CasGcGet':2,'CasRootList':1,'ContextLock':9,'DiskConnectionsPreserved':4,'DiskConnectionsReused':4,'DiskS3GetObject':2,'DiskS3HeadObject':2,'DiskS3ReadMicroseconds':782,'DiskS3ReadRequestsCount':4,'GlobalThreadPoolJobs':1,'IOBufferAllocBytes':9364,'IOBufferAllocs':2,'LocalThreadPoolExpansions':1,'LocalThreadPoolJobs':1,'LocalThreadPoolShrinks':1,'LocalThreadPoolThreadCreationMicroseconds':2,'MemoryAllocatedWithoutCheck':8,'MemoryAllocatedWithoutCheckBytes':8704,'QueryProfilerRuns':1,'ReadBufferFromS3Bytes':1046,'ReadBufferFromS3InitMicroseconds':564,'ReadBufferFromS3Microseconds':568,'S3GetObject':2,'S3HeadObject':2,'S3ReadMicroseconds':782,'S3ReadRequestsCount':4}	efaacaa226bfd191174895d217032a7c	defer_decision	18396	{'changed_shards':0,'deferred':1,'fold_seal_reads':2,'graduation_due':0,'namespaces_seen':2,'ref_log_keys_listed':207,'rounds_deferred_before':2}
2afe19975e46	2026-07-26	2026-07-26 21:46:23	2026-07-26 21:46:23.005409	Finish	ca	ca_soak_ch1	fc461c6c87e27bc94fbcfebbdc698fb8	Manual	24	Deferred	0	0	0	0	0	0	0	0	0	0	0	25		{'CasConditionalWriteAttempts':2,'CasConditionalWriteCommitted':2,'CasGcCas':2,'CasGcEnumerationPages':1,'CasGcGet':6,'CasGcList':1,'CasRootList':1,'ContextLock':31,'DiskConnectionsPreserved':12,'DiskConnectionsReused':12,'DiskS3GetObject':6,'DiskS3HeadObject':6,'DiskS3ReadMicroseconds':3076,'DiskS3ReadRequestsCount':12,'GlobalThreadPoolJobs':2,'IOBufferAllocBytes':2123869,'IOBufferAllocs':8,'LocalThreadPoolExpansions':2,'LocalThreadPoolJobs':4,'LocalThreadPoolShrinks':2,'LocalThreadPoolThreadCreationMicroseconds':6,'LogTrace':6,'MemoryAllocatedWithoutCheck':24,'MemoryAllocatedWithoutCheckBytes':26112,'QueryProfilerRuns':2,'ReadBufferFromS3Bytes':1637,'ReadBufferFromS3InitMicroseconds':2043,'ReadBufferFromS3Microseconds':2060,'S3GetObject':6,'S3HeadObject':6,'S3ReadMicroseconds':3076,'S3ReadRequestsCount':12,'WriteBufferFromS3Bytes':222}	efaacaa226bfd191174895d217032a7c		0	{}
2afe19975e46	2026-07-26	2026-07-26 21:46:28	2026-07-26 21:46:28.950001	Phase	ca	ca_soak_ch1	fc461c6c87e27bc94fbcfebbdc698fb8	Scheduled	0	Unknown	0	0	0	0	0	0	0	0	0	0	0	0		{'CasGcEnumerationPages':1,'CasGcGet':2,'CasRootList':1,'ContextLock':9,'DiskConnectionsPreserved':4,'DiskConnectionsReused':4,'DiskS3GetObject':2,'DiskS3HeadObject':2,'DiskS3ReadMicroseconds':789,'DiskS3ReadRequestsCount':4,'GlobalThreadPoolJobs':1,'IOBufferAllocBytes':9364,'IOBufferAllocs':2,'LocalThreadPoolExpansions':1,'LocalThreadPoolJobs':1,'LocalThreadPoolShrinks':1,'LocalThreadPoolThreadCreationMicroseconds':3,'MemoryAllocatedWithoutCheck':8,'MemoryAllocatedWithoutCheckBytes':8704,'ReadBufferFromS3Bytes':1046,'ReadBufferFromS3InitMicroseconds':614,'ReadBufferFromS3Microseconds':620,'S3GetObject':2,'S3HeadObject':2,'S3ReadMicroseconds':789,'S3ReadRequestsCount':4}	a3fb8c82236381d449fe81ca9b9bcfe1	defer_decision	21633	{'changed_shards':0,'deferred':1,'fold_seal_reads':2,'graduation_due':0,'namespaces_seen':2,'ref_log_keys_listed':207,'rounds_deferred_before':3}
2afe19975e46	2026-07-26	2026-07-26 21:46:28	2026-07-26 21:46:28.922649	Phase	ca	ca_soak_ch1	fc461c6c87e27bc94fbcfebbdc698fb8	Scheduled	0	Unknown	0	0	0	0	0	0	0	0	0	0	0	0		{'CasConditionalWriteAttempts':1,'CasConditionalWriteCommitted':1,'CasGcCas':1,'CasGcGet':1,'ContextLock':5,'DiskConnectionsPreserved':2,'DiskConnectionsReused':2,'DiskS3GetObject':1,'DiskS3HeadObject':1,'DiskS3ReadMicroseconds':1113,'DiskS3ReadRequestsCount':2,'IOBufferAllocBytes':1052939,'IOBufferAllocs':2,'LocalThreadPoolJobs':1,'LogTrace':3,'MemoryAllocatedWithoutCheck':4,'MemoryAllocatedWithoutCheckBytes':4352,'ReadBufferFromS3Bytes':141,'ReadBufferFromS3InitMicroseconds':495,'ReadBufferFromS3Microseconds':501,'S3GetObject':1,'S3HeadObject':1,'S3ReadMicroseconds':1113,'S3ReadRequestsCount':2,'WriteBufferFromS3Bytes':141}	a3fb8c82236381d449fe81ca9b9bcfe1	lease	3571	{'acquired':1,'steal_allowed':1}
2afe19975e46	2026-07-26	2026-07-26 21:46:28	2026-07-26 21:46:28.928354	Phase	ca	ca_soak_ch1	fc461c6c87e27bc94fbcfebbdc698fb8	Scheduled	0	Unknown	0	0	0	0	0	0	0	0	0	0	0	0		{'CasGcGet':2,'CasGcList':1,'ContextLock':9,'DiskConnectionsPreserved':4,'DiskConnectionsReused':4,'DiskS3GetObject':2,'DiskS3HeadObject':2,'DiskS3ReadMicroseconds':1006,'DiskS3ReadRequestsCount':4,'GlobalThreadPoolJobs':1,'IOBufferAllocBytes':8687,'IOBufferAllocs':2,'LocalThreadPoolExpansions':1,'LocalThreadPoolJobs':1,'LocalThreadPoolShrinks':1,'LocalThreadPoolThreadCreationMicroseconds':4,'MemoryAllocatedWithoutCheck':8,'MemoryAllocatedWithoutCheckBytes':8704,'ReadBufferFromS3Bytes':369,'ReadBufferFromS3InitMicroseconds':718,'ReadBufferFromS3Microseconds':726,'S3GetObject':2,'S3HeadObject':2,'S3ReadMicroseconds':1006,'S3ReadRequestsCount':4}	a3fb8c82236381d449fe81ca9b9bcfe1	heartbeat_floor	3185	{'already_fenced':0,'fenced_now':0,'live':2,'terminated':0}
2afe19975e46	2026-07-26	2026-07-26 21:46:28	2026-07-26 21:46:28.919062	Start	ca	ca_soak_ch1	fc461c6c87e27bc94fbcfebbdc698fb8	Scheduled	0	Unknown	0	0	0	0	0	0	0	0	0	0	0	0		{}	a3fb8c82236381d449fe81ca9b9bcfe1		0	{}
2afe19975e46	2026-07-26	2026-07-26 21:46:28	2026-07-26 21:46:28.950015	Finish	ca	ca_soak_ch1	fc461c6c87e27bc94fbcfebbdc698fb8	Scheduled	24	Deferred	0	0	0	0	0	0	0	0	0	0	0	30		{'CasConditionalWriteAttempts':2,'CasConditionalWriteCommitted':2,'CasGcCas':2,'CasGcEnumerationPages':1,'CasGcGet':6,'CasGcList':1,'CasRootList':1,'ContextLock':31,'DiskConnectionsPreserved':12,'DiskConnectionsReused':12,'DiskS3GetObject':6,'DiskS3HeadObject':6,'DiskS3ReadMicroseconds':3685,'DiskS3ReadRequestsCount':12,'GlobalThreadPoolJobs':2,'IOBufferAllocBytes':2123869,'IOBufferAllocs':8,'LocalThreadPoolExpansions':2,'LocalThreadPoolJobs':4,'LocalThreadPoolShrinks':2,'LocalThreadPoolThreadCreationMicroseconds':7,'LogTrace':6,'MemoryAllocatedWithoutCheck':24,'MemoryAllocatedWithoutCheckBytes':26112,'ReadBufferFromS3Bytes':1637,'ReadBufferFromS3InitMicroseconds':2330,'ReadBufferFromS3Microseconds':2355,'S3GetObject':6,'S3HeadObject':6,'S3ReadMicroseconds':3685,'S3ReadRequestsCount':12,'WriteBufferFromS3Bytes':222}	a3fb8c82236381d449fe81ca9b9bcfe1		0	{}
2afe19975e46	2026-07-26	2026-07-26 21:46:34	2026-07-26 21:46:34.302039	Start	ca	ca_soak_ch1	fc461c6c87e27bc94fbcfebbdc698fb8	Manual	0	Unknown	0	0	0	0	0	0	0	0	0	0	0	0		{}	59b87599c7a33331b3168b7a5078df80		0	{}
2afe19975e46	2026-07-26	2026-07-26 21:46:34	2026-07-26 21:46:34.305121	Phase	ca	ca_soak_ch1	fc461c6c87e27bc94fbcfebbdc698fb8	Manual	0	Unknown	0	0	0	0	0	0	0	0	0	0	0	0		{'AsyncLoggingFileLogTotalMessages':3,'AsyncLoggingTextLogTotalMessages':3,'CasConditionalWriteAttempts':1,'CasConditionalWriteCommitted':1,'CasGcCas':1,'CasGcGet':1,'ContextLock':5,'DiskConnectionsPreserved':2,'DiskConnectionsReused':2,'DiskS3GetObject':1,'DiskS3HeadObject':1,'DiskS3ReadMicroseconds':1053,'DiskS3ReadRequestsCount':2,'IOBufferAllocBytes':1052939,'IOBufferAllocs':2,'LocalThreadPoolJobs':1,'LogTrace':3,'LoggerElapsedNanoseconds':10821,'MemoryAllocatedWithoutCheck':12,'MemoryAllocatedWithoutCheckBytes':4483156,'ReadBufferFromS3Bytes':141,'ReadBufferFromS3InitMicroseconds':556,'ReadBufferFromS3Microseconds':560,'S3GetObject':1,'S3HeadObject':1,'S3ReadMicroseconds':1053,'S3ReadRequestsCount':2,'WriteBufferFromS3Bytes':141}	59b87599c7a33331b3168b7a5078df80	lease	3045	{'acquired':1,'steal_allowed':0}
2afe19975e46	2026-07-26	2026-07-26 21:46:34	2026-07-26 21:46:34.309385	Phase	ca	ca_soak_ch1	fc461c6c87e27bc94fbcfebbdc698fb8	Manual	0	Unknown	0	0	0	0	0	0	0	0	0	0	0	0		{'CasGcGet':2,'CasGcList':1,'ContextLock':9,'DiskConnectionsPreserved':4,'DiskConnectionsReused':4,'DiskS3GetObject':2,'DiskS3HeadObject':2,'DiskS3ReadMicroseconds':872,'DiskS3ReadRequestsCount':4,'GlobalThreadPoolJobs':1,'IOBufferAllocBytes':8687,'IOBufferAllocs':2,'LocalThreadPoolExpansions':1,'LocalThreadPoolJobs':1,'LocalThreadPoolShrinks':1,'LocalThreadPoolThreadCreationMicroseconds':4,'MemoryAllocatedWithoutCheck':8,'MemoryAllocatedWithoutCheckBytes':8704,'QueryProfilerRuns':1,'ReadBufferFromS3Bytes':369,'ReadBufferFromS3InitMicroseconds':623,'ReadBufferFromS3Microseconds':628,'S3GetObject':2,'S3HeadObject':2,'S3ReadMicroseconds':872,'S3ReadRequestsCount':4}	59b87599c7a33331b3168b7a5078df80	heartbeat_floor	2518	{'already_fenced':0,'fenced_now':0,'live':2,'terminated':0}
2afe19975e46	2026-07-26	2026-07-26 21:46:34	2026-07-26 21:46:34.327951	Phase	ca	ca_soak_ch1	fc461c6c87e27bc94fbcfebbdc698fb8	Manual	0	Unknown	0	0	0	0	0	0	0	0	0	0	0	0		{'CasGcEnumerationPages':1,'CasGcGet':2,'CasRootList':1,'ContextLock':9,'DiskConnectionsPreserved':4,'DiskConnectionsReused':4,'DiskS3GetObject':2,'DiskS3HeadObject':2,'DiskS3ReadMicroseconds':751,'DiskS3ReadRequestsCount':4,'GlobalThreadPoolJobs':1,'IOBufferAllocBytes':9364,'IOBufferAllocs':2,'LocalThreadPoolExpansions':1,'LocalThreadPoolJobs':1,'LocalThreadPoolShrinks':1,'LocalThreadPoolThreadCreationMicroseconds':2,'MemoryAllocatedWithoutCheck':8,'MemoryAllocatedWithoutCheckBytes':8704,'QueryProfilerRuns':2,'ReadBufferFromS3Bytes':1046,'ReadBufferFromS3InitMicroseconds':535,'ReadBufferFromS3Microseconds':539,'S3GetObject':2,'S3HeadObject':2,'S3ReadMicroseconds':751,'S3ReadRequestsCount':4}	59b87599c7a33331b3168b7a5078df80	defer_decision	18548	{'changed_shards':0,'deferred':1,'fold_seal_reads':2,'graduation_due':0,'namespaces_seen':2,'ref_log_keys_listed':207,'rounds_deferred_before':4}
2afe19975e46	2026-07-26	2026-07-26 21:46:34	2026-07-26 21:46:34.327964	Finish	ca	ca_soak_ch1	fc461c6c87e27bc94fbcfebbdc698fb8	Manual	24	Deferred	0	0	0	0	0	0	0	0	0	0	0	25		{'AsyncLoggingFileLogTotalMessages':3,'AsyncLoggingTextLogTotalMessages':3,'CasConditionalWriteAttempts':2,'CasConditionalWriteCommitted':2,'CasGcCas':2,'CasGcEnumerationPages':1,'CasGcGet':6,'CasGcList':1,'CasRootList':1,'ContextLock':31,'DiskConnectionsPreserved':12,'DiskConnectionsReused':12,'DiskS3GetObject':6,'DiskS3HeadObject':6,'DiskS3ReadMicroseconds':3268,'DiskS3ReadRequestsCount':12,'GlobalThreadPoolJobs':2,'IOBufferAllocBytes':2123869,'IOBufferAllocs':8,'LocalThreadPoolExpansions':2,'LocalThreadPoolJobs':4,'LocalThreadPoolShrinks':2,'LocalThreadPoolThreadCreationMicroseconds':6,'LogTrace':6,'LoggerElapsedNanoseconds':10821,'MemoryAllocatedWithoutCheck':32,'MemoryAllocatedWithoutCheckBytes':4504916,'QueryProfilerRuns':3,'ReadBufferFromS3Bytes':1637,'ReadBufferFromS3InitMicroseconds':2126,'ReadBufferFromS3Microseconds':2142,'S3GetObject':6,'S3HeadObject':6,'S3ReadMicroseconds':3268,'S3ReadRequestsCount':12,'WriteBufferFromS3Bytes':222}	59b87599c7a33331b3168b7a5078df80		0	{}
2afe19975e46	2026-07-26	2026-07-26 21:46:38	2026-07-26 21:46:38.981335	Phase	ca	ca_soak_ch1	fc461c6c87e27bc94fbcfebbdc698fb8	Scheduled	0	Unknown	0	0	0	0	0	0	0	0	0	0	0	0		{'CasGcEnumerationPages':1,'CasGcGet':2,'CasRootList':1,'ContextLock':9,'DiskConnectionsExpired':1,'DiskConnectionsPreserved':3,'DiskConnectionsReused':4,'DiskS3GetObject':2,'DiskS3HeadObject':2,'DiskS3ReadMicroseconds':1045,'DiskS3ReadRequestsCount':4,'GlobalThreadPoolJobs':1,'IOBufferAllocBytes':9364,'IOBufferAllocs':2,'LocalThreadPoolExpansions':1,'LocalThreadPoolJobs':1,'LocalThreadPoolShrinks':1,'LocalThreadPoolThreadCreationMicroseconds':2,'MemoryAllocatedWithoutCheck':6,'MemoryAllocatedWithoutCheckBytes':6528,'ReadBufferFromS3Bytes':1046,'ReadBufferFromS3InitMicroseconds':645,'ReadBufferFromS3Microseconds':650,'S3GetObject':2,'S3HeadObject':2,'S3ReadMicroseconds':1045,'S3ReadRequestsCount':4}	bf6512af6d9f161ea07466e798c15178	defer_decision	22996	{'changed_shards':0,'deferred':1,'fold_seal_reads':2,'graduation_due':0,'namespaces_seen':2,'ref_log_keys_listed':207,'rounds_deferred_before':5}
2afe19975e46	2026-07-26	2026-07-26 21:46:38	2026-07-26 21:46:38.953144	Phase	ca	ca_soak_ch1	fc461c6c87e27bc94fbcfebbdc698fb8	Scheduled	0	Unknown	0	0	0	0	0	0	0	0	0	0	0	0		{'CasConditionalWriteAttempts':1,'CasConditionalWriteCommitted':1,'CasGcCas':1,'CasGcGet':1,'ContextLock':5,'DiskConnectionsPreserved':2,'DiskConnectionsReused':2,'DiskS3GetObject':1,'DiskS3HeadObject':1,'DiskS3ReadMicroseconds':1024,'DiskS3ReadRequestsCount':2,'IOBufferAllocBytes':1052939,'IOBufferAllocs':2,'LocalThreadPoolJobs':1,'LogTrace':3,'MemoryAllocatedWithoutCheck':4,'MemoryAllocatedWithoutCheckBytes':4352,'ReadBufferFromS3Bytes':141,'ReadBufferFromS3InitMicroseconds':573,'ReadBufferFromS3Microseconds':578,'S3GetObject':1,'S3HeadObject':1,'S3ReadMicroseconds':1024,'S3ReadRequestsCount':2,'WriteBufferFromS3Bytes':141}	bf6512af6d9f161ea07466e798c15178	lease	3075	{'acquired':1,'steal_allowed':1}
2afe19975e46	2026-07-26	2026-07-26 21:46:38	2026-07-26 21:46:38.958327	Phase	ca	ca_soak_ch1	fc461c6c87e27bc94fbcfebbdc698fb8	Scheduled	0	Unknown	0	0	0	0	0	0	0	0	0	0	0	0		{'CasGcGet':2,'CasGcList':1,'ContextLock':9,'DiskConnectionsPreserved':4,'DiskConnectionsReused':4,'DiskS3GetObject':2,'DiskS3HeadObject':2,'DiskS3ReadMicroseconds':1108,'DiskS3ReadRequestsCount':4,'GlobalThreadPoolJobs':1,'IOBufferAllocBytes':8687,'IOBufferAllocs':2,'LocalThreadPoolExpansions':1,'LocalThreadPoolJobs':1,'LocalThreadPoolShrinks':1,'LocalThreadPoolThreadCreationMicroseconds':3,'MemoryAllocatedWithoutCheck':8,'MemoryAllocatedWithoutCheckBytes':8704,'ReadBufferFromS3Bytes':369,'ReadBufferFromS3InitMicroseconds':707,'ReadBufferFromS3Microseconds':712,'S3GetObject':2,'S3HeadObject':2,'S3ReadMicroseconds':1108,'S3ReadRequestsCount':4}	bf6512af6d9f161ea07466e798c15178	heartbeat_floor	3631	{'already_fenced':0,'fenced_now':0,'live':2,'terminated':0}
2afe19975e46	2026-07-26	2026-07-26 21:46:38	2026-07-26 21:46:38.950055	Start	ca	ca_soak_ch1	fc461c6c87e27bc94fbcfebbdc698fb8	Scheduled	0	Unknown	0	0	0	0	0	0	0	0	0	0	0	0		{}	bf6512af6d9f161ea07466e798c15178		0	{}
2afe19975e46	2026-07-26	2026-07-26 21:46:38	2026-07-26 21:46:38.981348	Finish	ca	ca_soak_ch1	fc461c6c87e27bc94fbcfebbdc698fb8	Scheduled	24	Deferred	0	0	0	0	0	0	0	0	0	0	0	31		{'CasConditionalWriteAttempts':2,'CasConditionalWriteCommitted':2,'CasGcCas':2,'CasGcEnumerationPages':1,'CasGcGet':6,'CasGcList':1,'CasRootList':1,'ContextLock':31,'DiskConnectionsExpired':1,'DiskConnectionsPreserved':11,'DiskConnectionsReused':12,'DiskS3GetObject':6,'DiskS3HeadObject':6,'DiskS3ReadMicroseconds':3694,'DiskS3ReadRequestsCount':12,'GlobalThreadPoolJobs':2,'IOBufferAllocBytes':2123869,'IOBufferAllocs':8,'LocalThreadPoolExpansions':2,'LocalThreadPoolJobs':4,'LocalThreadPoolShrinks':2,'LocalThreadPoolThreadCreationMicroseconds':5,'LogTrace':6,'MemoryAllocatedWithoutCheck':22,'MemoryAllocatedWithoutCheckBytes':23936,'ReadBufferFromS3Bytes':1637,'ReadBufferFromS3InitMicroseconds':2275,'ReadBufferFromS3Microseconds':2293,'S3GetObject':6,'S3HeadObject':6,'S3ReadMicroseconds':3694,'S3ReadRequestsCount':12,'WriteBufferFromS3Bytes':222}	bf6512af6d9f161ea07466e798c15178		0	{}
2afe19975e46	2026-07-26	2026-07-26 21:46:45	2026-07-26 21:46:45.643819	Start	ca	ca_soak_ch1	fc461c6c87e27bc94fbcfebbdc698fb8	Manual	0	Unknown	0	0	0	0	0	0	0	0	0	0	0	0		{}	04dcdc3ba9694c70aee282d84fbad557		0	{}
2afe19975e46	2026-07-26	2026-07-26 21:46:45	2026-07-26 21:46:45.646646	Phase	ca	ca_soak_ch1	fc461c6c87e27bc94fbcfebbdc698fb8	Manual	0	Unknown	0	0	0	0	0	0	0	0	0	0	0	0		{'CasConditionalWriteAttempts':1,'CasConditionalWriteCommitted':1,'CasGcCas':1,'CasGcGet':1,'ContextLock':5,'DiskConnectionsPreserved':2,'DiskConnectionsReused':2,'DiskS3GetObject':1,'DiskS3HeadObject':1,'DiskS3ReadMicroseconds':923,'DiskS3ReadRequestsCount':2,'IOBufferAllocBytes':1052939,'IOBufferAllocs':2,'LocalThreadPoolJobs':1,'LogTrace':3,'MemoryAllocatedWithoutCheck':4,'MemoryAllocatedWithoutCheckBytes':4352,'ReadBufferFromS3Bytes':141,'ReadBufferFromS3InitMicroseconds':540,'ReadBufferFromS3Microseconds':547,'S3GetObject':1,'S3HeadObject':1,'S3ReadMicroseconds':923,'S3ReadRequestsCount':2,'WriteBufferFromS3Bytes':141}	04dcdc3ba9694c70aee282d84fbad557	lease	2811	{'acquired':1,'steal_allowed':0}
2afe19975e46	2026-07-26	2026-07-26 21:46:45	2026-07-26 21:46:45.651117	Phase	ca	ca_soak_ch1	fc461c6c87e27bc94fbcfebbdc698fb8	Manual	0	Unknown	0	0	0	0	0	0	0	0	0	0	0	0		{'CasGcGet':2,'CasGcList':1,'ContextLock':9,'DiskConnectionsPreserved':4,'DiskConnectionsReused':4,'DiskS3GetObject':2,'DiskS3HeadObject':2,'DiskS3ReadMicroseconds':917,'DiskS3ReadRequestsCount':4,'GlobalThreadPoolJobs':1,'IOBufferAllocBytes':8688,'IOBufferAllocs':2,'LocalThreadPoolExpansions':1,'LocalThreadPoolJobs':1,'LocalThreadPoolShrinks':1,'LocalThreadPoolThreadCreationMicroseconds':3,'MemoryAllocatedWithoutCheck':8,'MemoryAllocatedWithoutCheckBytes':8704,'QueryProfilerRuns':1,'ReadBufferFromS3Bytes':370,'ReadBufferFromS3InitMicroseconds':628,'ReadBufferFromS3Microseconds':634,'S3GetObject':2,'S3HeadObject':2,'S3ReadMicroseconds':917,'S3ReadRequestsCount':4}	04dcdc3ba9694c70aee282d84fbad557	heartbeat_floor	2527	{'already_fenced':0,'fenced_now':0,'live':2,'terminated':0}
2afe19975e46	2026-07-26	2026-07-26 21:46:45	2026-07-26 21:46:45.668572	Phase	ca	ca_soak_ch1	fc461c6c87e27bc94fbcfebbdc698fb8	Manual	0	Unknown	0	0	0	0	0	0	0	0	0	0	0	0		{'CasGcEnumerationPages':1,'CasGcGet':2,'CasRootList':1,'ContextLock':9,'DiskConnectionsPreserved':4,'DiskConnectionsReused':4,'DiskS3GetObject':2,'DiskS3HeadObject':2,'DiskS3ReadMicroseconds':684,'DiskS3ReadRequestsCount':4,'GlobalThreadPoolJobs':1,'IOBufferAllocBytes':9364,'IOBufferAllocs':2,'LocalThreadPoolExpansions':1,'LocalThreadPoolJobs':1,'LocalThreadPoolShrinks':1,'LocalThreadPoolThreadCreationMicroseconds':2,'MemoryAllocatedWithoutCheck':8,'MemoryAllocatedWithoutCheckBytes':8704,'QueryProfilerRuns':1,'ReadBufferFromS3Bytes':1046,'ReadBufferFromS3InitMicroseconds':460,'ReadBufferFromS3Microseconds':463,'S3GetObject':2,'S3HeadObject':2,'S3ReadMicroseconds':684,'S3ReadRequestsCount':4}	04dcdc3ba9694c70aee282d84fbad557	defer_decision	17445	{'changed_shards':0,'deferred':1,'fold_seal_reads':2,'graduation_due':0,'namespaces_seen':2,'ref_log_keys_listed':207,'rounds_deferred_before':6}
2afe19975e46	2026-07-26	2026-07-26 21:46:45	2026-07-26 21:46:45.668584	Finish	ca	ca_soak_ch1	fc461c6c87e27bc94fbcfebbdc698fb8	Manual	24	Deferred	0	0	0	0	0	0	0	0	0	0	0	24		{'CasConditionalWriteAttempts':2,'CasConditionalWriteCommitted':2,'CasGcCas':2,'CasGcEnumerationPages':1,'CasGcGet':6,'CasGcList':1,'CasRootList':1,'ContextLock':31,'DiskConnectionsPreserved':12,'DiskConnectionsReused':12,'DiskS3GetObject':6,'DiskS3HeadObject':6,'DiskS3ReadMicroseconds':3061,'DiskS3ReadRequestsCount':12,'GlobalThreadPoolJobs':2,'IOBufferAllocBytes':2123870,'IOBufferAllocs':8,'LocalThreadPoolExpansions':2,'LocalThreadPoolJobs':4,'LocalThreadPoolShrinks':2,'LocalThreadPoolThreadCreationMicroseconds':5,'LogTrace':6,'MemoryAllocatedWithoutCheck':24,'MemoryAllocatedWithoutCheckBytes':26112,'QueryProfilerRuns':2,'ReadBufferFromS3Bytes':1638,'ReadBufferFromS3InitMicroseconds':2033,'ReadBufferFromS3Microseconds':2052,'S3GetObject':6,'S3HeadObject':6,'S3ReadMicroseconds':3061,'S3ReadRequestsCount':12,'WriteBufferFromS3Bytes':222}	04dcdc3ba9694c70aee282d84fbad557		0	{}
2afe19975e46	2026-07-26	2026-07-26 21:46:48	2026-07-26 21:46:48.981437	Start	ca	ca_soak_ch1	fc461c6c87e27bc94fbcfebbdc698fb8	Scheduled	0	Unknown	0	0	0	0	0	0	0	0	0	0	0	0		{}	2d6c1fd4146b909f847c90be40d19e9c		0	{}
2afe19975e46	2026-07-26	2026-07-26 21:46:48	2026-07-26 21:46:48.984959	Phase	ca	ca_soak_ch1	fc461c6c87e27bc94fbcfebbdc698fb8	Scheduled	0	Unknown	0	0	0	0	0	0	0	0	0	0	0	0		{'CasConditionalWriteAttempts':1,'CasConditionalWriteCommitted':1,'CasGcCas':1,'CasGcGet':1,'ContextLock':5,'DiskConnectionsPreserved':2,'DiskConnectionsReused':2,'DiskS3GetObject':1,'DiskS3HeadObject':1,'DiskS3ReadMicroseconds':1310,'DiskS3ReadRequestsCount':2,'IOBufferAllocBytes':1052939,'IOBufferAllocs':2,'LocalThreadPoolJobs':1,'LogTrace':3,'MemoryAllocatedWithoutCheck':4,'MemoryAllocatedWithoutCheckBytes':4352,'ReadBufferFromS3Bytes':141,'ReadBufferFromS3InitMicroseconds':696,'ReadBufferFromS3Microseconds':702,'S3GetObject':1,'S3HeadObject':1,'S3ReadMicroseconds':1310,'S3ReadRequestsCount':2,'WriteBufferFromS3Bytes':141}	2d6c1fd4146b909f847c90be40d19e9c	lease	3486	{'acquired':1,'steal_allowed':1}
2afe19975e46	2026-07-26	2026-07-26 21:46:48	2026-07-26 21:46:48.990758	Phase	ca	ca_soak_ch1	fc461c6c87e27bc94fbcfebbdc698fb8	Scheduled	0	Unknown	0	0	0	0	0	0	0	0	0	0	0	0		{'CasGcGet':2,'CasGcList':1,'ContextLock':9,'DiskConnectionsPreserved':4,'DiskConnectionsReused':4,'DiskS3GetObject':2,'DiskS3HeadObject':2,'DiskS3ReadMicroseconds':988,'DiskS3ReadRequestsCount':4,'GlobalThreadPoolJobs':1,'IOBufferAllocBytes':8688,'IOBufferAllocs':2,'LocalThreadPoolExpansions':1,'LocalThreadPoolJobs':1,'LocalThreadPoolShrinks':1,'LocalThreadPoolThreadCreationMicroseconds':4,'MemoryAllocatedWithoutCheck':8,'MemoryAllocatedWithoutCheckBytes':8704,'ReadBufferFromS3Bytes':370,'ReadBufferFromS3InitMicroseconds':699,'ReadBufferFromS3Microseconds':703,'S3GetObject':2,'S3HeadObject':2,'S3ReadMicroseconds':988,'S3ReadRequestsCount':4}	2d6c1fd4146b909f847c90be40d19e9c	heartbeat_floor	3617	{'already_fenced':0,'fenced_now':0,'live':2,'terminated':0}
2afe19975e46	2026-07-26	2026-07-26 21:46:49	2026-07-26 21:46:49.014547	Phase	ca	ca_soak_ch1	fc461c6c87e27bc94fbcfebbdc698fb8	Scheduled	0	Unknown	0	0	0	0	0	0	0	0	0	0	0	0		{'CasGcEnumerationPages':1,'CasGcGet':2,'CasRootList':1,'ContextLock':9,'DiskConnectionsPreserved':4,'DiskConnectionsReused':4,'DiskS3GetObject':2,'DiskS3HeadObject':2,'DiskS3ReadMicroseconds':795,'DiskS3ReadRequestsCount':4,'GlobalThreadPoolJobs':1,'IOBufferAllocBytes':9364,'IOBufferAllocs':2,'LocalThreadPoolExpansions':1,'LocalThreadPoolJobs':1,'LocalThreadPoolShrinks':1,'LocalThreadPoolThreadCreationMicroseconds':2,'MemoryAllocatedWithoutCheck':8,'MemoryAllocatedWithoutCheckBytes':8704,'ReadBufferFromS3Bytes':1046,'ReadBufferFromS3InitMicroseconds':556,'ReadBufferFromS3Microseconds':560,'S3GetObject':2,'S3HeadObject':2,'S3ReadMicroseconds':795,'S3ReadRequestsCount':4}	2d6c1fd4146b909f847c90be40d19e9c	defer_decision	23770	{'changed_shards':0,'deferred':1,'fold_seal_reads':2,'graduation_due':0,'namespaces_seen':2,'ref_log_keys_listed':207,'rounds_deferred_before':7}
2afe19975e46	2026-07-26	2026-07-26 21:46:49	2026-07-26 21:46:49.014562	Finish	ca	ca_soak_ch1	fc461c6c87e27bc94fbcfebbdc698fb8	Scheduled	24	Deferred	0	0	0	0	0	0	0	0	0	0	0	33		{'CasConditionalWriteAttempts':2,'CasConditionalWriteCommitted':2,'CasGcCas':2,'CasGcEnumerationPages':1,'CasGcGet':6,'CasGcList':1,'CasRootList':1,'ContextLock':31,'DiskConnectionsPreserved':12,'DiskConnectionsReused':12,'DiskS3GetObject':6,'DiskS3HeadObject':6,'DiskS3ReadMicroseconds':3806,'DiskS3ReadRequestsCount':12,'GlobalThreadPoolJobs':2,'IOBufferAllocBytes':2123870,'IOBufferAllocs':8,'LocalThreadPoolExpansions':2,'LocalThreadPoolJobs':4,'LocalThreadPoolShrinks':2,'LocalThreadPoolThreadCreationMicroseconds':6,'LogTrace':6,'MemoryAllocatedWithoutCheck':24,'MemoryAllocatedWithoutCheckBytes':26112,'ReadBufferFromS3Bytes':1638,'ReadBufferFromS3InitMicroseconds':2410,'ReadBufferFromS3Microseconds':2428,'S3GetObject':6,'S3HeadObject':6,'S3ReadMicroseconds':3806,'S3ReadRequestsCount':12,'WriteBufferFromS3Bytes':222}	2d6c1fd4146b909f847c90be40d19e9c		0	{}
2afe19975e46	2026-07-26	2026-07-26 21:46:57	2026-07-26 21:46:57.222172	Phase	ca	ca_soak_ch1	fc461c6c87e27bc94fbcfebbdc698fb8	Manual	0	Unknown	0	0	0	0	0	0	0	0	0	0	0	0		{'AsyncLoggingFileLogTotalMessages':26,'AsyncLoggingTextLogTotalMessages':26,'CasGcEnumerationPages':5,'CasGcGet':43,'CasManifestList':1,'CasRootGet':209,'CasRootList':4,'ContextLock':904,'DiskConnectionsCreated':5,'DiskConnectionsElapsedMicroseconds':322,'DiskConnectionsExpired':5,'DiskConnectionsPreserved':473,'DiskConnectionsReused':473,'DiskS3GetObject':226,'DiskS3HeadObject':252,'DiskS3ReadMicroseconds':71948,'DiskS3ReadRequestsCount':478,'DiskS3ReadRequestsErrors':26,'GlobalThreadPoolJobs':5,'IOBufferAllocBytes':1050704,'IOBufferAllocs':226,'LocalThreadPoolExpansions':5,'LocalThreadPoolJobs':5,'LocalThreadPoolShrinks':5,'LocalThreadPoolThreadCreationMicroseconds':12,'LogDebug':26,'LoggerElapsedNanoseconds':90380,'MemoryAllocatedWithoutCheck':960,'MemoryAllocatedWithoutCheckBytes':17571176,'QueryProfilerRuns':21,'ReadBufferFromS3Bytes':110770,'ReadBufferFromS3InitMicroseconds':51015,'ReadBufferFromS3Microseconds':51355,'S3GetObject':226,'S3HeadObject':252,'S3ReadMicroseconds':71948,'S3ReadRequestsCount':478,'S3ReadRequestsErrors':26}	b923491a4bf9c967b6e7062629db7e5d	orphan_sweep	151476	{'cursor_advanced':0,'list_budget_keys':1000}
2afe19975e46	2026-07-26	2026-07-26 21:46:57	2026-07-26 21:46:57.028262	Phase	ca	ca_soak_ch1	fc461c6c87e27bc94fbcfebbdc698fb8	Manual	0	Unknown	0	0	0	0	0	0	0	0	0	0	0	0		{'CasConditionalWriteAttempts':1,'CasConditionalWriteCommitted':1,'CasGcCas':1,'CasGcGet':1,'ContextLock':5,'DiskConnectionsPreserved':2,'DiskConnectionsReused':2,'DiskS3GetObject':1,'DiskS3HeadObject':1,'DiskS3ReadMicroseconds':1001,'DiskS3ReadRequestsCount':2,'IOBufferAllocBytes':1052939,'IOBufferAllocs':2,'LocalThreadPoolJobs':1,'LogTrace':3,'MemoryAllocatedWithoutCheck':4,'MemoryAllocatedWithoutCheckBytes':4352,'ReadBufferFromS3Bytes':141,'ReadBufferFromS3InitMicroseconds':622,'ReadBufferFromS3Microseconds':628,'S3GetObject':1,'S3HeadObject':1,'S3ReadMicroseconds':1001,'S3ReadRequestsCount':2,'WriteBufferFromS3Bytes':141}	b923491a4bf9c967b6e7062629db7e5d	lease	3185	{'acquired':1,'steal_allowed':0}
2afe19975e46	2026-07-26	2026-07-26 21:46:57	2026-07-26 21:46:57.032953	Phase	ca	ca_soak_ch1	fc461c6c87e27bc94fbcfebbdc698fb8	Manual	0	Unknown	0	0	0	0	0	0	0	0	0	0	0	0		{'CasGcGet':2,'CasGcList':1,'ContextLock':9,'DiskConnectionsPreserved':4,'DiskConnectionsReused':4,'DiskS3GetObject':2,'DiskS3HeadObject':2,'DiskS3ReadMicroseconds':962,'DiskS3ReadRequestsCount':4,'GlobalThreadPoolJobs':1,'IOBufferAllocBytes':8688,'IOBufferAllocs':2,'LocalThreadPoolExpansions':1,'LocalThreadPoolJobs':1,'LocalThreadPoolShrinks':1,'LocalThreadPoolThreadCreationMicroseconds':4,'MemoryAllocatedWithoutCheck':8,'MemoryAllocatedWithoutCheckBytes':8704,'ReadBufferFromS3Bytes':370,'ReadBufferFromS3InitMicroseconds':707,'ReadBufferFromS3Microseconds':712,'S3GetObject':2,'S3HeadObject':2,'S3ReadMicroseconds':962,'S3ReadRequestsCount':4}	b923491a4bf9c967b6e7062629db7e5d	heartbeat_floor	2832	{'already_fenced':0,'fenced_now':0,'live':2,'terminated':0}
2afe19975e46	2026-07-26	2026-07-26 21:46:57	2026-07-26 21:46:57.050554	Phase	ca	ca_soak_ch1	fc461c6c87e27bc94fbcfebbdc698fb8	Manual	0	Unknown	0	0	0	0	0	0	0	0	0	0	0	0		{'CasGcEnumerationPages':1,'CasGcGet':2,'CasRootList':1,'ContextLock':8,'DiskConnectionsPreserved':4,'DiskConnectionsReused':4,'DiskS3GetObject':2,'DiskS3HeadObject':2,'DiskS3ReadMicroseconds':939,'DiskS3ReadRequestsCount':4,'GlobalThreadPoolJobs':1,'IOBufferAllocBytes':9364,'IOBufferAllocs':2,'LocalThreadPoolExpansions':1,'LocalThreadPoolJobs':1,'LocalThreadPoolShrinks':1,'LocalThreadPoolThreadCreationMicroseconds':2,'MemoryAllocatedWithoutCheck':8,'MemoryAllocatedWithoutCheckBytes':8704,'QueryProfilerRuns':2,'ReadBufferFromS3Bytes':1046,'ReadBufferFromS3InitMicroseconds':676,'ReadBufferFromS3Microseconds':678,'S3GetObject':2,'S3HeadObject':2,'S3ReadMicroseconds':939,'S3ReadRequestsCount':4}	b923491a4bf9c967b6e7062629db7e5d	defer_decision	17589	{'changed_shards':0,'deferred':0,'fold_seal_reads':2,'graduation_due':0,'namespaces_seen':2,'ref_log_keys_listed':207,'rounds_deferred_before':8}
2afe19975e46	2026-07-26	2026-07-26 21:46:57	2026-07-26 21:46:57.051142	Phase	ca	ca_soak_ch1	fc461c6c87e27bc94fbcfebbdc698fb8	Manual	0	Unknown	0	0	0	0	0	0	0	0	0	0	0	0		{'CasGcGet':1,'ContextLock':4,'DiskConnectionsPreserved':2,'DiskConnectionsReused':2,'DiskS3GetObject':1,'DiskS3HeadObject':1,'DiskS3ReadMicroseconds':401,'DiskS3ReadRequestsCount':2,'IOBufferAllocBytes':4682,'IOBufferAllocs':1,'MemoryAllocatedWithoutCheck':4,'MemoryAllocatedWithoutCheckBytes':4352,'ReadBufferFromS3Bytes':523,'ReadBufferFromS3InitMicroseconds':259,'ReadBufferFromS3Microseconds':261,'S3GetObject':1,'S3HeadObject':1,'S3ReadMicroseconds':401,'S3ReadRequestsCount':2}	b923491a4bf9c967b6e7062629db7e5d	parent_seal_read	577	{'parent_runs':1}
2afe19975e46	2026-07-26	2026-07-26 21:46:57	2026-07-26 21:46:57.065559	Phase	ca	ca_soak_ch1	fc461c6c87e27bc94fbcfebbdc698fb8	Manual	0	Unknown	0	0	0	0	0	0	0	0	0	0	0	0		{'CasGcEnumerationPages':1,'CasRefGlobalListPages':1,'CasRootList':1,'GlobalThreadPoolJobs':1,'LocalThreadPoolExpansions':1,'LocalThreadPoolJobs':1,'LocalThreadPoolShrinks':1,'LocalThreadPoolThreadCreationMicroseconds':2,'QueryProfilerRuns':1}	b923491a4bf9c967b6e7062629db7e5d	fold_ref_list	14407	{'namespaces_seen':2,'probe_a_holes':0,'ref_folding_aborted':0,'ref_keys_listed':209}
2afe19975e46	2026-07-26	2026-07-26 21:46:57	2026-07-26 21:46:57.066704	Phase	ca	ca_soak_ch1	fc461c6c87e27bc94fbcfebbdc698fb8	Manual	0	Unknown	0	0	0	0	0	0	0	0	0	0	0	0		{'CasGcGet':2,'ContextLock':8,'DiskConnectionsPreserved':4,'DiskConnectionsReused':4,'DiskS3GetObject':2,'DiskS3HeadObject':2,'DiskS3ReadMicroseconds':801,'DiskS3ReadRequestsCount':4,'IOBufferAllocBytes':9364,'IOBufferAllocs':2,'MemoryAllocatedWithoutCheck':8,'MemoryAllocatedWithoutCheckBytes':8704,'ReadBufferFromS3Bytes':1046,'ReadBufferFromS3InitMicroseconds':549,'ReadBufferFromS3Microseconds':553,'S3GetObject':2,'S3HeadObject':2,'S3ReadMicroseconds':801,'S3ReadRequestsCount':4}	b923491a4bf9c967b6e7062629db7e5d	fold_seal_read	1137	{'ns_cleanup_items':0,'parent_cursors':2,'parent_runs':1,'redundant_reads':1,'seal_reads':2}
2afe19975e46	2026-07-26	2026-07-26 21:46:57	2026-07-26 21:46:57.066713	Phase	ca	ca_soak_ch1	fc461c6c87e27bc94fbcfebbdc698fb8	Manual	0	Unknown	0	0	0	0	0	0	0	0	0	0	0	0		{}	b923491a4bf9c967b6e7062629db7e5d	fold_ref_intake	4	{'dead_precommits_skipped':0,'deltas_emitted':0,'logs_applied':0,'logs_intended':0,'namespace_removals':0,'ref_folding_aborted':0,'tables_changed':0,'tables_clamped':0,'tables_scanned':2,'txns_opened':0}
2afe19975e46	2026-07-26	2026-07-26 21:46:57	2026-07-26 21:46:57.066718	Phase	ca	ca_soak_ch1	fc461c6c87e27bc94fbcfebbdc698fb8	Manual	0	Unknown	0	0	0	0	0	0	0	0	0	0	0	0		{}	b923491a4bf9c967b6e7062629db7e5d	fold_ns_cleanup_scan	1	{'items_added':0,'items_carried':0,'items_completed_now':0,'items_final':0,'items_scanned':0}
2afe19975e46	2026-07-26	2026-07-26 21:46:57	2026-07-26 21:46:57.066722	Phase	ca	ca_soak_ch1	fc461c6c87e27bc94fbcfebbdc698fb8	Manual	0	Unknown	0	0	0	0	0	0	0	0	0	0	0	0		{}	b923491a4bf9c967b6e7062629db7e5d	fold_reduce	2	{'condemned':0,'deltas_in':0,'graduated':0,'redelete_pending':0,'runs_written':1,'shards_pure_carry':1,'shards_reduced':0,'shards_total':1,'spared':0,'suppress_destructive':0,'txns_unapplied':0,'unmatched_removes':0}
2afe19975e46	2026-07-26	2026-07-26 21:46:57	2026-07-26 21:46:57.067595	Phase	ca	ca_soak_ch1	fc461c6c87e27bc94fbcfebbdc698fb8	Manual	0	Unknown	0	0	0	0	0	0	0	0	0	0	0	0		{'CasConditionalWriteAttempts':1,'CasConditionalWriteCommitted':1,'CasGcPut':1,'ContextLock':1,'IOBufferAllocBytes':1048639,'IOBufferAllocs':1,'LocalThreadPoolJobs':1,'LogTrace':3,'WriteBufferFromS3Bytes':523}	b923491a4bf9c967b6e7062629db7e5d	fold_seal_write	868	{'ns_cleanup_items':0,'seal_bytes':523,'seal_namespaces':2,'seal_runs':1}
2afe19975e46	2026-07-26	2026-07-26 21:46:57	2026-07-26 21:46:57.067609	Phase	ca	ca_soak_ch1	fc461c6c87e27bc94fbcfebbdc698fb8	Manual	0	Unknown	0	0	0	0	0	0	0	0	0	0	0	0		{}	b923491a4bf9c967b6e7062629db7e5d	pending_deletes	1	{'absent':0,'deleted':0,'graduated':0,'outcome_logs_written':0,'redeleted':0,'replaced':0,'spared':0}
2afe19975e46	2026-07-26	2026-07-26 21:46:57	2026-07-26 21:46:57.067611	Phase	ca	ca_soak_ch1	fc461c6c87e27bc94fbcfebbdc698fb8	Manual	0	Unknown	0	0	0	0	0	0	0	0	0	0	0	0		{}	b923491a4bf9c967b6e7062629db7e5d	meta_pool_wait	1	{'jobs_completed':0,'jobs_completed_on_entry':0,'jobs_scheduled':0}
2afe19975e46	2026-07-26	2026-07-26 21:46:57	2026-07-26 21:46:57.070664	Phase	ca	ca_soak_ch1	fc461c6c87e27bc94fbcfebbdc698fb8	Manual	0	Unknown	0	0	0	0	0	0	0	0	0	0	0	0		{'CasConditionalWriteAttempts':1,'CasConditionalWriteCommitted':1,'CasGcCas':1,'CasGcDelete':2,'CasGcEnumerationPages':1,'CasGcList':1,'ContextLock':3,'DiskConnectionsPreserved':2,'DiskConnectionsReused':2,'DiskS3DeleteObjects':2,'DiskS3WriteMicroseconds':1137,'DiskS3WriteRequestAttempts':2,'DiskS3WriteRequestsCount':2,'GlobalThreadPoolJobs':1,'IOBufferAllocBytes':1048639,'IOBufferAllocs':1,'LocalThreadPoolExpansions':1,'LocalThreadPoolJobs':2,'LocalThreadPoolShrinks':1,'LocalThreadPoolThreadCreationMicroseconds':2,'LogTrace':3,'MemoryAllocatedWithoutCheck':4,'MemoryAllocatedWithoutCheckBytes':4352,'QueryProfilerRuns':1,'S3WriteMicroseconds':1137,'S3WriteRequestAttempts':2,'S3WriteRequestsCount':2,'WriteBufferFromS3Bytes':141}	b923491a4bf9c967b6e7062629db7e5d	round_commit	3045	{'generation':25,'generations_referenced':1,'generations_visited':1,'pruned_through':22,'round':25}
2afe19975e46	2026-07-26	2026-07-26 21:46:57	2026-07-26 21:46:57.070669	Phase	ca	ca_soak_ch1	fc461c6c87e27bc94fbcfebbdc698fb8	Manual	0	Unknown	0	0	0	0	0	0	0	0	0	0	0	0		{}	b923491a4bf9c967b6e7062629db7e5d	handoff_reclaim	1	{'generations_reclaimed':0,'objects_reclaimed':0}
2afe19975e46	2026-07-26	2026-07-26 21:46:57	2026-07-26 21:46:57.070672	Phase	ca	ca_soak_ch1	fc461c6c87e27bc94fbcfebbdc698fb8	Manual	0	Unknown	0	0	0	0	0	0	0	0	0	0	0	0		{}	b923491a4bf9c967b6e7062629db7e5d	manifest_deletes	0	{'attempted':0,'deleted':0}
2afe19975e46	2026-07-26	2026-07-26 21:46:57	2026-07-26 21:46:57.070674	Phase	ca	ca_soak_ch1	fc461c6c87e27bc94fbcfebbdc698fb8	Manual	0	Unknown	0	0	0	0	0	0	0	0	0	0	0	0		{}	b923491a4bf9c967b6e7062629db7e5d	namespace_cleanup	1	{'items':0,'items_completed':0,'items_pending':0,'suppressed':0}
2afe19975e46	2026-07-26	2026-07-26 21:46:57	2026-07-26 21:46:57.070683	Phase	ca	ca_soak_ch1	fc461c6c87e27bc94fbcfebbdc698fb8	Manual	0	Unknown	0	0	0	0	0	0	0	0	0	0	0	0		{}	b923491a4bf9c967b6e7062629db7e5d	ref_object_cleanup	7	{'namespaces_planned':2,'suppressed':0,'trim_enabled':1}
2afe19975e46	2026-07-26	2026-07-26 21:46:57	2026-07-26 21:46:57.025063	Start	ca	ca_soak_ch1	fc461c6c87e27bc94fbcfebbdc698fb8	Manual	0	Unknown	0	0	0	0	0	0	0	0	0	0	0	0		{}	b923491a4bf9c967b6e7062629db7e5d		0	{}
2afe19975e46	2026-07-26	2026-07-26 21:46:57	2026-07-26 21:46:57.222194	Finish	ca	ca_soak_ch1	fc461c6c87e27bc94fbcfebbdc698fb8	Manual	25	Success	0	0	0	0	0	0	0	0	0	0	0	197		{'AsyncLoggingFileLogTotalMessages':26,'AsyncLoggingTextLogTotalMessages':26,'CasConditionalWriteAttempts':4,'CasConditionalWriteCommitted':4,'CasGcCas':3,'CasGcDelete':2,'CasGcEnumerationPages':8,'CasGcGet':52,'CasGcList':2,'CasGcPut':1,'CasManifestList':1,'CasRefGlobalListPages':1,'CasRootGet':209,'CasRootList':6,'ContextLock':967,'DiskConnectionsCreated':5,'DiskConnectionsElapsedMicroseconds':322,'DiskConnectionsExpired':5,'DiskConnectionsPreserved':493,'DiskConnectionsReused':493,'DiskS3DeleteObjects':2,'DiskS3GetObject':235,'DiskS3HeadObject':261,'DiskS3ReadMicroseconds':76631,'DiskS3ReadRequestsCount':496,'DiskS3ReadRequestsErrors':26,'DiskS3WriteMicroseconds':1137,'DiskS3WriteRequestAttempts':2,'DiskS3WriteRequestsCount':2,'GlobalThreadPoolJobs':9,'IOBufferAllocBytes':5285898,'IOBufferAllocs':239,'LocalThreadPoolExpansions':9,'LocalThreadPoolJobs':13,'LocalThreadPoolShrinks':9,'LocalThreadPoolThreadCreationMicroseconds':22,'LogDebug':26,'LogTrace':12,'LoggerElapsedNanoseconds':90380,'MemoryAllocatedWithoutCheck':1000,'MemoryAllocatedWithoutCheckBytes':17614696,'QueryProfilerRuns':26,'ReadBufferFromS3Bytes':113977,'ReadBufferFromS3InitMicroseconds':54198,'ReadBufferFromS3Microseconds':54560,'S3GetObject':235,'S3HeadObject':261,'S3ReadMicroseconds':76631,'S3ReadRequestsCount':496,'S3ReadRequestsErrors':26,'S3WriteMicroseconds':1137,'S3WriteRequestAttempts':2,'S3WriteRequestsCount':2,'WriteBufferFromS3Bytes':886}	b923491a4bf9c967b6e7062629db7e5d		0	{}
2afe19975e46	2026-07-26	2026-07-26 21:46:59	2026-07-26 21:46:59.014634	Start	ca	ca_soak_ch1	fc461c6c87e27bc94fbcfebbdc698fb8	Scheduled	0	Unknown	0	0	0	0	0	0	0	0	0	0	0	0		{}	e5ae429ca19c70b5f7ce742a6e80f748		0	{}
2afe19975e46	2026-07-26	2026-07-26 21:46:59	2026-07-26 21:46:59.018431	Phase	ca	ca_soak_ch1	fc461c6c87e27bc94fbcfebbdc698fb8	Scheduled	0	Unknown	0	0	0	0	0	0	0	0	0	0	0	0		{'AsyncLoggingFileLogTotalMessages':3,'AsyncLoggingTextLogTotalMessages':3,'CasConditionalWriteAttempts':1,'CasConditionalWriteCommitted':1,'CasGcCas':1,'CasGcGet':1,'ContextLock':5,'DiskConnectionsPreserved':2,'DiskConnectionsReused':2,'DiskS3GetObject':1,'DiskS3HeadObject':1,'DiskS3ReadMicroseconds':1149,'DiskS3ReadRequestsCount':2,'IOBufferAllocBytes':1052939,'IOBufferAllocs':2,'LocalThreadPoolJobs':1,'LogTrace':3,'LoggerElapsedNanoseconds':12680,'MemoryAllocatedWithoutCheck':8,'MemoryAllocatedWithoutCheckBytes':2167310,'ReadBufferFromS3Bytes':141,'ReadBufferFromS3InitMicroseconds':650,'ReadBufferFromS3Microseconds':655,'S3GetObject':1,'S3HeadObject':1,'S3ReadMicroseconds':1149,'S3ReadRequestsCount':2,'WriteBufferFromS3Bytes':141}	e5ae429ca19c70b5f7ce742a6e80f748	lease	3782	{'acquired':1,'steal_allowed':1}
2afe19975e46	2026-07-26	2026-07-26 21:46:59	2026-07-26 21:46:59.024434	Phase	ca	ca_soak_ch1	fc461c6c87e27bc94fbcfebbdc698fb8	Scheduled	0	Unknown	0	0	0	0	0	0	0	0	0	0	0	0		{'CasGcGet':2,'CasGcList':1,'ContextLock':9,'DiskConnectionsPreserved':4,'DiskConnectionsReused':4,'DiskS3GetObject':2,'DiskS3HeadObject':2,'DiskS3ReadMicroseconds':1009,'DiskS3ReadRequestsCount':4,'GlobalThreadPoolJobs':1,'IOBufferAllocBytes':8688,'IOBufferAllocs':2,'LocalThreadPoolExpansions':1,'LocalThreadPoolJobs':1,'LocalThreadPoolShrinks':1,'LocalThreadPoolThreadCreationMicroseconds':4,'MemoryAllocatedWithoutCheck':8,'MemoryAllocatedWithoutCheckBytes':8704,'ReadBufferFromS3Bytes':370,'ReadBufferFromS3InitMicroseconds':715,'ReadBufferFromS3Microseconds':721,'S3GetObject':2,'S3HeadObject':2,'S3ReadMicroseconds':1009,'S3ReadRequestsCount':4}	e5ae429ca19c70b5f7ce742a6e80f748	heartbeat_floor	3109	{'already_fenced':0,'fenced_now':0,'live':2,'terminated':0}
2afe19975e46	2026-07-26	2026-07-26 21:46:59	2026-07-26 21:46:59.044789	Phase	ca	ca_soak_ch1	fc461c6c87e27bc94fbcfebbdc698fb8	Scheduled	0	Unknown	0	0	0	0	0	0	0	0	0	0	0	0		{'CasGcEnumerationPages':1,'CasGcGet':2,'CasRootList':1,'ContextLock':9,'DiskConnectionsPreserved':4,'DiskConnectionsReused':4,'DiskS3GetObject':2,'DiskS3HeadObject':2,'DiskS3ReadMicroseconds':686,'DiskS3ReadRequestsCount':4,'GlobalThreadPoolJobs':1,'IOBufferAllocBytes':9364,'IOBufferAllocs':2,'LocalThreadPoolExpansions':1,'LocalThreadPoolJobs':1,'LocalThreadPoolShrinks':1,'LocalThreadPoolThreadCreationMicroseconds':2,'MemoryAllocatedWithoutCheck':8,'MemoryAllocatedWithoutCheckBytes':8704,'ReadBufferFromS3Bytes':1046,'ReadBufferFromS3InitMicroseconds':510,'ReadBufferFromS3Microseconds':513,'S3GetObject':2,'S3HeadObject':2,'S3ReadMicroseconds':686,'S3ReadRequestsCount':4}	e5ae429ca19c70b5f7ce742a6e80f748	defer_decision	20340	{'changed_shards':0,'deferred':1,'fold_seal_reads':2,'graduation_due':0,'namespaces_seen':2,'ref_log_keys_listed':207,'rounds_deferred_before':0}
2afe19975e46	2026-07-26	2026-07-26 21:46:59	2026-07-26 21:46:59.044802	Finish	ca	ca_soak_ch1	fc461c6c87e27bc94fbcfebbdc698fb8	Scheduled	25	Deferred	0	0	0	0	0	0	0	0	0	0	0	30		{'AsyncLoggingFileLogTotalMessages':3,'AsyncLoggingTextLogTotalMessages':3,'CasConditionalWriteAttempts':2,'CasConditionalWriteCommitted':2,'CasGcCas':2,'CasGcEnumerationPages':1,'CasGcGet':6,'CasGcList':1,'CasRootList':1,'ContextLock':31,'DiskConnectionsPreserved':12,'DiskConnectionsReused':12,'DiskS3GetObject':6,'DiskS3HeadObject':6,'DiskS3ReadMicroseconds':3467,'DiskS3ReadRequestsCount':12,'GlobalThreadPoolJobs':2,'IOBufferAllocBytes':2123870,'IOBufferAllocs':8,'LocalThreadPoolExpansions':2,'LocalThreadPoolJobs':4,'LocalThreadPoolShrinks':2,'LocalThreadPoolThreadCreationMicroseconds':6,'LogTrace':6,'LoggerElapsedNanoseconds':12680,'MemoryAllocatedWithoutCheck':28,'MemoryAllocatedWithoutCheckBytes':2189070,'ReadBufferFromS3Bytes':1638,'ReadBufferFromS3InitMicroseconds':2296,'ReadBufferFromS3Microseconds':2313,'S3GetObject':6,'S3HeadObject':6,'S3ReadMicroseconds':3467,'S3ReadRequestsCount':12,'WriteBufferFromS3Bytes':222}	e5ae429ca19c70b5f7ce742a6e80f748		0	{}
2afe19975e46	2026-07-26	2026-07-26 21:47:08	2026-07-26 21:47:08.582274	Start	ca	ca_soak_ch1	fc461c6c87e27bc94fbcfebbdc698fb8	Manual	0	Unknown	0	0	0	0	0	0	0	0	0	0	0	0		{}	cb99988e18406938e7463833de535aa6		0	{}
2afe19975e46	2026-07-26	2026-07-26 21:47:08	2026-07-26 21:47:08.585310	Phase	ca	ca_soak_ch1	fc461c6c87e27bc94fbcfebbdc698fb8	Manual	0	Unknown	0	0	0	0	0	0	0	0	0	0	0	0		{'CasConditionalWriteAttempts':1,'CasConditionalWriteCommitted':1,'CasGcCas':1,'CasGcGet':1,'ContextLock':5,'DiskConnectionsCreated':1,'DiskConnectionsElapsedMicroseconds':67,'DiskConnectionsExpired':1,'DiskConnectionsPreserved':1,'DiskConnectionsReused':1,'DiskS3GetObject':1,'DiskS3HeadObject':1,'DiskS3ReadMicroseconds':879,'DiskS3ReadRequestsCount':2,'IOBufferAllocBytes':1052939,'IOBufferAllocs':2,'LocalThreadPoolJobs':1,'LogTrace':3,'MemoryAllocatedWithoutCheck':6,'MemoryAllocatedWithoutCheckBytes':4448,'ReadBufferFromS3Bytes':141,'ReadBufferFromS3InitMicroseconds':634,'ReadBufferFromS3Microseconds':639,'S3GetObject':1,'S3HeadObject':1,'S3ReadMicroseconds':879,'S3ReadRequestsCount':2,'WriteBufferFromS3Bytes':141}	cb99988e18406938e7463833de535aa6	lease	3019	{'acquired':1,'steal_allowed':0}
2afe19975e46	2026-07-26	2026-07-26 21:47:08	2026-07-26 21:47:08.589417	Phase	ca	ca_soak_ch1	fc461c6c87e27bc94fbcfebbdc698fb8	Manual	0	Unknown	0	0	0	0	0	0	0	0	0	0	0	0		{'CasGcGet':2,'CasGcList':1,'ContextLock':9,'DiskConnectionsPreserved':4,'DiskConnectionsReused':4,'DiskS3GetObject':2,'DiskS3HeadObject':2,'DiskS3ReadMicroseconds':861,'DiskS3ReadRequestsCount':4,'GlobalThreadPoolJobs':1,'IOBufferAllocBytes':8688,'IOBufferAllocs':2,'LocalThreadPoolExpansions':1,'LocalThreadPoolJobs':1,'LocalThreadPoolShrinks':1,'LocalThreadPoolThreadCreationMicroseconds':3,'MemoryAllocatedWithoutCheck':8,'MemoryAllocatedWithoutCheckBytes':8704,'ReadBufferFromS3Bytes':370,'ReadBufferFromS3InitMicroseconds':568,'ReadBufferFromS3Microseconds':574,'S3GetObject':2,'S3HeadObject':2,'S3ReadMicroseconds':861,'S3ReadRequestsCount':4}	cb99988e18406938e7463833de535aa6	heartbeat_floor	2492	{'already_fenced':0,'fenced_now':0,'live':2,'terminated':0}
2afe19975e46	2026-07-26	2026-07-26 21:47:08	2026-07-26 21:47:08.607988	Phase	ca	ca_soak_ch1	fc461c6c87e27bc94fbcfebbdc698fb8	Manual	0	Unknown	0	0	0	0	0	0	0	0	0	0	0	0		{'CasGcEnumerationPages':1,'CasGcGet':2,'CasRootList':1,'ContextLock':9,'DiskConnectionsPreserved':4,'DiskConnectionsReused':4,'DiskS3GetObject':2,'DiskS3HeadObject':2,'DiskS3ReadMicroseconds':668,'DiskS3ReadRequestsCount':4,'GlobalThreadPoolJobs':1,'IOBufferAllocBytes':9364,'IOBufferAllocs':2,'LocalThreadPoolExpansions':1,'LocalThreadPoolJobs':1,'LocalThreadPoolShrinks':1,'LocalThreadPoolThreadCreationMicroseconds':2,'MemoryAllocatedWithoutCheck':8,'MemoryAllocatedWithoutCheckBytes':8704,'QueryProfilerRuns':2,'ReadBufferFromS3Bytes':1046,'ReadBufferFromS3InitMicroseconds':475,'ReadBufferFromS3Microseconds':478,'S3GetObject':2,'S3HeadObject':2,'S3ReadMicroseconds':668,'S3ReadRequestsCount':4}	cb99988e18406938e7463833de535aa6	defer_decision	18560	{'changed_shards':0,'deferred':1,'fold_seal_reads':2,'graduation_due':0,'namespaces_seen':2,'ref_log_keys_listed':207,'rounds_deferred_before':1}
2afe19975e46	2026-07-26	2026-07-26 21:47:08	2026-07-26 21:47:08.608002	Finish	ca	ca_soak_ch1	fc461c6c87e27bc94fbcfebbdc698fb8	Manual	25	Deferred	0	0	0	0	0	0	0	0	0	0	0	25		{'CasConditionalWriteAttempts':2,'CasConditionalWriteCommitted':2,'CasGcCas':2,'CasGcEnumerationPages':1,'CasGcGet':6,'CasGcList':1,'CasRootList':1,'ContextLock':31,'DiskConnectionsCreated':1,'DiskConnectionsElapsedMicroseconds':67,'DiskConnectionsExpired':1,'DiskConnectionsPreserved':11,'DiskConnectionsReused':11,'DiskS3GetObject':6,'DiskS3HeadObject':6,'DiskS3ReadMicroseconds':2906,'DiskS3ReadRequestsCount':12,'GlobalThreadPoolJobs':2,'IOBufferAllocBytes':2123870,'IOBufferAllocs':8,'LocalThreadPoolExpansions':2,'LocalThreadPoolJobs':4,'LocalThreadPoolShrinks':2,'LocalThreadPoolThreadCreationMicroseconds':5,'LogTrace':6,'MemoryAllocatedWithoutCheck':26,'MemoryAllocatedWithoutCheckBytes':26208,'QueryProfilerRuns':2,'ReadBufferFromS3Bytes':1638,'ReadBufferFromS3InitMicroseconds':1993,'ReadBufferFromS3Microseconds':2010,'S3GetObject':6,'S3HeadObject':6,'S3ReadMicroseconds':2906,'S3ReadRequestsCount':12,'WriteBufferFromS3Bytes':222}	cb99988e18406938e7463833de535aa6		0	{}
2afe19975e46	2026-07-26	2026-07-26 21:47:09	2026-07-26 21:47:09.044873	Start	ca	ca_soak_ch1	fc461c6c87e27bc94fbcfebbdc698fb8	Scheduled	0	Unknown	0	0	0	0	0	0	0	0	0	0	0	0		{}	57387e1282df20ead6c829986fc0b207		0	{}
2afe19975e46	2026-07-26	2026-07-26 21:47:09	2026-07-26 21:47:09.048149	Phase	ca	ca_soak_ch1	fc461c6c87e27bc94fbcfebbdc698fb8	Scheduled	0	Unknown	0	0	0	0	0	0	0	0	0	0	0	0		{'AsyncLoggingFileLogTotalMessages':3,'AsyncLoggingTextLogTotalMessages':3,'CasConditionalWriteAttempts':1,'CasConditionalWriteCommitted':1,'CasGcCas':1,'CasGcGet':1,'ContextLock':5,'DiskConnectionsPreserved':2,'DiskConnectionsReused':2,'DiskS3GetObject':1,'DiskS3HeadObject':1,'DiskS3ReadMicroseconds':1087,'DiskS3ReadRequestsCount':2,'IOBufferAllocBytes':1052939,'IOBufferAllocs':2,'LocalThreadPoolJobs':1,'LogTrace':3,'LoggerElapsedNanoseconds':16270,'MemoryAllocatedWithoutCheck':8,'MemoryAllocatedWithoutCheckBytes':2167310,'ReadBufferFromS3Bytes':141,'ReadBufferFromS3InitMicroseconds':639,'ReadBufferFromS3Microseconds':644,'S3GetObject':1,'S3HeadObject':1,'S3ReadMicroseconds':1087,'S3ReadRequestsCount':2,'WriteBufferFromS3Bytes':141}	57387e1282df20ead6c829986fc0b207	lease	3252	{'acquired':1,'steal_allowed':1}
2afe19975e46	2026-07-26	2026-07-26 21:47:09	2026-07-26 21:47:09.052482	Phase	ca	ca_soak_ch1	fc461c6c87e27bc94fbcfebbdc698fb8	Scheduled	0	Unknown	0	0	0	0	0	0	0	0	0	0	0	0		{'CasGcGet':2,'CasGcList':1,'ContextLock':9,'DiskConnectionsPreserved':4,'DiskConnectionsReused':4,'DiskS3GetObject':2,'DiskS3HeadObject':2,'DiskS3ReadMicroseconds':929,'DiskS3ReadRequestsCount':4,'GlobalThreadPoolJobs':1,'IOBufferAllocBytes':8688,'IOBufferAllocs':2,'LocalThreadPoolExpansions':1,'LocalThreadPoolJobs':1,'LocalThreadPoolShrinks':1,'LocalThreadPoolThreadCreationMicroseconds':4,'MemoryAllocatedWithoutCheck':8,'MemoryAllocatedWithoutCheckBytes':8704,'ReadBufferFromS3Bytes':370,'ReadBufferFromS3InitMicroseconds':635,'ReadBufferFromS3Microseconds':641,'S3GetObject':2,'S3HeadObject':2,'S3ReadMicroseconds':929,'S3ReadRequestsCount':4}	57387e1282df20ead6c829986fc0b207	heartbeat_floor	2660	{'already_fenced':0,'fenced_now':0,'live':2,'terminated':0}
2afe19975e46	2026-07-26	2026-07-26 21:47:09	2026-07-26 21:47:09.071580	Phase	ca	ca_soak_ch1	fc461c6c87e27bc94fbcfebbdc698fb8	Scheduled	0	Unknown	0	0	0	0	0	0	0	0	0	0	0	0		{'CasGcEnumerationPages':1,'CasGcGet':2,'CasRootList':1,'ContextLock':9,'DiskConnectionsPreserved':4,'DiskConnectionsReused':4,'DiskS3GetObject':2,'DiskS3HeadObject':2,'DiskS3ReadMicroseconds':1126,'DiskS3ReadRequestsCount':4,'GlobalThreadPoolJobs':1,'IOBufferAllocBytes':9364,'IOBufferAllocs':2,'LocalThreadPoolExpansions':1,'LocalThreadPoolJobs':1,'LocalThreadPoolShrinks':1,'LocalThreadPoolThreadCreationMicroseconds':3,'MemoryAllocatedWithoutCheck':8,'MemoryAllocatedWithoutCheckBytes':8704,'ReadBufferFromS3Bytes':1046,'ReadBufferFromS3InitMicroseconds':633,'ReadBufferFromS3Microseconds':638,'S3GetObject':2,'S3HeadObject':2,'S3ReadMicroseconds':1126,'S3ReadRequestsCount':4}	57387e1282df20ead6c829986fc0b207	defer_decision	19082	{'changed_shards':0,'deferred':1,'fold_seal_reads':2,'graduation_due':0,'namespaces_seen':2,'ref_log_keys_listed':207,'rounds_deferred_before':2}
2afe19975e46	2026-07-26	2026-07-26 21:47:09	2026-07-26 21:47:09.071593	Finish	ca	ca_soak_ch1	fc461c6c87e27bc94fbcfebbdc698fb8	Scheduled	25	Deferred	0	0	0	0	0	0	0	0	0	0	0	26		{'AsyncLoggingFileLogTotalMessages':3,'AsyncLoggingTextLogTotalMessages':3,'CasConditionalWriteAttempts':2,'CasConditionalWriteCommitted':2,'CasGcCas':2,'CasGcEnumerationPages':1,'CasGcGet':6,'CasGcList':1,'CasRootList':1,'ContextLock':31,'DiskConnectionsPreserved':12,'DiskConnectionsReused':12,'DiskS3GetObject':6,'DiskS3HeadObject':6,'DiskS3ReadMicroseconds':3686,'DiskS3ReadRequestsCount':12,'GlobalThreadPoolJobs':2,'IOBufferAllocBytes':2123870,'IOBufferAllocs':8,'LocalThreadPoolExpansions':2,'LocalThreadPoolJobs':4,'LocalThreadPoolShrinks':2,'LocalThreadPoolThreadCreationMicroseconds':7,'LogTrace':6,'LoggerElapsedNanoseconds':16270,'MemoryAllocatedWithoutCheck':28,'MemoryAllocatedWithoutCheckBytes':2189070,'ReadBufferFromS3Bytes':1638,'ReadBufferFromS3InitMicroseconds':2242,'ReadBufferFromS3Microseconds':2260,'S3GetObject':6,'S3HeadObject':6,'S3ReadMicroseconds':3686,'S3ReadRequestsCount':12,'WriteBufferFromS3Bytes':222}	57387e1282df20ead6c829986fc0b207		0	{}
2afe19975e46	2026-07-26	2026-07-26 21:47:19	2026-07-26 21:47:19.071667	Start	ca	ca_soak_ch1	fc461c6c87e27bc94fbcfebbdc698fb8	Scheduled	0	Unknown	0	0	0	0	0	0	0	0	0	0	0	0		{}	87af233d01913bf56f0831dcff9db5dc		0	{}
2afe19975e46	2026-07-26	2026-07-26 21:47:19	2026-07-26 21:47:19.075127	Phase	ca	ca_soak_ch1	fc461c6c87e27bc94fbcfebbdc698fb8	Scheduled	0	Unknown	0	0	0	0	0	0	0	0	0	0	0	0		{'AsyncLoggingFileLogTotalMessages':3,'AsyncLoggingTextLogTotalMessages':3,'CasConditionalWriteAttempts':1,'CasConditionalWriteCommitted':1,'CasGcCas':1,'CasGcGet':1,'ContextLock':5,'DiskConnectionsPreserved':2,'DiskConnectionsReused':2,'DiskS3GetObject':1,'DiskS3HeadObject':1,'DiskS3ReadMicroseconds':1312,'DiskS3ReadRequestsCount':2,'IOBufferAllocBytes':1052939,'IOBufferAllocs':2,'LocalThreadPoolJobs':1,'LogTrace':3,'LoggerElapsedNanoseconds':16250,'MemoryAllocatedWithoutCheck':8,'MemoryAllocatedWithoutCheckBytes':2167310,'ReadBufferFromS3Bytes':141,'ReadBufferFromS3InitMicroseconds':611,'ReadBufferFromS3Microseconds':616,'S3GetObject':1,'S3HeadObject':1,'S3ReadMicroseconds':1312,'S3ReadRequestsCount':2,'WriteBufferFromS3Bytes':141}	87af233d01913bf56f0831dcff9db5dc	lease	3443	{'acquired':1,'steal_allowed':1}
2afe19975e46	2026-07-26	2026-07-26 21:47:19	2026-07-26 21:47:19.079996	Phase	ca	ca_soak_ch1	fc461c6c87e27bc94fbcfebbdc698fb8	Scheduled	0	Unknown	0	0	0	0	0	0	0	0	0	0	0	0		{'CasGcGet':2,'CasGcList':1,'ContextLock':9,'DiskConnectionsPreserved':4,'DiskConnectionsReused':4,'DiskS3GetObject':2,'DiskS3HeadObject':2,'DiskS3ReadMicroseconds':982,'DiskS3ReadRequestsCount':4,'GlobalThreadPoolJobs':1,'IOBufferAllocBytes':8688,'IOBufferAllocs':2,'LocalThreadPoolExpansions':1,'LocalThreadPoolJobs':1,'LocalThreadPoolShrinks':1,'LocalThreadPoolThreadCreationMicroseconds':8,'MemoryAllocatedWithoutCheck':8,'MemoryAllocatedWithoutCheckBytes':8704,'ReadBufferFromS3Bytes':370,'ReadBufferFromS3InitMicroseconds':703,'ReadBufferFromS3Microseconds':709,'S3GetObject':2,'S3HeadObject':2,'S3ReadMicroseconds':982,'S3ReadRequestsCount':4}	87af233d01913bf56f0831dcff9db5dc	heartbeat_floor	2952	{'already_fenced':0,'fenced_now':0,'live':2,'terminated':0}
2afe19975e46	2026-07-26	2026-07-26 21:47:19	2026-07-26 21:47:19.100698	Phase	ca	ca_soak_ch1	fc461c6c87e27bc94fbcfebbdc698fb8	Scheduled	0	Unknown	0	0	0	0	0	0	0	0	0	0	0	0		{'CasGcEnumerationPages':1,'CasGcGet':2,'CasRootList':1,'ContextLock':9,'DiskConnectionsPreserved':4,'DiskConnectionsReused':4,'DiskS3GetObject':2,'DiskS3HeadObject':2,'DiskS3ReadMicroseconds':840,'DiskS3ReadRequestsCount':4,'GlobalThreadPoolJobs':1,'IOBufferAllocBytes':9364,'IOBufferAllocs':2,'LocalThreadPoolExpansions':1,'LocalThreadPoolJobs':1,'LocalThreadPoolShrinks':1,'LocalThreadPoolThreadCreationMicroseconds':3,'MemoryAllocatedWithoutCheck':8,'MemoryAllocatedWithoutCheckBytes':8704,'ReadBufferFromS3Bytes':1046,'ReadBufferFromS3InitMicroseconds':637,'ReadBufferFromS3Microseconds':642,'S3GetObject':2,'S3HeadObject':2,'S3ReadMicroseconds':840,'S3ReadRequestsCount':4}	87af233d01913bf56f0831dcff9db5dc	defer_decision	20689	{'changed_shards':0,'deferred':1,'fold_seal_reads':2,'graduation_due':0,'namespaces_seen':2,'ref_log_keys_listed':207,'rounds_deferred_before':3}
2afe19975e46	2026-07-26	2026-07-26 21:47:19	2026-07-26 21:47:19.100715	Finish	ca	ca_soak_ch1	fc461c6c87e27bc94fbcfebbdc698fb8	Scheduled	25	Deferred	0	0	0	0	0	0	0	0	0	0	0	29		{'AsyncLoggingFileLogTotalMessages':3,'AsyncLoggingTextLogTotalMessages':3,'CasConditionalWriteAttempts':2,'CasConditionalWriteCommitted':2,'CasGcCas':2,'CasGcEnumerationPages':1,'CasGcGet':6,'CasGcList':1,'CasRootList':1,'ContextLock':31,'DiskConnectionsPreserved':12,'DiskConnectionsReused':12,'DiskS3GetObject':6,'DiskS3HeadObject':6,'DiskS3ReadMicroseconds':3668,'DiskS3ReadRequestsCount':12,'GlobalThreadPoolJobs':2,'IOBufferAllocBytes':2123870,'IOBufferAllocs':8,'LocalThreadPoolExpansions':2,'LocalThreadPoolJobs':4,'LocalThreadPoolShrinks':2,'LocalThreadPoolThreadCreationMicroseconds':11,'LogTrace':6,'LoggerElapsedNanoseconds':16250,'MemoryAllocatedWithoutCheck':28,'MemoryAllocatedWithoutCheckBytes':2189070,'ReadBufferFromS3Bytes':1638,'ReadBufferFromS3InitMicroseconds':2310,'ReadBufferFromS3Microseconds':2329,'S3GetObject':6,'S3HeadObject':6,'S3ReadMicroseconds':3668,'S3ReadRequestsCount':12,'WriteBufferFromS3Bytes':222}	87af233d01913bf56f0831dcff9db5dc		0	{}
2afe19975e46	2026-07-26	2026-07-26 21:47:19	2026-07-26 21:47:19.937563	Start	ca	ca_soak_ch1	fc461c6c87e27bc94fbcfebbdc698fb8	Manual	0	Unknown	0	0	0	0	0	0	0	0	0	0	0	0		{}	38458b2794e860603b2e4a888b83c3c9		0	{}
2afe19975e46	2026-07-26	2026-07-26 21:47:19	2026-07-26 21:47:19.940589	Phase	ca	ca_soak_ch1	fc461c6c87e27bc94fbcfebbdc698fb8	Manual	0	Unknown	0	0	0	0	0	0	0	0	0	0	0	0		{'CasConditionalWriteAttempts':1,'CasConditionalWriteCommitted':1,'CasGcCas':1,'CasGcGet':1,'ContextLock':5,'DiskConnectionsPreserved':2,'DiskConnectionsReused':2,'DiskS3GetObject':1,'DiskS3HeadObject':1,'DiskS3ReadMicroseconds':1380,'DiskS3ReadRequestsCount':2,'IOBufferAllocBytes':1052939,'IOBufferAllocs':2,'LocalThreadPoolJobs':1,'LogTrace':3,'MemoryAllocatedWithoutCheck':4,'MemoryAllocatedWithoutCheckBytes':4352,'ReadBufferFromS3Bytes':141,'ReadBufferFromS3InitMicroseconds':552,'ReadBufferFromS3Microseconds':557,'S3GetObject':1,'S3HeadObject':1,'S3ReadMicroseconds':1380,'S3ReadRequestsCount':2,'WriteBufferFromS3Bytes':141}	38458b2794e860603b2e4a888b83c3c9	lease	3011	{'acquired':1,'steal_allowed':0}
2afe19975e46	2026-07-26	2026-07-26 21:47:19	2026-07-26 21:47:19.944639	Phase	ca	ca_soak_ch1	fc461c6c87e27bc94fbcfebbdc698fb8	Manual	0	Unknown	0	0	0	0	0	0	0	0	0	0	0	0		{'CasGcGet':2,'CasGcList':1,'ContextLock':9,'DiskConnectionsPreserved':4,'DiskConnectionsReused':4,'DiskS3GetObject':2,'DiskS3HeadObject':2,'DiskS3ReadMicroseconds':831,'DiskS3ReadRequestsCount':4,'GlobalThreadPoolJobs':1,'IOBufferAllocBytes':8688,'IOBufferAllocs':2,'LocalThreadPoolExpansions':1,'LocalThreadPoolJobs':1,'LocalThreadPoolShrinks':1,'LocalThreadPoolThreadCreationMicroseconds':3,'MemoryAllocatedWithoutCheck':8,'MemoryAllocatedWithoutCheckBytes':8704,'ReadBufferFromS3Bytes':370,'ReadBufferFromS3InitMicroseconds':591,'ReadBufferFromS3Microseconds':596,'S3GetObject':2,'S3HeadObject':2,'S3ReadMicroseconds':831,'S3ReadRequestsCount':4}	38458b2794e860603b2e4a888b83c3c9	heartbeat_floor	2329	{'already_fenced':0,'fenced_now':0,'live':2,'terminated':0}
2afe19975e46	2026-07-26	2026-07-26 21:47:19	2026-07-26 21:47:19.961994	Phase	ca	ca_soak_ch1	fc461c6c87e27bc94fbcfebbdc698fb8	Manual	0	Unknown	0	0	0	0	0	0	0	0	0	0	0	0		{'CasGcEnumerationPages':1,'CasGcGet':2,'CasRootList':1,'ContextLock':9,'DiskConnectionsPreserved':4,'DiskConnectionsReused':4,'DiskS3GetObject':2,'DiskS3HeadObject':2,'DiskS3ReadMicroseconds':680,'DiskS3ReadRequestsCount':4,'GlobalThreadPoolJobs':1,'IOBufferAllocBytes':9364,'IOBufferAllocs':2,'LocalThreadPoolExpansions':1,'LocalThreadPoolJobs':1,'LocalThreadPoolShrinks':1,'LocalThreadPoolThreadCreationMicroseconds':2,'MemoryAllocatedWithoutCheck':8,'MemoryAllocatedWithoutCheckBytes':8704,'QueryProfilerRuns':2,'ReadBufferFromS3Bytes':1046,'ReadBufferFromS3InitMicroseconds':503,'ReadBufferFromS3Microseconds':506,'S3GetObject':2,'S3HeadObject':2,'S3ReadMicroseconds':680,'S3ReadRequestsCount':4}	38458b2794e860603b2e4a888b83c3c9	defer_decision	17343	{'changed_shards':0,'deferred':1,'fold_seal_reads':2,'graduation_due':0,'namespaces_seen':2,'ref_log_keys_listed':207,'rounds_deferred_before':4}
2afe19975e46	2026-07-26	2026-07-26 21:47:19	2026-07-26 21:47:19.962006	Finish	ca	ca_soak_ch1	fc461c6c87e27bc94fbcfebbdc698fb8	Manual	25	Deferred	0	0	0	0	0	0	0	0	0	0	0	24		{'CasConditionalWriteAttempts':2,'CasConditionalWriteCommitted':2,'CasGcCas':2,'CasGcEnumerationPages':1,'CasGcGet':6,'CasGcList':1,'CasRootList':1,'ContextLock':31,'DiskConnectionsPreserved':12,'DiskConnectionsReused':12,'DiskS3GetObject':6,'DiskS3HeadObject':6,'DiskS3ReadMicroseconds':3537,'DiskS3ReadRequestsCount':12,'GlobalThreadPoolJobs':2,'IOBufferAllocBytes':2123870,'IOBufferAllocs':8,'LocalThreadPoolExpansions':2,'LocalThreadPoolJobs':4,'LocalThreadPoolShrinks':2,'LocalThreadPoolThreadCreationMicroseconds':5,'LogTrace':6,'MemoryAllocatedWithoutCheck':24,'MemoryAllocatedWithoutCheckBytes':26112,'QueryProfilerRuns':2,'ReadBufferFromS3Bytes':1638,'ReadBufferFromS3InitMicroseconds':2127,'ReadBufferFromS3Microseconds':2143,'S3GetObject':6,'S3HeadObject':6,'S3ReadMicroseconds':3537,'S3ReadRequestsCount':12,'WriteBufferFromS3Bytes':222}	38458b2794e860603b2e4a888b83c3c9		0	{}
2afe19975e46	2026-07-26	2026-07-26 21:47:29	2026-07-26 21:47:29.100782	Start	ca	ca_soak_ch1	fc461c6c87e27bc94fbcfebbdc698fb8	Scheduled	0	Unknown	0	0	0	0	0	0	0	0	0	0	0	0		{}	e16e1d66b78ad755648ddca654ed569a		0	{}
2afe19975e46	2026-07-26	2026-07-26 21:47:29	2026-07-26 21:47:29.103751	Phase	ca	ca_soak_ch1	fc461c6c87e27bc94fbcfebbdc698fb8	Scheduled	0	Unknown	0	0	0	0	0	0	0	0	0	0	0	0		{'AsyncLoggingFileLogTotalMessages':3,'AsyncLoggingTextLogTotalMessages':3,'CasConditionalWriteAttempts':1,'CasConditionalWriteCommitted':1,'CasGcCas':1,'CasGcGet':1,'ContextLock':5,'DiskConnectionsPreserved':2,'DiskConnectionsReused':2,'DiskS3GetObject':1,'DiskS3HeadObject':1,'DiskS3ReadMicroseconds':1136,'DiskS3ReadRequestsCount':2,'IOBufferAllocBytes':1052939,'IOBufferAllocs':2,'LocalThreadPoolJobs':1,'LogTrace':3,'LoggerElapsedNanoseconds':13680,'MemoryAllocatedWithoutCheck':8,'MemoryAllocatedWithoutCheckBytes':2167310,'ReadBufferFromS3Bytes':141,'ReadBufferFromS3InitMicroseconds':575,'ReadBufferFromS3Microseconds':584,'S3GetObject':1,'S3HeadObject':1,'S3ReadMicroseconds':1136,'S3ReadRequestsCount':2,'WriteBufferFromS3Bytes':141}	e16e1d66b78ad755648ddca654ed569a	lease	2954	{'acquired':1,'steal_allowed':1}
2afe19975e46	2026-07-26	2026-07-26 21:47:29	2026-07-26 21:47:29.109367	Phase	ca	ca_soak_ch1	fc461c6c87e27bc94fbcfebbdc698fb8	Scheduled	0	Unknown	0	0	0	0	0	0	0	0	0	0	0	0		{'CasGcGet':2,'CasGcList':1,'ContextLock':9,'DiskConnectionsExpired':1,'DiskConnectionsPreserved':3,'DiskConnectionsReused':4,'DiskS3GetObject':2,'DiskS3HeadObject':2,'DiskS3ReadMicroseconds':1275,'DiskS3ReadRequestsCount':4,'GlobalThreadPoolJobs':1,'IOBufferAllocBytes':8688,'IOBufferAllocs':2,'LocalThreadPoolExpansions':1,'LocalThreadPoolJobs':1,'LocalThreadPoolShrinks':1,'LocalThreadPoolThreadCreationMicroseconds':4,'MemoryAllocatedWithoutCheck':6,'MemoryAllocatedWithoutCheckBytes':6528,'ReadBufferFromS3Bytes':370,'ReadBufferFromS3InitMicroseconds':896,'ReadBufferFromS3Microseconds':902,'S3GetObject':2,'S3HeadObject':2,'S3ReadMicroseconds':1275,'S3ReadRequestsCount':4}	e16e1d66b78ad755648ddca654ed569a	heartbeat_floor	3468	{'already_fenced':0,'fenced_now':0,'live':2,'terminated':0}
2afe19975e46	2026-07-26	2026-07-26 21:47:29	2026-07-26 21:47:29.132437	Phase	ca	ca_soak_ch1	fc461c6c87e27bc94fbcfebbdc698fb8	Scheduled	0	Unknown	0	0	0	0	0	0	0	0	0	0	0	0		{'CasGcEnumerationPages':1,'CasGcGet':2,'CasRootList':1,'ContextLock':9,'DiskConnectionsCreated':1,'DiskConnectionsElapsedMicroseconds':76,'DiskConnectionsPreserved':4,'DiskConnectionsReused':3,'DiskS3GetObject':2,'DiskS3HeadObject':2,'DiskS3ReadMicroseconds':941,'DiskS3ReadRequestsCount':4,'GlobalThreadPoolJobs':1,'IOBufferAllocBytes':9364,'IOBufferAllocs':2,'LocalThreadPoolExpansions':1,'LocalThreadPoolJobs':1,'LocalThreadPoolShrinks':1,'LocalThreadPoolThreadCreationMicroseconds':2,'MemoryAllocatedWithoutCheck':10,'MemoryAllocatedWithoutCheckBytes':10880,'ReadBufferFromS3Bytes':1046,'ReadBufferFromS3InitMicroseconds':661,'ReadBufferFromS3Microseconds':665,'S3GetObject':2,'S3HeadObject':2,'S3ReadMicroseconds':941,'S3ReadRequestsCount':4}	e16e1d66b78ad755648ddca654ed569a	defer_decision	23055	{'changed_shards':0,'deferred':1,'fold_seal_reads':2,'graduation_due':0,'namespaces_seen':2,'ref_log_keys_listed':207,'rounds_deferred_before':5}
2afe19975e46	2026-07-26	2026-07-26 21:47:29	2026-07-26 21:47:29.132452	Finish	ca	ca_soak_ch1	fc461c6c87e27bc94fbcfebbdc698fb8	Scheduled	25	Deferred	0	0	0	0	0	0	0	0	0	0	0	31		{'AsyncLoggingFileLogTotalMessages':3,'AsyncLoggingTextLogTotalMessages':3,'CasConditionalWriteAttempts':2,'CasConditionalWriteCommitted':2,'CasGcCas':2,'CasGcEnumerationPages':1,'CasGcGet':6,'CasGcList':1,'CasRootList':1,'ContextLock':31,'DiskConnectionsCreated':1,'DiskConnectionsElapsedMicroseconds':76,'DiskConnectionsExpired':1,'DiskConnectionsPreserved':11,'DiskConnectionsReused':11,'DiskS3GetObject':6,'DiskS3HeadObject':6,'DiskS3ReadMicroseconds':3958,'DiskS3ReadRequestsCount':12,'GlobalThreadPoolJobs':2,'IOBufferAllocBytes':2123870,'IOBufferAllocs':8,'LocalThreadPoolExpansions':2,'LocalThreadPoolJobs':4,'LocalThreadPoolShrinks':2,'LocalThreadPoolThreadCreationMicroseconds':6,'LogTrace':6,'LoggerElapsedNanoseconds':13680,'MemoryAllocatedWithoutCheck':28,'MemoryAllocatedWithoutCheckBytes':2189070,'ReadBufferFromS3Bytes':1638,'ReadBufferFromS3InitMicroseconds':2511,'ReadBufferFromS3Microseconds':2532,'S3GetObject':6,'S3HeadObject':6,'S3ReadMicroseconds':3958,'S3ReadRequestsCount':12,'WriteBufferFromS3Bytes':222}	e16e1d66b78ad755648ddca654ed569a		0	{}
2afe19975e46	2026-07-26	2026-07-26 21:47:31	2026-07-26 21:47:31.313182	Start	ca	ca_soak_ch1	fc461c6c87e27bc94fbcfebbdc698fb8	Manual	0	Unknown	0	0	0	0	0	0	0	0	0	0	0	0		{}	de8e092e993769391a3fe8cf1d90eb92		0	{}
2afe19975e46	2026-07-26	2026-07-26 21:47:31	2026-07-26 21:47:31.316341	Phase	ca	ca_soak_ch1	fc461c6c87e27bc94fbcfebbdc698fb8	Manual	0	Unknown	0	0	0	0	0	0	0	0	0	0	0	0		{'CasConditionalWriteAttempts':1,'CasConditionalWriteCommitted':1,'CasGcCas':1,'CasGcGet':1,'ContextLock':5,'DiskConnectionsPreserved':2,'DiskConnectionsReused':2,'DiskS3GetObject':1,'DiskS3HeadObject':1,'DiskS3ReadMicroseconds':1083,'DiskS3ReadRequestsCount':2,'IOBufferAllocBytes':1052939,'IOBufferAllocs':2,'LocalThreadPoolJobs':1,'LogTrace':3,'MemoryAllocatedWithoutCheck':4,'MemoryAllocatedWithoutCheckBytes':4352,'ReadBufferFromS3Bytes':141,'ReadBufferFromS3InitMicroseconds':627,'ReadBufferFromS3Microseconds':633,'S3GetObject':1,'S3HeadObject':1,'S3ReadMicroseconds':1083,'S3ReadRequestsCount':2,'WriteBufferFromS3Bytes':141}	de8e092e993769391a3fe8cf1d90eb92	lease	3144	{'acquired':1,'steal_allowed':0}
2afe19975e46	2026-07-26	2026-07-26 21:47:31	2026-07-26 21:47:31.321210	Phase	ca	ca_soak_ch1	fc461c6c87e27bc94fbcfebbdc698fb8	Manual	0	Unknown	0	0	0	0	0	0	0	0	0	0	0	0		{'CasGcGet':2,'CasGcList':1,'ContextLock':9,'DiskConnectionsPreserved':4,'DiskConnectionsReused':4,'DiskS3GetObject':2,'DiskS3HeadObject':2,'DiskS3ReadMicroseconds':921,'DiskS3ReadRequestsCount':4,'GlobalThreadPoolJobs':1,'IOBufferAllocBytes':8688,'IOBufferAllocs':2,'LocalThreadPoolExpansions':1,'LocalThreadPoolJobs':1,'LocalThreadPoolShrinks':1,'LocalThreadPoolThreadCreationMicroseconds':4,'MemoryAllocatedWithoutCheck':8,'MemoryAllocatedWithoutCheckBytes':8704,'QueryProfilerRuns':1,'ReadBufferFromS3Bytes':370,'ReadBufferFromS3InitMicroseconds':622,'ReadBufferFromS3Microseconds':628,'S3GetObject':2,'S3HeadObject':2,'S3ReadMicroseconds':921,'S3ReadRequestsCount':4}	de8e092e993769391a3fe8cf1d90eb92	heartbeat_floor	2867	{'already_fenced':0,'fenced_now':0,'live':2,'terminated':0}
2afe19975e46	2026-07-26	2026-07-26 21:47:31	2026-07-26 21:47:31.340564	Phase	ca	ca_soak_ch1	fc461c6c87e27bc94fbcfebbdc698fb8	Manual	0	Unknown	0	0	0	0	0	0	0	0	0	0	0	0		{'CasGcEnumerationPages':1,'CasGcGet':2,'CasRootList':1,'ContextLock':9,'DiskConnectionsPreserved':4,'DiskConnectionsReused':4,'DiskS3GetObject':2,'DiskS3HeadObject':2,'DiskS3ReadMicroseconds':668,'DiskS3ReadRequestsCount':4,'GlobalThreadPoolJobs':1,'IOBufferAllocBytes':9364,'IOBufferAllocs':2,'LocalThreadPoolExpansions':1,'LocalThreadPoolJobs':1,'LocalThreadPoolShrinks':1,'LocalThreadPoolThreadCreationMicroseconds':3,'MemoryAllocatedWithoutCheck':8,'MemoryAllocatedWithoutCheckBytes':8704,'QueryProfilerRuns':2,'ReadBufferFromS3Bytes':1046,'ReadBufferFromS3InitMicroseconds':484,'ReadBufferFromS3Microseconds':488,'S3GetObject':2,'S3HeadObject':2,'S3ReadMicroseconds':668,'S3ReadRequestsCount':4}	de8e092e993769391a3fe8cf1d90eb92	defer_decision	19335	{'changed_shards':0,'deferred':1,'fold_seal_reads':2,'graduation_due':0,'namespaces_seen':2,'ref_log_keys_listed':207,'rounds_deferred_before':6}
2afe19975e46	2026-07-26	2026-07-26 21:47:31	2026-07-26 21:47:31.340581	Finish	ca	ca_soak_ch1	fc461c6c87e27bc94fbcfebbdc698fb8	Manual	25	Deferred	0	0	0	0	0	0	0	0	0	0	0	27		{'CasConditionalWriteAttempts':2,'CasConditionalWriteCommitted':2,'CasGcCas':2,'CasGcEnumerationPages':1,'CasGcGet':6,'CasGcList':1,'CasRootList':1,'ContextLock':31,'DiskConnectionsPreserved':12,'DiskConnectionsReused':12,'DiskS3GetObject':6,'DiskS3HeadObject':6,'DiskS3ReadMicroseconds':3298,'DiskS3ReadRequestsCount':12,'GlobalThreadPoolJobs':2,'IOBufferAllocBytes':2123870,'IOBufferAllocs':8,'LocalThreadPoolExpansions':2,'LocalThreadPoolJobs':4,'LocalThreadPoolShrinks':2,'LocalThreadPoolThreadCreationMicroseconds':7,'LogTrace':6,'MemoryAllocatedWithoutCheck':24,'MemoryAllocatedWithoutCheckBytes':26112,'QueryProfilerRuns':3,'ReadBufferFromS3Bytes':1638,'ReadBufferFromS3InitMicroseconds':2184,'ReadBufferFromS3Microseconds':2204,'S3GetObject':6,'S3HeadObject':6,'S3ReadMicroseconds':3298,'S3ReadRequestsCount':12,'WriteBufferFromS3Bytes':222}	de8e092e993769391a3fe8cf1d90eb92		0	{}
2afe19975e46	2026-07-26	2026-07-26 21:47:39	2026-07-26 21:47:39.132517	Start	ca	ca_soak_ch1	fc461c6c87e27bc94fbcfebbdc698fb8	Scheduled	0	Unknown	0	0	0	0	0	0	0	0	0	0	0	0		{}	3f5e5e07a2bdfc33c5e6bedd95f24957		0	{}
2afe19975e46	2026-07-26	2026-07-26 21:47:39	2026-07-26 21:47:39.135940	Phase	ca	ca_soak_ch1	fc461c6c87e27bc94fbcfebbdc698fb8	Scheduled	0	Unknown	0	0	0	0	0	0	0	0	0	0	0	0		{'AsyncLoggingFileLogTotalMessages':3,'AsyncLoggingTextLogTotalMessages':3,'CasConditionalWriteAttempts':1,'CasConditionalWriteCommitted':1,'CasGcCas':1,'CasGcGet':1,'ContextLock':5,'DiskConnectionsPreserved':2,'DiskConnectionsReused':2,'DiskS3GetObject':1,'DiskS3HeadObject':1,'DiskS3ReadMicroseconds':1209,'DiskS3ReadRequestsCount':2,'IOBufferAllocBytes':1052939,'IOBufferAllocs':2,'LocalThreadPoolJobs':1,'LogTrace':3,'LoggerElapsedNanoseconds':19360,'MemoryAllocatedWithoutCheck':8,'MemoryAllocatedWithoutCheckBytes':2167310,'ReadBufferFromS3Bytes':141,'ReadBufferFromS3InitMicroseconds':609,'ReadBufferFromS3Microseconds':615,'S3GetObject':1,'S3HeadObject':1,'S3ReadMicroseconds':1209,'S3ReadRequestsCount':2,'WriteBufferFromS3Bytes':141}	3f5e5e07a2bdfc33c5e6bedd95f24957	lease	3406	{'acquired':1,'steal_allowed':1}
2afe19975e46	2026-07-26	2026-07-26 21:47:39	2026-07-26 21:47:39.141249	Phase	ca	ca_soak_ch1	fc461c6c87e27bc94fbcfebbdc698fb8	Scheduled	0	Unknown	0	0	0	0	0	0	0	0	0	0	0	0		{'CasGcGet':2,'CasGcList':1,'ContextLock':9,'DiskConnectionsPreserved':4,'DiskConnectionsReused':4,'DiskS3GetObject':2,'DiskS3HeadObject':2,'DiskS3ReadMicroseconds':1046,'DiskS3ReadRequestsCount':4,'GlobalThreadPoolJobs':1,'IOBufferAllocBytes':8688,'IOBufferAllocs':2,'LocalThreadPoolExpansions':1,'LocalThreadPoolJobs':1,'LocalThreadPoolShrinks':1,'LocalThreadPoolThreadCreationMicroseconds':3,'MemoryAllocatedWithoutCheck':8,'MemoryAllocatedWithoutCheckBytes':8704,'ReadBufferFromS3Bytes':370,'ReadBufferFromS3InitMicroseconds':731,'ReadBufferFromS3Microseconds':737,'S3GetObject':2,'S3HeadObject':2,'S3ReadMicroseconds':1046,'S3ReadRequestsCount':4}	3f5e5e07a2bdfc33c5e6bedd95f24957	heartbeat_floor	2935	{'already_fenced':0,'fenced_now':0,'live':2,'terminated':0}
2afe19975e46	2026-07-26	2026-07-26 21:47:39	2026-07-26 21:47:39.162034	Phase	ca	ca_soak_ch1	fc461c6c87e27bc94fbcfebbdc698fb8	Scheduled	0	Unknown	0	0	0	0	0	0	0	0	0	0	0	0		{'CasGcEnumerationPages':1,'CasGcGet':2,'CasRootList':1,'ContextLock':9,'DiskConnectionsPreserved':4,'DiskConnectionsReused':4,'DiskS3GetObject':2,'DiskS3HeadObject':2,'DiskS3ReadMicroseconds':812,'DiskS3ReadRequestsCount':4,'GlobalThreadPoolJobs':1,'IOBufferAllocBytes':9364,'IOBufferAllocs':2,'LocalThreadPoolExpansions':1,'LocalThreadPoolJobs':1,'LocalThreadPoolShrinks':1,'LocalThreadPoolThreadCreationMicroseconds':2,'MemoryAllocatedWithoutCheck':8,'MemoryAllocatedWithoutCheckBytes':8704,'ReadBufferFromS3Bytes':1046,'ReadBufferFromS3InitMicroseconds':580,'ReadBufferFromS3Microseconds':584,'S3GetObject':2,'S3HeadObject':2,'S3ReadMicroseconds':812,'S3ReadRequestsCount':4}	3f5e5e07a2bdfc33c5e6bedd95f24957	defer_decision	20768	{'changed_shards':0,'deferred':1,'fold_seal_reads':2,'graduation_due':0,'namespaces_seen':2,'ref_log_keys_listed':207,'rounds_deferred_before':7}
2afe19975e46	2026-07-26	2026-07-26 21:47:39	2026-07-26 21:47:39.162050	Finish	ca	ca_soak_ch1	fc461c6c87e27bc94fbcfebbdc698fb8	Scheduled	25	Deferred	0	0	0	0	0	0	0	0	0	0	0	29		{'AsyncLoggingFileLogTotalMessages':3,'AsyncLoggingTextLogTotalMessages':3,'CasConditionalWriteAttempts':2,'CasConditionalWriteCommitted':2,'CasGcCas':2,'CasGcEnumerationPages':1,'CasGcGet':6,'CasGcList':1,'CasRootList':1,'ContextLock':31,'DiskConnectionsPreserved':12,'DiskConnectionsReused':12,'DiskS3GetObject':6,'DiskS3HeadObject':6,'DiskS3ReadMicroseconds':3752,'DiskS3ReadRequestsCount':12,'GlobalThreadPoolJobs':2,'IOBufferAllocBytes':2123870,'IOBufferAllocs':8,'LocalThreadPoolExpansions':2,'LocalThreadPoolJobs':4,'LocalThreadPoolShrinks':2,'LocalThreadPoolThreadCreationMicroseconds':5,'LogTrace':6,'LoggerElapsedNanoseconds':19360,'MemoryAllocatedWithoutCheck':28,'MemoryAllocatedWithoutCheckBytes':2189070,'ReadBufferFromS3Bytes':1638,'ReadBufferFromS3InitMicroseconds':2454,'ReadBufferFromS3Microseconds':2474,'S3GetObject':6,'S3HeadObject':6,'S3ReadMicroseconds':3752,'S3ReadRequestsCount':12,'WriteBufferFromS3Bytes':222}	3f5e5e07a2bdfc33c5e6bedd95f24957		0	{}
2afe19975e46	2026-07-26	2026-07-26 21:47:42	2026-07-26 21:47:42.709599	Phase	ca	ca_soak_ch1	fc461c6c87e27bc94fbcfebbdc698fb8	Manual	0	Unknown	0	0	0	0	0	0	0	0	0	0	0	0		{'CasGcEnumerationPages':1,'CasRefGlobalListPages':1,'CasRootList':1,'GlobalThreadPoolJobs':1,'LocalThreadPoolExpansions':1,'LocalThreadPoolJobs':1,'LocalThreadPoolShrinks':1,'LocalThreadPoolThreadCreationMicroseconds':2,'QueryProfilerRuns':1}	306b67453273a60094064206645b87d9	fold_ref_list	14127	{'namespaces_seen':2,'probe_a_holes':0,'ref_folding_aborted':0,'ref_keys_listed':209}
2afe19975e46	2026-07-26	2026-07-26 21:47:42	2026-07-26 21:47:42.674137	Phase	ca	ca_soak_ch1	fc461c6c87e27bc94fbcfebbdc698fb8	Manual	0	Unknown	0	0	0	0	0	0	0	0	0	0	0	0		{'CasConditionalWriteAttempts':1,'CasConditionalWriteCommitted':1,'CasGcCas':1,'CasGcGet':1,'ContextLock':5,'DiskConnectionsPreserved':2,'DiskConnectionsReused':2,'DiskS3GetObject':1,'DiskS3HeadObject':1,'DiskS3ReadMicroseconds':942,'DiskS3ReadRequestsCount':2,'IOBufferAllocBytes':1052939,'IOBufferAllocs':2,'LocalThreadPoolJobs':1,'LogTrace':3,'MemoryAllocatedWithoutCheck':4,'MemoryAllocatedWithoutCheckBytes':4352,'ReadBufferFromS3Bytes':141,'ReadBufferFromS3InitMicroseconds':559,'ReadBufferFromS3Microseconds':563,'S3GetObject':1,'S3HeadObject':1,'S3ReadMicroseconds':942,'S3ReadRequestsCount':2,'WriteBufferFromS3Bytes':141}	306b67453273a60094064206645b87d9	lease	2756	{'acquired':1,'steal_allowed':0}
2afe19975e46	2026-07-26	2026-07-26 21:47:42	2026-07-26 21:47:42.678442	Phase	ca	ca_soak_ch1	fc461c6c87e27bc94fbcfebbdc698fb8	Manual	0	Unknown	0	0	0	0	0	0	0	0	0	0	0	0		{'CasGcGet':2,'CasGcList':1,'ContextLock':9,'DiskConnectionsPreserved':4,'DiskConnectionsReused':4,'DiskS3GetObject':2,'DiskS3HeadObject':2,'DiskS3ReadMicroseconds':890,'DiskS3ReadRequestsCount':4,'GlobalThreadPoolJobs':1,'IOBufferAllocBytes':8688,'IOBufferAllocs':2,'LocalThreadPoolExpansions':1,'LocalThreadPoolJobs':1,'LocalThreadPoolShrinks':1,'LocalThreadPoolThreadCreationMicroseconds':2,'MemoryAllocatedWithoutCheck':8,'MemoryAllocatedWithoutCheckBytes':8704,'ReadBufferFromS3Bytes':370,'ReadBufferFromS3InitMicroseconds':638,'ReadBufferFromS3Microseconds':643,'S3GetObject':2,'S3HeadObject':2,'S3ReadMicroseconds':890,'S3ReadRequestsCount':4}	306b67453273a60094064206645b87d9	heartbeat_floor	2559	{'already_fenced':0,'fenced_now':0,'live':2,'terminated':0}
2afe19975e46	2026-07-26	2026-07-26 21:47:42	2026-07-26 21:47:42.694787	Phase	ca	ca_soak_ch1	fc461c6c87e27bc94fbcfebbdc698fb8	Manual	0	Unknown	0	0	0	0	0	0	0	0	0	0	0	0		{'CasGcEnumerationPages':1,'CasGcGet':2,'CasRootList':1,'ContextLock':8,'DiskConnectionsPreserved':4,'DiskConnectionsReused':4,'DiskS3GetObject':2,'DiskS3HeadObject':2,'DiskS3ReadMicroseconds':593,'DiskS3ReadRequestsCount':4,'GlobalThreadPoolJobs':1,'IOBufferAllocBytes':9364,'IOBufferAllocs':2,'LocalThreadPoolExpansions':1,'LocalThreadPoolJobs':1,'LocalThreadPoolShrinks':1,'LocalThreadPoolThreadCreationMicroseconds':2,'MemoryAllocatedWithoutCheck':8,'MemoryAllocatedWithoutCheckBytes':8704,'QueryProfilerRuns':2,'ReadBufferFromS3Bytes':1046,'ReadBufferFromS3InitMicroseconds':424,'ReadBufferFromS3Microseconds':425,'S3GetObject':2,'S3HeadObject':2,'S3ReadMicroseconds':593,'S3ReadRequestsCount':4}	306b67453273a60094064206645b87d9	defer_decision	16334	{'changed_shards':0,'deferred':0,'fold_seal_reads':2,'graduation_due':0,'namespaces_seen':2,'ref_log_keys_listed':207,'rounds_deferred_before':8}
2afe19975e46	2026-07-26	2026-07-26 21:47:42	2026-07-26 21:47:42.695466	Phase	ca	ca_soak_ch1	fc461c6c87e27bc94fbcfebbdc698fb8	Manual	0	Unknown	0	0	0	0	0	0	0	0	0	0	0	0		{'CasGcGet':1,'ContextLock':4,'DiskConnectionsPreserved':2,'DiskConnectionsReused':2,'DiskS3GetObject':1,'DiskS3HeadObject':1,'DiskS3ReadMicroseconds':493,'DiskS3ReadRequestsCount':2,'IOBufferAllocBytes':4682,'IOBufferAllocs':1,'MemoryAllocatedWithoutCheck':4,'MemoryAllocatedWithoutCheckBytes':4352,'ReadBufferFromS3Bytes':523,'ReadBufferFromS3InitMicroseconds':304,'ReadBufferFromS3Microseconds':307,'S3GetObject':1,'S3HeadObject':1,'S3ReadMicroseconds':493,'S3ReadRequestsCount':2}	306b67453273a60094064206645b87d9	parent_seal_read	670	{'parent_runs':1}
2afe19975e46	2026-07-26	2026-07-26 21:47:42	2026-07-26 21:47:42.671307	Start	ca	ca_soak_ch1	fc461c6c87e27bc94fbcfebbdc698fb8	Manual	0	Unknown	0	0	0	0	0	0	0	0	0	0	0	0		{}	306b67453273a60094064206645b87d9		0	{}
2afe19975e46	2026-07-26	2026-07-26 21:47:42	2026-07-26 21:47:42.710722	Phase	ca	ca_soak_ch1	fc461c6c87e27bc94fbcfebbdc698fb8	Manual	0	Unknown	0	0	0	0	0	0	0	0	0	0	0	0		{'CasGcGet':2,'ContextLock':8,'DiskConnectionsPreserved':4,'DiskConnectionsReused':4,'DiskS3GetObject':2,'DiskS3HeadObject':2,'DiskS3ReadMicroseconds':782,'DiskS3ReadRequestsCount':4,'IOBufferAllocBytes':9364,'IOBufferAllocs':2,'MemoryAllocatedWithoutCheck':8,'MemoryAllocatedWithoutCheckBytes':8704,'QueryProfilerRuns':1,'ReadBufferFromS3Bytes':1046,'ReadBufferFromS3InitMicroseconds':601,'ReadBufferFromS3Microseconds':605,'S3GetObject':2,'S3HeadObject':2,'S3ReadMicroseconds':782,'S3ReadRequestsCount':4}	306b67453273a60094064206645b87d9	fold_seal_read	1116	{'ns_cleanup_items':0,'parent_cursors':2,'parent_runs':1,'redundant_reads':1,'seal_reads':2}
2afe19975e46	2026-07-26	2026-07-26 21:47:42	2026-07-26 21:47:42.710729	Phase	ca	ca_soak_ch1	fc461c6c87e27bc94fbcfebbdc698fb8	Manual	0	Unknown	0	0	0	0	0	0	0	0	0	0	0	0		{}	306b67453273a60094064206645b87d9	fold_ref_intake	3	{'dead_precommits_skipped':0,'deltas_emitted':0,'logs_applied':0,'logs_intended':0,'namespace_removals':0,'ref_folding_aborted':0,'tables_changed':0,'tables_clamped':0,'tables_scanned':2,'txns_opened':0}
2afe19975e46	2026-07-26	2026-07-26 21:47:42	2026-07-26 21:47:42.710735	Phase	ca	ca_soak_ch1	fc461c6c87e27bc94fbcfebbdc698fb8	Manual	0	Unknown	0	0	0	0	0	0	0	0	0	0	0	0		{}	306b67453273a60094064206645b87d9	fold_ns_cleanup_scan	0	{'items_added':0,'items_carried':0,'items_completed_now':0,'items_final':0,'items_scanned':0}
2afe19975e46	2026-07-26	2026-07-26 21:47:42	2026-07-26 21:47:42.710738	Phase	ca	ca_soak_ch1	fc461c6c87e27bc94fbcfebbdc698fb8	Manual	0	Unknown	0	0	0	0	0	0	0	0	0	0	0	0		{}	306b67453273a60094064206645b87d9	fold_reduce	2	{'condemned':0,'deltas_in':0,'graduated':0,'redelete_pending':0,'runs_written':1,'shards_pure_carry':1,'shards_reduced':0,'shards_total':1,'spared':0,'suppress_destructive':0,'txns_unapplied':0,'unmatched_removes':0}
2afe19975e46	2026-07-26	2026-07-26 21:47:42	2026-07-26 21:47:42.711563	Phase	ca	ca_soak_ch1	fc461c6c87e27bc94fbcfebbdc698fb8	Manual	0	Unknown	0	0	0	0	0	0	0	0	0	0	0	0		{'CasConditionalWriteAttempts':1,'CasConditionalWriteCommitted':1,'CasGcPut':1,'ContextLock':1,'IOBufferAllocBytes':1048639,'IOBufferAllocs':1,'LocalThreadPoolJobs':1,'LogTrace':3,'WriteBufferFromS3Bytes':523}	306b67453273a60094064206645b87d9	fold_seal_write	821	{'ns_cleanup_items':0,'seal_bytes':523,'seal_namespaces':2,'seal_runs':1}
2afe19975e46	2026-07-26	2026-07-26 21:47:42	2026-07-26 21:47:42.711574	Phase	ca	ca_soak_ch1	fc461c6c87e27bc94fbcfebbdc698fb8	Manual	0	Unknown	0	0	0	0	0	0	0	0	0	0	0	0		{}	306b67453273a60094064206645b87d9	pending_deletes	1	{'absent':0,'deleted':0,'graduated':0,'outcome_logs_written':0,'redeleted':0,'replaced':0,'spared':0}
2afe19975e46	2026-07-26	2026-07-26 21:47:42	2026-07-26 21:47:42.711576	Phase	ca	ca_soak_ch1	fc461c6c87e27bc94fbcfebbdc698fb8	Manual	0	Unknown	0	0	0	0	0	0	0	0	0	0	0	0		{}	306b67453273a60094064206645b87d9	meta_pool_wait	1	{'jobs_completed':0,'jobs_completed_on_entry':0,'jobs_scheduled':0}
2afe19975e46	2026-07-26	2026-07-26 21:47:42	2026-07-26 21:47:42.714501	Phase	ca	ca_soak_ch1	fc461c6c87e27bc94fbcfebbdc698fb8	Manual	0	Unknown	0	0	0	0	0	0	0	0	0	0	0	0		{'CasConditionalWriteAttempts':1,'CasConditionalWriteCommitted':1,'CasGcCas':1,'CasGcDelete':2,'CasGcEnumerationPages':1,'CasGcList':1,'ContextLock':3,'DiskConnectionsPreserved':2,'DiskConnectionsReused':2,'DiskS3DeleteObjects':2,'DiskS3WriteMicroseconds':1010,'DiskS3WriteRequestAttempts':2,'DiskS3WriteRequestsCount':2,'GlobalThreadPoolJobs':1,'IOBufferAllocBytes':1048639,'IOBufferAllocs':1,'LocalThreadPoolExpansions':1,'LocalThreadPoolJobs':2,'LocalThreadPoolShrinks':1,'LocalThreadPoolThreadCreationMicroseconds':2,'LogTrace':3,'MemoryAllocatedWithoutCheck':4,'MemoryAllocatedWithoutCheckBytes':4352,'S3WriteMicroseconds':1010,'S3WriteRequestAttempts':2,'S3WriteRequestsCount':2,'WriteBufferFromS3Bytes':141}	306b67453273a60094064206645b87d9	round_commit	2918	{'generation':26,'generations_referenced':1,'generations_visited':1,'pruned_through':23,'round':26}
2afe19975e46	2026-07-26	2026-07-26 21:47:42	2026-07-26 21:47:42.714506	Phase	ca	ca_soak_ch1	fc461c6c87e27bc94fbcfebbdc698fb8	Manual	0	Unknown	0	0	0	0	0	0	0	0	0	0	0	0		{}	306b67453273a60094064206645b87d9	handoff_reclaim	1	{'generations_reclaimed':0,'objects_reclaimed':0}
2afe19975e46	2026-07-26	2026-07-26 21:47:42	2026-07-26 21:47:42.714507	Phase	ca	ca_soak_ch1	fc461c6c87e27bc94fbcfebbdc698fb8	Manual	0	Unknown	0	0	0	0	0	0	0	0	0	0	0	0		{}	306b67453273a60094064206645b87d9	manifest_deletes	0	{'attempted':0,'deleted':0}
2afe19975e46	2026-07-26	2026-07-26 21:47:42	2026-07-26 21:47:42.714509	Phase	ca	ca_soak_ch1	fc461c6c87e27bc94fbcfebbdc698fb8	Manual	0	Unknown	0	0	0	0	0	0	0	0	0	0	0	0		{}	306b67453273a60094064206645b87d9	namespace_cleanup	1	{'items':0,'items_completed':0,'items_pending':0,'suppressed':0}
2afe19975e46	2026-07-26	2026-07-26 21:47:42	2026-07-26 21:47:42.714515	Phase	ca	ca_soak_ch1	fc461c6c87e27bc94fbcfebbdc698fb8	Manual	0	Unknown	0	0	0	0	0	0	0	0	0	0	0	0		{}	306b67453273a60094064206645b87d9	ref_object_cleanup	4	{'namespaces_planned':2,'suppressed':0,'trim_enabled':1}
2afe19975e46	2026-07-26	2026-07-26 21:47:42	2026-07-26 21:47:42.859468	Phase	ca	ca_soak_ch1	fc461c6c87e27bc94fbcfebbdc698fb8	Manual	0	Unknown	0	0	0	0	0	0	0	0	0	0	0	0		{'AsyncLoggingFileLogTotalMessages':26,'AsyncLoggingTextLogTotalMessages':26,'CasGcEnumerationPages':5,'CasGcGet':43,'CasManifestList':1,'CasRootGet':209,'CasRootList':4,'ContextLock':904,'ContextLockWaitMicroseconds':6,'DiskConnectionsCreated':5,'DiskConnectionsElapsedMicroseconds':323,'DiskConnectionsExpired':5,'DiskConnectionsPreserved':473,'DiskConnectionsReused':473,'DiskS3GetObject':226,'DiskS3HeadObject':252,'DiskS3ReadMicroseconds':68518,'DiskS3ReadRequestsCount':478,'DiskS3ReadRequestsErrors':26,'GlobalThreadPoolJobs':5,'IOBufferAllocBytes':1050704,'IOBufferAllocs':226,'LocalThreadPoolExpansions':5,'LocalThreadPoolJobs':5,'LocalThreadPoolShrinks':5,'LocalThreadPoolThreadCreationMicroseconds':16,'LogDebug':26,'LoggerElapsedNanoseconds':62980,'MemoryAllocatedWithoutCheck':960,'MemoryAllocatedWithoutCheckBytes':17571176,'QueryProfilerRuns':19,'ReadBufferFromS3Bytes':110770,'ReadBufferFromS3InitMicroseconds':48344,'ReadBufferFromS3Microseconds':48663,'S3GetObject':226,'S3HeadObject':252,'S3ReadMicroseconds':68518,'S3ReadRequestsCount':478,'S3ReadRequestsErrors':26}	306b67453273a60094064206645b87d9	orphan_sweep	144938	{'cursor_advanced':0,'list_budget_keys':1000}
2afe19975e46	2026-07-26	2026-07-26 21:47:42	2026-07-26 21:47:42.859492	Finish	ca	ca_soak_ch1	fc461c6c87e27bc94fbcfebbdc698fb8	Manual	26	Success	0	0	0	0	0	0	0	0	0	0	0	188		{'AsyncLoggingFileLogTotalMessages':26,'AsyncLoggingTextLogTotalMessages':26,'CasConditionalWriteAttempts':4,'CasConditionalWriteCommitted':4,'CasGcCas':3,'CasGcDelete':2,'CasGcEnumerationPages':8,'CasGcGet':52,'CasGcList':2,'CasGcPut':1,'CasManifestList':1,'CasRefGlobalListPages':1,'CasRootGet':209,'CasRootList':6,'ContextLock':967,'ContextLockWaitMicroseconds':6,'DiskConnectionsCreated':5,'DiskConnectionsElapsedMicroseconds':323,'DiskConnectionsExpired':5,'DiskConnectionsPreserved':493,'DiskConnectionsReused':493,'DiskS3DeleteObjects':2,'DiskS3GetObject':235,'DiskS3HeadObject':261,'DiskS3ReadMicroseconds':72802,'DiskS3ReadRequestsCount':496,'DiskS3ReadRequestsErrors':26,'DiskS3WriteMicroseconds':1010,'DiskS3WriteRequestAttempts':2,'DiskS3WriteRequestsCount':2,'GlobalThreadPoolJobs':9,'IOBufferAllocBytes':5285898,'IOBufferAllocs':239,'LocalThreadPoolExpansions':9,'LocalThreadPoolJobs':13,'LocalThreadPoolShrinks':9,'LocalThreadPoolThreadCreationMicroseconds':24,'LogDebug':26,'LogTrace':12,'LoggerElapsedNanoseconds':62980,'MemoryAllocatedWithoutCheck':1000,'MemoryAllocatedWithoutCheckBytes':17614696,'QueryProfilerRuns':23,'ReadBufferFromS3Bytes':113977,'ReadBufferFromS3InitMicroseconds':51251,'ReadBufferFromS3Microseconds':51590,'S3GetObject':235,'S3HeadObject':261,'S3ReadMicroseconds':72802,'S3ReadRequestsCount':496,'S3ReadRequestsErrors':26,'S3WriteMicroseconds':1010,'S3WriteRequestAttempts':2,'S3WriteRequestsCount':2,'WriteBufferFromS3Bytes':886}	306b67453273a60094064206645b87d9		0	{}
2afe19975e46	2026-07-26	2026-07-26 21:47:49	2026-07-26 21:47:49.186061	Phase	ca	ca_soak_ch1	fc461c6c87e27bc94fbcfebbdc698fb8	Scheduled	0	Unknown	0	0	0	0	0	0	0	0	0	0	0	0		{'CasGcEnumerationPages':1,'CasGcGet':2,'CasRootList':1,'ContextLock':9,'DiskConnectionsPreserved':4,'DiskConnectionsReused':4,'DiskS3GetObject':2,'DiskS3HeadObject':2,'DiskS3ReadMicroseconds':628,'DiskS3ReadRequestsCount':4,'GlobalThreadPoolJobs':1,'IOBufferAllocBytes':9364,'IOBufferAllocs':2,'LocalThreadPoolExpansions':1,'LocalThreadPoolJobs':1,'LocalThreadPoolShrinks':1,'LocalThreadPoolThreadCreationMicroseconds':2,'MemoryAllocatedWithoutCheck':8,'MemoryAllocatedWithoutCheckBytes':8704,'ReadBufferFromS3Bytes':1046,'ReadBufferFromS3InitMicroseconds':427,'ReadBufferFromS3Microseconds':430,'S3GetObject':2,'S3HeadObject':2,'S3ReadMicroseconds':628,'S3ReadRequestsCount':4}	bf1782787ba863f7b78b717e190792e5	defer_decision	16872	{'changed_shards':0,'deferred':1,'fold_seal_reads':2,'graduation_due':0,'namespaces_seen':2,'ref_log_keys_listed':207,'rounds_deferred_before':0}
2afe19975e46	2026-07-26	2026-07-26 21:47:49	2026-07-26 21:47:49.164927	Phase	ca	ca_soak_ch1	fc461c6c87e27bc94fbcfebbdc698fb8	Scheduled	0	Unknown	0	0	0	0	0	0	0	0	0	0	0	0		{'AsyncLoggingFileLogTotalMessages':3,'AsyncLoggingTextLogTotalMessages':3,'CasConditionalWriteAttempts':1,'CasConditionalWriteCommitted':1,'CasGcCas':1,'CasGcGet':1,'ContextLock':5,'DiskConnectionsPreserved':2,'DiskConnectionsReused':2,'DiskS3GetObject':1,'DiskS3HeadObject':1,'DiskS3ReadMicroseconds':991,'DiskS3ReadRequestsCount':2,'IOBufferAllocBytes':1052939,'IOBufferAllocs':2,'LocalThreadPoolJobs':1,'LogTrace':3,'LoggerElapsedNanoseconds':12640,'MemoryAllocatedWithoutCheck':8,'MemoryAllocatedWithoutCheckBytes':2167310,'ReadBufferFromS3Bytes':141,'ReadBufferFromS3InitMicroseconds':460,'ReadBufferFromS3Microseconds':465,'S3GetObject':1,'S3HeadObject':1,'S3ReadMicroseconds':991,'S3ReadRequestsCount':2,'WriteBufferFromS3Bytes':141}	bf1782787ba863f7b78b717e190792e5	lease	2788	{'acquired':1,'steal_allowed':1}
2afe19975e46	2026-07-26	2026-07-26 21:47:49	2026-07-26 21:47:49.169177	Phase	ca	ca_soak_ch1	fc461c6c87e27bc94fbcfebbdc698fb8	Scheduled	0	Unknown	0	0	0	0	0	0	0	0	0	0	0	0		{'CasGcGet':2,'CasGcList':1,'ContextLock':9,'DiskConnectionsPreserved':4,'DiskConnectionsReused':4,'DiskS3GetObject':2,'DiskS3HeadObject':2,'DiskS3ReadMicroseconds':851,'DiskS3ReadRequestsCount':4,'GlobalThreadPoolJobs':1,'IOBufferAllocBytes':8688,'IOBufferAllocs':2,'LocalThreadPoolExpansions':1,'LocalThreadPoolJobs':1,'LocalThreadPoolShrinks':1,'LocalThreadPoolThreadCreationMicroseconds':3,'MemoryAllocatedWithoutCheck':8,'MemoryAllocatedWithoutCheckBytes':8704,'ReadBufferFromS3Bytes':370,'ReadBufferFromS3InitMicroseconds':585,'ReadBufferFromS3Microseconds':589,'S3GetObject':2,'S3HeadObject':2,'S3ReadMicroseconds':851,'S3ReadRequestsCount':4}	bf1782787ba863f7b78b717e190792e5	heartbeat_floor	2415	{'already_fenced':0,'fenced_now':0,'live':2,'terminated':0}
2afe19975e46	2026-07-26	2026-07-26 21:47:49	2026-07-26 21:47:49.162123	Start	ca	ca_soak_ch1	fc461c6c87e27bc94fbcfebbdc698fb8	Scheduled	0	Unknown	0	0	0	0	0	0	0	0	0	0	0	0		{}	bf1782787ba863f7b78b717e190792e5		0	{}
2afe19975e46	2026-07-26	2026-07-26 21:47:49	2026-07-26 21:47:49.186073	Finish	ca	ca_soak_ch1	fc461c6c87e27bc94fbcfebbdc698fb8	Scheduled	26	Deferred	0	0	0	0	0	0	0	0	0	0	0	23		{'AsyncLoggingFileLogTotalMessages':3,'AsyncLoggingTextLogTotalMessages':3,'CasConditionalWriteAttempts':2,'CasConditionalWriteCommitted':2,'CasGcCas':2,'CasGcEnumerationPages':1,'CasGcGet':6,'CasGcList':1,'CasRootList':1,'ContextLock':31,'DiskConnectionsPreserved':12,'DiskConnectionsReused':12,'DiskS3GetObject':6,'DiskS3HeadObject':6,'DiskS3ReadMicroseconds':2967,'DiskS3ReadRequestsCount':12,'GlobalThreadPoolJobs':2,'IOBufferAllocBytes':2123870,'IOBufferAllocs':8,'LocalThreadPoolExpansions':2,'LocalThreadPoolJobs':4,'LocalThreadPoolShrinks':2,'LocalThreadPoolThreadCreationMicroseconds':5,'LogTrace':6,'LoggerElapsedNanoseconds':12640,'MemoryAllocatedWithoutCheck':28,'MemoryAllocatedWithoutCheckBytes':2189070,'ReadBufferFromS3Bytes':1638,'ReadBufferFromS3InitMicroseconds':1790,'ReadBufferFromS3Microseconds':1805,'S3GetObject':6,'S3HeadObject':6,'S3ReadMicroseconds':2967,'S3ReadRequestsCount':12,'WriteBufferFromS3Bytes':222}	bf1782787ba863f7b78b717e190792e5		0	{}
2afe19975e46	2026-07-26	2026-07-26 21:47:54	2026-07-26 21:47:54.181809	Start	ca	ca_soak_ch1	fc461c6c87e27bc94fbcfebbdc698fb8	Manual	0	Unknown	0	0	0	0	0	0	0	0	0	0	0	0		{}	2a510d9192ba3d35b405e155affa4abe		0	{}
2afe19975e46	2026-07-26	2026-07-26 21:47:54	2026-07-26 21:47:54.185122	Phase	ca	ca_soak_ch1	fc461c6c87e27bc94fbcfebbdc698fb8	Manual	0	Unknown	0	0	0	0	0	0	0	0	0	0	0	0		{'AsyncLoggingFileLogTotalMessages':3,'AsyncLoggingTextLogTotalMessages':3,'CasConditionalWriteAttempts':1,'CasConditionalWriteCommitted':1,'CasGcCas':1,'CasGcGet':1,'ContextLock':5,'DiskConnectionsPreserved':2,'DiskConnectionsReused':2,'DiskS3GetObject':1,'DiskS3HeadObject':1,'DiskS3ReadMicroseconds':859,'DiskS3ReadRequestsCount':2,'IOBufferAllocBytes':1052939,'IOBufferAllocs':2,'LocalThreadPoolJobs':1,'LogTrace':3,'LoggerElapsedNanoseconds':27190,'MemoryAllocatedWithoutCheck':12,'MemoryAllocatedWithoutCheckBytes':4483156,'ReadBufferFromS3Bytes':141,'ReadBufferFromS3InitMicroseconds':512,'ReadBufferFromS3Microseconds':517,'S3GetObject':1,'S3HeadObject':1,'S3ReadMicroseconds':859,'S3ReadRequestsCount':2,'WriteBufferFromS3Bytes':141}	2a510d9192ba3d35b405e155affa4abe	lease	3295	{'acquired':1,'steal_allowed':0}
2afe19975e46	2026-07-26	2026-07-26 21:47:54	2026-07-26 21:47:54.189379	Phase	ca	ca_soak_ch1	fc461c6c87e27bc94fbcfebbdc698fb8	Manual	0	Unknown	0	0	0	0	0	0	0	0	0	0	0	0		{'CasGcGet':2,'CasGcList':1,'ContextLock':9,'DiskConnectionsPreserved':4,'DiskConnectionsReused':4,'DiskS3GetObject':2,'DiskS3HeadObject':2,'DiskS3ReadMicroseconds':768,'DiskS3ReadRequestsCount':4,'GlobalThreadPoolJobs':1,'IOBufferAllocBytes':8688,'IOBufferAllocs':2,'LocalThreadPoolExpansions':1,'LocalThreadPoolJobs':1,'LocalThreadPoolShrinks':1,'LocalThreadPoolThreadCreationMicroseconds':4,'MemoryAllocatedWithoutCheck':8,'MemoryAllocatedWithoutCheckBytes':8704,'ReadBufferFromS3Bytes':370,'ReadBufferFromS3InitMicroseconds':532,'ReadBufferFromS3Microseconds':535,'S3GetObject':2,'S3HeadObject':2,'S3ReadMicroseconds':768,'S3ReadRequestsCount':4}	2a510d9192ba3d35b405e155affa4abe	heartbeat_floor	2224	{'already_fenced':0,'fenced_now':0,'live':2,'terminated':0}
2afe19975e46	2026-07-26	2026-07-26 21:47:54	2026-07-26 21:47:54.206137	Phase	ca	ca_soak_ch1	fc461c6c87e27bc94fbcfebbdc698fb8	Manual	0	Unknown	0	0	0	0	0	0	0	0	0	0	0	0		{'CasGcEnumerationPages':1,'CasGcGet':2,'CasRootList':1,'ContextLock':9,'DiskConnectionsPreserved':4,'DiskConnectionsReused':4,'DiskS3GetObject':2,'DiskS3HeadObject':2,'DiskS3ReadMicroseconds':671,'DiskS3ReadRequestsCount':4,'GlobalThreadPoolJobs':1,'IOBufferAllocBytes':9364,'IOBufferAllocs':2,'LocalThreadPoolExpansions':1,'LocalThreadPoolJobs':1,'LocalThreadPoolShrinks':1,'LocalThreadPoolThreadCreationMicroseconds':1,'MemoryAllocatedWithoutCheck':8,'MemoryAllocatedWithoutCheckBytes':8704,'QueryProfilerRuns':2,'ReadBufferFromS3Bytes':1046,'ReadBufferFromS3InitMicroseconds':463,'ReadBufferFromS3Microseconds':466,'S3GetObject':2,'S3HeadObject':2,'S3ReadMicroseconds':671,'S3ReadRequestsCount':4}	2a510d9192ba3d35b405e155affa4abe	defer_decision	16744	{'changed_shards':0,'deferred':1,'fold_seal_reads':2,'graduation_due':0,'namespaces_seen':2,'ref_log_keys_listed':207,'rounds_deferred_before':1}
2afe19975e46	2026-07-26	2026-07-26 21:47:54	2026-07-26 21:47:54.206151	Finish	ca	ca_soak_ch1	fc461c6c87e27bc94fbcfebbdc698fb8	Manual	26	Deferred	0	0	0	0	0	0	0	0	0	0	0	24		{'AsyncLoggingFileLogTotalMessages':3,'AsyncLoggingTextLogTotalMessages':3,'CasConditionalWriteAttempts':2,'CasConditionalWriteCommitted':2,'CasGcCas':2,'CasGcEnumerationPages':1,'CasGcGet':6,'CasGcList':1,'CasRootList':1,'ContextLock':31,'DiskConnectionsCreated':1,'DiskConnectionsElapsedMicroseconds':55,'DiskConnectionsExpired':1,'DiskConnectionsPreserved':11,'DiskConnectionsReused':11,'DiskS3GetObject':6,'DiskS3HeadObject':6,'DiskS3ReadMicroseconds':2899,'DiskS3ReadRequestsCount':12,'GlobalThreadPoolJobs':2,'IOBufferAllocBytes':2123870,'IOBufferAllocs':8,'LocalThreadPoolExpansions':2,'LocalThreadPoolJobs':4,'LocalThreadPoolShrinks':2,'LocalThreadPoolThreadCreationMicroseconds':5,'LogTrace':6,'LoggerElapsedNanoseconds':27190,'MemoryAllocatedWithoutCheck':34,'MemoryAllocatedWithoutCheckBytes':4505012,'QueryProfilerRuns':2,'ReadBufferFromS3Bytes':1638,'ReadBufferFromS3InitMicroseconds':1982,'ReadBufferFromS3Microseconds':1997,'S3GetObject':6,'S3HeadObject':6,'S3ReadMicroseconds':2899,'S3ReadRequestsCount':12,'WriteBufferFromS3Bytes':222}	2a510d9192ba3d35b405e155affa4abe		0	{}
2afe19975e46	2026-07-26	2026-07-26 21:47:59	2026-07-26 21:47:59.215646	Phase	ca	ca_soak_ch1	fc461c6c87e27bc94fbcfebbdc698fb8	Scheduled	0	Unknown	0	0	0	0	0	0	0	0	0	0	0	0		{'CasGcEnumerationPages':1,'CasGcGet':2,'CasRootList':1,'ContextLock':9,'DiskConnectionsPreserved':4,'DiskConnectionsReused':4,'DiskS3GetObject':2,'DiskS3HeadObject':2,'DiskS3ReadMicroseconds':1067,'DiskS3ReadRequestsCount':4,'GlobalThreadPoolJobs':1,'IOBufferAllocBytes':9364,'IOBufferAllocs':2,'LocalThreadPoolExpansions':1,'LocalThreadPoolJobs':1,'LocalThreadPoolShrinks':1,'LocalThreadPoolThreadCreationMicroseconds':4,'MemoryAllocatedWithoutCheck':8,'MemoryAllocatedWithoutCheckBytes':8704,'ReadBufferFromS3Bytes':1046,'ReadBufferFromS3InitMicroseconds':726,'ReadBufferFromS3Microseconds':731,'S3GetObject':2,'S3HeadObject':2,'S3ReadMicroseconds':1067,'S3ReadRequestsCount':4}	df84e2ac648f1b616ea5acc9db84b726	defer_decision	21282	{'changed_shards':0,'deferred':1,'fold_seal_reads':2,'graduation_due':0,'namespaces_seen':2,'ref_log_keys_listed':207,'rounds_deferred_before':2}
2afe19975e46	2026-07-26	2026-07-26 21:47:59	2026-07-26 21:47:59.189379	Phase	ca	ca_soak_ch1	fc461c6c87e27bc94fbcfebbdc698fb8	Scheduled	0	Unknown	0	0	0	0	0	0	0	0	0	0	0	0		{'AsyncLoggingFileLogTotalMessages':3,'AsyncLoggingTextLogTotalMessages':3,'CasConditionalWriteAttempts':1,'CasConditionalWriteCommitted':1,'CasGcCas':1,'CasGcGet':1,'ContextLock':5,'DiskConnectionsPreserved':2,'DiskConnectionsReused':2,'DiskS3GetObject':1,'DiskS3HeadObject':1,'DiskS3ReadMicroseconds':1054,'DiskS3ReadRequestsCount':2,'IOBufferAllocBytes':1052939,'IOBufferAllocs':2,'LocalThreadPoolJobs':1,'LogTrace':3,'LoggerElapsedNanoseconds':16190,'MemoryAllocatedWithoutCheck':8,'MemoryAllocatedWithoutCheckBytes':2167310,'ReadBufferFromS3Bytes':141,'ReadBufferFromS3InitMicroseconds':535,'ReadBufferFromS3Microseconds':541,'S3GetObject':1,'S3HeadObject':1,'S3ReadMicroseconds':1054,'S3ReadRequestsCount':2,'WriteBufferFromS3Bytes':141}	df84e2ac648f1b616ea5acc9db84b726	lease	3215	{'acquired':1,'steal_allowed':1}
2afe19975e46	2026-07-26	2026-07-26 21:47:59	2026-07-26 21:47:59.194351	Phase	ca	ca_soak_ch1	fc461c6c87e27bc94fbcfebbdc698fb8	Scheduled	0	Unknown	0	0	0	0	0	0	0	0	0	0	0	0		{'CasGcGet':2,'CasGcList':1,'ContextLock':9,'DiskConnectionsPreserved':4,'DiskConnectionsReused':4,'DiskS3GetObject':2,'DiskS3HeadObject':2,'DiskS3ReadMicroseconds':1187,'DiskS3ReadRequestsCount':4,'GlobalThreadPoolJobs':1,'IOBufferAllocBytes':8688,'IOBufferAllocs':2,'LocalThreadPoolExpansions':1,'LocalThreadPoolJobs':1,'LocalThreadPoolShrinks':1,'LocalThreadPoolThreadCreationMicroseconds':4,'MemoryAllocatedWithoutCheck':8,'MemoryAllocatedWithoutCheckBytes':8704,'ReadBufferFromS3Bytes':370,'ReadBufferFromS3InitMicroseconds':832,'ReadBufferFromS3Microseconds':839,'S3GetObject':2,'S3HeadObject':2,'S3ReadMicroseconds':1187,'S3ReadRequestsCount':4}	df84e2ac648f1b616ea5acc9db84b726	heartbeat_floor	3210	{'already_fenced':0,'fenced_now':0,'live':2,'terminated':0}
2afe19975e46	2026-07-26	2026-07-26 21:47:59	2026-07-26 21:47:59.186141	Start	ca	ca_soak_ch1	fc461c6c87e27bc94fbcfebbdc698fb8	Scheduled	0	Unknown	0	0	0	0	0	0	0	0	0	0	0	0		{}	df84e2ac648f1b616ea5acc9db84b726		0	{}
2afe19975e46	2026-07-26	2026-07-26 21:47:59	2026-07-26 21:47:59.215661	Finish	ca	ca_soak_ch1	fc461c6c87e27bc94fbcfebbdc698fb8	Scheduled	26	Deferred	0	0	0	0	0	0	0	0	0	0	0	29		{'AsyncLoggingFileLogTotalMessages':3,'AsyncLoggingTextLogTotalMessages':3,'CasConditionalWriteAttempts':2,'CasConditionalWriteCommitted':2,'CasGcCas':2,'CasGcEnumerationPages':1,'CasGcGet':6,'CasGcList':1,'CasRootList':1,'ContextLock':31,'DiskConnectionsPreserved':12,'DiskConnectionsReused':12,'DiskS3GetObject':6,'DiskS3HeadObject':6,'DiskS3ReadMicroseconds':3846,'DiskS3ReadRequestsCount':12,'GlobalThreadPoolJobs':2,'IOBufferAllocBytes':2123870,'IOBufferAllocs':8,'LocalThreadPoolExpansions':2,'LocalThreadPoolJobs':4,'LocalThreadPoolShrinks':2,'LocalThreadPoolThreadCreationMicroseconds':8,'LogTrace':6,'LoggerElapsedNanoseconds':16190,'MemoryAllocatedWithoutCheck':28,'MemoryAllocatedWithoutCheckBytes':2189070,'ReadBufferFromS3Bytes':1638,'ReadBufferFromS3InitMicroseconds':2447,'ReadBufferFromS3Microseconds':2467,'S3GetObject':6,'S3HeadObject':6,'S3ReadMicroseconds':3846,'S3ReadRequestsCount':12,'WriteBufferFromS3Bytes':222}	df84e2ac648f1b616ea5acc9db84b726		0	{}
2afe19975e46	2026-07-26	2026-07-26 21:48:05	2026-07-26 21:48:05.545853	Start	ca	ca_soak_ch1	fc461c6c87e27bc94fbcfebbdc698fb8	Manual	0	Unknown	0	0	0	0	0	0	0	0	0	0	0	0		{}	3bfad108889ba8215c20aa49aa2576df		0	{}
2afe19975e46	2026-07-26	2026-07-26 21:48:05	2026-07-26 21:48:05.548380	Phase	ca	ca_soak_ch1	fc461c6c87e27bc94fbcfebbdc698fb8	Manual	0	Unknown	0	0	0	0	0	0	0	0	0	0	0	0		{'CasConditionalWriteAttempts':1,'CasConditionalWriteCommitted':1,'CasGcCas':1,'CasGcGet':1,'ContextLock':5,'DiskConnectionsPreserved':2,'DiskConnectionsReused':2,'DiskS3GetObject':1,'DiskS3HeadObject':1,'DiskS3ReadMicroseconds':846,'DiskS3ReadRequestsCount':2,'IOBufferAllocBytes':1052939,'IOBufferAllocs':2,'LocalThreadPoolJobs':1,'LogTrace':3,'MemoryAllocatedWithoutCheck':4,'MemoryAllocatedWithoutCheckBytes':4352,'ReadBufferFromS3Bytes':141,'ReadBufferFromS3InitMicroseconds':493,'ReadBufferFromS3Microseconds':497,'S3GetObject':1,'S3HeadObject':1,'S3ReadMicroseconds':846,'S3ReadRequestsCount':2,'WriteBufferFromS3Bytes':141}	3bfad108889ba8215c20aa49aa2576df	lease	2514	{'acquired':1,'steal_allowed':0}
2afe19975e46	2026-07-26	2026-07-26 21:48:05	2026-07-26 21:48:05.552585	Phase	ca	ca_soak_ch1	fc461c6c87e27bc94fbcfebbdc698fb8	Manual	0	Unknown	0	0	0	0	0	0	0	0	0	0	0	0		{'CasGcGet':2,'CasGcList':1,'ContextLock':9,'DiskConnectionsPreserved':4,'DiskConnectionsReused':4,'DiskS3GetObject':2,'DiskS3HeadObject':2,'DiskS3ReadMicroseconds':913,'DiskS3ReadRequestsCount':4,'GlobalThreadPoolJobs':1,'IOBufferAllocBytes':8688,'IOBufferAllocs':2,'LocalThreadPoolExpansions':1,'LocalThreadPoolJobs':1,'LocalThreadPoolShrinks':1,'LocalThreadPoolThreadCreationMicroseconds':3,'MemoryAllocatedWithoutCheck':8,'MemoryAllocatedWithoutCheckBytes':8704,'QueryProfilerRuns':1,'ReadBufferFromS3Bytes':370,'ReadBufferFromS3InitMicroseconds':658,'ReadBufferFromS3Microseconds':665,'S3GetObject':2,'S3HeadObject':2,'S3ReadMicroseconds':913,'S3ReadRequestsCount':4}	3bfad108889ba8215c20aa49aa2576df	heartbeat_floor	2763	{'already_fenced':0,'fenced_now':0,'live':2,'terminated':0}
2afe19975e46	2026-07-26	2026-07-26 21:48:05	2026-07-26 21:48:05.570188	Phase	ca	ca_soak_ch1	fc461c6c87e27bc94fbcfebbdc698fb8	Manual	0	Unknown	0	0	0	0	0	0	0	0	0	0	0	0		{'CasGcEnumerationPages':1,'CasGcGet':2,'CasRootList':1,'ContextLock':9,'DiskConnectionsPreserved':4,'DiskConnectionsReused':4,'DiskS3GetObject':2,'DiskS3HeadObject':2,'DiskS3ReadMicroseconds':791,'DiskS3ReadRequestsCount':4,'GlobalThreadPoolJobs':1,'IOBufferAllocBytes':9364,'IOBufferAllocs':2,'LocalThreadPoolExpansions':1,'LocalThreadPoolJobs':1,'LocalThreadPoolShrinks':1,'LocalThreadPoolThreadCreationMicroseconds':2,'MemoryAllocatedWithoutCheck':8,'MemoryAllocatedWithoutCheckBytes':8704,'QueryProfilerRuns':1,'ReadBufferFromS3Bytes':1046,'ReadBufferFromS3InitMicroseconds':527,'ReadBufferFromS3Microseconds':531,'S3GetObject':2,'S3HeadObject':2,'S3ReadMicroseconds':791,'S3ReadRequestsCount':4}	3bfad108889ba8215c20aa49aa2576df	defer_decision	17592	{'changed_shards':0,'deferred':1,'fold_seal_reads':2,'graduation_due':0,'namespaces_seen':2,'ref_log_keys_listed':207,'rounds_deferred_before':3}
2afe19975e46	2026-07-26	2026-07-26 21:48:05	2026-07-26 21:48:05.570200	Finish	ca	ca_soak_ch1	fc461c6c87e27bc94fbcfebbdc698fb8	Manual	26	Deferred	0	0	0	0	0	0	0	0	0	0	0	24		{'CasConditionalWriteAttempts':2,'CasConditionalWriteCommitted':2,'CasGcCas':2,'CasGcEnumerationPages':1,'CasGcGet':6,'CasGcList':1,'CasRootList':1,'ContextLock':31,'DiskConnectionsPreserved':12,'DiskConnectionsReused':12,'DiskS3GetObject':6,'DiskS3HeadObject':6,'DiskS3ReadMicroseconds':2966,'DiskS3ReadRequestsCount':12,'GlobalThreadPoolJobs':2,'IOBufferAllocBytes':2123870,'IOBufferAllocs':8,'LocalThreadPoolExpansions':2,'LocalThreadPoolJobs':4,'LocalThreadPoolShrinks':2,'LocalThreadPoolThreadCreationMicroseconds':5,'LogTrace':6,'MemoryAllocatedWithoutCheck':24,'MemoryAllocatedWithoutCheckBytes':26112,'QueryProfilerRuns':2,'ReadBufferFromS3Bytes':1638,'ReadBufferFromS3InitMicroseconds':1949,'ReadBufferFromS3Microseconds':1967,'S3GetObject':6,'S3HeadObject':6,'S3ReadMicroseconds':2966,'S3ReadRequestsCount':12,'WriteBufferFromS3Bytes':222}	3bfad108889ba8215c20aa49aa2576df		0	{}
2afe19975e46	2026-07-26	2026-07-26 21:48:09	2026-07-26 21:48:09.215731	Start	ca	ca_soak_ch1	fc461c6c87e27bc94fbcfebbdc698fb8	Scheduled	0	Unknown	0	0	0	0	0	0	0	0	0	0	0	0		{}	c69532967ee5401f90c5b9db129a8ef9		0	{}
2afe19975e46	2026-07-26	2026-07-26 21:48:09	2026-07-26 21:48:09.219004	Phase	ca	ca_soak_ch1	fc461c6c87e27bc94fbcfebbdc698fb8	Scheduled	0	Unknown	0	0	0	0	0	0	0	0	0	0	0	0		{'AsyncLoggingFileLogTotalMessages':3,'AsyncLoggingTextLogTotalMessages':3,'CasConditionalWriteAttempts':1,'CasConditionalWriteCommitted':1,'CasGcCas':1,'CasGcGet':1,'ContextLock':5,'DiskConnectionsPreserved':2,'DiskConnectionsReused':2,'DiskS3GetObject':1,'DiskS3HeadObject':1,'DiskS3ReadMicroseconds':1104,'DiskS3ReadRequestsCount':2,'IOBufferAllocBytes':1052939,'IOBufferAllocs':2,'LocalThreadPoolJobs':1,'LogTrace':3,'LoggerElapsedNanoseconds':16601,'MemoryAllocatedWithoutCheck':8,'MemoryAllocatedWithoutCheckBytes':2167310,'ReadBufferFromS3Bytes':141,'ReadBufferFromS3InitMicroseconds':584,'ReadBufferFromS3Microseconds':590,'S3GetObject':1,'S3HeadObject':1,'S3ReadMicroseconds':1104,'S3ReadRequestsCount':2,'WriteBufferFromS3Bytes':141}	c69532967ee5401f90c5b9db129a8ef9	lease	3252	{'acquired':1,'steal_allowed':1}
2afe19975e46	2026-07-26	2026-07-26 21:48:09	2026-07-26 21:48:09.224467	Phase	ca	ca_soak_ch1	fc461c6c87e27bc94fbcfebbdc698fb8	Scheduled	0	Unknown	0	0	0	0	0	0	0	0	0	0	0	0		{'CasGcGet':2,'CasGcList':1,'ContextLock':9,'DiskConnectionsPreserved':4,'DiskConnectionsReused':4,'DiskS3GetObject':2,'DiskS3HeadObject':2,'DiskS3ReadMicroseconds':1217,'DiskS3ReadRequestsCount':4,'GlobalThreadPoolJobs':1,'IOBufferAllocBytes':8688,'IOBufferAllocs':2,'LocalThreadPoolExpansions':1,'LocalThreadPoolJobs':1,'LocalThreadPoolShrinks':1,'LocalThreadPoolThreadCreationMicroseconds':4,'MemoryAllocatedWithoutCheck':8,'MemoryAllocatedWithoutCheckBytes':8704,'ReadBufferFromS3Bytes':370,'ReadBufferFromS3InitMicroseconds':793,'ReadBufferFromS3Microseconds':800,'S3GetObject':2,'S3HeadObject':2,'S3ReadMicroseconds':1217,'S3ReadRequestsCount':4}	c69532967ee5401f90c5b9db129a8ef9	heartbeat_floor	3437	{'already_fenced':0,'fenced_now':0,'live':2,'terminated':0}
2afe19975e46	2026-07-26	2026-07-26 21:48:09	2026-07-26 21:48:09.245619	Phase	ca	ca_soak_ch1	fc461c6c87e27bc94fbcfebbdc698fb8	Scheduled	0	Unknown	0	0	0	0	0	0	0	0	0	0	0	0		{'CasGcEnumerationPages':1,'CasGcGet':2,'CasRootList':1,'ContextLock':9,'DiskConnectionsPreserved':4,'DiskConnectionsReused':4,'DiskS3GetObject':2,'DiskS3HeadObject':2,'DiskS3ReadMicroseconds':803,'DiskS3ReadRequestsCount':4,'GlobalThreadPoolJobs':1,'IOBufferAllocBytes':9364,'IOBufferAllocs':2,'LocalThreadPoolExpansions':1,'LocalThreadPoolJobs':1,'LocalThreadPoolShrinks':1,'LocalThreadPoolThreadCreationMicroseconds':3,'MemoryAllocatedWithoutCheck':8,'MemoryAllocatedWithoutCheckBytes':8704,'ReadBufferFromS3Bytes':1046,'ReadBufferFromS3InitMicroseconds':573,'ReadBufferFromS3Microseconds':577,'S3GetObject':2,'S3HeadObject':2,'S3ReadMicroseconds':803,'S3ReadRequestsCount':4}	c69532967ee5401f90c5b9db129a8ef9	defer_decision	21138	{'changed_shards':0,'deferred':1,'fold_seal_reads':2,'graduation_due':0,'namespaces_seen':2,'ref_log_keys_listed':207,'rounds_deferred_before':4}
2afe19975e46	2026-07-26	2026-07-26 21:48:09	2026-07-26 21:48:09.245633	Finish	ca	ca_soak_ch1	fc461c6c87e27bc94fbcfebbdc698fb8	Scheduled	26	Deferred	0	0	0	0	0	0	0	0	0	0	0	29		{'AsyncLoggingFileLogTotalMessages':3,'AsyncLoggingTextLogTotalMessages':3,'CasConditionalWriteAttempts':2,'CasConditionalWriteCommitted':2,'CasGcCas':2,'CasGcEnumerationPages':1,'CasGcGet':6,'CasGcList':1,'CasRootList':1,'ContextLock':31,'DiskConnectionsPreserved':12,'DiskConnectionsReused':12,'DiskS3GetObject':6,'DiskS3HeadObject':6,'DiskS3ReadMicroseconds':3674,'DiskS3ReadRequestsCount':12,'GlobalThreadPoolJobs':2,'IOBufferAllocBytes':2123870,'IOBufferAllocs':8,'LocalThreadPoolExpansions':2,'LocalThreadPoolJobs':4,'LocalThreadPoolShrinks':2,'LocalThreadPoolThreadCreationMicroseconds':7,'LogTrace':6,'LoggerElapsedNanoseconds':16601,'MemoryAllocatedWithoutCheck':28,'MemoryAllocatedWithoutCheckBytes':2189070,'ReadBufferFromS3Bytes':1638,'ReadBufferFromS3InitMicroseconds':2341,'ReadBufferFromS3Microseconds':2362,'S3GetObject':6,'S3HeadObject':6,'S3ReadMicroseconds':3674,'S3ReadRequestsCount':12,'WriteBufferFromS3Bytes':222}	c69532967ee5401f90c5b9db129a8ef9		0	{}
2afe19975e46	2026-07-26	2026-07-26 21:48:16	2026-07-26 21:48:16.947462	Phase	ca	ca_soak_ch1	fc461c6c87e27bc94fbcfebbdc698fb8	Manual	0	Unknown	0	0	0	0	0	0	0	0	0	0	0	0		{'CasGcEnumerationPages':1,'CasGcGet':2,'CasRootList':1,'ContextLock':9,'DiskConnectionsCreated':1,'DiskConnectionsElapsedMicroseconds':68,'DiskConnectionsPreserved':4,'DiskConnectionsReused':3,'DiskS3GetObject':2,'DiskS3HeadObject':2,'DiskS3ReadMicroseconds':951,'DiskS3ReadRequestsCount':4,'GlobalThreadPoolJobs':1,'IOBufferAllocBytes':9364,'IOBufferAllocs':2,'LocalThreadPoolExpansions':1,'LocalThreadPoolJobs':1,'LocalThreadPoolShrinks':1,'LocalThreadPoolThreadCreationMicroseconds':3,'MemoryAllocatedWithoutCheck':10,'MemoryAllocatedWithoutCheckBytes':10880,'QueryProfilerRuns':2,'ReadBufferFromS3Bytes':1046,'ReadBufferFromS3InitMicroseconds':677,'ReadBufferFromS3Microseconds':681,'S3GetObject':2,'S3HeadObject':2,'S3ReadMicroseconds':951,'S3ReadRequestsCount':4}	2b8e15610749ca41d0235cc8e0249d01	defer_decision	21589	{'changed_shards':0,'deferred':1,'fold_seal_reads':2,'graduation_due':0,'namespaces_seen':2,'ref_log_keys_listed':207,'rounds_deferred_before':5}
2afe19975e46	2026-07-26	2026-07-26 21:48:16	2026-07-26 21:48:16.920228	Phase	ca	ca_soak_ch1	fc461c6c87e27bc94fbcfebbdc698fb8	Manual	0	Unknown	0	0	0	0	0	0	0	0	0	0	0	0		{'CasConditionalWriteAttempts':1,'CasConditionalWriteCommitted':1,'CasGcCas':1,'CasGcGet':1,'ContextLock':5,'DiskConnectionsPreserved':2,'DiskConnectionsReused':2,'DiskS3GetObject':1,'DiskS3HeadObject':1,'DiskS3ReadMicroseconds':1169,'DiskS3ReadRequestsCount':2,'IOBufferAllocBytes':1052939,'IOBufferAllocs':2,'LocalThreadPoolJobs':1,'LogTrace':3,'MemoryAllocatedWithoutCheck':4,'MemoryAllocatedWithoutCheckBytes':4352,'ReadBufferFromS3Bytes':141,'ReadBufferFromS3InitMicroseconds':698,'ReadBufferFromS3Microseconds':705,'S3GetObject':1,'S3HeadObject':1,'S3ReadMicroseconds':1169,'S3ReadRequestsCount':2,'WriteBufferFromS3Bytes':141}	2b8e15610749ca41d0235cc8e0249d01	lease	3315	{'acquired':1,'steal_allowed':0}
2afe19975e46	2026-07-26	2026-07-26 21:48:16	2026-07-26 21:48:16.925854	Phase	ca	ca_soak_ch1	fc461c6c87e27bc94fbcfebbdc698fb8	Manual	0	Unknown	0	0	0	0	0	0	0	0	0	0	0	0		{'CasGcGet':2,'CasGcList':1,'ContextLock':9,'DiskConnectionsExpired':1,'DiskConnectionsPreserved':3,'DiskConnectionsReused':4,'DiskS3GetObject':2,'DiskS3HeadObject':2,'DiskS3ReadMicroseconds':1142,'DiskS3ReadRequestsCount':4,'GlobalThreadPoolJobs':1,'IOBufferAllocBytes':8688,'IOBufferAllocs':2,'LocalThreadPoolExpansions':1,'LocalThreadPoolJobs':1,'LocalThreadPoolShrinks':1,'LocalThreadPoolThreadCreationMicroseconds':4,'MemoryAllocatedWithoutCheck':6,'MemoryAllocatedWithoutCheckBytes':6528,'ReadBufferFromS3Bytes':370,'ReadBufferFromS3InitMicroseconds':781,'ReadBufferFromS3Microseconds':789,'S3GetObject':2,'S3HeadObject':2,'S3ReadMicroseconds':1142,'S3ReadRequestsCount':4}	2b8e15610749ca41d0235cc8e0249d01	heartbeat_floor	3158	{'already_fenced':0,'fenced_now':0,'live':2,'terminated':0}
2afe19975e46	2026-07-26	2026-07-26 21:48:16	2026-07-26 21:48:16.916897	Start	ca	ca_soak_ch1	fc461c6c87e27bc94fbcfebbdc698fb8	Manual	0	Unknown	0	0	0	0	0	0	0	0	0	0	0	0		{}	2b8e15610749ca41d0235cc8e0249d01		0	{}
2afe19975e46	2026-07-26	2026-07-26 21:48:16	2026-07-26 21:48:16.947479	Finish	ca	ca_soak_ch1	fc461c6c87e27bc94fbcfebbdc698fb8	Manual	26	Deferred	0	0	0	0	0	0	0	0	0	0	0	30		{'CasConditionalWriteAttempts':2,'CasConditionalWriteCommitted':2,'CasGcCas':2,'CasGcEnumerationPages':1,'CasGcGet':6,'CasGcList':1,'CasRootList':1,'ContextLock':31,'DiskConnectionsCreated':1,'DiskConnectionsElapsedMicroseconds':68,'DiskConnectionsExpired':1,'DiskConnectionsPreserved':11,'DiskConnectionsReused':11,'DiskS3GetObject':6,'DiskS3HeadObject':6,'DiskS3ReadMicroseconds':3957,'DiskS3ReadRequestsCount':12,'GlobalThreadPoolJobs':2,'IOBufferAllocBytes':2123870,'IOBufferAllocs':8,'LocalThreadPoolExpansions':2,'LocalThreadPoolJobs':4,'LocalThreadPoolShrinks':2,'LocalThreadPoolThreadCreationMicroseconds':7,'LogTrace':6,'MemoryAllocatedWithoutCheck':24,'MemoryAllocatedWithoutCheckBytes':26112,'QueryProfilerRuns':3,'ReadBufferFromS3Bytes':1638,'ReadBufferFromS3InitMicroseconds':2627,'ReadBufferFromS3Microseconds':2650,'S3GetObject':6,'S3HeadObject':6,'S3ReadMicroseconds':3957,'S3ReadRequestsCount':12,'WriteBufferFromS3Bytes':222}	2b8e15610749ca41d0235cc8e0249d01		0	{}
2afe19975e46	2026-07-26	2026-07-26 21:48:19	2026-07-26 21:48:19.245705	Start	ca	ca_soak_ch1	fc461c6c87e27bc94fbcfebbdc698fb8	Scheduled	0	Unknown	0	0	0	0	0	0	0	0	0	0	0	0		{}	a1296f0df77051d7fa56a88656a10ae5		0	{}
2afe19975e46	2026-07-26	2026-07-26 21:48:19	2026-07-26 21:48:19.248534	Phase	ca	ca_soak_ch1	fc461c6c87e27bc94fbcfebbdc698fb8	Scheduled	0	Unknown	0	0	0	0	0	0	0	0	0	0	0	0		{'AsyncLoggingFileLogTotalMessages':3,'AsyncLoggingTextLogTotalMessages':3,'CasConditionalWriteAttempts':1,'CasConditionalWriteCommitted':1,'CasGcCas':1,'CasGcGet':1,'ContextLock':5,'DiskConnectionsPreserved':2,'DiskConnectionsReused':2,'DiskS3GetObject':1,'DiskS3HeadObject':1,'DiskS3ReadMicroseconds':924,'DiskS3ReadRequestsCount':2,'IOBufferAllocBytes':1052939,'IOBufferAllocs':2,'LocalThreadPoolJobs':1,'LogTrace':3,'LoggerElapsedNanoseconds':20340,'MemoryAllocatedWithoutCheck':8,'MemoryAllocatedWithoutCheckBytes':2167310,'ReadBufferFromS3Bytes':141,'ReadBufferFromS3InitMicroseconds':459,'ReadBufferFromS3Microseconds':464,'S3GetObject':1,'S3HeadObject':1,'S3ReadMicroseconds':924,'S3ReadRequestsCount':2,'WriteBufferFromS3Bytes':141}	a1296f0df77051d7fa56a88656a10ae5	lease	2812	{'acquired':1,'steal_allowed':1}
2afe19975e46	2026-07-26	2026-07-26 21:48:19	2026-07-26 21:48:19.253507	Phase	ca	ca_soak_ch1	fc461c6c87e27bc94fbcfebbdc698fb8	Scheduled	0	Unknown	0	0	0	0	0	0	0	0	0	0	0	0		{'CasGcGet':2,'CasGcList':1,'ContextLock':9,'DiskConnectionsPreserved':4,'DiskConnectionsReused':4,'DiskS3GetObject':2,'DiskS3HeadObject':2,'DiskS3ReadMicroseconds':992,'DiskS3ReadRequestsCount':4,'GlobalThreadPoolJobs':1,'IOBufferAllocBytes':8688,'IOBufferAllocs':2,'LocalThreadPoolExpansions':1,'LocalThreadPoolJobs':1,'LocalThreadPoolShrinks':1,'LocalThreadPoolThreadCreationMicroseconds':4,'MemoryAllocatedWithoutCheck':8,'MemoryAllocatedWithoutCheckBytes':8704,'ReadBufferFromS3Bytes':370,'ReadBufferFromS3InitMicroseconds':642,'ReadBufferFromS3Microseconds':649,'S3GetObject':2,'S3HeadObject':2,'S3ReadMicroseconds':992,'S3ReadRequestsCount':4}	a1296f0df77051d7fa56a88656a10ae5	heartbeat_floor	2793	{'already_fenced':0,'fenced_now':0,'live':2,'terminated':0}
2afe19975e46	2026-07-26	2026-07-26 21:48:19	2026-07-26 21:48:19.272833	Phase	ca	ca_soak_ch1	fc461c6c87e27bc94fbcfebbdc698fb8	Scheduled	0	Unknown	0	0	0	0	0	0	0	0	0	0	0	0		{'CasGcEnumerationPages':1,'CasGcGet':2,'CasRootList':1,'ContextLock':9,'DiskConnectionsPreserved':4,'DiskConnectionsReused':4,'DiskS3GetObject':2,'DiskS3HeadObject':2,'DiskS3ReadMicroseconds':776,'DiskS3ReadRequestsCount':4,'GlobalThreadPoolJobs':1,'IOBufferAllocBytes':9364,'IOBufferAllocs':2,'LocalThreadPoolExpansions':1,'LocalThreadPoolJobs':1,'LocalThreadPoolShrinks':1,'LocalThreadPoolThreadCreationMicroseconds':2,'MemoryAllocatedWithoutCheck':8,'MemoryAllocatedWithoutCheckBytes':8704,'ReadBufferFromS3Bytes':1046,'ReadBufferFromS3InitMicroseconds':542,'ReadBufferFromS3Microseconds':545,'S3GetObject':2,'S3HeadObject':2,'S3ReadMicroseconds':776,'S3ReadRequestsCount':4}	a1296f0df77051d7fa56a88656a10ae5	defer_decision	19310	{'changed_shards':0,'deferred':1,'fold_seal_reads':2,'graduation_due':0,'namespaces_seen':2,'ref_log_keys_listed':207,'rounds_deferred_before':6}
2afe19975e46	2026-07-26	2026-07-26 21:48:19	2026-07-26 21:48:19.272848	Finish	ca	ca_soak_ch1	fc461c6c87e27bc94fbcfebbdc698fb8	Scheduled	26	Deferred	0	0	0	0	0	0	0	0	0	0	0	27		{'AsyncLoggingFileLogTotalMessages':3,'AsyncLoggingTextLogTotalMessages':3,'CasConditionalWriteAttempts':2,'CasConditionalWriteCommitted':2,'CasGcCas':2,'CasGcEnumerationPages':1,'CasGcGet':6,'CasGcList':1,'CasRootList':1,'ContextLock':31,'DiskConnectionsPreserved':12,'DiskConnectionsReused':12,'DiskS3GetObject':6,'DiskS3HeadObject':6,'DiskS3ReadMicroseconds':3244,'DiskS3ReadRequestsCount':12,'GlobalThreadPoolJobs':2,'IOBufferAllocBytes':2123870,'IOBufferAllocs':8,'LocalThreadPoolExpansions':2,'LocalThreadPoolJobs':4,'LocalThreadPoolShrinks':2,'LocalThreadPoolThreadCreationMicroseconds':6,'LogTrace':6,'LoggerElapsedNanoseconds':20340,'MemoryAllocatedWithoutCheck':28,'MemoryAllocatedWithoutCheckBytes':2189070,'ReadBufferFromS3Bytes':1638,'ReadBufferFromS3InitMicroseconds':1986,'ReadBufferFromS3Microseconds':2004,'S3GetObject':6,'S3HeadObject':6,'S3ReadMicroseconds':3244,'S3ReadRequestsCount':12,'WriteBufferFromS3Bytes':222}	a1296f0df77051d7fa56a88656a10ae5		0	{}
2afe19975e46	2026-07-26	2026-07-26 21:48:28	2026-07-26 21:48:28.305852	Start	ca	ca_soak_ch1	fc461c6c87e27bc94fbcfebbdc698fb8	Manual	0	Unknown	0	0	0	0	0	0	0	0	0	0	0	0		{}	c0aab3d62c1c6a783aaa9afc7de503b4		0	{}
2afe19975e46	2026-07-26	2026-07-26 21:48:28	2026-07-26 21:48:28.308660	Phase	ca	ca_soak_ch1	fc461c6c87e27bc94fbcfebbdc698fb8	Manual	0	Unknown	0	0	0	0	0	0	0	0	0	0	0	0		{'CasConditionalWriteAttempts':1,'CasConditionalWriteCommitted':1,'CasGcCas':1,'CasGcGet':1,'ContextLock':5,'DiskConnectionsPreserved':2,'DiskConnectionsReused':2,'DiskS3GetObject':1,'DiskS3HeadObject':1,'DiskS3ReadMicroseconds':811,'DiskS3ReadRequestsCount':2,'IOBufferAllocBytes':1052939,'IOBufferAllocs':2,'LocalThreadPoolJobs':1,'LogTrace':3,'MemoryAllocatedWithoutCheck':4,'MemoryAllocatedWithoutCheckBytes':4352,'ReadBufferFromS3Bytes':141,'ReadBufferFromS3InitMicroseconds':460,'ReadBufferFromS3Microseconds':464,'S3GetObject':1,'S3HeadObject':1,'S3ReadMicroseconds':811,'S3ReadRequestsCount':2,'WriteBufferFromS3Bytes':141}	c0aab3d62c1c6a783aaa9afc7de503b4	lease	2792	{'acquired':1,'steal_allowed':0}
2afe19975e46	2026-07-26	2026-07-26 21:48:28	2026-07-26 21:48:28.313583	Phase	ca	ca_soak_ch1	fc461c6c87e27bc94fbcfebbdc698fb8	Manual	0	Unknown	0	0	0	0	0	0	0	0	0	0	0	0		{'CasGcGet':2,'CasGcList':1,'ContextLock':9,'DiskConnectionsPreserved':4,'DiskConnectionsReused':4,'DiskS3GetObject':2,'DiskS3HeadObject':2,'DiskS3ReadMicroseconds':1094,'DiskS3ReadRequestsCount':4,'GlobalThreadPoolJobs':1,'IOBufferAllocBytes':8688,'IOBufferAllocs':2,'LocalThreadPoolExpansions':1,'LocalThreadPoolJobs':1,'LocalThreadPoolShrinks':1,'LocalThreadPoolThreadCreationMicroseconds':3,'MemoryAllocatedWithoutCheck':8,'MemoryAllocatedWithoutCheckBytes':8704,'ReadBufferFromS3Bytes':370,'ReadBufferFromS3InitMicroseconds':778,'ReadBufferFromS3Microseconds':784,'S3GetObject':2,'S3HeadObject':2,'S3ReadMicroseconds':1094,'S3ReadRequestsCount':4}	c0aab3d62c1c6a783aaa9afc7de503b4	heartbeat_floor	3100	{'already_fenced':0,'fenced_now':0,'live':2,'terminated':0}
2afe19975e46	2026-07-26	2026-07-26 21:48:28	2026-07-26 21:48:28.331021	Phase	ca	ca_soak_ch1	fc461c6c87e27bc94fbcfebbdc698fb8	Manual	0	Unknown	0	0	0	0	0	0	0	0	0	0	0	0		{'CasGcEnumerationPages':1,'CasGcGet':2,'CasRootList':1,'ContextLock':9,'DiskConnectionsPreserved':4,'DiskConnectionsReused':4,'DiskS3GetObject':2,'DiskS3HeadObject':2,'DiskS3ReadMicroseconds':766,'DiskS3ReadRequestsCount':4,'GlobalThreadPoolJobs':1,'IOBufferAllocBytes':9364,'IOBufferAllocs':2,'LocalThreadPoolExpansions':1,'LocalThreadPoolJobs':1,'LocalThreadPoolShrinks':1,'LocalThreadPoolThreadCreationMicroseconds':2,'MemoryAllocatedWithoutCheck':8,'MemoryAllocatedWithoutCheckBytes':8704,'QueryProfilerRuns':2,'ReadBufferFromS3Bytes':1046,'ReadBufferFromS3InitMicroseconds':550,'ReadBufferFromS3Microseconds':554,'S3GetObject':2,'S3HeadObject':2,'S3ReadMicroseconds':766,'S3ReadRequestsCount':4}	c0aab3d62c1c6a783aaa9afc7de503b4	defer_decision	17427	{'changed_shards':0,'deferred':1,'fold_seal_reads':2,'graduation_due':0,'namespaces_seen':2,'ref_log_keys_listed':207,'rounds_deferred_before':7}
2afe19975e46	2026-07-26	2026-07-26 21:48:28	2026-07-26 21:48:28.331032	Finish	ca	ca_soak_ch1	fc461c6c87e27bc94fbcfebbdc698fb8	Manual	26	Deferred	0	0	0	0	0	0	0	0	0	0	0	25		{'CasConditionalWriteAttempts':2,'CasConditionalWriteCommitted':2,'CasGcCas':2,'CasGcEnumerationPages':1,'CasGcGet':6,'CasGcList':1,'CasRootList':1,'ContextLock':31,'DiskConnectionsPreserved':12,'DiskConnectionsReused':12,'DiskS3GetObject':6,'DiskS3HeadObject':6,'DiskS3ReadMicroseconds':3234,'DiskS3ReadRequestsCount':12,'GlobalThreadPoolJobs':2,'IOBufferAllocBytes':2123870,'IOBufferAllocs':8,'LocalThreadPoolExpansions':2,'LocalThreadPoolJobs':4,'LocalThreadPoolShrinks':2,'LocalThreadPoolThreadCreationMicroseconds':5,'LogTrace':6,'MemoryAllocatedWithoutCheck':24,'MemoryAllocatedWithoutCheckBytes':26112,'QueryProfilerRuns':3,'ReadBufferFromS3Bytes':1638,'ReadBufferFromS3InitMicroseconds':2165,'ReadBufferFromS3Microseconds':2182,'S3GetObject':6,'S3HeadObject':6,'S3ReadMicroseconds':3234,'S3ReadRequestsCount':12,'WriteBufferFromS3Bytes':222}	c0aab3d62c1c6a783aaa9afc7de503b4		0	{}
2afe19975e46	2026-07-26	2026-07-26 21:48:29	2026-07-26 21:48:29.327378	Phase	ca	ca_soak_ch1	fc461c6c87e27bc94fbcfebbdc698fb8	Scheduled	0	Unknown	0	0	0	0	0	0	0	0	0	0	0	0		{'CasConditionalWriteAttempts':1,'CasConditionalWriteCommitted':1,'CasGcPut':1,'ContextLock':1,'IOBufferAllocBytes':1048639,'IOBufferAllocs':1,'LocalThreadPoolJobs':1,'LogTrace':3,'WriteBufferFromS3Bytes':523}	a61cca4487f342e666b30a02dd2bd474	fold_seal_write	1533	{'ns_cleanup_items':0,'seal_bytes':523,'seal_namespaces':2,'seal_runs':1}
2afe19975e46	2026-07-26	2026-07-26 21:48:29	2026-07-26 21:48:29.508077	Finish	ca	ca_soak_ch1	fc461c6c87e27bc94fbcfebbdc698fb8	Scheduled	27	Success	0	0	0	0	0	0	0	0	0	0	0	235		{'AsyncLoggingFileLogTotalMessages':30,'AsyncLoggingTextLogTotalMessages':30,'CasConditionalWriteAttempts':4,'CasConditionalWriteCommitted':4,'CasGcCas':3,'CasGcEnumerationPages':7,'CasGcGet':52,'CasGcList':1,'CasGcPut':1,'CasManifestList':1,'CasRefGlobalListPages':1,'CasRootGet':209,'CasRootList':6,'ContextLock':965,'DiskConnectionsCreated':5,'DiskConnectionsElapsedMicroseconds':362,'DiskConnectionsExpired':5,'DiskConnectionsPreserved':491,'DiskConnectionsReused':491,'DiskS3GetObject':235,'DiskS3HeadObject':261,'DiskS3ReadMicroseconds':91312,'DiskS3ReadRequestsCount':496,'DiskS3ReadRequestsErrors':26,'GlobalThreadPoolJobs':8,'IOBufferAllocBytes':5285898,'IOBufferAllocs':239,'LocalThreadPoolExpansions':8,'LocalThreadPoolJobs':12,'LocalThreadPoolShrinks':8,'LocalThreadPoolThreadCreationMicroseconds':33,'LogDebug':26,'LogTrace':13,'LoggerElapsedNanoseconds':96430,'MemoryAllocatedWithoutCheck':1000,'MemoryAllocatedWithoutCheckBytes':9272600,'ReadBufferFromS3Bytes':113977,'ReadBufferFromS3InitMicroseconds':65014,'ReadBufferFromS3Microseconds':65456,'S3GetObject':235,'S3HeadObject':261,'S3ReadMicroseconds':91312,'S3ReadRequestsCount':496,'S3ReadRequestsErrors':26,'WriteBufferFromS3Bytes':886}	a61cca4487f342e666b30a02dd2bd474		0	{}
2afe19975e46	2026-07-26	2026-07-26 21:48:29	2026-07-26 21:48:29.282371	Phase	ca	ca_soak_ch1	fc461c6c87e27bc94fbcfebbdc698fb8	Scheduled	0	Unknown	0	0	0	0	0	0	0	0	0	0	0	0		{'CasGcGet':2,'CasGcList':1,'ContextLock':9,'DiskConnectionsPreserved':4,'DiskConnectionsReused':4,'DiskS3GetObject':2,'DiskS3HeadObject':2,'DiskS3ReadMicroseconds':1177,'DiskS3ReadRequestsCount':4,'GlobalThreadPoolJobs':1,'IOBufferAllocBytes':8688,'IOBufferAllocs':2,'LocalThreadPoolExpansions':1,'LocalThreadPoolJobs':1,'LocalThreadPoolShrinks':1,'LocalThreadPoolThreadCreationMicroseconds':5,'MemoryAllocatedWithoutCheck':8,'MemoryAllocatedWithoutCheckBytes':8704,'ReadBufferFromS3Bytes':370,'ReadBufferFromS3InitMicroseconds':761,'ReadBufferFromS3Microseconds':768,'S3GetObject':2,'S3HeadObject':2,'S3ReadMicroseconds':1177,'S3ReadRequestsCount':4}	a61cca4487f342e666b30a02dd2bd474	heartbeat_floor	3463	{'already_fenced':0,'fenced_now':0,'live':2,'terminated':0}
2afe19975e46	2026-07-26	2026-07-26 21:48:29	2026-07-26 21:48:29.304186	Phase	ca	ca_soak_ch1	fc461c6c87e27bc94fbcfebbdc698fb8	Scheduled	0	Unknown	0	0	0	0	0	0	0	0	0	0	0	0		{'CasGcEnumerationPages':1,'CasGcGet':2,'CasRootList':1,'ContextLock':8,'DiskConnectionsPreserved':4,'DiskConnectionsReused':4,'DiskS3GetObject':2,'DiskS3HeadObject':2,'DiskS3ReadMicroseconds':952,'DiskS3ReadRequestsCount':4,'GlobalThreadPoolJobs':1,'IOBufferAllocBytes':9364,'IOBufferAllocs':2,'LocalThreadPoolExpansions':1,'LocalThreadPoolJobs':1,'LocalThreadPoolShrinks':1,'LocalThreadPoolThreadCreationMicroseconds':2,'MemoryAllocatedWithoutCheck':8,'MemoryAllocatedWithoutCheckBytes':8704,'ReadBufferFromS3Bytes':1046,'ReadBufferFromS3InitMicroseconds':663,'ReadBufferFromS3Microseconds':666,'S3GetObject':2,'S3HeadObject':2,'S3ReadMicroseconds':952,'S3ReadRequestsCount':4}	a61cca4487f342e666b30a02dd2bd474	defer_decision	21798	{'changed_shards':0,'deferred':0,'fold_seal_reads':2,'graduation_due':0,'namespaces_seen':2,'ref_log_keys_listed':207,'rounds_deferred_before':8}
2afe19975e46	2026-07-26	2026-07-26 21:48:29	2026-07-26 21:48:29.305223	Phase	ca	ca_soak_ch1	fc461c6c87e27bc94fbcfebbdc698fb8	Scheduled	0	Unknown	0	0	0	0	0	0	0	0	0	0	0	0		{'CasGcGet':1,'ContextLock':4,'DiskConnectionsPreserved':2,'DiskConnectionsReused':2,'DiskS3GetObject':1,'DiskS3HeadObject':1,'DiskS3ReadMicroseconds':739,'DiskS3ReadRequestsCount':2,'IOBufferAllocBytes':4682,'IOBufferAllocs':1,'MemoryAllocatedWithoutCheck':4,'MemoryAllocatedWithoutCheckBytes':4352,'ReadBufferFromS3Bytes':523,'ReadBufferFromS3InitMicroseconds':466,'ReadBufferFromS3Microseconds':471,'S3GetObject':1,'S3HeadObject':1,'S3ReadMicroseconds':739,'S3ReadRequestsCount':2}	a61cca4487f342e666b30a02dd2bd474	parent_seal_read	1023	{'parent_runs':1}
2afe19975e46	2026-07-26	2026-07-26 21:48:29	2026-07-26 21:48:29.324248	Phase	ca	ca_soak_ch1	fc461c6c87e27bc94fbcfebbdc698fb8	Scheduled	0	Unknown	0	0	0	0	0	0	0	0	0	0	0	0		{'CasGcEnumerationPages':1,'CasRefGlobalListPages':1,'CasRootList':1,'GlobalThreadPoolJobs':1,'LocalThreadPoolExpansions':1,'LocalThreadPoolJobs':1,'LocalThreadPoolShrinks':1,'LocalThreadPoolThreadCreationMicroseconds':3}	a61cca4487f342e666b30a02dd2bd474	fold_ref_list	19014	{'namespaces_seen':2,'probe_a_holes':0,'ref_folding_aborted':0,'ref_keys_listed':209}
2afe19975e46	2026-07-26	2026-07-26 21:48:29	2026-07-26 21:48:29.325820	Phase	ca	ca_soak_ch1	fc461c6c87e27bc94fbcfebbdc698fb8	Scheduled	0	Unknown	0	0	0	0	0	0	0	0	0	0	0	0		{'CasGcGet':2,'ContextLock':8,'DiskConnectionsPreserved':4,'DiskConnectionsReused':4,'DiskS3GetObject':2,'DiskS3HeadObject':2,'DiskS3ReadMicroseconds':1109,'DiskS3ReadRequestsCount':4,'IOBufferAllocBytes':9364,'IOBufferAllocs':2,'MemoryAllocatedWithoutCheck':8,'MemoryAllocatedWithoutCheckBytes':8704,'ReadBufferFromS3Bytes':1046,'ReadBufferFromS3InitMicroseconds':757,'ReadBufferFromS3Microseconds':764,'S3GetObject':2,'S3HeadObject':2,'S3ReadMicroseconds':1109,'S3ReadRequestsCount':4}	a61cca4487f342e666b30a02dd2bd474	fold_seal_read	1561	{'ns_cleanup_items':0,'parent_cursors':2,'parent_runs':1,'redundant_reads':1,'seal_reads':2}
2afe19975e46	2026-07-26	2026-07-26 21:48:29	2026-07-26 21:48:29.325833	Phase	ca	ca_soak_ch1	fc461c6c87e27bc94fbcfebbdc698fb8	Scheduled	0	Unknown	0	0	0	0	0	0	0	0	0	0	0	0		{}	a61cca4487f342e666b30a02dd2bd474	fold_ref_intake	4	{'dead_precommits_skipped':0,'deltas_emitted':0,'logs_applied':0,'logs_intended':0,'namespace_removals':0,'ref_folding_aborted':0,'tables_changed':0,'tables_clamped':0,'tables_scanned':2,'txns_opened':0}
2afe19975e46	2026-07-26	2026-07-26 21:48:29	2026-07-26 21:48:29.325837	Phase	ca	ca_soak_ch1	fc461c6c87e27bc94fbcfebbdc698fb8	Scheduled	0	Unknown	0	0	0	0	0	0	0	0	0	0	0	0		{}	a61cca4487f342e666b30a02dd2bd474	fold_ns_cleanup_scan	1	{'items_added':0,'items_carried':0,'items_completed_now':0,'items_final':0,'items_scanned':0}
2afe19975e46	2026-07-26	2026-07-26 21:48:29	2026-07-26 21:48:29.325840	Phase	ca	ca_soak_ch1	fc461c6c87e27bc94fbcfebbdc698fb8	Scheduled	0	Unknown	0	0	0	0	0	0	0	0	0	0	0	0		{}	a61cca4487f342e666b30a02dd2bd474	fold_reduce	2	{'condemned':0,'deltas_in':0,'graduated':0,'redelete_pending':0,'runs_written':1,'shards_pure_carry':1,'shards_reduced':0,'shards_total':1,'spared':0,'suppress_destructive':0,'txns_unapplied':0,'unmatched_removes':0}
2afe19975e46	2026-07-26	2026-07-26 21:48:29	2026-07-26 21:48:29.272926	Start	ca	ca_soak_ch1	fc461c6c87e27bc94fbcfebbdc698fb8	Scheduled	0	Unknown	0	0	0	0	0	0	0	0	0	0	0	0		{}	a61cca4487f342e666b30a02dd2bd474		0	{}
2afe19975e46	2026-07-26	2026-07-26 21:48:29	2026-07-26 21:48:29.327392	Phase	ca	ca_soak_ch1	fc461c6c87e27bc94fbcfebbdc698fb8	Scheduled	0	Unknown	0	0	0	0	0	0	0	0	0	0	0	0		{}	a61cca4487f342e666b30a02dd2bd474	pending_deletes	1	{'absent':0,'deleted':0,'graduated':0,'outcome_logs_written':0,'redeleted':0,'replaced':0,'spared':0}
2afe19975e46	2026-07-26	2026-07-26 21:48:29	2026-07-26 21:48:29.327395	Phase	ca	ca_soak_ch1	fc461c6c87e27bc94fbcfebbdc698fb8	Scheduled	0	Unknown	0	0	0	0	0	0	0	0	0	0	0	0		{}	a61cca4487f342e666b30a02dd2bd474	meta_pool_wait	1	{'jobs_completed':0,'jobs_completed_on_entry':0,'jobs_scheduled':0}
2afe19975e46	2026-07-26	2026-07-26 21:48:29	2026-07-26 21:48:29.328421	Phase	ca	ca_soak_ch1	fc461c6c87e27bc94fbcfebbdc698fb8	Scheduled	0	Unknown	0	0	0	0	0	0	0	0	0	0	0	0		{'AsyncLoggingFileLogTotalMessages':1,'AsyncLoggingTextLogTotalMessages':1,'CasConditionalWriteAttempts':1,'CasConditionalWriteCommitted':1,'CasGcCas':1,'ContextLock':1,'IOBufferAllocBytes':1048639,'IOBufferAllocs':1,'LocalThreadPoolJobs':1,'LogTrace':4,'LoggerElapsedNanoseconds':8390,'MemoryAllocatedWithoutCheck':2,'MemoryAllocatedWithoutCheckBytes':3918636,'WriteBufferFromS3Bytes':141}	a61cca4487f342e666b30a02dd2bd474	round_commit	1022	{'generation':27,'generations_referenced':1,'generations_visited':1,'pruned_through':24,'round':27}
2afe19975e46	2026-07-26	2026-07-26 21:48:29	2026-07-26 21:48:29.328425	Phase	ca	ca_soak_ch1	fc461c6c87e27bc94fbcfebbdc698fb8	Scheduled	0	Unknown	0	0	0	0	0	0	0	0	0	0	0	0		{}	a61cca4487f342e666b30a02dd2bd474	handoff_reclaim	1	{'generations_reclaimed':0,'objects_reclaimed':0}
2afe19975e46	2026-07-26	2026-07-26 21:48:29	2026-07-26 21:48:29.328426	Phase	ca	ca_soak_ch1	fc461c6c87e27bc94fbcfebbdc698fb8	Scheduled	0	Unknown	0	0	0	0	0	0	0	0	0	0	0	0		{}	a61cca4487f342e666b30a02dd2bd474	manifest_deletes	0	{'attempted':0,'deleted':0}
2afe19975e46	2026-07-26	2026-07-26 21:48:29	2026-07-26 21:48:29.328429	Phase	ca	ca_soak_ch1	fc461c6c87e27bc94fbcfebbdc698fb8	Scheduled	0	Unknown	0	0	0	0	0	0	0	0	0	0	0	0		{}	a61cca4487f342e666b30a02dd2bd474	namespace_cleanup	1	{'items':0,'items_completed':0,'items_pending':0,'suppressed':0}
2afe19975e46	2026-07-26	2026-07-26 21:48:29	2026-07-26 21:48:29.328436	Phase	ca	ca_soak_ch1	fc461c6c87e27bc94fbcfebbdc698fb8	Scheduled	0	Unknown	0	0	0	0	0	0	0	0	0	0	0	0		{}	a61cca4487f342e666b30a02dd2bd474	ref_object_cleanup	6	{'namespaces_planned':2,'suppressed':0,'trim_enabled':1}
2afe19975e46	2026-07-26	2026-07-26 21:48:29	2026-07-26 21:48:29.508038	Phase	ca	ca_soak_ch1	fc461c6c87e27bc94fbcfebbdc698fb8	Scheduled	0	Unknown	0	0	0	0	0	0	0	0	0	0	0	0		{'AsyncLoggingFileLogTotalMessages':26,'AsyncLoggingTextLogTotalMessages':26,'CasGcEnumerationPages':5,'CasGcGet':43,'CasManifestList':1,'CasRootGet':209,'CasRootList':4,'ContextLock':904,'DiskConnectionsCreated':5,'DiskConnectionsElapsedMicroseconds':362,'DiskConnectionsExpired':5,'DiskConnectionsPreserved':473,'DiskConnectionsReused':473,'DiskS3GetObject':226,'DiskS3HeadObject':252,'DiskS3ReadMicroseconds':85568,'DiskS3ReadRequestsCount':478,'DiskS3ReadRequestsErrors':26,'GlobalThreadPoolJobs':5,'IOBufferAllocBytes':1050704,'IOBufferAllocs':226,'LocalThreadPoolExpansions':5,'LocalThreadPoolJobs':5,'LocalThreadPoolShrinks':5,'LocalThreadPoolThreadCreationMicroseconds':23,'LogDebug':26,'LoggerElapsedNanoseconds':71990,'MemoryAllocatedWithoutCheck':958,'MemoryAllocatedWithoutCheckBytes':3151838,'ReadBufferFromS3Bytes':110770,'ReadBufferFromS3InitMicroseconds':61259,'ReadBufferFromS3Microseconds':61669,'S3GetObject':226,'S3HeadObject':252,'S3ReadMicroseconds':85568,'S3ReadRequestsCount':478,'S3ReadRequestsErrors':26}	a61cca4487f342e666b30a02dd2bd474	orphan_sweep	179586	{'cursor_advanced':0,'list_budget_keys':1000}
2afe19975e46	2026-07-26	2026-07-26 21:48:29	2026-07-26 21:48:29.276800	Phase	ca	ca_soak_ch1	fc461c6c87e27bc94fbcfebbdc698fb8	Scheduled	0	Unknown	0	0	0	0	0	0	0	0	0	0	0	0		{'AsyncLoggingFileLogTotalMessages':3,'AsyncLoggingTextLogTotalMessages':3,'CasConditionalWriteAttempts':1,'CasConditionalWriteCommitted':1,'CasGcCas':1,'CasGcGet':1,'ContextLock':5,'DiskConnectionsPreserved':2,'DiskConnectionsReused':2,'DiskS3GetObject':1,'DiskS3HeadObject':1,'DiskS3ReadMicroseconds':1177,'DiskS3ReadRequestsCount':2,'IOBufferAllocBytes':1052939,'IOBufferAllocs':2,'LocalThreadPoolJobs':1,'LogTrace':3,'LoggerElapsedNanoseconds':16050,'MemoryAllocatedWithoutCheck':8,'MemoryAllocatedWithoutCheckBytes':2167310,'ReadBufferFromS3Bytes':141,'ReadBufferFromS3InitMicroseconds':735,'ReadBufferFromS3Microseconds':741,'S3GetObject':1,'S3HeadObject':1,'S3ReadMicroseconds':1177,'S3ReadRequestsCount':2,'WriteBufferFromS3Bytes':141}	a61cca4487f342e666b30a02dd2bd474	lease	3855	{'acquired':1,'steal_allowed':1}
2afe19975e46	2026-07-26	2026-07-26 21:48:39	2026-07-26 21:48:39.508145	Start	ca	ca_soak_ch1	fc461c6c87e27bc94fbcfebbdc698fb8	Scheduled	0	Unknown	0	0	0	0	0	0	0	0	0	0	0	0		{}	d057892b7f42a16e8b440b1071a91c01		0	{}
2afe19975e46	2026-07-26	2026-07-26 21:48:39	2026-07-26 21:48:39.510692	Phase	ca	ca_soak_ch1	fc461c6c87e27bc94fbcfebbdc698fb8	Scheduled	0	Unknown	0	0	0	0	0	0	0	0	0	0	0	0		{'AsyncLoggingFileLogTotalMessages':3,'AsyncLoggingTextLogTotalMessages':3,'CasConditionalWriteAttempts':1,'CasConditionalWriteCommitted':1,'CasGcCas':1,'CasGcGet':1,'ContextLock':5,'DiskConnectionsPreserved':2,'DiskConnectionsReused':2,'DiskS3GetObject':1,'DiskS3HeadObject':1,'DiskS3ReadMicroseconds':566,'DiskS3ReadRequestsCount':2,'IOBufferAllocBytes':1052939,'IOBufferAllocs':2,'LocalThreadPoolJobs':1,'LogTrace':3,'LoggerElapsedNanoseconds':20010,'MemoryAllocatedWithoutCheck':8,'MemoryAllocatedWithoutCheckBytes':2167310,'ReadBufferFromS3Bytes':141,'ReadBufferFromS3InitMicroseconds':502,'ReadBufferFromS3Microseconds':505,'S3GetObject':1,'S3HeadObject':1,'S3ReadMicroseconds':566,'S3ReadRequestsCount':2,'WriteBufferFromS3Bytes':141}	d057892b7f42a16e8b440b1071a91c01	lease	2521	{'acquired':1,'steal_allowed':1}
2afe19975e46	2026-07-26	2026-07-26 21:48:39	2026-07-26 21:48:39.515513	Phase	ca	ca_soak_ch1	fc461c6c87e27bc94fbcfebbdc698fb8	Scheduled	0	Unknown	0	0	0	0	0	0	0	0	0	0	0	0		{'CasGcGet':2,'CasGcList':1,'ContextLock':9,'DiskConnectionsPreserved':4,'DiskConnectionsReused':4,'DiskS3GetObject':2,'DiskS3HeadObject':2,'DiskS3ReadMicroseconds':982,'DiskS3ReadRequestsCount':4,'GlobalThreadPoolJobs':1,'IOBufferAllocBytes':8688,'IOBufferAllocs':2,'LocalThreadPoolExpansions':1,'LocalThreadPoolJobs':1,'LocalThreadPoolShrinks':1,'LocalThreadPoolThreadCreationMicroseconds':5,'MemoryAllocatedWithoutCheck':8,'MemoryAllocatedWithoutCheckBytes':8704,'ReadBufferFromS3Bytes':370,'ReadBufferFromS3InitMicroseconds':713,'ReadBufferFromS3Microseconds':719,'S3GetObject':2,'S3HeadObject':2,'S3ReadMicroseconds':982,'S3ReadRequestsCount':4}	d057892b7f42a16e8b440b1071a91c01	heartbeat_floor	2706	{'already_fenced':0,'fenced_now':0,'live':2,'terminated':0}
2afe19975e46	2026-07-26	2026-07-26 21:48:39	2026-07-26 21:48:39.536329	Phase	ca	ca_soak_ch1	fc461c6c87e27bc94fbcfebbdc698fb8	Scheduled	0	Unknown	0	0	0	0	0	0	0	0	0	0	0	0		{'CasGcEnumerationPages':1,'CasGcGet':2,'CasRootList':1,'ContextLock':9,'DiskConnectionsPreserved':4,'DiskConnectionsReused':4,'DiskS3GetObject':2,'DiskS3HeadObject':2,'DiskS3ReadMicroseconds':845,'DiskS3ReadRequestsCount':4,'GlobalThreadPoolJobs':1,'IOBufferAllocBytes':9364,'IOBufferAllocs':2,'LocalThreadPoolExpansions':1,'LocalThreadPoolJobs':1,'LocalThreadPoolShrinks':1,'LocalThreadPoolThreadCreationMicroseconds':2,'MemoryAllocatedWithoutCheck':8,'MemoryAllocatedWithoutCheckBytes':8704,'ReadBufferFromS3Bytes':1046,'ReadBufferFromS3InitMicroseconds':611,'ReadBufferFromS3Microseconds':615,'S3GetObject':2,'S3HeadObject':2,'S3ReadMicroseconds':845,'S3ReadRequestsCount':4}	d057892b7f42a16e8b440b1071a91c01	defer_decision	20797	{'changed_shards':0,'deferred':1,'fold_seal_reads':2,'graduation_due':0,'namespaces_seen':2,'ref_log_keys_listed':207,'rounds_deferred_before':0}
2afe19975e46	2026-07-26	2026-07-26 21:48:39	2026-07-26 21:48:39.536352	Finish	ca	ca_soak_ch1	fc461c6c87e27bc94fbcfebbdc698fb8	Scheduled	27	Deferred	0	0	0	0	0	0	0	0	0	0	0	28		{'AsyncLoggingFileLogTotalMessages':3,'AsyncLoggingTextLogTotalMessages':3,'CasConditionalWriteAttempts':2,'CasConditionalWriteCommitted':2,'CasGcCas':2,'CasGcEnumerationPages':1,'CasGcGet':6,'CasGcList':1,'CasRootList':1,'ContextLock':31,'DiskConnectionsPreserved':12,'DiskConnectionsReused':12,'DiskS3GetObject':6,'DiskS3HeadObject':6,'DiskS3ReadMicroseconds':2857,'DiskS3ReadRequestsCount':12,'GlobalThreadPoolJobs':2,'IOBufferAllocBytes':2123870,'IOBufferAllocs':8,'LocalThreadPoolExpansions':2,'LocalThreadPoolJobs':4,'LocalThreadPoolShrinks':2,'LocalThreadPoolThreadCreationMicroseconds':7,'LogTrace':6,'LoggerElapsedNanoseconds':20010,'MemoryAllocatedWithoutCheck':28,'MemoryAllocatedWithoutCheckBytes':2189070,'ReadBufferFromS3Bytes':1638,'ReadBufferFromS3InitMicroseconds':2200,'ReadBufferFromS3Microseconds':2216,'S3GetObject':6,'S3HeadObject':6,'S3ReadMicroseconds':2857,'S3ReadRequestsCount':12,'WriteBufferFromS3Bytes':222}	d057892b7f42a16e8b440b1071a91c01		0	{}
2afe19975e46	2026-07-26	2026-07-26 21:48:39	2026-07-26 21:48:39.706420	Start	ca	ca_soak_ch1	fc461c6c87e27bc94fbcfebbdc698fb8	Manual	0	Unknown	0	0	0	0	0	0	0	0	0	0	0	0		{}	d77ebbca1945df4d4ab6a0d5e69dac56		0	{}
2afe19975e46	2026-07-26	2026-07-26 21:48:39	2026-07-26 21:48:39.709477	Phase	ca	ca_soak_ch1	fc461c6c87e27bc94fbcfebbdc698fb8	Manual	0	Unknown	0	0	0	0	0	0	0	0	0	0	0	0		{'CasConditionalWriteAttempts':1,'CasConditionalWriteCommitted':1,'CasGcCas':1,'CasGcGet':1,'ContextLock':5,'DiskConnectionsPreserved':2,'DiskConnectionsReused':2,'DiskS3GetObject':1,'DiskS3HeadObject':1,'DiskS3ReadMicroseconds':961,'DiskS3ReadRequestsCount':2,'IOBufferAllocBytes':1052939,'IOBufferAllocs':2,'LocalThreadPoolJobs':1,'LogTrace':3,'MemoryAllocatedWithoutCheck':4,'MemoryAllocatedWithoutCheckBytes':4352,'QueryProfilerRuns':1,'ReadBufferFromS3Bytes':141,'ReadBufferFromS3InitMicroseconds':595,'ReadBufferFromS3Microseconds':600,'S3GetObject':1,'S3HeadObject':1,'S3ReadMicroseconds':961,'S3ReadRequestsCount':2,'WriteBufferFromS3Bytes':141}	d77ebbca1945df4d4ab6a0d5e69dac56	lease	3042	{'acquired':1,'steal_allowed':0}
2afe19975e46	2026-07-26	2026-07-26 21:48:39	2026-07-26 21:48:39.714799	Phase	ca	ca_soak_ch1	fc461c6c87e27bc94fbcfebbdc698fb8	Manual	0	Unknown	0	0	0	0	0	0	0	0	0	0	0	0		{'CasGcGet':2,'CasGcList':1,'ContextLock':9,'DiskConnectionsPreserved':4,'DiskConnectionsReused':4,'DiskS3GetObject':2,'DiskS3HeadObject':2,'DiskS3ReadMicroseconds':1110,'DiskS3ReadRequestsCount':4,'GlobalThreadPoolJobs':1,'IOBufferAllocBytes':8688,'IOBufferAllocs':2,'LocalThreadPoolExpansions':1,'LocalThreadPoolJobs':1,'LocalThreadPoolShrinks':1,'LocalThreadPoolThreadCreationMicroseconds':4,'MemoryAllocatedWithoutCheck':8,'MemoryAllocatedWithoutCheckBytes':8704,'ReadBufferFromS3Bytes':370,'ReadBufferFromS3InitMicroseconds':765,'ReadBufferFromS3Microseconds':770,'S3GetObject':2,'S3HeadObject':2,'S3ReadMicroseconds':1110,'S3ReadRequestsCount':4}	d77ebbca1945df4d4ab6a0d5e69dac56	heartbeat_floor	3118	{'already_fenced':0,'fenced_now':0,'live':2,'terminated':0}
2afe19975e46	2026-07-26	2026-07-26 21:48:39	2026-07-26 21:48:39.736109	Phase	ca	ca_soak_ch1	fc461c6c87e27bc94fbcfebbdc698fb8	Manual	0	Unknown	0	0	0	0	0	0	0	0	0	0	0	0		{'CasGcEnumerationPages':1,'CasGcGet':2,'CasRootList':1,'ContextLock':9,'DiskConnectionsPreserved':4,'DiskConnectionsReused':4,'DiskS3GetObject':2,'DiskS3HeadObject':2,'DiskS3ReadMicroseconds':919,'DiskS3ReadRequestsCount':4,'GlobalThreadPoolJobs':1,'IOBufferAllocBytes':9364,'IOBufferAllocs':2,'LocalThreadPoolExpansions':1,'LocalThreadPoolJobs':1,'LocalThreadPoolShrinks':1,'LocalThreadPoolThreadCreationMicroseconds':3,'MemoryAllocatedWithoutCheck':8,'MemoryAllocatedWithoutCheckBytes':8704,'QueryProfilerRuns':2,'ReadBufferFromS3Bytes':1046,'ReadBufferFromS3InitMicroseconds':673,'ReadBufferFromS3Microseconds':676,'S3GetObject':2,'S3HeadObject':2,'S3ReadMicroseconds':919,'S3ReadRequestsCount':4}	d77ebbca1945df4d4ab6a0d5e69dac56	defer_decision	21296	{'changed_shards':0,'deferred':1,'fold_seal_reads':2,'graduation_due':0,'namespaces_seen':2,'ref_log_keys_listed':207,'rounds_deferred_before':1}
2afe19975e46	2026-07-26	2026-07-26 21:48:39	2026-07-26 21:48:39.736124	Finish	ca	ca_soak_ch1	fc461c6c87e27bc94fbcfebbdc698fb8	Manual	27	Deferred	0	0	0	0	0	0	0	0	0	0	0	29		{'CasConditionalWriteAttempts':2,'CasConditionalWriteCommitted':2,'CasGcCas':2,'CasGcEnumerationPages':1,'CasGcGet':6,'CasGcList':1,'CasRootList':1,'ContextLock':31,'DiskConnectionsCreated':1,'DiskConnectionsElapsedMicroseconds':66,'DiskConnectionsPreserved':12,'DiskConnectionsReused':11,'DiskS3GetObject':6,'DiskS3HeadObject':6,'DiskS3ReadMicroseconds':3638,'DiskS3ReadRequestsCount':12,'GlobalThreadPoolJobs':2,'IOBufferAllocBytes':2123870,'IOBufferAllocs':8,'LocalThreadPoolExpansions':2,'LocalThreadPoolJobs':4,'LocalThreadPoolShrinks':2,'LocalThreadPoolThreadCreationMicroseconds':7,'LogTrace':6,'MemoryAllocatedWithoutCheck':28,'MemoryAllocatedWithoutCheckBytes':28384,'QueryProfilerRuns':3,'ReadBufferFromS3Bytes':1638,'ReadBufferFromS3InitMicroseconds':2493,'ReadBufferFromS3Microseconds':2509,'S3GetObject':6,'S3HeadObject':6,'S3ReadMicroseconds':3638,'S3ReadRequestsCount':12,'WriteBufferFromS3Bytes':222}	d77ebbca1945df4d4ab6a0d5e69dac56		0	{}
2afe19975e46	2026-07-26	2026-07-26 21:48:49	2026-07-26 21:48:49.536431	Start	ca	ca_soak_ch1	fc461c6c87e27bc94fbcfebbdc698fb8	Scheduled	0	Unknown	0	0	0	0	0	0	0	0	0	0	0	0		{}	92442aa5a7b49e501fb4cb19f08a8ce8		0	{}
2afe19975e46	2026-07-26	2026-07-26 21:48:49	2026-07-26 21:48:49.539898	Phase	ca	ca_soak_ch1	fc461c6c87e27bc94fbcfebbdc698fb8	Scheduled	0	Unknown	0	0	0	0	0	0	0	0	0	0	0	0		{'AsyncLoggingFileLogTotalMessages':3,'AsyncLoggingTextLogTotalMessages':3,'CasConditionalWriteAttempts':1,'CasConditionalWriteCommitted':1,'CasGcCas':1,'CasGcGet':1,'ContextLock':5,'DiskConnectionsPreserved':2,'DiskConnectionsReused':2,'DiskS3GetObject':1,'DiskS3HeadObject':1,'DiskS3ReadMicroseconds':1012,'DiskS3ReadRequestsCount':2,'IOBufferAllocBytes':1052939,'IOBufferAllocs':2,'LocalThreadPoolJobs':1,'LogTrace':3,'LoggerElapsedNanoseconds':16290,'MemoryAllocatedWithoutCheck':8,'MemoryAllocatedWithoutCheckBytes':2167310,'ReadBufferFromS3Bytes':141,'ReadBufferFromS3InitMicroseconds':550,'ReadBufferFromS3Microseconds':555,'S3GetObject':1,'S3HeadObject':1,'S3ReadMicroseconds':1012,'S3ReadRequestsCount':2,'WriteBufferFromS3Bytes':141}	92442aa5a7b49e501fb4cb19f08a8ce8	lease	3451	{'acquired':1,'steal_allowed':1}
2afe19975e46	2026-07-26	2026-07-26 21:48:49	2026-07-26 21:48:49.546384	Phase	ca	ca_soak_ch1	fc461c6c87e27bc94fbcfebbdc698fb8	Scheduled	0	Unknown	0	0	0	0	0	0	0	0	0	0	0	0		{'CasGcGet':2,'CasGcList':1,'ContextLock':9,'DiskConnectionsPreserved':4,'DiskConnectionsReused':4,'DiskS3GetObject':2,'DiskS3HeadObject':2,'DiskS3ReadMicroseconds':1095,'DiskS3ReadRequestsCount':4,'GlobalThreadPoolJobs':1,'IOBufferAllocBytes':8688,'IOBufferAllocs':2,'LocalThreadPoolExpansions':1,'LocalThreadPoolJobs':1,'LocalThreadPoolShrinks':1,'LocalThreadPoolThreadCreationMicroseconds':6,'MemoryAllocatedWithoutCheck':8,'MemoryAllocatedWithoutCheckBytes':8704,'ReadBufferFromS3Bytes':370,'ReadBufferFromS3InitMicroseconds':777,'ReadBufferFromS3Microseconds':784,'S3GetObject':2,'S3HeadObject':2,'S3ReadMicroseconds':1095,'S3ReadRequestsCount':4}	92442aa5a7b49e501fb4cb19f08a8ce8	heartbeat_floor	3435	{'already_fenced':0,'fenced_now':0,'live':2,'terminated':0}
2afe19975e46	2026-07-26	2026-07-26 21:48:49	2026-07-26 21:48:49.566593	Phase	ca	ca_soak_ch1	fc461c6c87e27bc94fbcfebbdc698fb8	Scheduled	0	Unknown	0	0	0	0	0	0	0	0	0	0	0	0		{'CasGcEnumerationPages':1,'CasGcGet':2,'CasRootList':1,'ContextLock':9,'DiskConnectionsPreserved':4,'DiskConnectionsReused':4,'DiskS3GetObject':2,'DiskS3HeadObject':2,'DiskS3ReadMicroseconds':760,'DiskS3ReadRequestsCount':4,'GlobalThreadPoolJobs':1,'IOBufferAllocBytes':9364,'IOBufferAllocs':2,'LocalThreadPoolExpansions':1,'LocalThreadPoolJobs':1,'LocalThreadPoolShrinks':1,'LocalThreadPoolThreadCreationMicroseconds':4,'MemoryAllocatedWithoutCheck':8,'MemoryAllocatedWithoutCheckBytes':8704,'ReadBufferFromS3Bytes':1046,'ReadBufferFromS3InitMicroseconds':581,'ReadBufferFromS3Microseconds':585,'S3GetObject':2,'S3HeadObject':2,'S3ReadMicroseconds':760,'S3ReadRequestsCount':4}	92442aa5a7b49e501fb4cb19f08a8ce8	defer_decision	20191	{'changed_shards':0,'deferred':1,'fold_seal_reads':2,'graduation_due':0,'namespaces_seen':2,'ref_log_keys_listed':207,'rounds_deferred_before':2}
2afe19975e46	2026-07-26	2026-07-26 21:48:49	2026-07-26 21:48:49.566608	Finish	ca	ca_soak_ch1	fc461c6c87e27bc94fbcfebbdc698fb8	Scheduled	27	Deferred	0	0	0	0	0	0	0	0	0	0	0	30		{'AsyncLoggingFileLogTotalMessages':3,'AsyncLoggingTextLogTotalMessages':3,'CasConditionalWriteAttempts':2,'CasConditionalWriteCommitted':2,'CasGcCas':2,'CasGcEnumerationPages':1,'CasGcGet':6,'CasGcList':1,'CasRootList':1,'ContextLock':31,'DiskConnectionsPreserved':12,'DiskConnectionsReused':12,'DiskS3GetObject':6,'DiskS3HeadObject':6,'DiskS3ReadMicroseconds':3891,'DiskS3ReadRequestsCount':12,'GlobalThreadPoolJobs':2,'IOBufferAllocBytes':2123870,'IOBufferAllocs':8,'LocalThreadPoolExpansions':2,'LocalThreadPoolJobs':4,'LocalThreadPoolShrinks':2,'LocalThreadPoolThreadCreationMicroseconds':10,'LogTrace':6,'LoggerElapsedNanoseconds':16290,'MemoryAllocatedWithoutCheck':28,'MemoryAllocatedWithoutCheckBytes':2189070,'ReadBufferFromS3Bytes':1638,'ReadBufferFromS3InitMicroseconds':2683,'ReadBufferFromS3Microseconds':2706,'S3GetObject':6,'S3HeadObject':6,'S3ReadMicroseconds':3891,'S3ReadRequestsCount':12,'WriteBufferFromS3Bytes':222}	92442aa5a7b49e501fb4cb19f08a8ce8		0	{}
2afe19975e46	2026-07-26	2026-07-26 21:48:51	2026-07-26 21:48:51.101390	Start	ca	ca_soak_ch1	fc461c6c87e27bc94fbcfebbdc698fb8	Manual	0	Unknown	0	0	0	0	0	0	0	0	0	0	0	0		{}	cb3eef448eca798ca21bc4ee9890dad9		0	{}
2afe19975e46	2026-07-26	2026-07-26 21:48:51	2026-07-26 21:48:51.104396	Phase	ca	ca_soak_ch1	fc461c6c87e27bc94fbcfebbdc698fb8	Manual	0	Unknown	0	0	0	0	0	0	0	0	0	0	0	0		{'CasConditionalWriteAttempts':1,'CasConditionalWriteCommitted':1,'CasGcCas':1,'CasGcGet':1,'ContextLock':5,'DiskConnectionsPreserved':2,'DiskConnectionsReused':2,'DiskS3GetObject':1,'DiskS3HeadObject':1,'DiskS3ReadMicroseconds':895,'DiskS3ReadRequestsCount':2,'IOBufferAllocBytes':1052939,'IOBufferAllocs':2,'LocalThreadPoolJobs':1,'LogTrace':3,'MemoryAllocatedWithoutCheck':4,'MemoryAllocatedWithoutCheckBytes':4352,'ReadBufferFromS3Bytes':141,'ReadBufferFromS3InitMicroseconds':499,'ReadBufferFromS3Microseconds':505,'S3GetObject':1,'S3HeadObject':1,'S3ReadMicroseconds':895,'S3ReadRequestsCount':2,'WriteBufferFromS3Bytes':141}	cb3eef448eca798ca21bc4ee9890dad9	lease	2994	{'acquired':1,'steal_allowed':0}
2afe19975e46	2026-07-26	2026-07-26 21:48:51	2026-07-26 21:48:51.109315	Phase	ca	ca_soak_ch1	fc461c6c87e27bc94fbcfebbdc698fb8	Manual	0	Unknown	0	0	0	0	0	0	0	0	0	0	0	0		{'CasGcGet':2,'CasGcList':1,'ContextLock':9,'DiskConnectionsPreserved':4,'DiskConnectionsReused':4,'DiskS3GetObject':2,'DiskS3HeadObject':2,'DiskS3ReadMicroseconds':890,'DiskS3ReadRequestsCount':4,'GlobalThreadPoolJobs':1,'IOBufferAllocBytes':8688,'IOBufferAllocs':2,'LocalThreadPoolExpansions':1,'LocalThreadPoolJobs':1,'LocalThreadPoolShrinks':1,'LocalThreadPoolThreadCreationMicroseconds':3,'MemoryAllocatedWithoutCheck':8,'MemoryAllocatedWithoutCheckBytes':8704,'ReadBufferFromS3Bytes':370,'ReadBufferFromS3InitMicroseconds':612,'ReadBufferFromS3Microseconds':616,'S3GetObject':2,'S3HeadObject':2,'S3ReadMicroseconds':890,'S3ReadRequestsCount':4}	cb3eef448eca798ca21bc4ee9890dad9	heartbeat_floor	2688	{'already_fenced':0,'fenced_now':0,'live':2,'terminated':0}
2afe19975e46	2026-07-26	2026-07-26 21:48:51	2026-07-26 21:48:51.128855	Phase	ca	ca_soak_ch1	fc461c6c87e27bc94fbcfebbdc698fb8	Manual	0	Unknown	0	0	0	0	0	0	0	0	0	0	0	0		{'CasGcEnumerationPages':1,'CasGcGet':2,'CasRootList':1,'ContextLock':9,'DiskConnectionsPreserved':4,'DiskConnectionsReused':4,'DiskS3GetObject':2,'DiskS3HeadObject':2,'DiskS3ReadMicroseconds':712,'DiskS3ReadRequestsCount':4,'GlobalThreadPoolJobs':1,'IOBufferAllocBytes':9364,'IOBufferAllocs':2,'LocalThreadPoolExpansions':1,'LocalThreadPoolJobs':1,'LocalThreadPoolShrinks':1,'LocalThreadPoolThreadCreationMicroseconds':3,'MemoryAllocatedWithoutCheck':8,'MemoryAllocatedWithoutCheckBytes':8704,'QueryProfilerRuns':2,'ReadBufferFromS3Bytes':1046,'ReadBufferFromS3InitMicroseconds':484,'ReadBufferFromS3Microseconds':486,'S3GetObject':2,'S3HeadObject':2,'S3ReadMicroseconds':712,'S3ReadRequestsCount':4}	cb3eef448eca798ca21bc4ee9890dad9	defer_decision	19524	{'changed_shards':0,'deferred':1,'fold_seal_reads':2,'graduation_due':0,'namespaces_seen':2,'ref_log_keys_listed':207,'rounds_deferred_before':3}
2afe19975e46	2026-07-26	2026-07-26 21:48:51	2026-07-26 21:48:51.128867	Finish	ca	ca_soak_ch1	fc461c6c87e27bc94fbcfebbdc698fb8	Manual	27	Deferred	0	0	0	0	0	0	0	0	0	0	0	27		{'CasConditionalWriteAttempts':2,'CasConditionalWriteCommitted':2,'CasGcCas':2,'CasGcEnumerationPages':1,'CasGcGet':6,'CasGcList':1,'CasRootList':1,'ContextLock':31,'DiskConnectionsPreserved':12,'DiskConnectionsReused':12,'DiskS3GetObject':6,'DiskS3HeadObject':6,'DiskS3ReadMicroseconds':3098,'DiskS3ReadRequestsCount':12,'GlobalThreadPoolJobs':2,'IOBufferAllocBytes':2123870,'IOBufferAllocs':8,'LocalThreadPoolExpansions':2,'LocalThreadPoolJobs':4,'LocalThreadPoolShrinks':2,'LocalThreadPoolThreadCreationMicroseconds':6,'LogTrace':6,'MemoryAllocatedWithoutCheck':24,'MemoryAllocatedWithoutCheckBytes':26112,'QueryProfilerRuns':3,'ReadBufferFromS3Bytes':1638,'ReadBufferFromS3InitMicroseconds':1981,'ReadBufferFromS3Microseconds':1996,'S3GetObject':6,'S3HeadObject':6,'S3ReadMicroseconds':3098,'S3ReadRequestsCount':12,'WriteBufferFromS3Bytes':222}	cb3eef448eca798ca21bc4ee9890dad9		0	{}
2afe19975e46	2026-07-26	2026-07-26 21:48:59	2026-07-26 21:48:59.566682	Start	ca	ca_soak_ch1	fc461c6c87e27bc94fbcfebbdc698fb8	Scheduled	0	Unknown	0	0	0	0	0	0	0	0	0	0	0	0		{}	939cf0e6894511c592627d30e5bdf556		0	{}
2afe19975e46	2026-07-26	2026-07-26 21:48:59	2026-07-26 21:48:59.570265	Phase	ca	ca_soak_ch1	fc461c6c87e27bc94fbcfebbdc698fb8	Scheduled	0	Unknown	0	0	0	0	0	0	0	0	0	0	0	0		{'AsyncLoggingFileLogTotalMessages':3,'AsyncLoggingTextLogTotalMessages':3,'CasConditionalWriteAttempts':1,'CasConditionalWriteCommitted':1,'CasGcCas':1,'CasGcGet':1,'ContextLock':5,'DiskConnectionsPreserved':2,'DiskConnectionsReused':2,'DiskS3GetObject':1,'DiskS3HeadObject':1,'DiskS3ReadMicroseconds':1081,'DiskS3ReadRequestsCount':2,'IOBufferAllocBytes':1052939,'IOBufferAllocs':2,'LocalThreadPoolJobs':1,'LogTrace':3,'LoggerElapsedNanoseconds':15390,'MemoryAllocatedWithoutCheck':8,'MemoryAllocatedWithoutCheckBytes':2167310,'ReadBufferFromS3Bytes':141,'ReadBufferFromS3InitMicroseconds':466,'ReadBufferFromS3Microseconds':472,'S3GetObject':1,'S3HeadObject':1,'S3ReadMicroseconds':1081,'S3ReadRequestsCount':2,'WriteBufferFromS3Bytes':141}	939cf0e6894511c592627d30e5bdf556	lease	3561	{'acquired':1,'steal_allowed':1}
2afe19975e46	2026-07-26	2026-07-26 21:48:59	2026-07-26 21:48:59.575290	Phase	ca	ca_soak_ch1	fc461c6c87e27bc94fbcfebbdc698fb8	Scheduled	0	Unknown	0	0	0	0	0	0	0	0	0	0	0	0		{'CasGcGet':2,'CasGcList':1,'ContextLock':9,'DiskConnectionsPreserved':4,'DiskConnectionsReused':4,'DiskS3GetObject':2,'DiskS3HeadObject':2,'DiskS3ReadMicroseconds':920,'DiskS3ReadRequestsCount':4,'GlobalThreadPoolJobs':1,'IOBufferAllocBytes':8688,'IOBufferAllocs':2,'LocalThreadPoolExpansions':1,'LocalThreadPoolJobs':1,'LocalThreadPoolShrinks':1,'LocalThreadPoolThreadCreationMicroseconds':3,'MemoryAllocatedWithoutCheck':8,'MemoryAllocatedWithoutCheckBytes':8704,'ReadBufferFromS3Bytes':370,'ReadBufferFromS3InitMicroseconds':640,'ReadBufferFromS3Microseconds':645,'S3GetObject':2,'S3HeadObject':2,'S3ReadMicroseconds':920,'S3ReadRequestsCount':4}	939cf0e6894511c592627d30e5bdf556	heartbeat_floor	2917	{'already_fenced':0,'fenced_now':0,'live':2,'terminated':0}
2afe19975e46	2026-07-26	2026-07-26 21:48:59	2026-07-26 21:48:59.596040	Phase	ca	ca_soak_ch1	fc461c6c87e27bc94fbcfebbdc698fb8	Scheduled	0	Unknown	0	0	0	0	0	0	0	0	0	0	0	0		{'CasGcEnumerationPages':1,'CasGcGet':2,'CasRootList':1,'ContextLock':9,'DiskConnectionsPreserved':4,'DiskConnectionsReused':4,'DiskS3GetObject':2,'DiskS3HeadObject':2,'DiskS3ReadMicroseconds':720,'DiskS3ReadRequestsCount':4,'GlobalThreadPoolJobs':1,'IOBufferAllocBytes':9364,'IOBufferAllocs':2,'LocalThreadPoolExpansions':1,'LocalThreadPoolJobs':1,'LocalThreadPoolShrinks':1,'LocalThreadPoolThreadCreationMicroseconds':2,'MemoryAllocatedWithoutCheck':8,'MemoryAllocatedWithoutCheckBytes':8704,'ReadBufferFromS3Bytes':1046,'ReadBufferFromS3InitMicroseconds':496,'ReadBufferFromS3Microseconds':498,'S3GetObject':2,'S3HeadObject':2,'S3ReadMicroseconds':720,'S3ReadRequestsCount':4}	939cf0e6894511c592627d30e5bdf556	defer_decision	20738	{'changed_shards':0,'deferred':1,'fold_seal_reads':2,'graduation_due':0,'namespaces_seen':2,'ref_log_keys_listed':207,'rounds_deferred_before':4}
2afe19975e46	2026-07-26	2026-07-26 21:48:59	2026-07-26 21:48:59.596061	Finish	ca	ca_soak_ch1	fc461c6c87e27bc94fbcfebbdc698fb8	Scheduled	27	Deferred	0	0	0	0	0	0	0	0	0	0	0	29		{'AsyncLoggingFileLogTotalMessages':3,'AsyncLoggingTextLogTotalMessages':3,'CasConditionalWriteAttempts':2,'CasConditionalWriteCommitted':2,'CasGcCas':2,'CasGcEnumerationPages':1,'CasGcGet':6,'CasGcList':1,'CasRootList':1,'ContextLock':31,'DiskConnectionsPreserved':12,'DiskConnectionsReused':12,'DiskS3GetObject':6,'DiskS3HeadObject':6,'DiskS3ReadMicroseconds':3339,'DiskS3ReadRequestsCount':12,'GlobalThreadPoolJobs':2,'IOBufferAllocBytes':2123870,'IOBufferAllocs':8,'LocalThreadPoolExpansions':2,'LocalThreadPoolJobs':4,'LocalThreadPoolShrinks':2,'LocalThreadPoolThreadCreationMicroseconds':5,'LogTrace':6,'LoggerElapsedNanoseconds':15390,'MemoryAllocatedWithoutCheck':28,'MemoryAllocatedWithoutCheckBytes':2189070,'ReadBufferFromS3Bytes':1638,'ReadBufferFromS3InitMicroseconds':2040,'ReadBufferFromS3Microseconds':2057,'S3GetObject':6,'S3HeadObject':6,'S3ReadMicroseconds':3339,'S3ReadRequestsCount':12,'WriteBufferFromS3Bytes':222}	939cf0e6894511c592627d30e5bdf556		0	{}