hostname	event_date	event_time	event_time_microseconds	event_type	disk_name	srid	gc_id	trigger	round	outcome	candidates_marked	objects_deleted	objects_absent	objects_replaced	objects_spared	manifests_deleted	entries_condemned	entries_graduated	entries_redeleted	fence_outs	anomalies	duration_ms	error	ProfileEvents	round_id	phase	phase_duration_us	phase_metrics
e10bbf9b059b	2026-07-26	2026-07-26 21:27:22	2026-07-26 21:27:22.208152	Start	ca	ca_soak_ch2	f0f1274d01237dfdeb8efa6c6fd8cee5	Scheduled	0	Unknown	0	0	0	0	0	0	0	0	0	0	0	0		{}	5058a40bfb066a7a5aee90025dadaefa		0	{}
e10bbf9b059b	2026-07-26	2026-07-26 21:27:22	2026-07-26 21:27:22.210231	Phase	ca	ca_soak_ch2	f0f1274d01237dfdeb8efa6c6fd8cee5	Scheduled	0	Unknown	0	0	0	0	0	0	0	0	0	0	0	0		{'CasGcGet':2,'ContextLock':8,'DiskConnectionsPreserved':4,'DiskConnectionsReused':4,'DiskS3GetObject':2,'DiskS3HeadObject':2,'DiskS3ReadMicroseconds':1504,'DiskS3ReadRequestsCount':4,'IOBufferAllocBytes':8533,'IOBufferAllocs':2,'MemoryAllocatedWithoutCheck':8,'MemoryAllocatedWithoutCheckBytes':8704,'ReadBufferFromS3Bytes':215,'ReadBufferFromS3InitMicroseconds':946,'ReadBufferFromS3Microseconds':957,'S3GetObject':2,'S3HeadObject':2,'S3ReadMicroseconds':1504,'S3ReadRequestsCount':4}	5058a40bfb066a7a5aee90025dadaefa	lease	2032	{'acquired':0,'steal_allowed':1}
e10bbf9b059b	2026-07-26	2026-07-26 21:27:22	2026-07-26 21:27:22.210238	Finish	ca	ca_soak_ch2	f0f1274d01237dfdeb8efa6c6fd8cee5	Scheduled	0	NotALeader	0	0	0	0	0	0	0	0	0	0	0	2		{'CasGcGet':2,'ContextLock':9,'DiskConnectionsPreserved':4,'DiskConnectionsReused':4,'DiskS3GetObject':2,'DiskS3HeadObject':2,'DiskS3ReadMicroseconds':1504,'DiskS3ReadRequestsCount':4,'IOBufferAllocBytes':8533,'IOBufferAllocs':2,'MemoryAllocatedWithoutCheck':8,'MemoryAllocatedWithoutCheckBytes':8704,'ReadBufferFromS3Bytes':215,'ReadBufferFromS3InitMicroseconds':946,'ReadBufferFromS3Microseconds':957,'S3GetObject':2,'S3HeadObject':2,'S3ReadMicroseconds':1504,'S3ReadRequestsCount':4}	5058a40bfb066a7a5aee90025dadaefa		0	{}
e10bbf9b059b	2026-07-26	2026-07-26 21:27:32	2026-07-26 21:27:32.210308	Start	ca	ca_soak_ch2	f0f1274d01237dfdeb8efa6c6fd8cee5	Scheduled	0	Unknown	0	0	0	0	0	0	0	0	0	0	0	0		{}	7690f4e0ae7515f4c257684f0f5a55d5		0	{}
e10bbf9b059b	2026-07-26	2026-07-26 21:27:32	2026-07-26 21:27:32.216540	Phase	ca	ca_soak_ch2	f0f1274d01237dfdeb8efa6c6fd8cee5	Scheduled	0	Unknown	0	0	0	0	0	0	0	0	0	0	0	0		{'CasGcGet':2,'ContextLock':8,'DiskConnectionsPreserved':4,'DiskConnectionsReused':4,'DiskS3GetObject':2,'DiskS3HeadObject':2,'DiskS3ReadMicroseconds':5609,'DiskS3ReadRequestsCount':4,'IOBufferAllocBytes':8665,'IOBufferAllocs':2,'MemoryAllocatedWithoutCheck':8,'MemoryAllocatedWithoutCheckBytes':8704,'ReadBufferFromS3Bytes':347,'ReadBufferFromS3InitMicroseconds':2280,'ReadBufferFromS3Microseconds':2287,'S3GetObject':2,'S3HeadObject':2,'S3ReadMicroseconds':5609,'S3ReadRequestsCount':4}	7690f4e0ae7515f4c257684f0f5a55d5	lease	6208	{'acquired':0,'steal_allowed':1}
e10bbf9b059b	2026-07-26	2026-07-26 21:27:32	2026-07-26 21:27:32.216548	Finish	ca	ca_soak_ch2	f0f1274d01237dfdeb8efa6c6fd8cee5	Scheduled	0	NotALeader	0	0	0	0	0	0	0	0	0	0	0	6		{'CasGcGet':2,'ContextLock':9,'DiskConnectionsPreserved':4,'DiskConnectionsReused':4,'DiskS3GetObject':2,'DiskS3HeadObject':2,'DiskS3ReadMicroseconds':5609,'DiskS3ReadRequestsCount':4,'IOBufferAllocBytes':8665,'IOBufferAllocs':2,'MemoryAllocatedWithoutCheck':8,'MemoryAllocatedWithoutCheckBytes':8704,'ReadBufferFromS3Bytes':347,'ReadBufferFromS3InitMicroseconds':2280,'ReadBufferFromS3Microseconds':2287,'S3GetObject':2,'S3HeadObject':2,'S3ReadMicroseconds':5609,'S3ReadRequestsCount':4}	7690f4e0ae7515f4c257684f0f5a55d5		0	{}
e10bbf9b059b	2026-07-26	2026-07-26 21:27:42	2026-07-26 21:27:42.216621	Start	ca	ca_soak_ch2	f0f1274d01237dfdeb8efa6c6fd8cee5	Scheduled	0	Unknown	0	0	0	0	0	0	0	0	0	0	0	0		{}	0f7e26e0a65f258bab297539ae6888ab		0	{}
e10bbf9b059b	2026-07-26	2026-07-26 21:27:42	2026-07-26 21:27:42.220135	Phase	ca	ca_soak_ch2	f0f1274d01237dfdeb8efa6c6fd8cee5	Scheduled	0	Unknown	0	0	0	0	0	0	0	0	0	0	0	0		{'CasGcGet':2,'ContextLock':8,'DiskConnectionsPreserved':4,'DiskConnectionsReused':4,'DiskS3GetObject':2,'DiskS3HeadObject':2,'DiskS3ReadMicroseconds':2857,'DiskS3ReadRequestsCount':4,'IOBufferAllocBytes':8666,'IOBufferAllocs':2,'MemoryAllocatedWithoutCheck':8,'MemoryAllocatedWithoutCheckBytes':8704,'ReadBufferFromS3Bytes':348,'ReadBufferFromS3InitMicroseconds':1896,'ReadBufferFromS3Microseconds':1904,'S3GetObject':2,'S3HeadObject':2,'S3ReadMicroseconds':2857,'S3ReadRequestsCount':4}	0f7e26e0a65f258bab297539ae6888ab	lease	3495	{'acquired':0,'steal_allowed':1}
e10bbf9b059b	2026-07-26	2026-07-26 21:27:42	2026-07-26 21:27:42.220146	Finish	ca	ca_soak_ch2	f0f1274d01237dfdeb8efa6c6fd8cee5	Scheduled	0	NotALeader	0	0	0	0	0	0	0	0	0	0	0	3		{'CasGcGet':2,'ContextLock':9,'DiskConnectionsPreserved':4,'DiskConnectionsReused':4,'DiskS3GetObject':2,'DiskS3HeadObject':2,'DiskS3ReadMicroseconds':2857,'DiskS3ReadRequestsCount':4,'IOBufferAllocBytes':8666,'IOBufferAllocs':2,'MemoryAllocatedWithoutCheck':8,'MemoryAllocatedWithoutCheckBytes':8704,'ReadBufferFromS3Bytes':348,'ReadBufferFromS3InitMicroseconds':1896,'ReadBufferFromS3Microseconds':1904,'S3GetObject':2,'S3HeadObject':2,'S3ReadMicroseconds':2857,'S3ReadRequestsCount':4}	0f7e26e0a65f258bab297539ae6888ab		0	{}
e10bbf9b059b	2026-07-26	2026-07-26 21:27:52	2026-07-26 21:27:52.220220	Start	ca	ca_soak_ch2	f0f1274d01237dfdeb8efa6c6fd8cee5	Scheduled	0	Unknown	0	0	0	0	0	0	0	0	0	0	0	0		{}	c5f952ad5e5bc2cb8ac71f2cef98e4d7		0	{}
e10bbf9b059b	2026-07-26	2026-07-26 21:27:52	2026-07-26 21:27:52.222124	Phase	ca	ca_soak_ch2	f0f1274d01237dfdeb8efa6c6fd8cee5	Scheduled	0	Unknown	0	0	0	0	0	0	0	0	0	0	0	0		{'CasGcGet':2,'ContextLock':8,'DiskConnectionsPreserved':4,'DiskConnectionsReused':4,'DiskS3GetObject':2,'DiskS3HeadObject':2,'DiskS3ReadMicroseconds':1293,'DiskS3ReadRequestsCount':4,'IOBufferAllocBytes':8666,'IOBufferAllocs':2,'MemoryAllocatedWithoutCheck':8,'MemoryAllocatedWithoutCheckBytes':8704,'ReadBufferFromS3Bytes':348,'ReadBufferFromS3InitMicroseconds':1041,'ReadBufferFromS3Microseconds':1051,'S3GetObject':2,'S3HeadObject':2,'S3ReadMicroseconds':1293,'S3ReadRequestsCount':4}	c5f952ad5e5bc2cb8ac71f2cef98e4d7	lease	1887	{'acquired':0,'steal_allowed':1}
e10bbf9b059b	2026-07-26	2026-07-26 21:27:52	2026-07-26 21:27:52.222131	Finish	ca	ca_soak_ch2	f0f1274d01237dfdeb8efa6c6fd8cee5	Scheduled	0	NotALeader	0	0	0	0	0	0	0	0	0	0	0	1		{'CasGcGet':2,'ContextLock':9,'DiskConnectionsPreserved':4,'DiskConnectionsReused':4,'DiskS3GetObject':2,'DiskS3HeadObject':2,'DiskS3ReadMicroseconds':1293,'DiskS3ReadRequestsCount':4,'IOBufferAllocBytes':8666,'IOBufferAllocs':2,'MemoryAllocatedWithoutCheck':8,'MemoryAllocatedWithoutCheckBytes':8704,'ReadBufferFromS3Bytes':348,'ReadBufferFromS3InitMicroseconds':1041,'ReadBufferFromS3Microseconds':1051,'S3GetObject':2,'S3HeadObject':2,'S3ReadMicroseconds':1293,'S3ReadRequestsCount':4}	c5f952ad5e5bc2cb8ac71f2cef98e4d7		0	{}
e10bbf9b059b	2026-07-26	2026-07-26 21:28:02	2026-07-26 21:28:02.222207	Start	ca	ca_soak_ch2	f0f1274d01237dfdeb8efa6c6fd8cee5	Scheduled	0	Unknown	0	0	0	0	0	0	0	0	0	0	0	0		{}	f8cbbaad004d624fb84c1988a40d9493		0	{}
e10bbf9b059b	2026-07-26	2026-07-26 21:28:02	2026-07-26 21:28:02.225095	Phase	ca	ca_soak_ch2	f0f1274d01237dfdeb8efa6c6fd8cee5	Scheduled	0	Unknown	0	0	0	0	0	0	0	0	0	0	0	0		{'CasGcGet':2,'ContextLock':8,'DiskConnectionsPreserved':4,'DiskConnectionsReused':4,'DiskS3GetObject':2,'DiskS3HeadObject':2,'DiskS3ReadMicroseconds':2118,'DiskS3ReadRequestsCount':4,'IOBufferAllocBytes':8666,'IOBufferAllocs':2,'MemoryAllocatedWithoutCheck':8,'MemoryAllocatedWithoutCheckBytes':8704,'ReadBufferFromS3Bytes':348,'ReadBufferFromS3InitMicroseconds':1612,'ReadBufferFromS3Microseconds':1628,'S3GetObject':2,'S3HeadObject':2,'S3ReadMicroseconds':2118,'S3ReadRequestsCount':4}	f8cbbaad004d624fb84c1988a40d9493	lease	2871	{'acquired':0,'steal_allowed':1}
e10bbf9b059b	2026-07-26	2026-07-26 21:28:02	2026-07-26 21:28:02.225103	Finish	ca	ca_soak_ch2	f0f1274d01237dfdeb8efa6c6fd8cee5	Scheduled	0	NotALeader	0	0	0	0	0	0	0	0	0	0	0	2		{'CasGcGet':2,'ContextLock':9,'DiskConnectionsPreserved':4,'DiskConnectionsReused':4,'DiskS3GetObject':2,'DiskS3HeadObject':2,'DiskS3ReadMicroseconds':2118,'DiskS3ReadRequestsCount':4,'IOBufferAllocBytes':8666,'IOBufferAllocs':2,'MemoryAllocatedWithoutCheck':8,'MemoryAllocatedWithoutCheckBytes':8704,'ReadBufferFromS3Bytes':348,'ReadBufferFromS3InitMicroseconds':1612,'ReadBufferFromS3Microseconds':1628,'S3GetObject':2,'S3HeadObject':2,'S3ReadMicroseconds':2118,'S3ReadRequestsCount':4}	f8cbbaad004d624fb84c1988a40d9493		0	{}
e10bbf9b059b	2026-07-26	2026-07-26 21:28:12	2026-07-26 21:28:12.225337	Start	ca	ca_soak_ch2	f0f1274d01237dfdeb8efa6c6fd8cee5	Scheduled	0	Unknown	0	0	0	0	0	0	0	0	0	0	0	0		{}	4dac351f5619ccf6d92cb10611d7d7cf		0	{}
e10bbf9b059b	2026-07-26	2026-07-26 21:28:12	2026-07-26 21:28:12.228111	Phase	ca	ca_soak_ch2	f0f1274d01237dfdeb8efa6c6fd8cee5	Scheduled	0	Unknown	0	0	0	0	0	0	0	0	0	0	0	0		{'CasGcGet':2,'ContextLock':8,'DiskConnectionsPreserved':4,'DiskConnectionsReused':4,'DiskS3GetObject':2,'DiskS3HeadObject':2,'DiskS3ReadMicroseconds':2239,'DiskS3ReadRequestsCount':4,'IOBufferAllocBytes':8666,'IOBufferAllocs':2,'MemoryAllocatedWithoutCheck':8,'MemoryAllocatedWithoutCheckBytes':8704,'ReadBufferFromS3Bytes':348,'ReadBufferFromS3InitMicroseconds':1722,'ReadBufferFromS3Microseconds':1729,'S3GetObject':2,'S3HeadObject':2,'S3ReadMicroseconds':2239,'S3ReadRequestsCount':4}	4dac351f5619ccf6d92cb10611d7d7cf	lease	2756	{'acquired':0,'steal_allowed':1}
e10bbf9b059b	2026-07-26	2026-07-26 21:28:12	2026-07-26 21:28:12.228119	Finish	ca	ca_soak_ch2	f0f1274d01237dfdeb8efa6c6fd8cee5	Scheduled	0	NotALeader	0	0	0	0	0	0	0	0	0	0	0	2		{'CasGcGet':2,'ContextLock':9,'DiskConnectionsPreserved':4,'DiskConnectionsReused':4,'DiskS3GetObject':2,'DiskS3HeadObject':2,'DiskS3ReadMicroseconds':2239,'DiskS3ReadRequestsCount':4,'IOBufferAllocBytes':8666,'IOBufferAllocs':2,'MemoryAllocatedWithoutCheck':8,'MemoryAllocatedWithoutCheckBytes':8704,'ReadBufferFromS3Bytes':348,'ReadBufferFromS3InitMicroseconds':1722,'ReadBufferFromS3Microseconds':1729,'S3GetObject':2,'S3HeadObject':2,'S3ReadMicroseconds':2239,'S3ReadRequestsCount':4}	4dac351f5619ccf6d92cb10611d7d7cf		0	{}
e10bbf9b059b	2026-07-26	2026-07-26 21:28:22	2026-07-26 21:28:22.228198	Start	ca	ca_soak_ch2	f0f1274d01237dfdeb8efa6c6fd8cee5	Scheduled	0	Unknown	0	0	0	0	0	0	0	0	0	0	0	0		{}	1023e78c30f55451e50cdec1ca9ec829		0	{}
e10bbf9b059b	2026-07-26	2026-07-26 21:28:22	2026-07-26 21:28:22.230875	Phase	ca	ca_soak_ch2	f0f1274d01237dfdeb8efa6c6fd8cee5	Scheduled	0	Unknown	0	0	0	0	0	0	0	0	0	0	0	0		{'CasGcGet':2,'ContextLock':8,'DiskConnectionsPreserved':4,'DiskConnectionsReused':4,'DiskS3GetObject':2,'DiskS3HeadObject':2,'DiskS3ReadMicroseconds':1951,'DiskS3ReadRequestsCount':4,'IOBufferAllocBytes':8666,'IOBufferAllocs':2,'MemoryAllocatedWithoutCheck':8,'MemoryAllocatedWithoutCheckBytes':8704,'ReadBufferFromS3Bytes':348,'ReadBufferFromS3InitMicroseconds':1063,'ReadBufferFromS3Microseconds':1070,'S3GetObject':2,'S3HeadObject':2,'S3ReadMicroseconds':1951,'S3ReadRequestsCount':4}	1023e78c30f55451e50cdec1ca9ec829	lease	2657	{'acquired':0,'steal_allowed':1}
e10bbf9b059b	2026-07-26	2026-07-26 21:28:22	2026-07-26 21:28:22.230883	Finish	ca	ca_soak_ch2	f0f1274d01237dfdeb8efa6c6fd8cee5	Scheduled	0	NotALeader	0	0	0	0	0	0	0	0	0	0	0	2		{'CasGcGet':2,'ContextLock':9,'DiskConnectionsPreserved':4,'DiskConnectionsReused':4,'DiskS3GetObject':2,'DiskS3HeadObject':2,'DiskS3ReadMicroseconds':1951,'DiskS3ReadRequestsCount':4,'IOBufferAllocBytes':8666,'IOBufferAllocs':2,'MemoryAllocatedWithoutCheck':8,'MemoryAllocatedWithoutCheckBytes':8704,'ReadBufferFromS3Bytes':348,'ReadBufferFromS3InitMicroseconds':1063,'ReadBufferFromS3Microseconds':1070,'S3GetObject':2,'S3HeadObject':2,'S3ReadMicroseconds':1951,'S3ReadRequestsCount':4}	1023e78c30f55451e50cdec1ca9ec829		0	{}
e10bbf9b059b	2026-07-26	2026-07-26 21:28:32	2026-07-26 21:28:32.230957	Start	ca	ca_soak_ch2	f0f1274d01237dfdeb8efa6c6fd8cee5	Scheduled	0	Unknown	0	0	0	0	0	0	0	0	0	0	0	0		{}	8c4d9f2672229616550ae62a4f73c0f8		0	{}
e10bbf9b059b	2026-07-26	2026-07-26 21:28:32	2026-07-26 21:28:32.234851	Phase	ca	ca_soak_ch2	f0f1274d01237dfdeb8efa6c6fd8cee5	Scheduled	0	Unknown	0	0	0	0	0	0	0	0	0	0	0	0		{'CasGcGet':2,'ContextLock':8,'DiskConnectionsExpired':14,'DiskConnectionsPreserved':4,'DiskConnectionsReused':4,'DiskS3GetObject':2,'DiskS3HeadObject':2,'DiskS3ReadMicroseconds':2755,'DiskS3ReadRequestsCount':4,'IOBufferAllocBytes':8666,'IOBufferAllocs':2,'MemoryAllocatedWithoutCheck':8,'MemoryAllocatedWithoutCheckBytes':8704,'ReadBufferFromS3Bytes':348,'ReadBufferFromS3InitMicroseconds':1983,'ReadBufferFromS3Microseconds':1996,'S3GetObject':2,'S3HeadObject':2,'S3ReadMicroseconds':2755,'S3ReadRequestsCount':4}	8c4d9f2672229616550ae62a4f73c0f8	lease	3871	{'acquired':0,'steal_allowed':1}
e10bbf9b059b	2026-07-26	2026-07-26 21:28:32	2026-07-26 21:28:32.234863	Finish	ca	ca_soak_ch2	f0f1274d01237dfdeb8efa6c6fd8cee5	Scheduled	0	NotALeader	0	0	0	0	0	0	0	0	0	0	0	3		{'CasGcGet':2,'ContextLock':9,'DiskConnectionsExpired':14,'DiskConnectionsPreserved':4,'DiskConnectionsReused':4,'DiskS3GetObject':2,'DiskS3HeadObject':2,'DiskS3ReadMicroseconds':2755,'DiskS3ReadRequestsCount':4,'IOBufferAllocBytes':8666,'IOBufferAllocs':2,'MemoryAllocatedWithoutCheck':8,'MemoryAllocatedWithoutCheckBytes':8704,'ReadBufferFromS3Bytes':348,'ReadBufferFromS3InitMicroseconds':1983,'ReadBufferFromS3Microseconds':1996,'S3GetObject':2,'S3HeadObject':2,'S3ReadMicroseconds':2755,'S3ReadRequestsCount':4}	8c4d9f2672229616550ae62a4f73c0f8		0	{}
e10bbf9b059b	2026-07-26	2026-07-26 21:28:42	2026-07-26 21:28:42.234999	Start	ca	ca_soak_ch2	f0f1274d01237dfdeb8efa6c6fd8cee5	Scheduled	0	Unknown	0	0	0	0	0	0	0	0	0	0	0	0		{}	423c76737f734177716acd3cebf584fb		0	{}
e10bbf9b059b	2026-07-26	2026-07-26 21:28:42	2026-07-26 21:28:42.238238	Phase	ca	ca_soak_ch2	f0f1274d01237dfdeb8efa6c6fd8cee5	Scheduled	0	Unknown	0	0	0	0	0	0	0	0	0	0	0	0		{'CasGcGet':2,'ContextLock':8,'DiskConnectionsCreated':1,'DiskConnectionsElapsedMicroseconds':185,'DiskConnectionsPreserved':4,'DiskConnectionsReused':3,'DiskS3GetObject':2,'DiskS3HeadObject':2,'DiskS3ReadMicroseconds':2344,'DiskS3ReadRequestsCount':4,'IOBufferAllocBytes':8666,'IOBufferAllocs':2,'MemoryAllocatedWithoutCheck':10,'MemoryAllocatedWithoutCheckBytes':10880,'ReadBufferFromS3Bytes':348,'ReadBufferFromS3InitMicroseconds':1401,'ReadBufferFromS3Microseconds':1408,'S3GetObject':2,'S3HeadObject':2,'S3ReadMicroseconds':2344,'S3ReadRequestsCount':4}	423c76737f734177716acd3cebf584fb	lease	3215	{'acquired':0,'steal_allowed':1}
e10bbf9b059b	2026-07-26	2026-07-26 21:28:42	2026-07-26 21:28:42.238248	Finish	ca	ca_soak_ch2	f0f1274d01237dfdeb8efa6c6fd8cee5	Scheduled	0	NotALeader	0	0	0	0	0	0	0	0	0	0	0	3		{'CasGcGet':2,'ContextLock':9,'DiskConnectionsCreated':1,'DiskConnectionsElapsedMicroseconds':185,'DiskConnectionsPreserved':4,'DiskConnectionsReused':3,'DiskS3GetObject':2,'DiskS3HeadObject':2,'DiskS3ReadMicroseconds':2344,'DiskS3ReadRequestsCount':4,'IOBufferAllocBytes':8666,'IOBufferAllocs':2,'MemoryAllocatedWithoutCheck':10,'MemoryAllocatedWithoutCheckBytes':10880,'ReadBufferFromS3Bytes':348,'ReadBufferFromS3InitMicroseconds':1401,'ReadBufferFromS3Microseconds':1408,'S3GetObject':2,'S3HeadObject':2,'S3ReadMicroseconds':2344,'S3ReadRequestsCount':4}	423c76737f734177716acd3cebf584fb		0	{}
e10bbf9b059b	2026-07-26	2026-07-26 21:28:52	2026-07-26 21:28:52.238322	Start	ca	ca_soak_ch2	f0f1274d01237dfdeb8efa6c6fd8cee5	Scheduled	0	Unknown	0	0	0	0	0	0	0	0	0	0	0	0		{}	596af4016520fc786cd993871dcd7b53		0	{}
e10bbf9b059b	2026-07-26	2026-07-26 21:28:52	2026-07-26 21:28:52.240244	Phase	ca	ca_soak_ch2	f0f1274d01237dfdeb8efa6c6fd8cee5	Scheduled	0	Unknown	0	0	0	0	0	0	0	0	0	0	0	0		{'CasGcGet':2,'ContextLock':8,'DiskConnectionsCreated':1,'DiskConnectionsElapsedMicroseconds':70,'DiskConnectionsExpired':18,'DiskConnectionsPreserved':4,'DiskConnectionsReused':3,'DiskS3GetObject':2,'DiskS3HeadObject':2,'DiskS3ReadMicroseconds':1100,'DiskS3ReadRequestsCount':4,'IOBufferAllocBytes':8666,'IOBufferAllocs':2,'MemoryAllocatedWithoutCheck':10,'MemoryAllocatedWithoutCheckBytes':10880,'ReadBufferFromS3Bytes':348,'ReadBufferFromS3InitMicroseconds':715,'ReadBufferFromS3Microseconds':726,'S3GetObject':2,'S3HeadObject':2,'S3ReadMicroseconds':1100,'S3ReadRequestsCount':4}	596af4016520fc786cd993871dcd7b53	lease	1908	{'acquired':0,'steal_allowed':1}
e10bbf9b059b	2026-07-26	2026-07-26 21:28:52	2026-07-26 21:28:52.240252	Finish	ca	ca_soak_ch2	f0f1274d01237dfdeb8efa6c6fd8cee5	Scheduled	0	NotALeader	0	0	0	0	0	0	0	0	0	0	0	1		{'CasGcGet':2,'ContextLock':9,'DiskConnectionsCreated':1,'DiskConnectionsElapsedMicroseconds':70,'DiskConnectionsExpired':18,'DiskConnectionsPreserved':4,'DiskConnectionsReused':3,'DiskS3GetObject':2,'DiskS3HeadObject':2,'DiskS3ReadMicroseconds':1100,'DiskS3ReadRequestsCount':4,'IOBufferAllocBytes':8666,'IOBufferAllocs':2,'MemoryAllocatedWithoutCheck':10,'MemoryAllocatedWithoutCheckBytes':10880,'ReadBufferFromS3Bytes':348,'ReadBufferFromS3InitMicroseconds':715,'ReadBufferFromS3Microseconds':726,'S3GetObject':2,'S3HeadObject':2,'S3ReadMicroseconds':1100,'S3ReadRequestsCount':4}	596af4016520fc786cd993871dcd7b53		0	{}
e10bbf9b059b	2026-07-26	2026-07-26 21:29:02	2026-07-26 21:29:02.240326	Start	ca	ca_soak_ch2	f0f1274d01237dfdeb8efa6c6fd8cee5	Scheduled	0	Unknown	0	0	0	0	0	0	0	0	0	0	0	0		{}	5b0e3d66843df466100f312f518f8c55		0	{}
e10bbf9b059b	2026-07-26	2026-07-26 21:29:02	2026-07-26 21:29:02.244743	Phase	ca	ca_soak_ch2	f0f1274d01237dfdeb8efa6c6fd8cee5	Scheduled	0	Unknown	0	0	0	0	0	0	0	0	0	0	0	0		{'CasGcGet':2,'ContextLock':8,'DiskConnectionsPreserved':4,'DiskConnectionsReused':4,'DiskS3GetObject':2,'DiskS3HeadObject':2,'DiskS3ReadMicroseconds':3628,'DiskS3ReadRequestsCount':4,'IOBufferAllocBytes':8666,'IOBufferAllocs':2,'MemoryAllocatedWithoutCheck':8,'MemoryAllocatedWithoutCheckBytes':8704,'ReadBufferFromS3Bytes':348,'ReadBufferFromS3InitMicroseconds':2687,'ReadBufferFromS3Microseconds':2695,'S3GetObject':2,'S3HeadObject':2,'S3ReadMicroseconds':3628,'S3ReadRequestsCount':4}	5b0e3d66843df466100f312f518f8c55	lease	4393	{'acquired':0,'steal_allowed':1}
e10bbf9b059b	2026-07-26	2026-07-26 21:29:02	2026-07-26 21:29:02.244752	Finish	ca	ca_soak_ch2	f0f1274d01237dfdeb8efa6c6fd8cee5	Scheduled	0	NotALeader	0	0	0	0	0	0	0	0	0	0	0	4		{'CasGcGet':2,'ContextLock':9,'DiskConnectionsPreserved':4,'DiskConnectionsReused':4,'DiskS3GetObject':2,'DiskS3HeadObject':2,'DiskS3ReadMicroseconds':3628,'DiskS3ReadRequestsCount':4,'IOBufferAllocBytes':8666,'IOBufferAllocs':2,'MemoryAllocatedWithoutCheck':8,'MemoryAllocatedWithoutCheckBytes':8704,'ReadBufferFromS3Bytes':348,'ReadBufferFromS3InitMicroseconds':2687,'ReadBufferFromS3Microseconds':2695,'S3GetObject':2,'S3HeadObject':2,'S3ReadMicroseconds':3628,'S3ReadRequestsCount':4}	5b0e3d66843df466100f312f518f8c55		0	{}
e10bbf9b059b	2026-07-26	2026-07-26 21:29:12	2026-07-26 21:29:12.244825	Start	ca	ca_soak_ch2	f0f1274d01237dfdeb8efa6c6fd8cee5	Scheduled	0	Unknown	0	0	0	0	0	0	0	0	0	0	0	0		{}	b075aa3c4f2b60a24773c913e622ee2e		0	{}
e10bbf9b059b	2026-07-26	2026-07-26 21:29:12	2026-07-26 21:29:12.246670	Phase	ca	ca_soak_ch2	f0f1274d01237dfdeb8efa6c6fd8cee5	Scheduled	0	Unknown	0	0	0	0	0	0	0	0	0	0	0	0		{'CasGcGet':2,'ContextLock':8,'DiskConnectionsPreserved':4,'DiskConnectionsReused':4,'DiskS3GetObject':2,'DiskS3HeadObject':2,'DiskS3ReadMicroseconds':1326,'DiskS3ReadRequestsCount':4,'IOBufferAllocBytes':8666,'IOBufferAllocs':2,'MemoryAllocatedWithoutCheck':8,'MemoryAllocatedWithoutCheckBytes':8704,'ReadBufferFromS3Bytes':348,'ReadBufferFromS3InitMicroseconds':853,'ReadBufferFromS3Microseconds':859,'S3GetObject':2,'S3HeadObject':2,'S3ReadMicroseconds':1326,'S3ReadRequestsCount':4}	b075aa3c4f2b60a24773c913e622ee2e	lease	1828	{'acquired':0,'steal_allowed':1}
e10bbf9b059b	2026-07-26	2026-07-26 21:29:12	2026-07-26 21:29:12.246678	Finish	ca	ca_soak_ch2	f0f1274d01237dfdeb8efa6c6fd8cee5	Scheduled	0	NotALeader	0	0	0	0	0	0	0	0	0	0	0	1		{'CasGcGet':2,'ContextLock':9,'DiskConnectionsPreserved':4,'DiskConnectionsReused':4,'DiskS3GetObject':2,'DiskS3HeadObject':2,'DiskS3ReadMicroseconds':1326,'DiskS3ReadRequestsCount':4,'IOBufferAllocBytes':8666,'IOBufferAllocs':2,'MemoryAllocatedWithoutCheck':8,'MemoryAllocatedWithoutCheckBytes':8704,'ReadBufferFromS3Bytes':348,'ReadBufferFromS3InitMicroseconds':853,'ReadBufferFromS3Microseconds':859,'S3GetObject':2,'S3HeadObject':2,'S3ReadMicroseconds':1326,'S3ReadRequestsCount':4}	b075aa3c4f2b60a24773c913e622ee2e		0	{}
e10bbf9b059b	2026-07-26	2026-07-26 21:29:22	2026-07-26 21:29:22.246835	Start	ca	ca_soak_ch2	f0f1274d01237dfdeb8efa6c6fd8cee5	Scheduled	0	Unknown	0	0	0	0	0	0	0	0	0	0	0	0		{}	737323efa3bc902e0ff5db5a36b2d0d1		0	{}
e10bbf9b059b	2026-07-26	2026-07-26 21:29:22	2026-07-26 21:29:22.249066	Phase	ca	ca_soak_ch2	f0f1274d01237dfdeb8efa6c6fd8cee5	Scheduled	0	Unknown	0	0	0	0	0	0	0	0	0	0	0	0		{'CasGcGet':2,'ContextLock':8,'DiskConnectionsPreserved':4,'DiskConnectionsReused':4,'DiskS3GetObject':2,'DiskS3HeadObject':2,'DiskS3ReadMicroseconds':1563,'DiskS3ReadRequestsCount':4,'IOBufferAllocBytes':8666,'IOBufferAllocs':2,'MemoryAllocatedWithoutCheck':8,'MemoryAllocatedWithoutCheckBytes':8704,'ReadBufferFromS3Bytes':348,'ReadBufferFromS3InitMicroseconds':1055,'ReadBufferFromS3Microseconds':1062,'S3GetObject':2,'S3HeadObject':2,'S3ReadMicroseconds':1563,'S3ReadRequestsCount':4}	737323efa3bc902e0ff5db5a36b2d0d1	lease	2191	{'acquired':0,'steal_allowed':1}
e10bbf9b059b	2026-07-26	2026-07-26 21:29:22	2026-07-26 21:29:22.249077	Finish	ca	ca_soak_ch2	f0f1274d01237dfdeb8efa6c6fd8cee5	Scheduled	0	NotALeader	0	0	0	0	0	0	0	0	0	0	0	2		{'CasGcGet':2,'ContextLock':9,'DiskConnectionsPreserved':4,'DiskConnectionsReused':4,'DiskS3GetObject':2,'DiskS3HeadObject':2,'DiskS3ReadMicroseconds':1563,'DiskS3ReadRequestsCount':4,'IOBufferAllocBytes':8666,'IOBufferAllocs':2,'MemoryAllocatedWithoutCheck':8,'MemoryAllocatedWithoutCheckBytes':8704,'ReadBufferFromS3Bytes':348,'ReadBufferFromS3InitMicroseconds':1055,'ReadBufferFromS3Microseconds':1062,'S3GetObject':2,'S3HeadObject':2,'S3ReadMicroseconds':1563,'S3ReadRequestsCount':4}	737323efa3bc902e0ff5db5a36b2d0d1		0	{}
e10bbf9b059b	2026-07-26	2026-07-26 21:29:32	2026-07-26 21:29:32.249352	Start	ca	ca_soak_ch2	f0f1274d01237dfdeb8efa6c6fd8cee5	Scheduled	0	Unknown	0	0	0	0	0	0	0	0	0	0	0	0		{}	49780e3797de38e1fe08bf296c58b571		0	{}
e10bbf9b059b	2026-07-26	2026-07-26 21:29:33	2026-07-26 21:29:33.578121	Phase	ca	ca_soak_ch2	f0f1274d01237dfdeb8efa6c6fd8cee5	Scheduled	0	Unknown	0	0	0	0	0	0	0	0	0	0	0	0		{'AsyncLoggingFileLogTotalMessages':7,'AsyncLoggingTextLogTotalMessages':7,'CasGcGet':2,'ContextLock':8,'DiskConnectionsPreserved':4,'DiskConnectionsReset':1,'DiskConnectionsReused':5,'DiskS3GetObject':2,'DiskS3HeadObject':2,'DiskS3ReadMicroseconds':761832,'DiskS3ReadRequestsCount':5,'DiskS3ReadRequestsErrors':1,'IOBufferAllocBytes':8666,'IOBufferAllocs':2,'LogDebug':5,'LogTrace':2,'LoggerElapsedNanoseconds':40024132,'MemoryAllocatedWithoutCheck':18,'MemoryAllocatedWithoutCheckBytes':97152,'ReadBufferFromS3Bytes':348,'ReadBufferFromS3InitMicroseconds':1349,'ReadBufferFromS3Microseconds':1382,'S3GetObject':2,'S3HeadObject':2,'S3ReadMicroseconds':761832,'S3ReadRequestsCount':5,'S3ReadRequestsErrors':1}	49780e3797de38e1fe08bf296c58b571	lease	1328735	{'acquired':0,'steal_allowed':1}
e10bbf9b059b	2026-07-26	2026-07-26 21:29:33	2026-07-26 21:29:33.578142	Finish	ca	ca_soak_ch2	f0f1274d01237dfdeb8efa6c6fd8cee5	Scheduled	0	NotALeader	0	0	0	0	0	0	0	0	0	0	0	1328		{'AsyncLoggingFileLogTotalMessages':7,'AsyncLoggingTextLogTotalMessages':7,'CasGcGet':2,'ContextLock':9,'DiskConnectionsPreserved':4,'DiskConnectionsReset':1,'DiskConnectionsReused':5,'DiskS3GetObject':2,'DiskS3HeadObject':2,'DiskS3ReadMicroseconds':761832,'DiskS3ReadRequestsCount':5,'DiskS3ReadRequestsErrors':1,'IOBufferAllocBytes':8666,'IOBufferAllocs':2,'LogDebug':5,'LogTrace':2,'LoggerElapsedNanoseconds':40024132,'MemoryAllocatedWithoutCheck':18,'MemoryAllocatedWithoutCheckBytes':97152,'ReadBufferFromS3Bytes':348,'ReadBufferFromS3InitMicroseconds':1349,'ReadBufferFromS3Microseconds':1382,'S3GetObject':2,'S3HeadObject':2,'S3ReadMicroseconds':761832,'S3ReadRequestsCount':5,'S3ReadRequestsErrors':1}	49780e3797de38e1fe08bf296c58b571		0	{}
e10bbf9b059b	2026-07-26	2026-07-26 21:29:43	2026-07-26 21:29:43.578221	Start	ca	ca_soak_ch2	f0f1274d01237dfdeb8efa6c6fd8cee5	Scheduled	0	Unknown	0	0	0	0	0	0	0	0	0	0	0	0		{}	0e5adc8adc2dcc369037486ff2e576e8		0	{}
e10bbf9b059b	2026-07-26	2026-07-26 21:29:43	2026-07-26 21:29:43.590944	Phase	ca	ca_soak_ch2	f0f1274d01237dfdeb8efa6c6fd8cee5	Scheduled	0	Unknown	0	0	0	0	0	0	0	0	0	0	0	0		{'CasGcGet':2,'ContextLock':8,'DiskConnectionsPreserved':4,'DiskConnectionsReused':4,'DiskS3GetObject':2,'DiskS3HeadObject':2,'DiskS3ReadMicroseconds':11724,'DiskS3ReadRequestsCount':4,'IOBufferAllocBytes':8666,'IOBufferAllocs':2,'MemoryAllocatedWithoutCheck':8,'MemoryAllocatedWithoutCheckBytes':8704,'ReadBufferFromS3Bytes':348,'ReadBufferFromS3InitMicroseconds':4711,'ReadBufferFromS3Microseconds':4728,'S3GetObject':2,'S3HeadObject':2,'S3ReadMicroseconds':11724,'S3ReadRequestsCount':4}	0e5adc8adc2dcc369037486ff2e576e8	lease	12689	{'acquired':0,'steal_allowed':1}
e10bbf9b059b	2026-07-26	2026-07-26 21:29:43	2026-07-26 21:29:43.590956	Finish	ca	ca_soak_ch2	f0f1274d01237dfdeb8efa6c6fd8cee5	Scheduled	0	NotALeader	0	0	0	0	0	0	0	0	0	0	0	12		{'CasGcGet':2,'ContextLock':9,'DiskConnectionsPreserved':4,'DiskConnectionsReused':4,'DiskS3GetObject':2,'DiskS3HeadObject':2,'DiskS3ReadMicroseconds':11724,'DiskS3ReadRequestsCount':4,'IOBufferAllocBytes':8666,'IOBufferAllocs':2,'MemoryAllocatedWithoutCheck':8,'MemoryAllocatedWithoutCheckBytes':8704,'ReadBufferFromS3Bytes':348,'ReadBufferFromS3InitMicroseconds':4711,'ReadBufferFromS3Microseconds':4728,'S3GetObject':2,'S3HeadObject':2,'S3ReadMicroseconds':11724,'S3ReadRequestsCount':4}	0e5adc8adc2dcc369037486ff2e576e8		0	{}
e10bbf9b059b	2026-07-26	2026-07-26 21:29:53	2026-07-26 21:29:53.592003	Start	ca	ca_soak_ch2	f0f1274d01237dfdeb8efa6c6fd8cee5	Scheduled	0	Unknown	0	0	0	0	0	0	0	0	0	0	0	0		{}	2cc77783f209ff89537b123c58727e11		0	{}
e10bbf9b059b	2026-07-26	2026-07-26 21:29:53	2026-07-26 21:29:53.617489	Phase	ca	ca_soak_ch2	f0f1274d01237dfdeb8efa6c6fd8cee5	Scheduled	0	Unknown	0	0	0	0	0	0	0	0	0	0	0	0		{'CasGcGet':2,'ContextLock':8,'DiskConnectionsPreserved':4,'DiskConnectionsReused':4,'DiskS3GetObject':2,'DiskS3HeadObject':2,'DiskS3ReadMicroseconds':19082,'DiskS3ReadRequestsCount':4,'IOBufferAllocBytes':8666,'IOBufferAllocs':2,'MemoryAllocatedWithoutCheck':8,'MemoryAllocatedWithoutCheckBytes':8704,'ReadBufferFromS3Bytes':348,'ReadBufferFromS3InitMicroseconds':7988,'ReadBufferFromS3Microseconds':8005,'S3GetObject':2,'S3HeadObject':2,'S3ReadMicroseconds':19082,'S3ReadRequestsCount':4}	2cc77783f209ff89537b123c58727e11	lease	25446	{'acquired':0,'steal_allowed':1}
e10bbf9b059b	2026-07-26	2026-07-26 21:29:53	2026-07-26 21:29:53.617509	Finish	ca	ca_soak_ch2	f0f1274d01237dfdeb8efa6c6fd8cee5	Scheduled	0	NotALeader	0	0	0	0	0	0	0	0	0	0	0	25		{'CasGcGet':2,'ContextLock':9,'DiskConnectionsPreserved':4,'DiskConnectionsReused':4,'DiskS3GetObject':2,'DiskS3HeadObject':2,'DiskS3ReadMicroseconds':19082,'DiskS3ReadRequestsCount':4,'IOBufferAllocBytes':8666,'IOBufferAllocs':2,'MemoryAllocatedWithoutCheck':8,'MemoryAllocatedWithoutCheckBytes':8704,'ReadBufferFromS3Bytes':348,'ReadBufferFromS3InitMicroseconds':7988,'ReadBufferFromS3Microseconds':8005,'S3GetObject':2,'S3HeadObject':2,'S3ReadMicroseconds':19082,'S3ReadRequestsCount':4}	2cc77783f209ff89537b123c58727e11		0	{}
e10bbf9b059b	2026-07-26	2026-07-26 21:30:03	2026-07-26 21:30:03.617616	Start	ca	ca_soak_ch2	f0f1274d01237dfdeb8efa6c6fd8cee5	Scheduled	0	Unknown	0	0	0	0	0	0	0	0	0	0	0	0		{}	b2a1506bbc0eb6de4c7b57af8b325f90		0	{}
e10bbf9b059b	2026-07-26	2026-07-26 21:30:03	2026-07-26 21:30:03.779114	Phase	ca	ca_soak_ch2	f0f1274d01237dfdeb8efa6c6fd8cee5	Scheduled	0	Unknown	0	0	0	0	0	0	0	0	0	0	0	0		{'CasGcGet':2,'ContextLock':8,'DiskConnectionsCreated':1,'DiskConnectionsElapsedMicroseconds':96,'DiskConnectionsPreserved':4,'DiskConnectionsReused':3,'DiskS3GetObject':2,'DiskS3HeadObject':2,'DiskS3ReadMicroseconds':160491,'DiskS3ReadRequestsCount':4,'IOBufferAllocBytes':8666,'IOBufferAllocs':2,'MemoryAllocatedWithoutCheck':10,'MemoryAllocatedWithoutCheckBytes':10880,'ReadBufferFromS3Bytes':348,'ReadBufferFromS3InitMicroseconds':1478,'ReadBufferFromS3Microseconds':1491,'S3GetObject':2,'S3HeadObject':2,'S3ReadMicroseconds':160491,'S3ReadRequestsCount':4}	b2a1506bbc0eb6de4c7b57af8b325f90	lease	161483	{'acquired':0,'steal_allowed':1}
e10bbf9b059b	2026-07-26	2026-07-26 21:30:03	2026-07-26 21:30:03.779121	Finish	ca	ca_soak_ch2	f0f1274d01237dfdeb8efa6c6fd8cee5	Scheduled	0	NotALeader	0	0	0	0	0	0	0	0	0	0	0	161		{'CasGcGet':2,'ContextLock':9,'DiskConnectionsCreated':1,'DiskConnectionsElapsedMicroseconds':96,'DiskConnectionsPreserved':4,'DiskConnectionsReused':3,'DiskS3GetObject':2,'DiskS3HeadObject':2,'DiskS3ReadMicroseconds':160491,'DiskS3ReadRequestsCount':4,'IOBufferAllocBytes':8666,'IOBufferAllocs':2,'MemoryAllocatedWithoutCheck':10,'MemoryAllocatedWithoutCheckBytes':10880,'ReadBufferFromS3Bytes':348,'ReadBufferFromS3InitMicroseconds':1478,'ReadBufferFromS3Microseconds':1491,'S3GetObject':2,'S3HeadObject':2,'S3ReadMicroseconds':160491,'S3ReadRequestsCount':4}	b2a1506bbc0eb6de4c7b57af8b325f90		0	{}
e10bbf9b059b	2026-07-26	2026-07-26 21:30:13	2026-07-26 21:30:13.779193	Start	ca	ca_soak_ch2	f0f1274d01237dfdeb8efa6c6fd8cee5	Scheduled	0	Unknown	0	0	0	0	0	0	0	0	0	0	0	0		{}	1e0ff77a7a3bcd4995a477f14ee8343f		0	{}
e10bbf9b059b	2026-07-26	2026-07-26 21:30:13	2026-07-26 21:30:13.780602	Phase	ca	ca_soak_ch2	f0f1274d01237dfdeb8efa6c6fd8cee5	Scheduled	0	Unknown	0	0	0	0	0	0	0	0	0	0	0	0		{'CasGcGet':2,'ContextLock':8,'DiskConnectionsPreserved':4,'DiskConnectionsReused':4,'DiskS3GetObject':2,'DiskS3HeadObject':2,'DiskS3ReadMicroseconds':846,'DiskS3ReadRequestsCount':4,'IOBufferAllocBytes':8666,'IOBufferAllocs':2,'MemoryAllocatedWithoutCheck':8,'MemoryAllocatedWithoutCheckBytes':8704,'ReadBufferFromS3Bytes':348,'ReadBufferFromS3InitMicroseconds':660,'ReadBufferFromS3Microseconds':669,'S3GetObject':2,'S3HeadObject':2,'S3ReadMicroseconds':846,'S3ReadRequestsCount':4}	1e0ff77a7a3bcd4995a477f14ee8343f	lease	1393	{'acquired':0,'steal_allowed':1}
e10bbf9b059b	2026-07-26	2026-07-26 21:30:13	2026-07-26 21:30:13.780608	Finish	ca	ca_soak_ch2	f0f1274d01237dfdeb8efa6c6fd8cee5	Scheduled	0	NotALeader	0	0	0	0	0	0	0	0	0	0	0	1		{'CasGcGet':2,'ContextLock':9,'DiskConnectionsPreserved':4,'DiskConnectionsReused':4,'DiskS3GetObject':2,'DiskS3HeadObject':2,'DiskS3ReadMicroseconds':846,'DiskS3ReadRequestsCount':4,'IOBufferAllocBytes':8666,'IOBufferAllocs':2,'MemoryAllocatedWithoutCheck':8,'MemoryAllocatedWithoutCheckBytes':8704,'ReadBufferFromS3Bytes':348,'ReadBufferFromS3InitMicroseconds':660,'ReadBufferFromS3Microseconds':669,'S3GetObject':2,'S3HeadObject':2,'S3ReadMicroseconds':846,'S3ReadRequestsCount':4}	1e0ff77a7a3bcd4995a477f14ee8343f		0	{}
e10bbf9b059b	2026-07-26	2026-07-26 21:30:23	2026-07-26 21:30:23.780685	Start	ca	ca_soak_ch2	f0f1274d01237dfdeb8efa6c6fd8cee5	Scheduled	0	Unknown	0	0	0	0	0	0	0	0	0	0	0	0		{}	c5b683606d8cfb528965326e4715f701		0	{}
e10bbf9b059b	2026-07-26	2026-07-26 21:30:23	2026-07-26 21:30:23.783987	Phase	ca	ca_soak_ch2	f0f1274d01237dfdeb8efa6c6fd8cee5	Scheduled	0	Unknown	0	0	0	0	0	0	0	0	0	0	0	0		{'CasGcGet':2,'ContextLock':8,'DiskConnectionsPreserved':4,'DiskConnectionsReused':4,'DiskS3GetObject':2,'DiskS3HeadObject':2,'DiskS3ReadMicroseconds':2474,'DiskS3ReadRequestsCount':4,'IOBufferAllocBytes':8666,'IOBufferAllocs':2,'MemoryAllocatedWithoutCheck':8,'MemoryAllocatedWithoutCheckBytes':8704,'ReadBufferFromS3Bytes':348,'ReadBufferFromS3InitMicroseconds':1751,'ReadBufferFromS3Microseconds':1762,'S3GetObject':2,'S3HeadObject':2,'S3ReadMicroseconds':2474,'S3ReadRequestsCount':4}	c5b683606d8cfb528965326e4715f701	lease	3281	{'acquired':0,'steal_allowed':1}
e10bbf9b059b	2026-07-26	2026-07-26 21:30:23	2026-07-26 21:30:23.783998	Finish	ca	ca_soak_ch2	f0f1274d01237dfdeb8efa6c6fd8cee5	Scheduled	0	NotALeader	0	0	0	0	0	0	0	0	0	0	0	3		{'CasGcGet':2,'ContextLock':9,'DiskConnectionsPreserved':4,'DiskConnectionsReused':4,'DiskS3GetObject':2,'DiskS3HeadObject':2,'DiskS3ReadMicroseconds':2474,'DiskS3ReadRequestsCount':4,'IOBufferAllocBytes':8666,'IOBufferAllocs':2,'MemoryAllocatedWithoutCheck':8,'MemoryAllocatedWithoutCheckBytes':8704,'ReadBufferFromS3Bytes':348,'ReadBufferFromS3InitMicroseconds':1751,'ReadBufferFromS3Microseconds':1762,'S3GetObject':2,'S3HeadObject':2,'S3ReadMicroseconds':2474,'S3ReadRequestsCount':4}	c5b683606d8cfb528965326e4715f701		0	{}
e10bbf9b059b	2026-07-26	2026-07-26 21:30:33	2026-07-26 21:30:33.784079	Start	ca	ca_soak_ch2	f0f1274d01237dfdeb8efa6c6fd8cee5	Scheduled	0	Unknown	0	0	0	0	0	0	0	0	0	0	0	0		{}	487be8e409830505f6ec6b6b6319a720		0	{}
e10bbf9b059b	2026-07-26	2026-07-26 21:30:33	2026-07-26 21:30:33.786409	Phase	ca	ca_soak_ch2	f0f1274d01237dfdeb8efa6c6fd8cee5	Scheduled	0	Unknown	0	0	0	0	0	0	0	0	0	0	0	0		{'CasGcGet':2,'ContextLock':8,'DiskConnectionsPreserved':4,'DiskConnectionsReused':4,'DiskS3GetObject':2,'DiskS3HeadObject':2,'DiskS3ReadMicroseconds':1633,'DiskS3ReadRequestsCount':4,'IOBufferAllocBytes':8666,'IOBufferAllocs':2,'MemoryAllocatedWithoutCheck':8,'MemoryAllocatedWithoutCheckBytes':8704,'ReadBufferFromS3Bytes':348,'ReadBufferFromS3InitMicroseconds':1156,'ReadBufferFromS3Microseconds':1163,'S3GetObject':2,'S3HeadObject':2,'S3ReadMicroseconds':1633,'S3ReadRequestsCount':4}	487be8e409830505f6ec6b6b6319a720	lease	2310	{'acquired':0,'steal_allowed':1}
e10bbf9b059b	2026-07-26	2026-07-26 21:30:33	2026-07-26 21:30:33.786421	Finish	ca	ca_soak_ch2	f0f1274d01237dfdeb8efa6c6fd8cee5	Scheduled	0	NotALeader	0	0	0	0	0	0	0	0	0	0	0	2		{'CasGcGet':2,'ContextLock':9,'DiskConnectionsPreserved':4,'DiskConnectionsReused':4,'DiskS3GetObject':2,'DiskS3HeadObject':2,'DiskS3ReadMicroseconds':1633,'DiskS3ReadRequestsCount':4,'IOBufferAllocBytes':8666,'IOBufferAllocs':2,'MemoryAllocatedWithoutCheck':8,'MemoryAllocatedWithoutCheckBytes':8704,'ReadBufferFromS3Bytes':348,'ReadBufferFromS3InitMicroseconds':1156,'ReadBufferFromS3Microseconds':1163,'S3GetObject':2,'S3HeadObject':2,'S3ReadMicroseconds':1633,'S3ReadRequestsCount':4}	487be8e409830505f6ec6b6b6319a720		0	{}
e10bbf9b059b	2026-07-26	2026-07-26 21:30:43	2026-07-26 21:30:43.787496	Start	ca	ca_soak_ch2	f0f1274d01237dfdeb8efa6c6fd8cee5	Scheduled	0	Unknown	0	0	0	0	0	0	0	0	0	0	0	0		{}	19a83c15e1c8eafdca69d2660bae5df7		0	{}
e10bbf9b059b	2026-07-26	2026-07-26 21:30:43	2026-07-26 21:30:43.795038	Phase	ca	ca_soak_ch2	f0f1274d01237dfdeb8efa6c6fd8cee5	Scheduled	0	Unknown	0	0	0	0	0	0	0	0	0	0	0	0		{'CasGcGet':2,'ContextLock':8,'DiskConnectionsPreserved':4,'DiskConnectionsReused':4,'DiskS3GetObject':2,'DiskS3HeadObject':2,'DiskS3ReadMicroseconds':3183,'DiskS3ReadRequestsCount':4,'IOBufferAllocBytes':8666,'IOBufferAllocs':2,'MemoryAllocatedWithoutCheck':8,'MemoryAllocatedWithoutCheckBytes':8704,'ReadBufferFromS3Bytes':348,'ReadBufferFromS3InitMicroseconds':2431,'ReadBufferFromS3Microseconds':2445,'S3GetObject':2,'S3HeadObject':2,'S3ReadMicroseconds':3183,'S3ReadRequestsCount':4}	19a83c15e1c8eafdca69d2660bae5df7	lease	7497	{'acquired':0,'steal_allowed':1}
e10bbf9b059b	2026-07-26	2026-07-26 21:30:43	2026-07-26 21:30:43.795061	Finish	ca	ca_soak_ch2	f0f1274d01237dfdeb8efa6c6fd8cee5	Scheduled	0	NotALeader	0	0	0	0	0	0	0	0	0	0	0	7		{'CasGcGet':2,'ContextLock':9,'DiskConnectionsPreserved':4,'DiskConnectionsReused':4,'DiskS3GetObject':2,'DiskS3HeadObject':2,'DiskS3ReadMicroseconds':3183,'DiskS3ReadRequestsCount':4,'IOBufferAllocBytes':8666,'IOBufferAllocs':2,'MemoryAllocatedWithoutCheck':8,'MemoryAllocatedWithoutCheckBytes':8704,'ReadBufferFromS3Bytes':348,'ReadBufferFromS3InitMicroseconds':2431,'ReadBufferFromS3Microseconds':2445,'S3GetObject':2,'S3HeadObject':2,'S3ReadMicroseconds':3183,'S3ReadRequestsCount':4}	19a83c15e1c8eafdca69d2660bae5df7		0	{}
e10bbf9b059b	2026-07-26	2026-07-26 21:30:53	2026-07-26 21:30:53.795172	Start	ca	ca_soak_ch2	f0f1274d01237dfdeb8efa6c6fd8cee5	Scheduled	0	Unknown	0	0	0	0	0	0	0	0	0	0	0	0		{}	5c23949fbd234bd65f0cb77cfc140c44		0	{}
e10bbf9b059b	2026-07-26	2026-07-26 21:30:53	2026-07-26 21:30:53.875975	Phase	ca	ca_soak_ch2	f0f1274d01237dfdeb8efa6c6fd8cee5	Scheduled	0	Unknown	0	0	0	0	0	0	0	0	0	0	0	0		{'CasGcGet':2,'ContextLock':8,'DiskConnectionsPreserved':4,'DiskConnectionsReused':4,'DiskS3GetObject':2,'DiskS3HeadObject':2,'DiskS3ReadMicroseconds':79342,'DiskS3ReadRequestsCount':4,'IOBufferAllocBytes':8666,'IOBufferAllocs':2,'MemoryAllocatedWithoutCheck':8,'MemoryAllocatedWithoutCheckBytes':8704,'ReadBufferFromS3Bytes':348,'ReadBufferFromS3InitMicroseconds':49195,'ReadBufferFromS3Microseconds':49228,'S3GetObject':2,'S3HeadObject':2,'S3ReadMicroseconds':79342,'S3ReadRequestsCount':4}	5c23949fbd234bd65f0cb77cfc140c44	lease	80758	{'acquired':0,'steal_allowed':1}
e10bbf9b059b	2026-07-26	2026-07-26 21:30:53	2026-07-26 21:30:53.875989	Finish	ca	ca_soak_ch2	f0f1274d01237dfdeb8efa6c6fd8cee5	Scheduled	0	NotALeader	0	0	0	0	0	0	0	0	0	0	0	80		{'CasGcGet':2,'ContextLock':9,'DiskConnectionsPreserved':4,'DiskConnectionsReused':4,'DiskS3GetObject':2,'DiskS3HeadObject':2,'DiskS3ReadMicroseconds':79342,'DiskS3ReadRequestsCount':4,'IOBufferAllocBytes':8666,'IOBufferAllocs':2,'MemoryAllocatedWithoutCheck':8,'MemoryAllocatedWithoutCheckBytes':8704,'ReadBufferFromS3Bytes':348,'ReadBufferFromS3InitMicroseconds':49195,'ReadBufferFromS3Microseconds':49228,'S3GetObject':2,'S3HeadObject':2,'S3ReadMicroseconds':79342,'S3ReadRequestsCount':4}	5c23949fbd234bd65f0cb77cfc140c44		0	{}
e10bbf9b059b	2026-07-26	2026-07-26 21:31:03	2026-07-26 21:31:03.876093	Start	ca	ca_soak_ch2	f0f1274d01237dfdeb8efa6c6fd8cee5	Scheduled	0	Unknown	0	0	0	0	0	0	0	0	0	0	0	0		{}	446ba886ad3c76da90fd587051fd8d16		0	{}
e10bbf9b059b	2026-07-26	2026-07-26 21:31:03	2026-07-26 21:31:03.884185	Phase	ca	ca_soak_ch2	f0f1274d01237dfdeb8efa6c6fd8cee5	Scheduled	0	Unknown	0	0	0	0	0	0	0	0	0	0	0	0		{'CasGcGet':2,'ContextLock':8,'DiskConnectionsPreserved':4,'DiskConnectionsReused':4,'DiskS3GetObject':2,'DiskS3HeadObject':2,'DiskS3ReadMicroseconds':7117,'DiskS3ReadRequestsCount':4,'IOBufferAllocBytes':8666,'IOBufferAllocs':2,'MemoryAllocatedWithoutCheck':8,'MemoryAllocatedWithoutCheckBytes':8704,'ReadBufferFromS3Bytes':348,'ReadBufferFromS3InitMicroseconds':4176,'ReadBufferFromS3Microseconds':4189,'S3GetObject':2,'S3HeadObject':2,'S3ReadMicroseconds':7117,'S3ReadRequestsCount':4}	446ba886ad3c76da90fd587051fd8d16	lease	8057	{'acquired':0,'steal_allowed':1}
e10bbf9b059b	2026-07-26	2026-07-26 21:31:03	2026-07-26 21:31:03.884194	Finish	ca	ca_soak_ch2	f0f1274d01237dfdeb8efa6c6fd8cee5	Scheduled	0	NotALeader	0	0	0	0	0	0	0	0	0	0	0	8		{'CasGcGet':2,'ContextLock':9,'DiskConnectionsPreserved':4,'DiskConnectionsReused':4,'DiskS3GetObject':2,'DiskS3HeadObject':2,'DiskS3ReadMicroseconds':7117,'DiskS3ReadRequestsCount':4,'IOBufferAllocBytes':8666,'IOBufferAllocs':2,'MemoryAllocatedWithoutCheck':8,'MemoryAllocatedWithoutCheckBytes':8704,'ReadBufferFromS3Bytes':348,'ReadBufferFromS3InitMicroseconds':4176,'ReadBufferFromS3Microseconds':4189,'S3GetObject':2,'S3HeadObject':2,'S3ReadMicroseconds':7117,'S3ReadRequestsCount':4}	446ba886ad3c76da90fd587051fd8d16		0	{}
e10bbf9b059b	2026-07-26	2026-07-26 21:31:13	2026-07-26 21:31:13.884271	Start	ca	ca_soak_ch2	f0f1274d01237dfdeb8efa6c6fd8cee5	Scheduled	0	Unknown	0	0	0	0	0	0	0	0	0	0	0	0		{}	470807e70e5832c7c46835c92a9cd4ab		0	{}
e10bbf9b059b	2026-07-26	2026-07-26 21:31:13	2026-07-26 21:31:13.889132	Phase	ca	ca_soak_ch2	f0f1274d01237dfdeb8efa6c6fd8cee5	Scheduled	0	Unknown	0	0	0	0	0	0	0	0	0	0	0	0		{'CasGcGet':2,'ContextLock':8,'DiskConnectionsPreserved':4,'DiskConnectionsReused':4,'DiskS3GetObject':2,'DiskS3HeadObject':2,'DiskS3ReadMicroseconds':4227,'DiskS3ReadRequestsCount':4,'IOBufferAllocBytes':8666,'IOBufferAllocs':2,'MemoryAllocatedWithoutCheck':8,'MemoryAllocatedWithoutCheckBytes':8704,'ReadBufferFromS3Bytes':348,'ReadBufferFromS3InitMicroseconds':3560,'ReadBufferFromS3Microseconds':3568,'S3GetObject':2,'S3HeadObject':2,'S3ReadMicroseconds':4227,'S3ReadRequestsCount':4}	470807e70e5832c7c46835c92a9cd4ab	lease	4842	{'acquired':0,'steal_allowed':1}
e10bbf9b059b	2026-07-26	2026-07-26 21:31:13	2026-07-26 21:31:13.889141	Finish	ca	ca_soak_ch2	f0f1274d01237dfdeb8efa6c6fd8cee5	Scheduled	0	NotALeader	0	0	0	0	0	0	0	0	0	0	0	4		{'CasGcGet':2,'ContextLock':9,'DiskConnectionsPreserved':4,'DiskConnectionsReused':4,'DiskS3GetObject':2,'DiskS3HeadObject':2,'DiskS3ReadMicroseconds':4227,'DiskS3ReadRequestsCount':4,'IOBufferAllocBytes':8666,'IOBufferAllocs':2,'MemoryAllocatedWithoutCheck':8,'MemoryAllocatedWithoutCheckBytes':8704,'ReadBufferFromS3Bytes':348,'ReadBufferFromS3InitMicroseconds':3560,'ReadBufferFromS3Microseconds':3568,'S3GetObject':2,'S3HeadObject':2,'S3ReadMicroseconds':4227,'S3ReadRequestsCount':4}	470807e70e5832c7c46835c92a9cd4ab		0	{}
e10bbf9b059b	2026-07-26	2026-07-26 21:31:23	2026-07-26 21:31:23.889221	Start	ca	ca_soak_ch2	f0f1274d01237dfdeb8efa6c6fd8cee5	Scheduled	0	Unknown	0	0	0	0	0	0	0	0	0	0	0	0		{}	618d0992068c378125bd944af28ddc80		0	{}
e10bbf9b059b	2026-07-26	2026-07-26 21:31:24	2026-07-26 21:31:24.175027	Phase	ca	ca_soak_ch2	f0f1274d01237dfdeb8efa6c6fd8cee5	Scheduled	0	Unknown	0	0	0	0	0	0	0	0	0	0	0	0		{'CasGcGet':2,'ContextLock':8,'DiskConnectionsCreated':1,'DiskConnectionsElapsedMicroseconds':112,'DiskConnectionsExpired':22,'DiskConnectionsPreserved':4,'DiskConnectionsReused':3,'DiskS3GetObject':2,'DiskS3HeadObject':2,'DiskS3ReadMicroseconds':283930,'DiskS3ReadRequestsCount':4,'IOBufferAllocBytes':8666,'IOBufferAllocs':2,'MemoryAllocatedWithoutCheck':12,'MemoryAllocatedWithoutCheckBytes':10976,'ReadBufferFromS3Bytes':348,'ReadBufferFromS3InitMicroseconds':1383,'ReadBufferFromS3Microseconds':1413,'S3GetObject':2,'S3HeadObject':2,'S3ReadMicroseconds':283930,'S3ReadRequestsCount':4}	618d0992068c378125bd944af28ddc80	lease	285783	{'acquired':0,'steal_allowed':1}
e10bbf9b059b	2026-07-26	2026-07-26 21:31:24	2026-07-26 21:31:24.175039	Finish	ca	ca_soak_ch2	f0f1274d01237dfdeb8efa6c6fd8cee5	Scheduled	0	NotALeader	0	0	0	0	0	0	0	0	0	0	0	285		{'CasGcGet':2,'ContextLock':9,'DiskConnectionsCreated':1,'DiskConnectionsElapsedMicroseconds':112,'DiskConnectionsExpired':22,'DiskConnectionsPreserved':4,'DiskConnectionsReused':3,'DiskS3GetObject':2,'DiskS3HeadObject':2,'DiskS3ReadMicroseconds':283930,'DiskS3ReadRequestsCount':4,'IOBufferAllocBytes':8666,'IOBufferAllocs':2,'MemoryAllocatedWithoutCheck':12,'MemoryAllocatedWithoutCheckBytes':10976,'ReadBufferFromS3Bytes':348,'ReadBufferFromS3InitMicroseconds':1383,'ReadBufferFromS3Microseconds':1413,'S3GetObject':2,'S3HeadObject':2,'S3ReadMicroseconds':283930,'S3ReadRequestsCount':4}	618d0992068c378125bd944af28ddc80		0	{}
e10bbf9b059b	2026-07-26	2026-07-26 21:31:34	2026-07-26 21:31:34.175119	Start	ca	ca_soak_ch2	f0f1274d01237dfdeb8efa6c6fd8cee5	Scheduled	0	Unknown	0	0	0	0	0	0	0	0	0	0	0	0		{}	b7479591b1681c1658654c65badd94c9		0	{}
e10bbf9b059b	2026-07-26	2026-07-26 21:31:34	2026-07-26 21:31:34.179470	Phase	ca	ca_soak_ch2	f0f1274d01237dfdeb8efa6c6fd8cee5	Scheduled	0	Unknown	0	0	0	0	0	0	0	0	0	0	0	0		{'CasGcGet':2,'ContextLock':8,'DiskConnectionsPreserved':4,'DiskConnectionsReused':4,'DiskS3GetObject':2,'DiskS3HeadObject':2,'DiskS3ReadMicroseconds':3625,'DiskS3ReadRequestsCount':4,'IOBufferAllocBytes':8667,'IOBufferAllocs':2,'MemoryAllocatedWithoutCheck':8,'MemoryAllocatedWithoutCheckBytes':8704,'ReadBufferFromS3Bytes':349,'ReadBufferFromS3InitMicroseconds':2173,'ReadBufferFromS3Microseconds':2182,'S3GetObject':2,'S3HeadObject':2,'S3ReadMicroseconds':3625,'S3ReadRequestsCount':4}	b7479591b1681c1658654c65badd94c9	lease	4334	{'acquired':0,'steal_allowed':1}
e10bbf9b059b	2026-07-26	2026-07-26 21:31:34	2026-07-26 21:31:34.179477	Finish	ca	ca_soak_ch2	f0f1274d01237dfdeb8efa6c6fd8cee5	Scheduled	0	NotALeader	0	0	0	0	0	0	0	0	0	0	0	4		{'CasGcGet':2,'ContextLock':9,'DiskConnectionsPreserved':4,'DiskConnectionsReused':4,'DiskS3GetObject':2,'DiskS3HeadObject':2,'DiskS3ReadMicroseconds':3625,'DiskS3ReadRequestsCount':4,'IOBufferAllocBytes':8667,'IOBufferAllocs':2,'MemoryAllocatedWithoutCheck':8,'MemoryAllocatedWithoutCheckBytes':8704,'ReadBufferFromS3Bytes':349,'ReadBufferFromS3InitMicroseconds':2173,'ReadBufferFromS3Microseconds':2182,'S3GetObject':2,'S3HeadObject':2,'S3ReadMicroseconds':3625,'S3ReadRequestsCount':4}	b7479591b1681c1658654c65badd94c9		0	{}
e10bbf9b059b	2026-07-26	2026-07-26 21:31:44	2026-07-26 21:31:44.179877	Start	ca	ca_soak_ch2	f0f1274d01237dfdeb8efa6c6fd8cee5	Scheduled	0	Unknown	0	0	0	0	0	0	0	0	0	0	0	0		{}	47e65d2a564f88089ac4c1318db58e4a		0	{}
e10bbf9b059b	2026-07-26	2026-07-26 21:31:44	2026-07-26 21:31:44.708879	Phase	ca	ca_soak_ch2	f0f1274d01237dfdeb8efa6c6fd8cee5	Scheduled	0	Unknown	0	0	0	0	0	0	0	0	0	0	0	0		{'AsyncLoggingFileLogTotalMessages':7,'AsyncLoggingTextLogTotalMessages':7,'CasGcGet':2,'ContextLock':8,'DiskConnectionsExpired':19,'DiskConnectionsPreserved':3,'DiskConnectionsReset':1,'DiskConnectionsReused':5,'DiskS3GetObject':2,'DiskS3HeadObject':2,'DiskS3ReadMicroseconds':1736,'DiskS3ReadRequestsCount':5,'DiskS3ReadRequestsErrors':1,'IOBufferAllocBytes':8667,'IOBufferAllocs':2,'LogDebug':5,'LogTrace':2,'LoggerElapsedNanoseconds':83630,'MemoryAllocatedWithoutCheck':16,'MemoryAllocatedWithoutCheckBytes':93888,'ReadBufferFromS3Bytes':349,'ReadBufferFromS3InitMicroseconds':1183,'ReadBufferFromS3Microseconds':1200,'S3GetObject':2,'S3HeadObject':2,'S3ReadMicroseconds':1736,'S3ReadRequestsCount':5,'S3ReadRequestsErrors':1}	47e65d2a564f88089ac4c1318db58e4a	lease	528975	{'acquired':0,'steal_allowed':1}
e10bbf9b059b	2026-07-26	2026-07-26 21:31:44	2026-07-26 21:31:44.708892	Finish	ca	ca_soak_ch2	f0f1274d01237dfdeb8efa6c6fd8cee5	Scheduled	0	NotALeader	0	0	0	0	0	0	0	0	0	0	0	529		{'AsyncLoggingFileLogTotalMessages':7,'AsyncLoggingTextLogTotalMessages':7,'CasGcGet':2,'ContextLock':9,'DiskConnectionsExpired':19,'DiskConnectionsPreserved':3,'DiskConnectionsReset':1,'DiskConnectionsReused':5,'DiskS3GetObject':2,'DiskS3HeadObject':2,'DiskS3ReadMicroseconds':1736,'DiskS3ReadRequestsCount':5,'DiskS3ReadRequestsErrors':1,'IOBufferAllocBytes':8667,'IOBufferAllocs':2,'LogDebug':5,'LogTrace':2,'LoggerElapsedNanoseconds':83630,'MemoryAllocatedWithoutCheck':16,'MemoryAllocatedWithoutCheckBytes':93888,'ReadBufferFromS3Bytes':349,'ReadBufferFromS3InitMicroseconds':1183,'ReadBufferFromS3Microseconds':1200,'S3GetObject':2,'S3HeadObject':2,'S3ReadMicroseconds':1736,'S3ReadRequestsCount':5,'S3ReadRequestsErrors':1}	47e65d2a564f88089ac4c1318db58e4a		0	{}
e10bbf9b059b	2026-07-26	2026-07-26 21:31:54	2026-07-26 21:31:54.708967	Start	ca	ca_soak_ch2	f0f1274d01237dfdeb8efa6c6fd8cee5	Scheduled	0	Unknown	0	0	0	0	0	0	0	0	0	0	0	0		{}	1d4209fc3c7c92f48e03f68997e45808		0	{}
e10bbf9b059b	2026-07-26	2026-07-26 21:31:54	2026-07-26 21:31:54.712610	Phase	ca	ca_soak_ch2	f0f1274d01237dfdeb8efa6c6fd8cee5	Scheduled	0	Unknown	0	0	0	0	0	0	0	0	0	0	0	0		{'CasGcGet':2,'ContextLock':8,'DiskConnectionsPreserved':4,'DiskConnectionsReused':4,'DiskS3GetObject':2,'DiskS3HeadObject':2,'DiskS3ReadMicroseconds':2583,'DiskS3ReadRequestsCount':4,'IOBufferAllocBytes':8667,'IOBufferAllocs':2,'MemoryAllocatedWithoutCheck':8,'MemoryAllocatedWithoutCheckBytes':8704,'ReadBufferFromS3Bytes':349,'ReadBufferFromS3InitMicroseconds':1895,'ReadBufferFromS3Microseconds':1905,'S3GetObject':2,'S3HeadObject':2,'S3ReadMicroseconds':2583,'S3ReadRequestsCount':4}	1d4209fc3c7c92f48e03f68997e45808	lease	3555	{'acquired':0,'steal_allowed':1}
e10bbf9b059b	2026-07-26	2026-07-26 21:31:54	2026-07-26 21:31:54.712623	Finish	ca	ca_soak_ch2	f0f1274d01237dfdeb8efa6c6fd8cee5	Scheduled	0	NotALeader	0	0	0	0	0	0	0	0	0	0	0	3		{'CasGcGet':2,'ContextLock':9,'DiskConnectionsPreserved':4,'DiskConnectionsReused':4,'DiskS3GetObject':2,'DiskS3HeadObject':2,'DiskS3ReadMicroseconds':2583,'DiskS3ReadRequestsCount':4,'IOBufferAllocBytes':8667,'IOBufferAllocs':2,'MemoryAllocatedWithoutCheck':8,'MemoryAllocatedWithoutCheckBytes':8704,'ReadBufferFromS3Bytes':349,'ReadBufferFromS3InitMicroseconds':1895,'ReadBufferFromS3Microseconds':1905,'S3GetObject':2,'S3HeadObject':2,'S3ReadMicroseconds':2583,'S3ReadRequestsCount':4}	1d4209fc3c7c92f48e03f68997e45808		0	{}
e10bbf9b059b	2026-07-26	2026-07-26 21:32:04	2026-07-26 21:32:04.712697	Start	ca	ca_soak_ch2	f0f1274d01237dfdeb8efa6c6fd8cee5	Scheduled	0	Unknown	0	0	0	0	0	0	0	0	0	0	0	0		{}	325d3e4cee9024bdf07c2beec34f6753		0	{}
e10bbf9b059b	2026-07-26	2026-07-26 21:32:04	2026-07-26 21:32:04.715334	Phase	ca	ca_soak_ch2	f0f1274d01237dfdeb8efa6c6fd8cee5	Scheduled	0	Unknown	0	0	0	0	0	0	0	0	0	0	0	0		{'CasGcGet':2,'ContextLock':8,'DiskConnectionsPreserved':4,'DiskConnectionsReused':4,'DiskS3GetObject':2,'DiskS3HeadObject':2,'DiskS3ReadMicroseconds':1738,'DiskS3ReadRequestsCount':4,'IOBufferAllocBytes':8667,'IOBufferAllocs':2,'MemoryAllocatedWithoutCheck':8,'MemoryAllocatedWithoutCheckBytes':8704,'ReadBufferFromS3Bytes':349,'ReadBufferFromS3InitMicroseconds':1515,'ReadBufferFromS3Microseconds':1524,'S3GetObject':2,'S3HeadObject':2,'S3ReadMicroseconds':1738,'S3ReadRequestsCount':4}	325d3e4cee9024bdf07c2beec34f6753	lease	2596	{'acquired':0,'steal_allowed':1}
e10bbf9b059b	2026-07-26	2026-07-26 21:32:04	2026-07-26 21:32:04.715345	Finish	ca	ca_soak_ch2	f0f1274d01237dfdeb8efa6c6fd8cee5	Scheduled	0	NotALeader	0	0	0	0	0	0	0	0	0	0	0	2		{'CasGcGet':2,'ContextLock':9,'DiskConnectionsPreserved':4,'DiskConnectionsReused':4,'DiskS3GetObject':2,'DiskS3HeadObject':2,'DiskS3ReadMicroseconds':1738,'DiskS3ReadRequestsCount':4,'IOBufferAllocBytes':8667,'IOBufferAllocs':2,'MemoryAllocatedWithoutCheck':8,'MemoryAllocatedWithoutCheckBytes':8704,'ReadBufferFromS3Bytes':349,'ReadBufferFromS3InitMicroseconds':1515,'ReadBufferFromS3Microseconds':1524,'S3GetObject':2,'S3HeadObject':2,'S3ReadMicroseconds':1738,'S3ReadRequestsCount':4}	325d3e4cee9024bdf07c2beec34f6753		0	{}
e10bbf9b059b	2026-07-26	2026-07-26 21:32:14	2026-07-26 21:32:14.715415	Start	ca	ca_soak_ch2	f0f1274d01237dfdeb8efa6c6fd8cee5	Scheduled	0	Unknown	0	0	0	0	0	0	0	0	0	0	0	0		{}	dbd908d1f60a74a0d205b43cbbb8ad45		0	{}
e10bbf9b059b	2026-07-26	2026-07-26 21:32:14	2026-07-26 21:32:14.717330	Phase	ca	ca_soak_ch2	f0f1274d01237dfdeb8efa6c6fd8cee5	Scheduled	0	Unknown	0	0	0	0	0	0	0	0	0	0	0	0		{'CasGcGet':2,'ContextLock':8,'DiskConnectionsPreserved':4,'DiskConnectionsReused':4,'DiskS3GetObject':2,'DiskS3HeadObject':2,'DiskS3ReadMicroseconds':1356,'DiskS3ReadRequestsCount':4,'IOBufferAllocBytes':8667,'IOBufferAllocs':2,'MemoryAllocatedWithoutCheck':8,'MemoryAllocatedWithoutCheckBytes':8704,'ReadBufferFromS3Bytes':349,'ReadBufferFromS3InitMicroseconds':1020,'ReadBufferFromS3Microseconds':1026,'S3GetObject':2,'S3HeadObject':2,'S3ReadMicroseconds':1356,'S3ReadRequestsCount':4}	dbd908d1f60a74a0d205b43cbbb8ad45	lease	1896	{'acquired':0,'steal_allowed':1}
e10bbf9b059b	2026-07-26	2026-07-26 21:32:14	2026-07-26 21:32:14.717339	Finish	ca	ca_soak_ch2	f0f1274d01237dfdeb8efa6c6fd8cee5	Scheduled	0	NotALeader	0	0	0	0	0	0	0	0	0	0	0	1		{'CasGcGet':2,'ContextLock':9,'DiskConnectionsPreserved':4,'DiskConnectionsReused':4,'DiskS3GetObject':2,'DiskS3HeadObject':2,'DiskS3ReadMicroseconds':1356,'DiskS3ReadRequestsCount':4,'IOBufferAllocBytes':8667,'IOBufferAllocs':2,'MemoryAllocatedWithoutCheck':8,'MemoryAllocatedWithoutCheckBytes':8704,'ReadBufferFromS3Bytes':349,'ReadBufferFromS3InitMicroseconds':1020,'ReadBufferFromS3Microseconds':1026,'S3GetObject':2,'S3HeadObject':2,'S3ReadMicroseconds':1356,'S3ReadRequestsCount':4}	dbd908d1f60a74a0d205b43cbbb8ad45		0	{}
e10bbf9b059b	2026-07-26	2026-07-26 21:32:24	2026-07-26 21:32:24.717408	Start	ca	ca_soak_ch2	f0f1274d01237dfdeb8efa6c6fd8cee5	Scheduled	0	Unknown	0	0	0	0	0	0	0	0	0	0	0	0		{}	20704af6db3a2155df423f590089ed86		0	{}
e10bbf9b059b	2026-07-26	2026-07-26 21:32:24	2026-07-26 21:32:24.723892	Phase	ca	ca_soak_ch2	f0f1274d01237dfdeb8efa6c6fd8cee5	Scheduled	0	Unknown	0	0	0	0	0	0	0	0	0	0	0	0		{'CasGcGet':2,'ContextLock':8,'DiskConnectionsPreserved':4,'DiskConnectionsReused':4,'DiskS3GetObject':2,'DiskS3HeadObject':2,'DiskS3ReadMicroseconds':5662,'DiskS3ReadRequestsCount':4,'IOBufferAllocBytes':8667,'IOBufferAllocs':2,'MemoryAllocatedWithoutCheck':8,'MemoryAllocatedWithoutCheckBytes':8704,'ReadBufferFromS3Bytes':349,'ReadBufferFromS3InitMicroseconds':2982,'ReadBufferFromS3Microseconds':2993,'S3GetObject':2,'S3HeadObject':2,'S3ReadMicroseconds':5662,'S3ReadRequestsCount':4}	20704af6db3a2155df423f590089ed86	lease	6449	{'acquired':0,'steal_allowed':1}
e10bbf9b059b	2026-07-26	2026-07-26 21:32:24	2026-07-26 21:32:24.723903	Finish	ca	ca_soak_ch2	f0f1274d01237dfdeb8efa6c6fd8cee5	Scheduled	0	NotALeader	0	0	0	0	0	0	0	0	0	0	0	6		{'CasGcGet':2,'ContextLock':9,'DiskConnectionsPreserved':4,'DiskConnectionsReused':4,'DiskS3GetObject':2,'DiskS3HeadObject':2,'DiskS3ReadMicroseconds':5662,'DiskS3ReadRequestsCount':4,'IOBufferAllocBytes':8667,'IOBufferAllocs':2,'MemoryAllocatedWithoutCheck':8,'MemoryAllocatedWithoutCheckBytes':8704,'ReadBufferFromS3Bytes':349,'ReadBufferFromS3InitMicroseconds':2982,'ReadBufferFromS3Microseconds':2993,'S3GetObject':2,'S3HeadObject':2,'S3ReadMicroseconds':5662,'S3ReadRequestsCount':4}	20704af6db3a2155df423f590089ed86		0	{}
e10bbf9b059b	2026-07-26	2026-07-26 21:32:34	2026-07-26 21:32:34.723982	Start	ca	ca_soak_ch2	f0f1274d01237dfdeb8efa6c6fd8cee5	Scheduled	0	Unknown	0	0	0	0	0	0	0	0	0	0	0	0		{}	eed99315c5358373134084e50f43128e		0	{}
e10bbf9b059b	2026-07-26	2026-07-26 21:32:34	2026-07-26 21:32:34.726008	Phase	ca	ca_soak_ch2	f0f1274d01237dfdeb8efa6c6fd8cee5	Scheduled	0	Unknown	0	0	0	0	0	0	0	0	0	0	0	0		{'CasGcGet':2,'ContextLock':8,'DiskConnectionsCreated':1,'DiskConnectionsElapsedMicroseconds':105,'DiskConnectionsExpired':7,'DiskConnectionsPreserved':4,'DiskConnectionsReused':3,'DiskS3GetObject':2,'DiskS3HeadObject':2,'DiskS3ReadMicroseconds':1275,'DiskS3ReadRequestsCount':4,'IOBufferAllocBytes':8667,'IOBufferAllocs':2,'MemoryAllocatedWithoutCheck':10,'MemoryAllocatedWithoutCheckBytes':10880,'ReadBufferFromS3Bytes':349,'ReadBufferFromS3InitMicroseconds':819,'ReadBufferFromS3Microseconds':826,'S3GetObject':2,'S3HeadObject':2,'S3ReadMicroseconds':1275,'S3ReadRequestsCount':4}	eed99315c5358373134084e50f43128e	lease	2006	{'acquired':0,'steal_allowed':1}
e10bbf9b059b	2026-07-26	2026-07-26 21:32:34	2026-07-26 21:32:34.726016	Finish	ca	ca_soak_ch2	f0f1274d01237dfdeb8efa6c6fd8cee5	Scheduled	0	NotALeader	0	0	0	0	0	0	0	0	0	0	0	2		{'CasGcGet':2,'ContextLock':9,'DiskConnectionsCreated':1,'DiskConnectionsElapsedMicroseconds':105,'DiskConnectionsExpired':7,'DiskConnectionsPreserved':4,'DiskConnectionsReused':3,'DiskS3GetObject':2,'DiskS3HeadObject':2,'DiskS3ReadMicroseconds':1275,'DiskS3ReadRequestsCount':4,'IOBufferAllocBytes':8667,'IOBufferAllocs':2,'MemoryAllocatedWithoutCheck':10,'MemoryAllocatedWithoutCheckBytes':10880,'ReadBufferFromS3Bytes':349,'ReadBufferFromS3InitMicroseconds':819,'ReadBufferFromS3Microseconds':826,'S3GetObject':2,'S3HeadObject':2,'S3ReadMicroseconds':1275,'S3ReadRequestsCount':4}	eed99315c5358373134084e50f43128e		0	{}
e10bbf9b059b	2026-07-26	2026-07-26 21:32:44	2026-07-26 21:32:44.726283	Start	ca	ca_soak_ch2	f0f1274d01237dfdeb8efa6c6fd8cee5	Scheduled	0	Unknown	0	0	0	0	0	0	0	0	0	0	0	0		{}	3ae46d20907e4cad4ec0c66eb1d4523e		0	{}
e10bbf9b059b	2026-07-26	2026-07-26 21:32:44	2026-07-26 21:32:44.730857	Phase	ca	ca_soak_ch2	f0f1274d01237dfdeb8efa6c6fd8cee5	Scheduled	0	Unknown	0	0	0	0	0	0	0	0	0	0	0	0		{'CasGcGet':2,'ContextLock':8,'DiskConnectionsPreserved':4,'DiskConnectionsReused':4,'DiskS3GetObject':2,'DiskS3HeadObject':2,'DiskS3ReadMicroseconds':3499,'DiskS3ReadRequestsCount':4,'IOBufferAllocBytes':8667,'IOBufferAllocs':2,'MemoryAllocatedWithoutCheck':8,'MemoryAllocatedWithoutCheckBytes':8704,'ReadBufferFromS3Bytes':349,'ReadBufferFromS3InitMicroseconds':2353,'ReadBufferFromS3Microseconds':2363,'S3GetObject':2,'S3HeadObject':2,'S3ReadMicroseconds':3499,'S3ReadRequestsCount':4}	3ae46d20907e4cad4ec0c66eb1d4523e	lease	4542	{'acquired':0,'steal_allowed':1}
e10bbf9b059b	2026-07-26	2026-07-26 21:32:44	2026-07-26 21:32:44.730868	Finish	ca	ca_soak_ch2	f0f1274d01237dfdeb8efa6c6fd8cee5	Scheduled	0	NotALeader	0	0	0	0	0	0	0	0	0	0	0	4		{'CasGcGet':2,'ContextLock':9,'DiskConnectionsPreserved':4,'DiskConnectionsReused':4,'DiskS3GetObject':2,'DiskS3HeadObject':2,'DiskS3ReadMicroseconds':3499,'DiskS3ReadRequestsCount':4,'IOBufferAllocBytes':8667,'IOBufferAllocs':2,'MemoryAllocatedWithoutCheck':8,'MemoryAllocatedWithoutCheckBytes':8704,'ReadBufferFromS3Bytes':349,'ReadBufferFromS3InitMicroseconds':2353,'ReadBufferFromS3Microseconds':2363,'S3GetObject':2,'S3HeadObject':2,'S3ReadMicroseconds':3499,'S3ReadRequestsCount':4}	3ae46d20907e4cad4ec0c66eb1d4523e		0	{}
e10bbf9b059b	2026-07-26	2026-07-26 21:32:54	2026-07-26 21:32:54.730942	Start	ca	ca_soak_ch2	f0f1274d01237dfdeb8efa6c6fd8cee5	Scheduled	0	Unknown	0	0	0	0	0	0	0	0	0	0	0	0		{}	f9665d7b3e28b21b975d2efba86e57c7		0	{}
e10bbf9b059b	2026-07-26	2026-07-26 21:32:55	2026-07-26 21:32:55.619720	Phase	ca	ca_soak_ch2	f0f1274d01237dfdeb8efa6c6fd8cee5	Scheduled	0	Unknown	0	0	0	0	0	0	0	0	0	0	0	0		{'AsyncLoggingFileLogTotalMessages':7,'AsyncLoggingTextLogTotalMessages':7,'CasGcGet':2,'ContextLock':8,'DiskConnectionsPreserved':4,'DiskConnectionsReset':1,'DiskConnectionsReused':5,'DiskS3GetObject':2,'DiskS3HeadObject':2,'DiskS3ReadMicroseconds':361963,'DiskS3ReadRequestsCount':5,'DiskS3ReadRequestsErrors':1,'IOBufferAllocBytes':8667,'IOBufferAllocs':2,'LogDebug':5,'LogTrace':2,'LoggerElapsedNanoseconds':96531,'MemoryAllocatedWithoutCheck':18,'MemoryAllocatedWithoutCheckBytes':96064,'ReadBufferFromS3Bytes':349,'ReadBufferFromS3InitMicroseconds':2038,'ReadBufferFromS3Microseconds':2051,'S3GetObject':2,'S3HeadObject':2,'S3ReadMicroseconds':361963,'S3ReadRequestsCount':5,'S3ReadRequestsErrors':1}	f9665d7b3e28b21b975d2efba86e57c7	lease	888747	{'acquired':0,'steal_allowed':1}
e10bbf9b059b	2026-07-26	2026-07-26 21:32:55	2026-07-26 21:32:55.619730	Finish	ca	ca_soak_ch2	f0f1274d01237dfdeb8efa6c6fd8cee5	Scheduled	0	NotALeader	0	0	0	0	0	0	0	0	0	0	0	888		{'AsyncLoggingFileLogTotalMessages':7,'AsyncLoggingTextLogTotalMessages':7,'CasGcGet':2,'ContextLock':9,'DiskConnectionsPreserved':4,'DiskConnectionsReset':1,'DiskConnectionsReused':5,'DiskS3GetObject':2,'DiskS3HeadObject':2,'DiskS3ReadMicroseconds':361963,'DiskS3ReadRequestsCount':5,'DiskS3ReadRequestsErrors':1,'IOBufferAllocBytes':8667,'IOBufferAllocs':2,'LogDebug':5,'LogTrace':2,'LoggerElapsedNanoseconds':96531,'MemoryAllocatedWithoutCheck':18,'MemoryAllocatedWithoutCheckBytes':96064,'ReadBufferFromS3Bytes':349,'ReadBufferFromS3InitMicroseconds':2038,'ReadBufferFromS3Microseconds':2051,'S3GetObject':2,'S3HeadObject':2,'S3ReadMicroseconds':361963,'S3ReadRequestsCount':5,'S3ReadRequestsErrors':1}	f9665d7b3e28b21b975d2efba86e57c7		0	{}
e10bbf9b059b	2026-07-26	2026-07-26 21:33:05	2026-07-26 21:33:05.619819	Start	ca	ca_soak_ch2	f0f1274d01237dfdeb8efa6c6fd8cee5	Scheduled	0	Unknown	0	0	0	0	0	0	0	0	0	0	0	0		{}	5d2263c0c6275cec8a8040e4c4ce9541		0	{}
e10bbf9b059b	2026-07-26	2026-07-26 21:33:05	2026-07-26 21:33:05.623633	Phase	ca	ca_soak_ch2	f0f1274d01237dfdeb8efa6c6fd8cee5	Scheduled	0	Unknown	0	0	0	0	0	0	0	0	0	0	0	0		{'CasGcGet':2,'ContextLock':8,'DiskConnectionsPreserved':4,'DiskConnectionsReused':4,'DiskS3GetObject':2,'DiskS3HeadObject':2,'DiskS3ReadMicroseconds':3076,'DiskS3ReadRequestsCount':4,'IOBufferAllocBytes':8667,'IOBufferAllocs':2,'MemoryAllocatedWithoutCheck':8,'MemoryAllocatedWithoutCheckBytes':8704,'ReadBufferFromS3Bytes':349,'ReadBufferFromS3InitMicroseconds':1845,'ReadBufferFromS3Microseconds':1852,'S3GetObject':2,'S3HeadObject':2,'S3ReadMicroseconds':3076,'S3ReadRequestsCount':4}	5d2263c0c6275cec8a8040e4c4ce9541	lease	3796	{'acquired':0,'steal_allowed':1}
e10bbf9b059b	2026-07-26	2026-07-26 21:33:05	2026-07-26 21:33:05.623644	Finish	ca	ca_soak_ch2	f0f1274d01237dfdeb8efa6c6fd8cee5	Scheduled	0	NotALeader	0	0	0	0	0	0	0	0	0	0	0	3		{'CasGcGet':2,'ContextLock':9,'DiskConnectionsPreserved':4,'DiskConnectionsReused':4,'DiskS3GetObject':2,'DiskS3HeadObject':2,'DiskS3ReadMicroseconds':3076,'DiskS3ReadRequestsCount':4,'IOBufferAllocBytes':8667,'IOBufferAllocs':2,'MemoryAllocatedWithoutCheck':8,'MemoryAllocatedWithoutCheckBytes':8704,'ReadBufferFromS3Bytes':349,'ReadBufferFromS3InitMicroseconds':1845,'ReadBufferFromS3Microseconds':1852,'S3GetObject':2,'S3HeadObject':2,'S3ReadMicroseconds':3076,'S3ReadRequestsCount':4}	5d2263c0c6275cec8a8040e4c4ce9541		0	{}
e10bbf9b059b	2026-07-26	2026-07-26 21:33:15	2026-07-26 21:33:15.623878	Start	ca	ca_soak_ch2	f0f1274d01237dfdeb8efa6c6fd8cee5	Scheduled	0	Unknown	0	0	0	0	0	0	0	0	0	0	0	0		{}	0a0d6ef6db1ca4b1b3396e3ecaccb066		0	{}
e10bbf9b059b	2026-07-26	2026-07-26 21:33:15	2026-07-26 21:33:15.626954	Phase	ca	ca_soak_ch2	f0f1274d01237dfdeb8efa6c6fd8cee5	Scheduled	0	Unknown	0	0	0	0	0	0	0	0	0	0	0	0		{'CasGcGet':2,'ContextLock':8,'DiskConnectionsPreserved':4,'DiskConnectionsReused':4,'DiskS3GetObject':2,'DiskS3HeadObject':2,'DiskS3ReadMicroseconds':2262,'DiskS3ReadRequestsCount':4,'IOBufferAllocBytes':8667,'IOBufferAllocs':2,'MemoryAllocatedWithoutCheck':8,'MemoryAllocatedWithoutCheckBytes':8704,'ReadBufferFromS3Bytes':349,'ReadBufferFromS3InitMicroseconds':1518,'ReadBufferFromS3Microseconds':1526,'S3GetObject':2,'S3HeadObject':2,'S3ReadMicroseconds':2262,'S3ReadRequestsCount':4}	0a0d6ef6db1ca4b1b3396e3ecaccb066	lease	3057	{'acquired':0,'steal_allowed':1}
e10bbf9b059b	2026-07-26	2026-07-26 21:33:15	2026-07-26 21:33:15.626963	Finish	ca	ca_soak_ch2	f0f1274d01237dfdeb8efa6c6fd8cee5	Scheduled	0	NotALeader	0	0	0	0	0	0	0	0	0	0	0	3		{'CasGcGet':2,'ContextLock':9,'DiskConnectionsPreserved':4,'DiskConnectionsReused':4,'DiskS3GetObject':2,'DiskS3HeadObject':2,'DiskS3ReadMicroseconds':2262,'DiskS3ReadRequestsCount':4,'IOBufferAllocBytes':8667,'IOBufferAllocs':2,'MemoryAllocatedWithoutCheck':8,'MemoryAllocatedWithoutCheckBytes':8704,'ReadBufferFromS3Bytes':349,'ReadBufferFromS3InitMicroseconds':1518,'ReadBufferFromS3Microseconds':1526,'S3GetObject':2,'S3HeadObject':2,'S3ReadMicroseconds':2262,'S3ReadRequestsCount':4}	0a0d6ef6db1ca4b1b3396e3ecaccb066		0	{}
e10bbf9b059b	2026-07-26	2026-07-26 21:33:25	2026-07-26 21:33:25.628547	Start	ca	ca_soak_ch2	f0f1274d01237dfdeb8efa6c6fd8cee5	Scheduled	0	Unknown	0	0	0	0	0	0	0	0	0	0	0	0		{}	49daf7aebaac26ede2c6ea90a9e509bc		0	{}
e10bbf9b059b	2026-07-26	2026-07-26 21:33:25	2026-07-26 21:33:25.633631	Phase	ca	ca_soak_ch2	f0f1274d01237dfdeb8efa6c6fd8cee5	Scheduled	0	Unknown	0	0	0	0	0	0	0	0	0	0	0	0		{'CasGcGet':2,'ContextLock':8,'DiskConnectionsPreserved':4,'DiskConnectionsReused':4,'DiskS3GetObject':2,'DiskS3HeadObject':2,'DiskS3ReadMicroseconds':3286,'DiskS3ReadRequestsCount':4,'IOBufferAllocBytes':8667,'IOBufferAllocs':2,'MemoryAllocatedWithoutCheck':8,'MemoryAllocatedWithoutCheckBytes':8704,'ReadBufferFromS3Bytes':349,'ReadBufferFromS3InitMicroseconds':1522,'ReadBufferFromS3Microseconds':1531,'S3GetObject':2,'S3HeadObject':2,'S3ReadMicroseconds':3286,'S3ReadRequestsCount':4}	49daf7aebaac26ede2c6ea90a9e509bc	lease	5060	{'acquired':0,'steal_allowed':1}
e10bbf9b059b	2026-07-26	2026-07-26 21:33:25	2026-07-26 21:33:25.633643	Finish	ca	ca_soak_ch2	f0f1274d01237dfdeb8efa6c6fd8cee5	Scheduled	0	NotALeader	0	0	0	0	0	0	0	0	0	0	0	5		{'CasGcGet':2,'ContextLock':9,'DiskConnectionsPreserved':4,'DiskConnectionsReused':4,'DiskS3GetObject':2,'DiskS3HeadObject':2,'DiskS3ReadMicroseconds':3286,'DiskS3ReadRequestsCount':4,'IOBufferAllocBytes':8667,'IOBufferAllocs':2,'MemoryAllocatedWithoutCheck':8,'MemoryAllocatedWithoutCheckBytes':8704,'ReadBufferFromS3Bytes':349,'ReadBufferFromS3InitMicroseconds':1522,'ReadBufferFromS3Microseconds':1531,'S3GetObject':2,'S3HeadObject':2,'S3ReadMicroseconds':3286,'S3ReadRequestsCount':4}	49daf7aebaac26ede2c6ea90a9e509bc		0	{}
e10bbf9b059b	2026-07-26	2026-07-26 21:33:35	2026-07-26 21:33:35.633726	Start	ca	ca_soak_ch2	f0f1274d01237dfdeb8efa6c6fd8cee5	Scheduled	0	Unknown	0	0	0	0	0	0	0	0	0	0	0	0		{}	fe67aae2be8d91dfc5f0f3bf06650f56		0	{}
e10bbf9b059b	2026-07-26	2026-07-26 21:33:35	2026-07-26 21:33:35.636110	Phase	ca	ca_soak_ch2	f0f1274d01237dfdeb8efa6c6fd8cee5	Scheduled	0	Unknown	0	0	0	0	0	0	0	0	0	0	0	0		{'CasGcGet':2,'ContextLock':8,'DiskConnectionsPreserved':4,'DiskConnectionsReused':4,'DiskS3GetObject':2,'DiskS3HeadObject':2,'DiskS3ReadMicroseconds':1672,'DiskS3ReadRequestsCount':4,'IOBufferAllocBytes':8667,'IOBufferAllocs':2,'MemoryAllocatedWithoutCheck':8,'MemoryAllocatedWithoutCheckBytes':8704,'ReadBufferFromS3Bytes':349,'ReadBufferFromS3InitMicroseconds':1314,'ReadBufferFromS3Microseconds':1326,'S3GetObject':2,'S3HeadObject':2,'S3ReadMicroseconds':1672,'S3ReadRequestsCount':4}	fe67aae2be8d91dfc5f0f3bf06650f56	lease	2370	{'acquired':0,'steal_allowed':1}
e10bbf9b059b	2026-07-26	2026-07-26 21:33:35	2026-07-26 21:33:35.636117	Finish	ca	ca_soak_ch2	f0f1274d01237dfdeb8efa6c6fd8cee5	Scheduled	0	NotALeader	0	0	0	0	0	0	0	0	0	0	0	2		{'CasGcGet':2,'ContextLock':9,'DiskConnectionsPreserved':4,'DiskConnectionsReused':4,'DiskS3GetObject':2,'DiskS3HeadObject':2,'DiskS3ReadMicroseconds':1672,'DiskS3ReadRequestsCount':4,'IOBufferAllocBytes':8667,'IOBufferAllocs':2,'MemoryAllocatedWithoutCheck':8,'MemoryAllocatedWithoutCheckBytes':8704,'ReadBufferFromS3Bytes':349,'ReadBufferFromS3InitMicroseconds':1314,'ReadBufferFromS3Microseconds':1326,'S3GetObject':2,'S3HeadObject':2,'S3ReadMicroseconds':1672,'S3ReadRequestsCount':4}	fe67aae2be8d91dfc5f0f3bf06650f56		0	{}
e10bbf9b059b	2026-07-26	2026-07-26 21:33:45	2026-07-26 21:33:45.636191	Start	ca	ca_soak_ch2	f0f1274d01237dfdeb8efa6c6fd8cee5	Scheduled	0	Unknown	0	0	0	0	0	0	0	0	0	0	0	0		{}	70d104ad973a292c4c263371f1f91892		0	{}
e10bbf9b059b	2026-07-26	2026-07-26 21:33:45	2026-07-26 21:33:45.638004	Phase	ca	ca_soak_ch2	f0f1274d01237dfdeb8efa6c6fd8cee5	Scheduled	0	Unknown	0	0	0	0	0	0	0	0	0	0	0	0		{'CasGcGet':2,'ContextLock':8,'DiskConnectionsPreserved':4,'DiskConnectionsReused':4,'DiskS3GetObject':2,'DiskS3HeadObject':2,'DiskS3ReadMicroseconds':1258,'DiskS3ReadRequestsCount':4,'IOBufferAllocBytes':8667,'IOBufferAllocs':2,'MemoryAllocatedWithoutCheck':8,'MemoryAllocatedWithoutCheckBytes':8704,'ReadBufferFromS3Bytes':349,'ReadBufferFromS3InitMicroseconds':893,'ReadBufferFromS3Microseconds':899,'S3GetObject':2,'S3HeadObject':2,'S3ReadMicroseconds':1258,'S3ReadRequestsCount':4}	70d104ad973a292c4c263371f1f91892	lease	1797	{'acquired':0,'steal_allowed':1}
e10bbf9b059b	2026-07-26	2026-07-26 21:33:45	2026-07-26 21:33:45.638010	Finish	ca	ca_soak_ch2	f0f1274d01237dfdeb8efa6c6fd8cee5	Scheduled	0	NotALeader	0	0	0	0	0	0	0	0	0	0	0	1		{'CasGcGet':2,'ContextLock':9,'DiskConnectionsPreserved':4,'DiskConnectionsReused':4,'DiskS3GetObject':2,'DiskS3HeadObject':2,'DiskS3ReadMicroseconds':1258,'DiskS3ReadRequestsCount':4,'IOBufferAllocBytes':8667,'IOBufferAllocs':2,'MemoryAllocatedWithoutCheck':8,'MemoryAllocatedWithoutCheckBytes':8704,'ReadBufferFromS3Bytes':349,'ReadBufferFromS3InitMicroseconds':893,'ReadBufferFromS3Microseconds':899,'S3GetObject':2,'S3HeadObject':2,'S3ReadMicroseconds':1258,'S3ReadRequestsCount':4}	70d104ad973a292c4c263371f1f91892		0	{}
e10bbf9b059b	2026-07-26	2026-07-26 21:33:55	2026-07-26 21:33:55.638066	Start	ca	ca_soak_ch2	f0f1274d01237dfdeb8efa6c6fd8cee5	Scheduled	0	Unknown	0	0	0	0	0	0	0	0	0	0	0	0		{}	a32ef57aaf3907f988f8445769dd47f3		0	{}
e10bbf9b059b	2026-07-26	2026-07-26 21:33:55	2026-07-26 21:33:55.640008	Phase	ca	ca_soak_ch2	f0f1274d01237dfdeb8efa6c6fd8cee5	Scheduled	0	Unknown	0	0	0	0	0	0	0	0	0	0	0	0		{'CasGcGet':2,'ContextLock':8,'DiskConnectionsPreserved':4,'DiskConnectionsReused':4,'DiskS3GetObject':2,'DiskS3HeadObject':2,'DiskS3ReadMicroseconds':1254,'DiskS3ReadRequestsCount':4,'IOBufferAllocBytes':8667,'IOBufferAllocs':2,'MemoryAllocatedWithoutCheck':8,'MemoryAllocatedWithoutCheckBytes':8704,'ReadBufferFromS3Bytes':349,'ReadBufferFromS3InitMicroseconds':797,'ReadBufferFromS3Microseconds':805,'S3GetObject':2,'S3HeadObject':2,'S3ReadMicroseconds':1254,'S3ReadRequestsCount':4}	a32ef57aaf3907f988f8445769dd47f3	lease	1927	{'acquired':0,'steal_allowed':1}
e10bbf9b059b	2026-07-26	2026-07-26 21:33:55	2026-07-26 21:33:55.640014	Finish	ca	ca_soak_ch2	f0f1274d01237dfdeb8efa6c6fd8cee5	Scheduled	0	NotALeader	0	0	0	0	0	0	0	0	0	0	0	1		{'CasGcGet':2,'ContextLock':9,'DiskConnectionsPreserved':4,'DiskConnectionsReused':4,'DiskS3GetObject':2,'DiskS3HeadObject':2,'DiskS3ReadMicroseconds':1254,'DiskS3ReadRequestsCount':4,'IOBufferAllocBytes':8667,'IOBufferAllocs':2,'MemoryAllocatedWithoutCheck':8,'MemoryAllocatedWithoutCheckBytes':8704,'ReadBufferFromS3Bytes':349,'ReadBufferFromS3InitMicroseconds':797,'ReadBufferFromS3Microseconds':805,'S3GetObject':2,'S3HeadObject':2,'S3ReadMicroseconds':1254,'S3ReadRequestsCount':4}	a32ef57aaf3907f988f8445769dd47f3		0	{}
e10bbf9b059b	2026-07-26	2026-07-26 21:34:05	2026-07-26 21:34:05.640057	Start	ca	ca_soak_ch2	f0f1274d01237dfdeb8efa6c6fd8cee5	Scheduled	0	Unknown	0	0	0	0	0	0	0	0	0	0	0	0		{}	23a72c2a42f20d93d67a3a4674fed68d		0	{}
e10bbf9b059b	2026-07-26	2026-07-26 21:34:05	2026-07-26 21:34:05.644421	Phase	ca	ca_soak_ch2	f0f1274d01237dfdeb8efa6c6fd8cee5	Scheduled	0	Unknown	0	0	0	0	0	0	0	0	0	0	0	0		{'CasGcGet':2,'ContextLock':8,'DiskConnectionsPreserved':4,'DiskConnectionsReused':4,'DiskS3GetObject':2,'DiskS3HeadObject':2,'DiskS3ReadMicroseconds':3713,'DiskS3ReadRequestsCount':4,'IOBufferAllocBytes':8667,'IOBufferAllocs':2,'MemoryAllocatedWithoutCheck':8,'MemoryAllocatedWithoutCheckBytes':8704,'ReadBufferFromS3Bytes':349,'ReadBufferFromS3InitMicroseconds':2043,'ReadBufferFromS3Microseconds':2052,'S3GetObject':2,'S3HeadObject':2,'S3ReadMicroseconds':3713,'S3ReadRequestsCount':4}	23a72c2a42f20d93d67a3a4674fed68d	lease	4342	{'acquired':0,'steal_allowed':1}
e10bbf9b059b	2026-07-26	2026-07-26 21:34:05	2026-07-26 21:34:05.644432	Finish	ca	ca_soak_ch2	f0f1274d01237dfdeb8efa6c6fd8cee5	Scheduled	0	NotALeader	0	0	0	0	0	0	0	0	0	0	0	4		{'CasGcGet':2,'ContextLock':9,'DiskConnectionsPreserved':4,'DiskConnectionsReused':4,'DiskS3GetObject':2,'DiskS3HeadObject':2,'DiskS3ReadMicroseconds':3713,'DiskS3ReadRequestsCount':4,'IOBufferAllocBytes':8667,'IOBufferAllocs':2,'MemoryAllocatedWithoutCheck':8,'MemoryAllocatedWithoutCheckBytes':8704,'ReadBufferFromS3Bytes':349,'ReadBufferFromS3InitMicroseconds':2043,'ReadBufferFromS3Microseconds':2052,'S3GetObject':2,'S3HeadObject':2,'S3ReadMicroseconds':3713,'S3ReadRequestsCount':4}	23a72c2a42f20d93d67a3a4674fed68d		0	{}
e10bbf9b059b	2026-07-26	2026-07-26 21:34:15	2026-07-26 21:34:15.644787	Start	ca	ca_soak_ch2	f0f1274d01237dfdeb8efa6c6fd8cee5	Scheduled	0	Unknown	0	0	0	0	0	0	0	0	0	0	0	0		{}	5ba77ec90f44a80562e32896dd936caf		0	{}
e10bbf9b059b	2026-07-26	2026-07-26 21:34:15	2026-07-26 21:34:15.653443	Phase	ca	ca_soak_ch2	f0f1274d01237dfdeb8efa6c6fd8cee5	Scheduled	0	Unknown	0	0	0	0	0	0	0	0	0	0	0	0		{'CasGcGet':2,'ContextLock':8,'DiskConnectionsPreserved':4,'DiskConnectionsReused':4,'DiskS3GetObject':2,'DiskS3HeadObject':2,'DiskS3ReadMicroseconds':6144,'DiskS3ReadRequestsCount':4,'IOBufferAllocBytes':8667,'IOBufferAllocs':2,'MemoryAllocatedWithoutCheck':8,'MemoryAllocatedWithoutCheckBytes':8704,'ReadBufferFromS3Bytes':349,'ReadBufferFromS3InitMicroseconds':4008,'ReadBufferFromS3Microseconds':4040,'S3GetObject':2,'S3HeadObject':2,'S3ReadMicroseconds':6144,'S3ReadRequestsCount':4}	5ba77ec90f44a80562e32896dd936caf	lease	8612	{'acquired':0,'steal_allowed':1}
e10bbf9b059b	2026-07-26	2026-07-26 21:34:15	2026-07-26 21:34:15.653463	Finish	ca	ca_soak_ch2	f0f1274d01237dfdeb8efa6c6fd8cee5	Scheduled	0	NotALeader	0	0	0	0	0	0	0	0	0	0	0	8		{'CasGcGet':2,'ContextLock':9,'DiskConnectionsPreserved':4,'DiskConnectionsReused':4,'DiskS3GetObject':2,'DiskS3HeadObject':2,'DiskS3ReadMicroseconds':6144,'DiskS3ReadRequestsCount':4,'IOBufferAllocBytes':8667,'IOBufferAllocs':2,'MemoryAllocatedWithoutCheck':8,'MemoryAllocatedWithoutCheckBytes':8704,'ReadBufferFromS3Bytes':349,'ReadBufferFromS3InitMicroseconds':4008,'ReadBufferFromS3Microseconds':4040,'S3GetObject':2,'S3HeadObject':2,'S3ReadMicroseconds':6144,'S3ReadRequestsCount':4}	5ba77ec90f44a80562e32896dd936caf		0	{}
e10bbf9b059b	2026-07-26	2026-07-26 21:34:25	2026-07-26 21:34:25.653550	Start	ca	ca_soak_ch2	f0f1274d01237dfdeb8efa6c6fd8cee5	Scheduled	0	Unknown	0	0	0	0	0	0	0	0	0	0	0	0		{}	f14951c034a4e84987295ba5c68c45eb		0	{}
e10bbf9b059b	2026-07-26	2026-07-26 21:34:25	2026-07-26 21:34:25.666006	Phase	ca	ca_soak_ch2	f0f1274d01237dfdeb8efa6c6fd8cee5	Scheduled	0	Unknown	0	0	0	0	0	0	0	0	0	0	0	0		{'CasGcGet':2,'ContextLock':8,'DiskConnectionsPreserved':4,'DiskConnectionsReused':4,'DiskS3GetObject':2,'DiskS3HeadObject':2,'DiskS3ReadMicroseconds':11681,'DiskS3ReadRequestsCount':4,'IOBufferAllocBytes':8667,'IOBufferAllocs':2,'MemoryAllocatedWithoutCheck':8,'MemoryAllocatedWithoutCheckBytes':8704,'ReadBufferFromS3Bytes':349,'ReadBufferFromS3InitMicroseconds':1611,'ReadBufferFromS3Microseconds':1621,'S3GetObject':2,'S3HeadObject':2,'S3ReadMicroseconds':11681,'S3ReadRequestsCount':4}	f14951c034a4e84987295ba5c68c45eb	lease	12412	{'acquired':0,'steal_allowed':1}
e10bbf9b059b	2026-07-26	2026-07-26 21:34:25	2026-07-26 21:34:25.666021	Finish	ca	ca_soak_ch2	f0f1274d01237dfdeb8efa6c6fd8cee5	Scheduled	0	NotALeader	0	0	0	0	0	0	0	0	0	0	0	12		{'CasGcGet':2,'ContextLock':9,'DiskConnectionsPreserved':4,'DiskConnectionsReused':4,'DiskS3GetObject':2,'DiskS3HeadObject':2,'DiskS3ReadMicroseconds':11681,'DiskS3ReadRequestsCount':4,'IOBufferAllocBytes':8667,'IOBufferAllocs':2,'MemoryAllocatedWithoutCheck':8,'MemoryAllocatedWithoutCheckBytes':8704,'ReadBufferFromS3Bytes':349,'ReadBufferFromS3InitMicroseconds':1611,'ReadBufferFromS3Microseconds':1621,'S3GetObject':2,'S3HeadObject':2,'S3ReadMicroseconds':11681,'S3ReadRequestsCount':4}	f14951c034a4e84987295ba5c68c45eb		0	{}
e10bbf9b059b	2026-07-26	2026-07-26 21:34:35	2026-07-26 21:34:35.666055	Start	ca	ca_soak_ch2	f0f1274d01237dfdeb8efa6c6fd8cee5	Scheduled	0	Unknown	0	0	0	0	0	0	0	0	0	0	0	0		{}	0452ee8869c5ad7cdd5967d4ad0656b0		0	{}
e10bbf9b059b	2026-07-26	2026-07-26 21:34:35	2026-07-26 21:34:35.667745	Phase	ca	ca_soak_ch2	f0f1274d01237dfdeb8efa6c6fd8cee5	Scheduled	0	Unknown	0	0	0	0	0	0	0	0	0	0	0	0		{'CasGcGet':2,'ContextLock':8,'DiskConnectionsPreserved':4,'DiskConnectionsReused':4,'DiskS3GetObject':2,'DiskS3HeadObject':2,'DiskS3ReadMicroseconds':1286,'DiskS3ReadRequestsCount':4,'IOBufferAllocBytes':8667,'IOBufferAllocs':2,'MemoryAllocatedWithoutCheck':8,'MemoryAllocatedWithoutCheckBytes':8704,'ReadBufferFromS3Bytes':349,'ReadBufferFromS3InitMicroseconds':834,'ReadBufferFromS3Microseconds':839,'S3GetObject':2,'S3HeadObject':2,'S3ReadMicroseconds':1286,'S3ReadRequestsCount':4}	0452ee8869c5ad7cdd5967d4ad0656b0	lease	1671	{'acquired':0,'steal_allowed':1}
e10bbf9b059b	2026-07-26	2026-07-26 21:34:35	2026-07-26 21:34:35.667752	Finish	ca	ca_soak_ch2	f0f1274d01237dfdeb8efa6c6fd8cee5	Scheduled	0	NotALeader	0	0	0	0	0	0	0	0	0	0	0	1		{'CasGcGet':2,'ContextLock':9,'DiskConnectionsPreserved':4,'DiskConnectionsReused':4,'DiskS3GetObject':2,'DiskS3HeadObject':2,'DiskS3ReadMicroseconds':1286,'DiskS3ReadRequestsCount':4,'IOBufferAllocBytes':8667,'IOBufferAllocs':2,'MemoryAllocatedWithoutCheck':8,'MemoryAllocatedWithoutCheckBytes':8704,'ReadBufferFromS3Bytes':349,'ReadBufferFromS3InitMicroseconds':834,'ReadBufferFromS3Microseconds':839,'S3GetObject':2,'S3HeadObject':2,'S3ReadMicroseconds':1286,'S3ReadRequestsCount':4}	0452ee8869c5ad7cdd5967d4ad0656b0		0	{}
e10bbf9b059b	2026-07-26	2026-07-26 21:34:45	2026-07-26 21:34:45.667834	Start	ca	ca_soak_ch2	f0f1274d01237dfdeb8efa6c6fd8cee5	Scheduled	0	Unknown	0	0	0	0	0	0	0	0	0	0	0	0		{}	a8c94f624db2fc99002548b5d35d3b50		0	{}
e10bbf9b059b	2026-07-26	2026-07-26 21:34:45	2026-07-26 21:34:45.669859	Phase	ca	ca_soak_ch2	f0f1274d01237dfdeb8efa6c6fd8cee5	Scheduled	0	Unknown	0	0	0	0	0	0	0	0	0	0	0	0		{'CasGcGet':2,'ContextLock':8,'DiskConnectionsPreserved':4,'DiskConnectionsReused':4,'DiskS3GetObject':2,'DiskS3HeadObject':2,'DiskS3ReadMicroseconds':1289,'DiskS3ReadRequestsCount':4,'IOBufferAllocBytes':8667,'IOBufferAllocs':2,'MemoryAllocatedWithoutCheck':8,'MemoryAllocatedWithoutCheckBytes':8704,'ReadBufferFromS3Bytes':349,'ReadBufferFromS3InitMicroseconds':1026,'ReadBufferFromS3Microseconds':1038,'S3GetObject':2,'S3HeadObject':2,'S3ReadMicroseconds':1289,'S3ReadRequestsCount':4}	a8c94f624db2fc99002548b5d35d3b50	lease	1993	{'acquired':0,'steal_allowed':1}
e10bbf9b059b	2026-07-26	2026-07-26 21:34:45	2026-07-26 21:34:45.669882	Finish	ca	ca_soak_ch2	f0f1274d01237dfdeb8efa6c6fd8cee5	Scheduled	0	NotALeader	0	0	0	0	0	0	0	0	0	0	0	2		{'CasGcGet':2,'ContextLock':9,'DiskConnectionsPreserved':4,'DiskConnectionsReused':4,'DiskS3GetObject':2,'DiskS3HeadObject':2,'DiskS3ReadMicroseconds':1289,'DiskS3ReadRequestsCount':4,'IOBufferAllocBytes':8667,'IOBufferAllocs':2,'MemoryAllocatedWithoutCheck':8,'MemoryAllocatedWithoutCheckBytes':8704,'ReadBufferFromS3Bytes':349,'ReadBufferFromS3InitMicroseconds':1026,'ReadBufferFromS3Microseconds':1038,'S3GetObject':2,'S3HeadObject':2,'S3ReadMicroseconds':1289,'S3ReadRequestsCount':4}	a8c94f624db2fc99002548b5d35d3b50		0	{}
e10bbf9b059b	2026-07-26	2026-07-26 21:34:55	2026-07-26 21:34:55.669967	Start	ca	ca_soak_ch2	f0f1274d01237dfdeb8efa6c6fd8cee5	Scheduled	0	Unknown	0	0	0	0	0	0	0	0	0	0	0	0		{}	56c02ca789767c9e05540334a80ec5c7		0	{}
e10bbf9b059b	2026-07-26	2026-07-26 21:34:57	2026-07-26 21:34:57.290696	Phase	ca	ca_soak_ch2	f0f1274d01237dfdeb8efa6c6fd8cee5	Scheduled	0	Unknown	0	0	0	0	0	0	0	0	0	0	0	0		{'AsyncLoggingFileLogTotalMessages':7,'AsyncLoggingTextLogTotalMessages':7,'CasGcGet':2,'ContextLock':8,'DiskConnectionsCreated':2,'DiskConnectionsElapsedMicroseconds':185,'DiskConnectionsPreserved':4,'DiskConnectionsReset':1,'DiskConnectionsReused':3,'DiskS3GetObject':2,'DiskS3HeadObject':2,'DiskS3ReadMicroseconds':1094380,'DiskS3ReadRequestsCount':5,'DiskS3ReadRequestsErrors':1,'IOBufferAllocBytes':8667,'IOBufferAllocs':2,'LogDebug':5,'LogTrace':2,'LoggerElapsedNanoseconds':75060,'MemoryAllocatedWithoutCheck':22,'MemoryAllocatedWithoutCheckBytes':100416,'ReadBufferFromS3Bytes':349,'ReadBufferFromS3InitMicroseconds':965,'ReadBufferFromS3Microseconds':980,'S3GetObject':2,'S3HeadObject':2,'S3ReadMicroseconds':1094380,'S3ReadRequestsCount':5,'S3ReadRequestsErrors':1}	56c02ca789767c9e05540334a80ec5c7	lease	1620708	{'acquired':0,'steal_allowed':1}
e10bbf9b059b	2026-07-26	2026-07-26 21:34:57	2026-07-26 21:34:57.290714	Finish	ca	ca_soak_ch2	f0f1274d01237dfdeb8efa6c6fd8cee5	Scheduled	0	NotALeader	0	0	0	0	0	0	0	0	0	0	0	1620		{'AsyncLoggingFileLogTotalMessages':7,'AsyncLoggingTextLogTotalMessages':7,'CasGcGet':2,'ContextLock':9,'DiskConnectionsCreated':2,'DiskConnectionsElapsedMicroseconds':185,'DiskConnectionsPreserved':4,'DiskConnectionsReset':1,'DiskConnectionsReused':3,'DiskS3GetObject':2,'DiskS3HeadObject':2,'DiskS3ReadMicroseconds':1094380,'DiskS3ReadRequestsCount':5,'DiskS3ReadRequestsErrors':1,'IOBufferAllocBytes':8667,'IOBufferAllocs':2,'LogDebug':5,'LogTrace':2,'LoggerElapsedNanoseconds':75060,'MemoryAllocatedWithoutCheck':22,'MemoryAllocatedWithoutCheckBytes':100416,'ReadBufferFromS3Bytes':349,'ReadBufferFromS3InitMicroseconds':965,'ReadBufferFromS3Microseconds':980,'S3GetObject':2,'S3HeadObject':2,'S3ReadMicroseconds':1094380,'S3ReadRequestsCount':5,'S3ReadRequestsErrors':1}	56c02ca789767c9e05540334a80ec5c7		0	{}
e10bbf9b059b	2026-07-26	2026-07-26 21:35:07	2026-07-26 21:35:07.290785	Start	ca	ca_soak_ch2	f0f1274d01237dfdeb8efa6c6fd8cee5	Scheduled	0	Unknown	0	0	0	0	0	0	0	0	0	0	0	0		{}	3601d544fa368d107a33df4a271e56f6		0	{}
e10bbf9b059b	2026-07-26	2026-07-26 21:35:07	2026-07-26 21:35:07.292992	Phase	ca	ca_soak_ch2	f0f1274d01237dfdeb8efa6c6fd8cee5	Scheduled	0	Unknown	0	0	0	0	0	0	0	0	0	0	0	0		{'CasGcGet':2,'ContextLock':8,'DiskConnectionsCreated':1,'DiskConnectionsElapsedMicroseconds':125,'DiskConnectionsPreserved':4,'DiskConnectionsReused':3,'DiskS3GetObject':2,'DiskS3HeadObject':2,'DiskS3ReadMicroseconds':1496,'DiskS3ReadRequestsCount':4,'IOBufferAllocBytes':8667,'IOBufferAllocs':2,'MemoryAllocatedWithoutCheck':10,'MemoryAllocatedWithoutCheckBytes':10880,'ReadBufferFromS3Bytes':349,'ReadBufferFromS3InitMicroseconds':957,'ReadBufferFromS3Microseconds':965,'S3GetObject':2,'S3HeadObject':2,'S3ReadMicroseconds':1496,'S3ReadRequestsCount':4}	3601d544fa368d107a33df4a271e56f6	lease	2195	{'acquired':0,'steal_allowed':1}
e10bbf9b059b	2026-07-26	2026-07-26 21:35:07	2026-07-26 21:35:07.292999	Finish	ca	ca_soak_ch2	f0f1274d01237dfdeb8efa6c6fd8cee5	Scheduled	0	NotALeader	0	0	0	0	0	0	0	0	0	0	0	2		{'CasGcGet':2,'ContextLock':9,'DiskConnectionsCreated':1,'DiskConnectionsElapsedMicroseconds':125,'DiskConnectionsPreserved':4,'DiskConnectionsReused':3,'DiskS3GetObject':2,'DiskS3HeadObject':2,'DiskS3ReadMicroseconds':1496,'DiskS3ReadRequestsCount':4,'IOBufferAllocBytes':8667,'IOBufferAllocs':2,'MemoryAllocatedWithoutCheck':10,'MemoryAllocatedWithoutCheckBytes':10880,'ReadBufferFromS3Bytes':349,'ReadBufferFromS3InitMicroseconds':957,'ReadBufferFromS3Microseconds':965,'S3GetObject':2,'S3HeadObject':2,'S3ReadMicroseconds':1496,'S3ReadRequestsCount':4}	3601d544fa368d107a33df4a271e56f6		0	{}
e10bbf9b059b	2026-07-26	2026-07-26 21:35:17	2026-07-26 21:35:17.293059	Start	ca	ca_soak_ch2	f0f1274d01237dfdeb8efa6c6fd8cee5	Scheduled	0	Unknown	0	0	0	0	0	0	0	0	0	0	0	0		{}	5f9181e3d991e81dffda47addb0717ac		0	{}
e10bbf9b059b	2026-07-26	2026-07-26 21:35:17	2026-07-26 21:35:17.823498	Phase	ca	ca_soak_ch2	f0f1274d01237dfdeb8efa6c6fd8cee5	Scheduled	0	Unknown	0	0	0	0	0	0	0	0	0	0	0	0		{'AsyncLoggingFileLogTotalMessages':7,'AsyncLoggingTextLogTotalMessages':7,'CasGcGet':2,'ContextLock':8,'DiskConnectionsCreated':2,'DiskConnectionsElapsedMicroseconds':205,'DiskConnectionsPreserved':4,'DiskConnectionsReset':1,'DiskConnectionsReused':3,'DiskS3GetObject':2,'DiskS3HeadObject':2,'DiskS3ReadMicroseconds':3652,'DiskS3ReadRequestsCount':5,'DiskS3ReadRequestsErrors':1,'IOBufferAllocBytes':8667,'IOBufferAllocs':2,'LogDebug':5,'LogTrace':2,'LoggerElapsedNanoseconds':66150,'MemoryAllocatedWithoutCheck':22,'MemoryAllocatedWithoutCheckBytes':100416,'ReadBufferFromS3Bytes':349,'ReadBufferFromS3InitMicroseconds':2782,'ReadBufferFromS3Microseconds':2796,'S3GetObject':2,'S3HeadObject':2,'S3ReadMicroseconds':3652,'S3ReadRequestsCount':5,'S3ReadRequestsErrors':1}	5f9181e3d991e81dffda47addb0717ac	lease	530415	{'acquired':0,'steal_allowed':1}
e10bbf9b059b	2026-07-26	2026-07-26 21:35:17	2026-07-26 21:35:17.823509	Finish	ca	ca_soak_ch2	f0f1274d01237dfdeb8efa6c6fd8cee5	Scheduled	0	NotALeader	0	0	0	0	0	0	0	0	0	0	0	530		{'AsyncLoggingFileLogTotalMessages':7,'AsyncLoggingTextLogTotalMessages':7,'CasGcGet':2,'ContextLock':9,'DiskConnectionsCreated':2,'DiskConnectionsElapsedMicroseconds':205,'DiskConnectionsPreserved':4,'DiskConnectionsReset':1,'DiskConnectionsReused':3,'DiskS3GetObject':2,'DiskS3HeadObject':2,'DiskS3ReadMicroseconds':3652,'DiskS3ReadRequestsCount':5,'DiskS3ReadRequestsErrors':1,'IOBufferAllocBytes':8667,'IOBufferAllocs':2,'LogDebug':5,'LogTrace':2,'LoggerElapsedNanoseconds':66150,'MemoryAllocatedWithoutCheck':22,'MemoryAllocatedWithoutCheckBytes':100416,'ReadBufferFromS3Bytes':349,'ReadBufferFromS3InitMicroseconds':2782,'ReadBufferFromS3Microseconds':2796,'S3GetObject':2,'S3HeadObject':2,'S3ReadMicroseconds':3652,'S3ReadRequestsCount':5,'S3ReadRequestsErrors':1}	5f9181e3d991e81dffda47addb0717ac		0	{}
e10bbf9b059b	2026-07-26	2026-07-26 21:35:27	2026-07-26 21:35:27.823579	Start	ca	ca_soak_ch2	f0f1274d01237dfdeb8efa6c6fd8cee5	Scheduled	0	Unknown	0	0	0	0	0	0	0	0	0	0	0	0		{}	a4bd7215353e38a31591d46518db0f12		0	{}
e10bbf9b059b	2026-07-26	2026-07-26 21:35:27	2026-07-26 21:35:27.825407	Phase	ca	ca_soak_ch2	f0f1274d01237dfdeb8efa6c6fd8cee5	Scheduled	0	Unknown	0	0	0	0	0	0	0	0	0	0	0	0		{'CasGcGet':2,'ContextLock':8,'DiskConnectionsExpired':4,'DiskConnectionsPreserved':4,'DiskConnectionsReused':4,'DiskS3GetObject':2,'DiskS3HeadObject':2,'DiskS3ReadMicroseconds':1246,'DiskS3ReadRequestsCount':4,'IOBufferAllocBytes':8667,'IOBufferAllocs':2,'MemoryAllocatedWithoutCheck':8,'MemoryAllocatedWithoutCheckBytes':8704,'ReadBufferFromS3Bytes':349,'ReadBufferFromS3InitMicroseconds':812,'ReadBufferFromS3Microseconds':823,'S3GetObject':2,'S3HeadObject':2,'S3ReadMicroseconds':1246,'S3ReadRequestsCount':4}	a4bd7215353e38a31591d46518db0f12	lease	1813	{'acquired':0,'steal_allowed':1}
e10bbf9b059b	2026-07-26	2026-07-26 21:35:27	2026-07-26 21:35:27.825414	Finish	ca	ca_soak_ch2	f0f1274d01237dfdeb8efa6c6fd8cee5	Scheduled	0	NotALeader	0	0	0	0	0	0	0	0	0	0	0	1		{'CasGcGet':2,'ContextLock':9,'DiskConnectionsExpired':4,'DiskConnectionsPreserved':4,'DiskConnectionsReused':4,'DiskS3GetObject':2,'DiskS3HeadObject':2,'DiskS3ReadMicroseconds':1246,'DiskS3ReadRequestsCount':4,'IOBufferAllocBytes':8667,'IOBufferAllocs':2,'MemoryAllocatedWithoutCheck':8,'MemoryAllocatedWithoutCheckBytes':8704,'ReadBufferFromS3Bytes':349,'ReadBufferFromS3InitMicroseconds':812,'ReadBufferFromS3Microseconds':823,'S3GetObject':2,'S3HeadObject':2,'S3ReadMicroseconds':1246,'S3ReadRequestsCount':4}	a4bd7215353e38a31591d46518db0f12		0	{}
e10bbf9b059b	2026-07-26	2026-07-26 21:35:37	2026-07-26 21:35:37.825485	Start	ca	ca_soak_ch2	f0f1274d01237dfdeb8efa6c6fd8cee5	Scheduled	0	Unknown	0	0	0	0	0	0	0	0	0	0	0	0		{}	f5511726a6153236c8392f77661fcfdc		0	{}
e10bbf9b059b	2026-07-26	2026-07-26 21:35:37	2026-07-26 21:35:37.826711	Phase	ca	ca_soak_ch2	f0f1274d01237dfdeb8efa6c6fd8cee5	Scheduled	0	Unknown	0	0	0	0	0	0	0	0	0	0	0	0		{'CasGcGet':2,'ContextLock':8,'DiskConnectionsPreserved':4,'DiskConnectionsReused':4,'DiskS3GetObject':2,'DiskS3HeadObject':2,'DiskS3ReadMicroseconds':688,'DiskS3ReadRequestsCount':4,'IOBufferAllocBytes':8667,'IOBufferAllocs':2,'MemoryAllocatedWithoutCheck':8,'MemoryAllocatedWithoutCheckBytes':8704,'ReadBufferFromS3Bytes':349,'ReadBufferFromS3InitMicroseconds':524,'ReadBufferFromS3Microseconds':531,'S3GetObject':2,'S3HeadObject':2,'S3ReadMicroseconds':688,'S3ReadRequestsCount':4}	f5511726a6153236c8392f77661fcfdc	lease	1203	{'acquired':0,'steal_allowed':1}
e10bbf9b059b	2026-07-26	2026-07-26 21:35:37	2026-07-26 21:35:37.826717	Finish	ca	ca_soak_ch2	f0f1274d01237dfdeb8efa6c6fd8cee5	Scheduled	0	NotALeader	0	0	0	0	0	0	0	0	0	0	0	1		{'CasGcGet':2,'ContextLock':9,'DiskConnectionsPreserved':4,'DiskConnectionsReused':4,'DiskS3GetObject':2,'DiskS3HeadObject':2,'DiskS3ReadMicroseconds':688,'DiskS3ReadRequestsCount':4,'IOBufferAllocBytes':8667,'IOBufferAllocs':2,'MemoryAllocatedWithoutCheck':8,'MemoryAllocatedWithoutCheckBytes':8704,'ReadBufferFromS3Bytes':349,'ReadBufferFromS3InitMicroseconds':524,'ReadBufferFromS3Microseconds':531,'S3GetObject':2,'S3HeadObject':2,'S3ReadMicroseconds':688,'S3ReadRequestsCount':4}	f5511726a6153236c8392f77661fcfdc		0	{}
e10bbf9b059b	2026-07-26	2026-07-26 21:35:47	2026-07-26 21:35:47.826789	Start	ca	ca_soak_ch2	f0f1274d01237dfdeb8efa6c6fd8cee5	Scheduled	0	Unknown	0	0	0	0	0	0	0	0	0	0	0	0		{}	5c52770ee3fd5cd56c58a22816e9c1a5		0	{}
e10bbf9b059b	2026-07-26	2026-07-26 21:35:47	2026-07-26 21:35:47.828163	Phase	ca	ca_soak_ch2	f0f1274d01237dfdeb8efa6c6fd8cee5	Scheduled	0	Unknown	0	0	0	0	0	0	0	0	0	0	0	0		{'CasGcGet':2,'ContextLock':8,'DiskConnectionsPreserved':4,'DiskConnectionsReused':4,'DiskS3GetObject':2,'DiskS3HeadObject':2,'DiskS3ReadMicroseconds':936,'DiskS3ReadRequestsCount':4,'IOBufferAllocBytes':8667,'IOBufferAllocs':2,'MemoryAllocatedWithoutCheck':8,'MemoryAllocatedWithoutCheckBytes':8704,'ReadBufferFromS3Bytes':349,'ReadBufferFromS3InitMicroseconds':665,'ReadBufferFromS3Microseconds':672,'S3GetObject':2,'S3HeadObject':2,'S3ReadMicroseconds':936,'S3ReadRequestsCount':4}	5c52770ee3fd5cd56c58a22816e9c1a5	lease	1359	{'acquired':0,'steal_allowed':1}
e10bbf9b059b	2026-07-26	2026-07-26 21:35:47	2026-07-26 21:35:47.828170	Finish	ca	ca_soak_ch2	f0f1274d01237dfdeb8efa6c6fd8cee5	Scheduled	0	NotALeader	0	0	0	0	0	0	0	0	0	0	0	1		{'CasGcGet':2,'ContextLock':9,'DiskConnectionsPreserved':4,'DiskConnectionsReused':4,'DiskS3GetObject':2,'DiskS3HeadObject':2,'DiskS3ReadMicroseconds':936,'DiskS3ReadRequestsCount':4,'IOBufferAllocBytes':8667,'IOBufferAllocs':2,'MemoryAllocatedWithoutCheck':8,'MemoryAllocatedWithoutCheckBytes':8704,'ReadBufferFromS3Bytes':349,'ReadBufferFromS3InitMicroseconds':665,'ReadBufferFromS3Microseconds':672,'S3GetObject':2,'S3HeadObject':2,'S3ReadMicroseconds':936,'S3ReadRequestsCount':4}	5c52770ee3fd5cd56c58a22816e9c1a5		0	{}
e10bbf9b059b	2026-07-26	2026-07-26 21:35:57	2026-07-26 21:35:57.828242	Start	ca	ca_soak_ch2	f0f1274d01237dfdeb8efa6c6fd8cee5	Scheduled	0	Unknown	0	0	0	0	0	0	0	0	0	0	0	0		{}	ecd6a3d8b8b8811eda16b48d1205a79c		0	{}
e10bbf9b059b	2026-07-26	2026-07-26 21:35:57	2026-07-26 21:35:57.829454	Phase	ca	ca_soak_ch2	f0f1274d01237dfdeb8efa6c6fd8cee5	Scheduled	0	Unknown	0	0	0	0	0	0	0	0	0	0	0	0		{'CasGcGet':2,'ContextLock':8,'DiskConnectionsPreserved':4,'DiskConnectionsReused':4,'DiskS3GetObject':2,'DiskS3HeadObject':2,'DiskS3ReadMicroseconds':813,'DiskS3ReadRequestsCount':4,'IOBufferAllocBytes':8667,'IOBufferAllocs':2,'MemoryAllocatedWithoutCheck':8,'MemoryAllocatedWithoutCheckBytes':8704,'ReadBufferFromS3Bytes':349,'ReadBufferFromS3InitMicroseconds':613,'ReadBufferFromS3Microseconds':619,'S3GetObject':2,'S3HeadObject':2,'S3ReadMicroseconds':813,'S3ReadRequestsCount':4}	ecd6a3d8b8b8811eda16b48d1205a79c	lease	1201	{'acquired':0,'steal_allowed':1}
e10bbf9b059b	2026-07-26	2026-07-26 21:35:57	2026-07-26 21:35:57.829460	Finish	ca	ca_soak_ch2	f0f1274d01237dfdeb8efa6c6fd8cee5	Scheduled	0	NotALeader	0	0	0	0	0	0	0	0	0	0	0	1		{'CasGcGet':2,'ContextLock':9,'DiskConnectionsPreserved':4,'DiskConnectionsReused':4,'DiskS3GetObject':2,'DiskS3HeadObject':2,'DiskS3ReadMicroseconds':813,'DiskS3ReadRequestsCount':4,'IOBufferAllocBytes':8667,'IOBufferAllocs':2,'MemoryAllocatedWithoutCheck':8,'MemoryAllocatedWithoutCheckBytes':8704,'ReadBufferFromS3Bytes':349,'ReadBufferFromS3InitMicroseconds':613,'ReadBufferFromS3Microseconds':619,'S3GetObject':2,'S3HeadObject':2,'S3ReadMicroseconds':813,'S3ReadRequestsCount':4}	ecd6a3d8b8b8811eda16b48d1205a79c		0	{}
e10bbf9b059b	2026-07-26	2026-07-26 21:36:07	2026-07-26 21:36:07.829530	Start	ca	ca_soak_ch2	f0f1274d01237dfdeb8efa6c6fd8cee5	Scheduled	0	Unknown	0	0	0	0	0	0	0	0	0	0	0	0		{}	048e653a45362165fa8975ee46e3ad08		0	{}
e10bbf9b059b	2026-07-26	2026-07-26 21:36:07	2026-07-26 21:36:07.830861	Phase	ca	ca_soak_ch2	f0f1274d01237dfdeb8efa6c6fd8cee5	Scheduled	0	Unknown	0	0	0	0	0	0	0	0	0	0	0	0		{'CasGcGet':2,'ContextLock':8,'DiskConnectionsCreated':1,'DiskConnectionsElapsedMicroseconds':80,'DiskConnectionsPreserved':4,'DiskConnectionsReused':3,'DiskS3GetObject':2,'DiskS3HeadObject':2,'DiskS3ReadMicroseconds':820,'DiskS3ReadRequestsCount':4,'IOBufferAllocBytes':8667,'IOBufferAllocs':2,'MemoryAllocatedWithoutCheck':10,'MemoryAllocatedWithoutCheckBytes':10880,'ReadBufferFromS3Bytes':349,'ReadBufferFromS3InitMicroseconds':645,'ReadBufferFromS3Microseconds':653,'S3GetObject':2,'S3HeadObject':2,'S3ReadMicroseconds':820,'S3ReadRequestsCount':4}	048e653a45362165fa8975ee46e3ad08	lease	1318	{'acquired':0,'steal_allowed':1}
e10bbf9b059b	2026-07-26	2026-07-26 21:36:07	2026-07-26 21:36:07.830868	Finish	ca	ca_soak_ch2	f0f1274d01237dfdeb8efa6c6fd8cee5	Scheduled	0	NotALeader	0	0	0	0	0	0	0	0	0	0	0	1		{'CasGcGet':2,'ContextLock':9,'DiskConnectionsCreated':1,'DiskConnectionsElapsedMicroseconds':80,'DiskConnectionsPreserved':4,'DiskConnectionsReused':3,'DiskS3GetObject':2,'DiskS3HeadObject':2,'DiskS3ReadMicroseconds':820,'DiskS3ReadRequestsCount':4,'IOBufferAllocBytes':8667,'IOBufferAllocs':2,'MemoryAllocatedWithoutCheck':10,'MemoryAllocatedWithoutCheckBytes':10880,'ReadBufferFromS3Bytes':349,'ReadBufferFromS3InitMicroseconds':645,'ReadBufferFromS3Microseconds':653,'S3GetObject':2,'S3HeadObject':2,'S3ReadMicroseconds':820,'S3ReadRequestsCount':4}	048e653a45362165fa8975ee46e3ad08		0	{}
e10bbf9b059b	2026-07-26	2026-07-26 21:36:17	2026-07-26 21:36:17.830940	Start	ca	ca_soak_ch2	f0f1274d01237dfdeb8efa6c6fd8cee5	Scheduled	0	Unknown	0	0	0	0	0	0	0	0	0	0	0	0		{}	6345e85a2ea95e641f4641f73e95eb5c		0	{}
e10bbf9b059b	2026-07-26	2026-07-26 21:36:17	2026-07-26 21:36:17.832369	Phase	ca	ca_soak_ch2	f0f1274d01237dfdeb8efa6c6fd8cee5	Scheduled	0	Unknown	0	0	0	0	0	0	0	0	0	0	0	0		{'CasGcGet':2,'ContextLock':8,'DiskConnectionsPreserved':4,'DiskConnectionsReused':4,'DiskS3GetObject':2,'DiskS3HeadObject':2,'DiskS3ReadMicroseconds':924,'DiskS3ReadRequestsCount':4,'IOBufferAllocBytes':8667,'IOBufferAllocs':2,'MemoryAllocatedWithoutCheck':8,'MemoryAllocatedWithoutCheckBytes':8704,'ReadBufferFromS3Bytes':349,'ReadBufferFromS3InitMicroseconds':743,'ReadBufferFromS3Microseconds':756,'S3GetObject':2,'S3HeadObject':2,'S3ReadMicroseconds':924,'S3ReadRequestsCount':4}	6345e85a2ea95e641f4641f73e95eb5c	lease	1401	{'acquired':0,'steal_allowed':1}
e10bbf9b059b	2026-07-26	2026-07-26 21:36:17	2026-07-26 21:36:17.832377	Finish	ca	ca_soak_ch2	f0f1274d01237dfdeb8efa6c6fd8cee5	Scheduled	0	NotALeader	0	0	0	0	0	0	0	0	0	0	0	1		{'CasGcGet':2,'ContextLock':9,'DiskConnectionsPreserved':4,'DiskConnectionsReused':4,'DiskS3GetObject':2,'DiskS3HeadObject':2,'DiskS3ReadMicroseconds':924,'DiskS3ReadRequestsCount':4,'IOBufferAllocBytes':8667,'IOBufferAllocs':2,'MemoryAllocatedWithoutCheck':8,'MemoryAllocatedWithoutCheckBytes':8704,'ReadBufferFromS3Bytes':349,'ReadBufferFromS3InitMicroseconds':743,'ReadBufferFromS3Microseconds':756,'S3GetObject':2,'S3HeadObject':2,'S3ReadMicroseconds':924,'S3ReadRequestsCount':4}	6345e85a2ea95e641f4641f73e95eb5c		0	{}
e10bbf9b059b	2026-07-26	2026-07-26 21:36:27	2026-07-26 21:36:27.832448	Start	ca	ca_soak_ch2	f0f1274d01237dfdeb8efa6c6fd8cee5	Scheduled	0	Unknown	0	0	0	0	0	0	0	0	0	0	0	0		{}	b2ef08bb13453251dfe17db7363c3f5f		0	{}
e10bbf9b059b	2026-07-26	2026-07-26 21:36:27	2026-07-26 21:36:27.834791	Phase	ca	ca_soak_ch2	f0f1274d01237dfdeb8efa6c6fd8cee5	Scheduled	0	Unknown	0	0	0	0	0	0	0	0	0	0	0	0		{'CasGcGet':2,'ContextLock':8,'DiskConnectionsPreserved':4,'DiskConnectionsReused':4,'DiskS3GetObject':2,'DiskS3HeadObject':2,'DiskS3ReadMicroseconds':1616,'DiskS3ReadRequestsCount':4,'IOBufferAllocBytes':8667,'IOBufferAllocs':2,'MemoryAllocatedWithoutCheck':8,'MemoryAllocatedWithoutCheckBytes':8704,'ReadBufferFromS3Bytes':349,'ReadBufferFromS3InitMicroseconds':1006,'ReadBufferFromS3Microseconds':1016,'S3GetObject':2,'S3HeadObject':2,'S3ReadMicroseconds':1616,'S3ReadRequestsCount':4}	b2ef08bb13453251dfe17db7363c3f5f	lease	2328	{'acquired':0,'steal_allowed':1}
e10bbf9b059b	2026-07-26	2026-07-26 21:36:27	2026-07-26 21:36:27.834798	Finish	ca	ca_soak_ch2	f0f1274d01237dfdeb8efa6c6fd8cee5	Scheduled	0	NotALeader	0	0	0	0	0	0	0	0	0	0	0	2		{'CasGcGet':2,'ContextLock':9,'DiskConnectionsPreserved':4,'DiskConnectionsReused':4,'DiskS3GetObject':2,'DiskS3HeadObject':2,'DiskS3ReadMicroseconds':1616,'DiskS3ReadRequestsCount':4,'IOBufferAllocBytes':8667,'IOBufferAllocs':2,'MemoryAllocatedWithoutCheck':8,'MemoryAllocatedWithoutCheckBytes':8704,'ReadBufferFromS3Bytes':349,'ReadBufferFromS3InitMicroseconds':1006,'ReadBufferFromS3Microseconds':1016,'S3GetObject':2,'S3HeadObject':2,'S3ReadMicroseconds':1616,'S3ReadRequestsCount':4}	b2ef08bb13453251dfe17db7363c3f5f		0	{}
e10bbf9b059b	2026-07-26	2026-07-26 21:36:37	2026-07-26 21:36:37.834878	Start	ca	ca_soak_ch2	f0f1274d01237dfdeb8efa6c6fd8cee5	Scheduled	0	Unknown	0	0	0	0	0	0	0	0	0	0	0	0		{}	51b8a11e8aa79a0ea7383e0d3abd8b50		0	{}
e10bbf9b059b	2026-07-26	2026-07-26 21:36:37	2026-07-26 21:36:37.845622	Phase	ca	ca_soak_ch2	f0f1274d01237dfdeb8efa6c6fd8cee5	Scheduled	0	Unknown	0	0	0	0	0	0	0	0	0	0	0	0		{'CasGcGet':2,'ContextLock':8,'DiskConnectionsCreated':1,'DiskConnectionsElapsedMicroseconds':113,'DiskConnectionsExpired':20,'DiskConnectionsPreserved':4,'DiskConnectionsReused':3,'DiskS3GetObject':2,'DiskS3HeadObject':2,'DiskS3ReadMicroseconds':9374,'DiskS3ReadRequestsCount':4,'IOBufferAllocBytes':8667,'IOBufferAllocs':2,'MemoryAllocatedWithoutCheck':10,'MemoryAllocatedWithoutCheckBytes':10880,'ReadBufferFromS3Bytes':349,'ReadBufferFromS3InitMicroseconds':6657,'ReadBufferFromS3Microseconds':6670,'S3GetObject':2,'S3HeadObject':2,'S3ReadMicroseconds':9374,'S3ReadRequestsCount':4}	51b8a11e8aa79a0ea7383e0d3abd8b50	lease	10712	{'acquired':0,'steal_allowed':1}
e10bbf9b059b	2026-07-26	2026-07-26 21:36:37	2026-07-26 21:36:37.845636	Finish	ca	ca_soak_ch2	f0f1274d01237dfdeb8efa6c6fd8cee5	Scheduled	0	NotALeader	0	0	0	0	0	0	0	0	0	0	0	10		{'CasGcGet':2,'ContextLock':9,'DiskConnectionsCreated':1,'DiskConnectionsElapsedMicroseconds':113,'DiskConnectionsExpired':20,'DiskConnectionsPreserved':4,'DiskConnectionsReused':3,'DiskS3GetObject':2,'DiskS3HeadObject':2,'DiskS3ReadMicroseconds':9374,'DiskS3ReadRequestsCount':4,'IOBufferAllocBytes':8667,'IOBufferAllocs':2,'MemoryAllocatedWithoutCheck':10,'MemoryAllocatedWithoutCheckBytes':10880,'ReadBufferFromS3Bytes':349,'ReadBufferFromS3InitMicroseconds':6657,'ReadBufferFromS3Microseconds':6670,'S3GetObject':2,'S3HeadObject':2,'S3ReadMicroseconds':9374,'S3ReadRequestsCount':4}	51b8a11e8aa79a0ea7383e0d3abd8b50		0	{}
e10bbf9b059b	2026-07-26	2026-07-26 21:36:47	2026-07-26 21:36:47.845715	Start	ca	ca_soak_ch2	f0f1274d01237dfdeb8efa6c6fd8cee5	Scheduled	0	Unknown	0	0	0	0	0	0	0	0	0	0	0	0		{}	624ecf287bde9d13e45861c729af674c		0	{}
e10bbf9b059b	2026-07-26	2026-07-26 21:36:48	2026-07-26 21:36:48.090207	Phase	ca	ca_soak_ch2	f0f1274d01237dfdeb8efa6c6fd8cee5	Scheduled	0	Unknown	0	0	0	0	0	0	0	0	0	0	0	0		{'CasGcGet':2,'ContextLock':8,'DiskConnectionsCreated':1,'DiskConnectionsElapsedMicroseconds':124,'DiskConnectionsExpired':1,'DiskConnectionsPreserved':4,'DiskConnectionsReused':3,'DiskS3GetObject':2,'DiskS3HeadObject':2,'DiskS3ReadMicroseconds':242988,'DiskS3ReadRequestsCount':4,'IOBufferAllocBytes':8667,'IOBufferAllocs':2,'MemoryAllocatedWithoutCheck':10,'MemoryAllocatedWithoutCheckBytes':10880,'ReadBufferFromS3Bytes':349,'ReadBufferFromS3InitMicroseconds':2270,'ReadBufferFromS3Microseconds':2287,'S3GetObject':2,'S3HeadObject':2,'S3ReadMicroseconds':242988,'S3ReadRequestsCount':4}	624ecf287bde9d13e45861c729af674c	lease	244470	{'acquired':0,'steal_allowed':1}
e10bbf9b059b	2026-07-26	2026-07-26 21:36:48	2026-07-26 21:36:48.090215	Finish	ca	ca_soak_ch2	f0f1274d01237dfdeb8efa6c6fd8cee5	Scheduled	0	NotALeader	0	0	0	0	0	0	0	0	0	0	0	244		{'CasGcGet':2,'ContextLock':9,'DiskConnectionsCreated':1,'DiskConnectionsElapsedMicroseconds':124,'DiskConnectionsExpired':1,'DiskConnectionsPreserved':4,'DiskConnectionsReused':3,'DiskS3GetObject':2,'DiskS3HeadObject':2,'DiskS3ReadMicroseconds':242988,'DiskS3ReadRequestsCount':4,'IOBufferAllocBytes':8667,'IOBufferAllocs':2,'MemoryAllocatedWithoutCheck':10,'MemoryAllocatedWithoutCheckBytes':10880,'ReadBufferFromS3Bytes':349,'ReadBufferFromS3InitMicroseconds':2270,'ReadBufferFromS3Microseconds':2287,'S3GetObject':2,'S3HeadObject':2,'S3ReadMicroseconds':242988,'S3ReadRequestsCount':4}	624ecf287bde9d13e45861c729af674c		0	{}
e10bbf9b059b	2026-07-26	2026-07-26 21:36:58	2026-07-26 21:36:58.090296	Start	ca	ca_soak_ch2	f0f1274d01237dfdeb8efa6c6fd8cee5	Scheduled	0	Unknown	0	0	0	0	0	0	0	0	0	0	0	0		{}	079c8cb808496e0018b2f758a55ea3d4		0	{}
e10bbf9b059b	2026-07-26	2026-07-26 21:36:58	2026-07-26 21:36:58.094969	Phase	ca	ca_soak_ch2	f0f1274d01237dfdeb8efa6c6fd8cee5	Scheduled	0	Unknown	0	0	0	0	0	0	0	0	0	0	0	0		{'CasGcGet':2,'ContextLock':8,'DiskConnectionsCreated':1,'DiskConnectionsElapsedMicroseconds':177,'DiskConnectionsExpired':2,'DiskConnectionsPreserved':4,'DiskConnectionsReused':3,'DiskS3GetObject':2,'DiskS3HeadObject':2,'DiskS3ReadMicroseconds':2758,'DiskS3ReadRequestsCount':4,'IOBufferAllocBytes':8667,'IOBufferAllocs':2,'MemoryAllocatedWithoutCheck':12,'MemoryAllocatedWithoutCheckBytes':10976,'ReadBufferFromS3Bytes':349,'ReadBufferFromS3InitMicroseconds':1890,'ReadBufferFromS3Microseconds':1925,'S3GetObject':2,'S3HeadObject':2,'S3ReadMicroseconds':2758,'S3ReadRequestsCount':4}	079c8cb808496e0018b2f758a55ea3d4	lease	4643	{'acquired':0,'steal_allowed':1}
e10bbf9b059b	2026-07-26	2026-07-26 21:36:58	2026-07-26 21:36:58.094977	Finish	ca	ca_soak_ch2	f0f1274d01237dfdeb8efa6c6fd8cee5	Scheduled	0	NotALeader	0	0	0	0	0	0	0	0	0	0	0	4		{'CasGcGet':2,'ContextLock':9,'DiskConnectionsCreated':1,'DiskConnectionsElapsedMicroseconds':177,'DiskConnectionsExpired':2,'DiskConnectionsPreserved':4,'DiskConnectionsReused':3,'DiskS3GetObject':2,'DiskS3HeadObject':2,'DiskS3ReadMicroseconds':2758,'DiskS3ReadRequestsCount':4,'IOBufferAllocBytes':8667,'IOBufferAllocs':2,'MemoryAllocatedWithoutCheck':12,'MemoryAllocatedWithoutCheckBytes':10976,'ReadBufferFromS3Bytes':349,'ReadBufferFromS3InitMicroseconds':1890,'ReadBufferFromS3Microseconds':1925,'S3GetObject':2,'S3HeadObject':2,'S3ReadMicroseconds':2758,'S3ReadRequestsCount':4}	079c8cb808496e0018b2f758a55ea3d4		0	{}
e10bbf9b059b	2026-07-26	2026-07-26 21:37:08	2026-07-26 21:37:08.095058	Start	ca	ca_soak_ch2	f0f1274d01237dfdeb8efa6c6fd8cee5	Scheduled	0	Unknown	0	0	0	0	0	0	0	0	0	0	0	0		{}	5f9bc22ca398365bf2ffb4148f6398d1		0	{}
e10bbf9b059b	2026-07-26	2026-07-26 21:37:08	2026-07-26 21:37:08.097552	Phase	ca	ca_soak_ch2	f0f1274d01237dfdeb8efa6c6fd8cee5	Scheduled	0	Unknown	0	0	0	0	0	0	0	0	0	0	0	0		{'CasGcGet':2,'ContextLock':8,'DiskConnectionsCreated':1,'DiskConnectionsElapsedMicroseconds':103,'DiskConnectionsExpired':1,'DiskConnectionsPreserved':4,'DiskConnectionsReused':3,'DiskS3GetObject':2,'DiskS3HeadObject':2,'DiskS3ReadMicroseconds':1590,'DiskS3ReadRequestsCount':4,'IOBufferAllocBytes':8667,'IOBufferAllocs':2,'MemoryAllocatedWithoutCheck':10,'MemoryAllocatedWithoutCheckBytes':10880,'ReadBufferFromS3Bytes':349,'ReadBufferFromS3InitMicroseconds':1251,'ReadBufferFromS3Microseconds':1262,'S3GetObject':2,'S3HeadObject':2,'S3ReadMicroseconds':1590,'S3ReadRequestsCount':4}	5f9bc22ca398365bf2ffb4148f6398d1	lease	2471	{'acquired':0,'steal_allowed':1}
e10bbf9b059b	2026-07-26	2026-07-26 21:37:08	2026-07-26 21:37:08.097564	Finish	ca	ca_soak_ch2	f0f1274d01237dfdeb8efa6c6fd8cee5	Scheduled	0	NotALeader	0	0	0	0	0	0	0	0	0	0	0	2		{'CasGcGet':2,'ContextLock':9,'DiskConnectionsCreated':1,'DiskConnectionsElapsedMicroseconds':103,'DiskConnectionsExpired':1,'DiskConnectionsPreserved':4,'DiskConnectionsReused':3,'DiskS3GetObject':2,'DiskS3HeadObject':2,'DiskS3ReadMicroseconds':1590,'DiskS3ReadRequestsCount':4,'IOBufferAllocBytes':8667,'IOBufferAllocs':2,'MemoryAllocatedWithoutCheck':10,'MemoryAllocatedWithoutCheckBytes':10880,'ReadBufferFromS3Bytes':349,'ReadBufferFromS3InitMicroseconds':1251,'ReadBufferFromS3Microseconds':1262,'S3GetObject':2,'S3HeadObject':2,'S3ReadMicroseconds':1590,'S3ReadRequestsCount':4}	5f9bc22ca398365bf2ffb4148f6398d1		0	{}
e10bbf9b059b	2026-07-26	2026-07-26 21:37:18	2026-07-26 21:37:18.097632	Start	ca	ca_soak_ch2	f0f1274d01237dfdeb8efa6c6fd8cee5	Scheduled	0	Unknown	0	0	0	0	0	0	0	0	0	0	0	0		{}	395e7016bc2c861f5f8d7c824d8ed5a7		0	{}
e10bbf9b059b	2026-07-26	2026-07-26 21:37:18	2026-07-26 21:37:18.099053	Phase	ca	ca_soak_ch2	f0f1274d01237dfdeb8efa6c6fd8cee5	Scheduled	0	Unknown	0	0	0	0	0	0	0	0	0	0	0	0		{'CasGcGet':2,'ContextLock':8,'DiskConnectionsCreated':1,'DiskConnectionsElapsedMicroseconds':54,'DiskConnectionsPreserved':4,'DiskConnectionsReused':3,'DiskS3GetObject':2,'DiskS3HeadObject':2,'DiskS3ReadMicroseconds':767,'DiskS3ReadRequestsCount':4,'HTTPConnectionsExpired':2,'IOBufferAllocBytes':8667,'IOBufferAllocs':2,'MemoryAllocatedWithoutCheck':10,'MemoryAllocatedWithoutCheckBytes':10880,'ReadBufferFromS3Bytes':349,'ReadBufferFromS3InitMicroseconds':548,'ReadBufferFromS3Microseconds':554,'S3GetObject':2,'S3HeadObject':2,'S3ReadMicroseconds':767,'S3ReadRequestsCount':4}	395e7016bc2c861f5f8d7c824d8ed5a7	lease	1400	{'acquired':0,'steal_allowed':1}
e10bbf9b059b	2026-07-26	2026-07-26 21:37:18	2026-07-26 21:37:18.099063	Finish	ca	ca_soak_ch2	f0f1274d01237dfdeb8efa6c6fd8cee5	Scheduled	0	NotALeader	0	0	0	0	0	0	0	0	0	0	0	1		{'CasGcGet':2,'ContextLock':9,'DiskConnectionsCreated':1,'DiskConnectionsElapsedMicroseconds':54,'DiskConnectionsPreserved':4,'DiskConnectionsReused':3,'DiskS3GetObject':2,'DiskS3HeadObject':2,'DiskS3ReadMicroseconds':767,'DiskS3ReadRequestsCount':4,'HTTPConnectionsExpired':2,'IOBufferAllocBytes':8667,'IOBufferAllocs':2,'MemoryAllocatedWithoutCheck':10,'MemoryAllocatedWithoutCheckBytes':10880,'ReadBufferFromS3Bytes':349,'ReadBufferFromS3InitMicroseconds':548,'ReadBufferFromS3Microseconds':554,'S3GetObject':2,'S3HeadObject':2,'S3ReadMicroseconds':767,'S3ReadRequestsCount':4}	395e7016bc2c861f5f8d7c824d8ed5a7		0	{}
e10bbf9b059b	2026-07-26	2026-07-26 21:37:28	2026-07-26 21:37:28.099137	Start	ca	ca_soak_ch2	f0f1274d01237dfdeb8efa6c6fd8cee5	Scheduled	0	Unknown	0	0	0	0	0	0	0	0	0	0	0	0		{}	cf815990ed726581f7daa7e3b2195117		0	{}
e10bbf9b059b	2026-07-26	2026-07-26 21:37:28	2026-07-26 21:37:28.626467	Phase	ca	ca_soak_ch2	f0f1274d01237dfdeb8efa6c6fd8cee5	Scheduled	0	Unknown	0	0	0	0	0	0	0	0	0	0	0	0		{'AsyncLoggingFileLogTotalMessages':7,'AsyncLoggingTextLogTotalMessages':7,'CasGcGet':2,'ContextLock':8,'DiskConnectionsPreserved':4,'DiskConnectionsReset':1,'DiskConnectionsReused':5,'DiskS3GetObject':2,'DiskS3HeadObject':2,'DiskS3ReadMicroseconds':913,'DiskS3ReadRequestsCount':5,'DiskS3ReadRequestsErrors':1,'IOBufferAllocBytes':8667,'IOBufferAllocs':2,'LogDebug':5,'LogTrace':2,'LoggerElapsedNanoseconds':54650,'MemoryAllocatedWithoutCheck':18,'MemoryAllocatedWithoutCheckBytes':96064,'ReadBufferFromS3Bytes':349,'ReadBufferFromS3InitMicroseconds':688,'ReadBufferFromS3Microseconds':695,'S3GetObject':2,'S3HeadObject':2,'S3ReadMicroseconds':913,'S3ReadRequestsCount':5,'S3ReadRequestsErrors':1}	cf815990ed726581f7daa7e3b2195117	lease	527313	{'acquired':0,'steal_allowed':1}
e10bbf9b059b	2026-07-26	2026-07-26 21:37:28	2026-07-26 21:37:28.626475	Finish	ca	ca_soak_ch2	f0f1274d01237dfdeb8efa6c6fd8cee5	Scheduled	0	NotALeader	0	0	0	0	0	0	0	0	0	0	0	527		{'AsyncLoggingFileLogTotalMessages':7,'AsyncLoggingTextLogTotalMessages':7,'CasGcGet':2,'ContextLock':9,'DiskConnectionsPreserved':4,'DiskConnectionsReset':1,'DiskConnectionsReused':5,'DiskS3GetObject':2,'DiskS3HeadObject':2,'DiskS3ReadMicroseconds':913,'DiskS3ReadRequestsCount':5,'DiskS3ReadRequestsErrors':1,'IOBufferAllocBytes':8667,'IOBufferAllocs':2,'LogDebug':5,'LogTrace':2,'LoggerElapsedNanoseconds':54650,'MemoryAllocatedWithoutCheck':18,'MemoryAllocatedWithoutCheckBytes':96064,'ReadBufferFromS3Bytes':349,'ReadBufferFromS3InitMicroseconds':688,'ReadBufferFromS3Microseconds':695,'S3GetObject':2,'S3HeadObject':2,'S3ReadMicroseconds':913,'S3ReadRequestsCount':5,'S3ReadRequestsErrors':1}	cf815990ed726581f7daa7e3b2195117		0	{}
e10bbf9b059b	2026-07-26	2026-07-26 21:37:38	2026-07-26 21:37:38.626541	Start	ca	ca_soak_ch2	f0f1274d01237dfdeb8efa6c6fd8cee5	Scheduled	0	Unknown	0	0	0	0	0	0	0	0	0	0	0	0		{}	cd9771fa96f208cc1b3ea5a07750e570		0	{}
e10bbf9b059b	2026-07-26	2026-07-26 21:37:38	2026-07-26 21:37:38.650949	Phase	ca	ca_soak_ch2	f0f1274d01237dfdeb8efa6c6fd8cee5	Scheduled	0	Unknown	0	0	0	0	0	0	0	0	0	0	0	0		{'CasGcGet':2,'ContextLock':8,'ContextLockWaitMicroseconds':1,'DiskConnectionsPreserved':4,'DiskConnectionsReused':4,'DiskS3GetObject':2,'DiskS3HeadObject':2,'DiskS3ReadMicroseconds':21989,'DiskS3ReadRequestsCount':4,'IOBufferAllocBytes':8667,'IOBufferAllocs':2,'MemoryAllocatedWithoutCheck':8,'MemoryAllocatedWithoutCheckBytes':8704,'ReadBufferFromS3Bytes':349,'ReadBufferFromS3InitMicroseconds':7366,'ReadBufferFromS3Microseconds':7398,'S3GetObject':2,'S3HeadObject':2,'S3ReadMicroseconds':21989,'S3ReadRequestsCount':4}	cd9771fa96f208cc1b3ea5a07750e570	lease	24246	{'acquired':0,'steal_allowed':1}
e10bbf9b059b	2026-07-26	2026-07-26 21:37:38	2026-07-26 21:37:38.651015	Finish	ca	ca_soak_ch2	f0f1274d01237dfdeb8efa6c6fd8cee5	Scheduled	0	NotALeader	0	0	0	0	0	0	0	0	0	0	0	24		{'CasGcGet':2,'ContextLock':9,'ContextLockWaitMicroseconds':2,'DiskConnectionsPreserved':4,'DiskConnectionsReused':4,'DiskS3GetObject':2,'DiskS3HeadObject':2,'DiskS3ReadMicroseconds':21989,'DiskS3ReadRequestsCount':4,'IOBufferAllocBytes':8667,'IOBufferAllocs':2,'MemoryAllocatedWithoutCheck':8,'MemoryAllocatedWithoutCheckBytes':8704,'ReadBufferFromS3Bytes':349,'ReadBufferFromS3InitMicroseconds':7366,'ReadBufferFromS3Microseconds':7398,'S3GetObject':2,'S3HeadObject':2,'S3ReadMicroseconds':21989,'S3ReadRequestsCount':4}	cd9771fa96f208cc1b3ea5a07750e570		0	{}
e10bbf9b059b	2026-07-26	2026-07-26 21:37:48	2026-07-26 21:37:48.662924	Phase	ca	ca_soak_ch2	f0f1274d01237dfdeb8efa6c6fd8cee5	Scheduled	0	Unknown	0	0	0	0	0	0	0	0	0	0	0	0		{'CasGcGet':2,'ContextLock':8,'DiskConnectionsPreserved':4,'DiskConnectionsReused':4,'DiskS3GetObject':2,'DiskS3HeadObject':2,'DiskS3ReadMicroseconds':10244,'DiskS3ReadRequestsCount':4,'IOBufferAllocBytes':8667,'IOBufferAllocs':2,'MemoryAllocatedWithoutCheck':8,'MemoryAllocatedWithoutCheckBytes':8704,'ReadBufferFromS3Bytes':349,'ReadBufferFromS3InitMicroseconds':5636,'ReadBufferFromS3Microseconds':5660,'S3GetObject':2,'S3HeadObject':2,'S3ReadMicroseconds':10244,'S3ReadRequestsCount':4}	ea883b53882a7dfdef4618fc388f9765	lease	11592	{'acquired':0,'steal_allowed':1}
e10bbf9b059b	2026-07-26	2026-07-26 21:37:48	2026-07-26 21:37:48.651282	Start	ca	ca_soak_ch2	f0f1274d01237dfdeb8efa6c6fd8cee5	Scheduled	0	Unknown	0	0	0	0	0	0	0	0	0	0	0	0		{}	ea883b53882a7dfdef4618fc388f9765		0	{}
e10bbf9b059b	2026-07-26	2026-07-26 21:37:48	2026-07-26 21:37:48.662949	Finish	ca	ca_soak_ch2	f0f1274d01237dfdeb8efa6c6fd8cee5	Scheduled	0	NotALeader	0	0	0	0	0	0	0	0	0	0	0	11		{'CasGcGet':2,'ContextLock':9,'DiskConnectionsPreserved':4,'DiskConnectionsReused':4,'DiskS3GetObject':2,'DiskS3HeadObject':2,'DiskS3ReadMicroseconds':10244,'DiskS3ReadRequestsCount':4,'IOBufferAllocBytes':8667,'IOBufferAllocs':2,'MemoryAllocatedWithoutCheck':8,'MemoryAllocatedWithoutCheckBytes':8704,'ReadBufferFromS3Bytes':349,'ReadBufferFromS3InitMicroseconds':5636,'ReadBufferFromS3Microseconds':5660,'S3GetObject':2,'S3HeadObject':2,'S3ReadMicroseconds':10244,'S3ReadRequestsCount':4}	ea883b53882a7dfdef4618fc388f9765		0	{}
e10bbf9b059b	2026-07-26	2026-07-26 21:37:58	2026-07-26 21:37:58.663077	Start	ca	ca_soak_ch2	f0f1274d01237dfdeb8efa6c6fd8cee5	Scheduled	0	Unknown	0	0	0	0	0	0	0	0	0	0	0	0		{}	7fc767a391cbdad34dd64e5e95ab9549		0	{}
e10bbf9b059b	2026-07-26	2026-07-26 21:37:58	2026-07-26 21:37:58.672744	Phase	ca	ca_soak_ch2	f0f1274d01237dfdeb8efa6c6fd8cee5	Scheduled	0	Unknown	0	0	0	0	0	0	0	0	0	0	0	0		{'CasGcGet':2,'ContextLock':8,'DiskConnectionsPreserved':4,'DiskConnectionsReused':4,'DiskS3GetObject':2,'DiskS3HeadObject':2,'DiskS3ReadMicroseconds':7105,'DiskS3ReadRequestsCount':4,'IOBufferAllocBytes':8667,'IOBufferAllocs':2,'MemoryAllocatedWithoutCheck':8,'MemoryAllocatedWithoutCheckBytes':8704,'ReadBufferFromS3Bytes':349,'ReadBufferFromS3InitMicroseconds':5003,'ReadBufferFromS3Microseconds':5049,'S3GetObject':2,'S3HeadObject':2,'S3ReadMicroseconds':7105,'S3ReadRequestsCount':4}	7fc767a391cbdad34dd64e5e95ab9549	lease	9628	{'acquired':0,'steal_allowed':1}
e10bbf9b059b	2026-07-26	2026-07-26 21:37:58	2026-07-26 21:37:58.672755	Finish	ca	ca_soak_ch2	f0f1274d01237dfdeb8efa6c6fd8cee5	Scheduled	0	NotALeader	0	0	0	0	0	0	0	0	0	0	0	9		{'CasGcGet':2,'ContextLock':9,'DiskConnectionsPreserved':4,'DiskConnectionsReused':4,'DiskS3GetObject':2,'DiskS3HeadObject':2,'DiskS3ReadMicroseconds':7105,'DiskS3ReadRequestsCount':4,'IOBufferAllocBytes':8667,'IOBufferAllocs':2,'MemoryAllocatedWithoutCheck':8,'MemoryAllocatedWithoutCheckBytes':8704,'ReadBufferFromS3Bytes':349,'ReadBufferFromS3InitMicroseconds':5003,'ReadBufferFromS3Microseconds':5049,'S3GetObject':2,'S3HeadObject':2,'S3ReadMicroseconds':7105,'S3ReadRequestsCount':4}	7fc767a391cbdad34dd64e5e95ab9549		0	{}
e10bbf9b059b	2026-07-26	2026-07-26 21:38:08	2026-07-26 21:38:08.672862	Start	ca	ca_soak_ch2	f0f1274d01237dfdeb8efa6c6fd8cee5	Scheduled	0	Unknown	0	0	0	0	0	0	0	0	0	0	0	0		{}	ff6f9e482a8241122a9ad9edd784ea7b		0	{}
e10bbf9b059b	2026-07-26	2026-07-26 21:38:08	2026-07-26 21:38:08.930639	Phase	ca	ca_soak_ch2	f0f1274d01237dfdeb8efa6c6fd8cee5	Scheduled	0	Unknown	0	0	0	0	0	0	0	0	0	0	0	0		{'CasGcGet':2,'ContextLock':8,'DiskConnectionsPreserved':4,'DiskConnectionsReused':4,'DiskS3GetObject':2,'DiskS3HeadObject':2,'DiskS3ReadMicroseconds':256993,'DiskS3ReadRequestsCount':4,'IOBufferAllocBytes':8667,'IOBufferAllocs':2,'MemoryAllocatedWithoutCheck':8,'MemoryAllocatedWithoutCheckBytes':8704,'ReadBufferFromS3Bytes':349,'ReadBufferFromS3InitMicroseconds':1144,'ReadBufferFromS3Microseconds':1161,'S3GetObject':2,'S3HeadObject':2,'S3ReadMicroseconds':256993,'S3ReadRequestsCount':4}	ff6f9e482a8241122a9ad9edd784ea7b	lease	257761	{'acquired':0,'steal_allowed':1}
e10bbf9b059b	2026-07-26	2026-07-26 21:38:08	2026-07-26 21:38:08.930648	Finish	ca	ca_soak_ch2	f0f1274d01237dfdeb8efa6c6fd8cee5	Scheduled	0	NotALeader	0	0	0	0	0	0	0	0	0	0	0	257		{'CasGcGet':2,'ContextLock':9,'DiskConnectionsPreserved':4,'DiskConnectionsReused':4,'DiskS3GetObject':2,'DiskS3HeadObject':2,'DiskS3ReadMicroseconds':256993,'DiskS3ReadRequestsCount':4,'IOBufferAllocBytes':8667,'IOBufferAllocs':2,'MemoryAllocatedWithoutCheck':8,'MemoryAllocatedWithoutCheckBytes':8704,'ReadBufferFromS3Bytes':349,'ReadBufferFromS3InitMicroseconds':1144,'ReadBufferFromS3Microseconds':1161,'S3GetObject':2,'S3HeadObject':2,'S3ReadMicroseconds':256993,'S3ReadRequestsCount':4}	ff6f9e482a8241122a9ad9edd784ea7b		0	{}
e10bbf9b059b	2026-07-26	2026-07-26 21:38:18	2026-07-26 21:38:18.930716	Start	ca	ca_soak_ch2	f0f1274d01237dfdeb8efa6c6fd8cee5	Scheduled	0	Unknown	0	0	0	0	0	0	0	0	0	0	0	0		{}	c67424b8e17f8f1bad5e9da65418859b		0	{}
e10bbf9b059b	2026-07-26	2026-07-26 21:38:20	2026-07-26 21:38:20.442082	Phase	ca	ca_soak_ch2	f0f1274d01237dfdeb8efa6c6fd8cee5	Scheduled	0	Unknown	0	0	0	0	0	0	0	0	0	0	0	0		{'AsyncLoggingFileLogTotalMessages':7,'AsyncLoggingTextLogTotalMessages':7,'CasGcGet':2,'ContextLock':8,'DiskConnectionsCreated':1,'DiskConnectionsElapsedMicroseconds':86,'DiskConnectionsPreserved':4,'DiskConnectionsReset':1,'DiskConnectionsReused':4,'DiskS3GetObject':2,'DiskS3HeadObject':2,'DiskS3ReadMicroseconds':984652,'DiskS3ReadRequestsCount':5,'DiskS3ReadRequestsErrors':1,'IOBufferAllocBytes':8667,'IOBufferAllocs':2,'LogDebug':5,'LogTrace':2,'LoggerElapsedNanoseconds':68962,'MemoryAllocatedWithoutCheck':20,'MemoryAllocatedWithoutCheckBytes':98240,'QueryProfilerRuns':1,'ReadBufferFromS3Bytes':349,'ReadBufferFromS3InitMicroseconds':970,'ReadBufferFromS3Microseconds':979,'S3GetObject':2,'S3HeadObject':2,'S3ReadMicroseconds':984652,'S3ReadRequestsCount':5,'S3ReadRequestsErrors':1}	c67424b8e17f8f1bad5e9da65418859b	lease	1511336	{'acquired':0,'steal_allowed':1}
e10bbf9b059b	2026-07-26	2026-07-26 21:38:20	2026-07-26 21:38:20.442108	Finish	ca	ca_soak_ch2	f0f1274d01237dfdeb8efa6c6fd8cee5	Scheduled	0	NotALeader	0	0	0	0	0	0	0	0	0	0	0	1511		{'AsyncLoggingFileLogTotalMessages':7,'AsyncLoggingTextLogTotalMessages':7,'CasGcGet':2,'ContextLock':9,'DiskConnectionsCreated':1,'DiskConnectionsElapsedMicroseconds':86,'DiskConnectionsPreserved':4,'DiskConnectionsReset':1,'DiskConnectionsReused':4,'DiskS3GetObject':2,'DiskS3HeadObject':2,'DiskS3ReadMicroseconds':984652,'DiskS3ReadRequestsCount':5,'DiskS3ReadRequestsErrors':1,'IOBufferAllocBytes':8667,'IOBufferAllocs':2,'LogDebug':5,'LogTrace':2,'LoggerElapsedNanoseconds':68962,'MemoryAllocatedWithoutCheck':20,'MemoryAllocatedWithoutCheckBytes':98240,'QueryProfilerRuns':1,'ReadBufferFromS3Bytes':349,'ReadBufferFromS3InitMicroseconds':970,'ReadBufferFromS3Microseconds':979,'S3GetObject':2,'S3HeadObject':2,'S3ReadMicroseconds':984652,'S3ReadRequestsCount':5,'S3ReadRequestsErrors':1}	c67424b8e17f8f1bad5e9da65418859b		0	{}
e10bbf9b059b	2026-07-26	2026-07-26 21:38:30	2026-07-26 21:38:30.442178	Start	ca	ca_soak_ch2	f0f1274d01237dfdeb8efa6c6fd8cee5	Scheduled	0	Unknown	0	0	0	0	0	0	0	0	0	0	0	0		{}	dfe7e41b2f2ae9765cffbd3d983ba920		0	{}
e10bbf9b059b	2026-07-26	2026-07-26 21:38:30	2026-07-26 21:38:30.450619	Phase	ca	ca_soak_ch2	f0f1274d01237dfdeb8efa6c6fd8cee5	Scheduled	0	Unknown	0	0	0	0	0	0	0	0	0	0	0	0		{'CasGcGet':2,'ContextLock':8,'DiskConnectionsPreserved':4,'DiskConnectionsReused':4,'DiskS3GetObject':2,'DiskS3HeadObject':2,'DiskS3ReadMicroseconds':7965,'DiskS3ReadRequestsCount':4,'IOBufferAllocBytes':8667,'IOBufferAllocs':2,'MemoryAllocatedWithoutCheck':8,'MemoryAllocatedWithoutCheckBytes':8704,'ReadBufferFromS3Bytes':349,'ReadBufferFromS3InitMicroseconds':4214,'ReadBufferFromS3Microseconds':4221,'S3GetObject':2,'S3HeadObject':2,'S3ReadMicroseconds':7965,'S3ReadRequestsCount':4}	dfe7e41b2f2ae9765cffbd3d983ba920	lease	8426	{'acquired':0,'steal_allowed':1}
e10bbf9b059b	2026-07-26	2026-07-26 21:38:30	2026-07-26 21:38:30.450628	Finish	ca	ca_soak_ch2	f0f1274d01237dfdeb8efa6c6fd8cee5	Scheduled	0	NotALeader	0	0	0	0	0	0	0	0	0	0	0	8		{'CasGcGet':2,'ContextLock':9,'DiskConnectionsPreserved':4,'DiskConnectionsReused':4,'DiskS3GetObject':2,'DiskS3HeadObject':2,'DiskS3ReadMicroseconds':7965,'DiskS3ReadRequestsCount':4,'IOBufferAllocBytes':8667,'IOBufferAllocs':2,'MemoryAllocatedWithoutCheck':8,'MemoryAllocatedWithoutCheckBytes':8704,'ReadBufferFromS3Bytes':349,'ReadBufferFromS3InitMicroseconds':4214,'ReadBufferFromS3Microseconds':4221,'S3GetObject':2,'S3HeadObject':2,'S3ReadMicroseconds':7965,'S3ReadRequestsCount':4}	dfe7e41b2f2ae9765cffbd3d983ba920		0	{}
e10bbf9b059b	2026-07-26	2026-07-26 21:38:40	2026-07-26 21:38:40.450709	Start	ca	ca_soak_ch2	f0f1274d01237dfdeb8efa6c6fd8cee5	Scheduled	0	Unknown	0	0	0	0	0	0	0	0	0	0	0	0		{}	80533ac029204afd4ba8c4b32ccc53ce		0	{}
e10bbf9b059b	2026-07-26	2026-07-26 21:38:40	2026-07-26 21:38:40.452240	Phase	ca	ca_soak_ch2	f0f1274d01237dfdeb8efa6c6fd8cee5	Scheduled	0	Unknown	0	0	0	0	0	0	0	0	0	0	0	0		{'CasGcGet':2,'ContextLock':8,'DiskConnectionsPreserved':4,'DiskConnectionsReused':4,'DiskS3GetObject':2,'DiskS3HeadObject':2,'DiskS3ReadMicroseconds':954,'DiskS3ReadRequestsCount':4,'IOBufferAllocBytes':8667,'IOBufferAllocs':2,'MemoryAllocatedWithoutCheck':8,'MemoryAllocatedWithoutCheckBytes':8704,'ReadBufferFromS3Bytes':349,'ReadBufferFromS3InitMicroseconds':662,'ReadBufferFromS3Microseconds':683,'S3GetObject':2,'S3HeadObject':2,'S3ReadMicroseconds':954,'S3ReadRequestsCount':4}	80533ac029204afd4ba8c4b32ccc53ce	lease	1517	{'acquired':0,'steal_allowed':1}
e10bbf9b059b	2026-07-26	2026-07-26 21:38:40	2026-07-26 21:38:40.452248	Finish	ca	ca_soak_ch2	f0f1274d01237dfdeb8efa6c6fd8cee5	Scheduled	0	NotALeader	0	0	0	0	0	0	0	0	0	0	0	1		{'CasGcGet':2,'ContextLock':9,'DiskConnectionsPreserved':4,'DiskConnectionsReused':4,'DiskS3GetObject':2,'DiskS3HeadObject':2,'DiskS3ReadMicroseconds':954,'DiskS3ReadRequestsCount':4,'IOBufferAllocBytes':8667,'IOBufferAllocs':2,'MemoryAllocatedWithoutCheck':8,'MemoryAllocatedWithoutCheckBytes':8704,'ReadBufferFromS3Bytes':349,'ReadBufferFromS3InitMicroseconds':662,'ReadBufferFromS3Microseconds':683,'S3GetObject':2,'S3HeadObject':2,'S3ReadMicroseconds':954,'S3ReadRequestsCount':4}	80533ac029204afd4ba8c4b32ccc53ce		0	{}
e10bbf9b059b	2026-07-26	2026-07-26 21:38:50	2026-07-26 21:38:50.452322	Start	ca	ca_soak_ch2	f0f1274d01237dfdeb8efa6c6fd8cee5	Scheduled	0	Unknown	0	0	0	0	0	0	0	0	0	0	0	0		{}	88fb5a2eb0d04271df9ea57c4f59426c		0	{}
e10bbf9b059b	2026-07-26	2026-07-26 21:38:50	2026-07-26 21:38:50.455011	Phase	ca	ca_soak_ch2	f0f1274d01237dfdeb8efa6c6fd8cee5	Scheduled	0	Unknown	0	0	0	0	0	0	0	0	0	0	0	0		{'CasGcGet':2,'ContextLock':8,'DiskConnectionsPreserved':4,'DiskConnectionsReused':4,'DiskS3GetObject':2,'DiskS3HeadObject':2,'DiskS3ReadMicroseconds':1943,'DiskS3ReadRequestsCount':4,'IOBufferAllocBytes':8667,'IOBufferAllocs':2,'MemoryAllocatedWithoutCheck':8,'MemoryAllocatedWithoutCheckBytes':8704,'ReadBufferFromS3Bytes':349,'ReadBufferFromS3InitMicroseconds':1398,'ReadBufferFromS3Microseconds':1410,'S3GetObject':2,'S3HeadObject':2,'S3ReadMicroseconds':1943,'S3ReadRequestsCount':4}	88fb5a2eb0d04271df9ea57c4f59426c	lease	2647	{'acquired':0,'steal_allowed':1}
e10bbf9b059b	2026-07-26	2026-07-26 21:38:50	2026-07-26 21:38:50.455019	Finish	ca	ca_soak_ch2	f0f1274d01237dfdeb8efa6c6fd8cee5	Scheduled	0	NotALeader	0	0	0	0	0	0	0	0	0	0	0	2		{'CasGcGet':2,'ContextLock':9,'DiskConnectionsPreserved':4,'DiskConnectionsReused':4,'DiskS3GetObject':2,'DiskS3HeadObject':2,'DiskS3ReadMicroseconds':1943,'DiskS3ReadRequestsCount':4,'IOBufferAllocBytes':8667,'IOBufferAllocs':2,'MemoryAllocatedWithoutCheck':8,'MemoryAllocatedWithoutCheckBytes':8704,'ReadBufferFromS3Bytes':349,'ReadBufferFromS3InitMicroseconds':1398,'ReadBufferFromS3Microseconds':1410,'S3GetObject':2,'S3HeadObject':2,'S3ReadMicroseconds':1943,'S3ReadRequestsCount':4}	88fb5a2eb0d04271df9ea57c4f59426c		0	{}
e10bbf9b059b	2026-07-26	2026-07-26 21:39:00	2026-07-26 21:39:00.456499	Finish	ca	ca_soak_ch2	f0f1274d01237dfdeb8efa6c6fd8cee5	Scheduled	0	NotALeader	0	0	0	0	0	0	0	0	0	0	0	1		{'CasGcGet':2,'ContextLock':9,'DiskConnectionsPreserved':4,'DiskConnectionsReused':4,'DiskS3GetObject':2,'DiskS3HeadObject':2,'DiskS3ReadMicroseconds':958,'DiskS3ReadRequestsCount':4,'IOBufferAllocBytes':8667,'IOBufferAllocs':2,'MemoryAllocatedWithoutCheck':8,'MemoryAllocatedWithoutCheckBytes':8704,'ReadBufferFromS3Bytes':349,'ReadBufferFromS3InitMicroseconds':675,'ReadBufferFromS3Microseconds':682,'S3GetObject':2,'S3HeadObject':2,'S3ReadMicroseconds':958,'S3ReadRequestsCount':4}	8be252fe2ebd45d63865802787abe17f		0	{}
e10bbf9b059b	2026-07-26	2026-07-26 21:39:00	2026-07-26 21:39:00.456493	Phase	ca	ca_soak_ch2	f0f1274d01237dfdeb8efa6c6fd8cee5	Scheduled	0	Unknown	0	0	0	0	0	0	0	0	0	0	0	0		{'CasGcGet':2,'ContextLock':8,'DiskConnectionsPreserved':4,'DiskConnectionsReused':4,'DiskS3GetObject':2,'DiskS3HeadObject':2,'DiskS3ReadMicroseconds':958,'DiskS3ReadRequestsCount':4,'IOBufferAllocBytes':8667,'IOBufferAllocs':2,'MemoryAllocatedWithoutCheck':8,'MemoryAllocatedWithoutCheckBytes':8704,'ReadBufferFromS3Bytes':349,'ReadBufferFromS3InitMicroseconds':675,'ReadBufferFromS3Microseconds':682,'S3GetObject':2,'S3HeadObject':2,'S3ReadMicroseconds':958,'S3ReadRequestsCount':4}	8be252fe2ebd45d63865802787abe17f	lease	1365	{'acquired':0,'steal_allowed':1}
e10bbf9b059b	2026-07-26	2026-07-26 21:39:00	2026-07-26 21:39:00.455108	Start	ca	ca_soak_ch2	f0f1274d01237dfdeb8efa6c6fd8cee5	Scheduled	0	Unknown	0	0	0	0	0	0	0	0	0	0	0	0		{}	8be252fe2ebd45d63865802787abe17f		0	{}
e10bbf9b059b	2026-07-26	2026-07-26 21:39:10	2026-07-26 21:39:10.456571	Start	ca	ca_soak_ch2	f0f1274d01237dfdeb8efa6c6fd8cee5	Scheduled	0	Unknown	0	0	0	0	0	0	0	0	0	0	0	0		{}	5e021261c3328ad83a3b5b72c3884d4e		0	{}
e10bbf9b059b	2026-07-26	2026-07-26 21:39:10	2026-07-26 21:39:10.460363	Phase	ca	ca_soak_ch2	f0f1274d01237dfdeb8efa6c6fd8cee5	Scheduled	0	Unknown	0	0	0	0	0	0	0	0	0	0	0	0		{'CasGcGet':2,'ContextLock':8,'DiskConnectionsExpired':109,'DiskConnectionsPreserved':4,'DiskConnectionsReused':4,'DiskS3GetObject':2,'DiskS3HeadObject':2,'DiskS3ReadMicroseconds':1366,'DiskS3ReadRequestsCount':4,'IOBufferAllocBytes':8667,'IOBufferAllocs':2,'MemoryAllocatedWithoutCheck':8,'MemoryAllocatedWithoutCheckBytes':8704,'ReadBufferFromS3Bytes':349,'ReadBufferFromS3InitMicroseconds':1050,'ReadBufferFromS3Microseconds':1064,'S3GetObject':2,'S3HeadObject':2,'S3ReadMicroseconds':1366,'S3ReadRequestsCount':4}	5e021261c3328ad83a3b5b72c3884d4e	lease	3770	{'acquired':0,'steal_allowed':1}
e10bbf9b059b	2026-07-26	2026-07-26 21:39:10	2026-07-26 21:39:10.460372	Finish	ca	ca_soak_ch2	f0f1274d01237dfdeb8efa6c6fd8cee5	Scheduled	0	NotALeader	0	0	0	0	0	0	0	0	0	0	0	3		{'CasGcGet':2,'ContextLock':9,'DiskConnectionsExpired':109,'DiskConnectionsPreserved':4,'DiskConnectionsReused':4,'DiskS3GetObject':2,'DiskS3HeadObject':2,'DiskS3ReadMicroseconds':1366,'DiskS3ReadRequestsCount':4,'IOBufferAllocBytes':8667,'IOBufferAllocs':2,'MemoryAllocatedWithoutCheck':8,'MemoryAllocatedWithoutCheckBytes':8704,'ReadBufferFromS3Bytes':349,'ReadBufferFromS3InitMicroseconds':1050,'ReadBufferFromS3Microseconds':1064,'S3GetObject':2,'S3HeadObject':2,'S3ReadMicroseconds':1366,'S3ReadRequestsCount':4}	5e021261c3328ad83a3b5b72c3884d4e		0	{}
e10bbf9b059b	2026-07-26	2026-07-26 21:39:20	2026-07-26 21:39:20.460468	Start	ca	ca_soak_ch2	f0f1274d01237dfdeb8efa6c6fd8cee5	Scheduled	0	Unknown	0	0	0	0	0	0	0	0	0	0	0	0		{}	1c586fad853e1fab9273c228145627b8		0	{}
e10bbf9b059b	2026-07-26	2026-07-26 21:39:20	2026-07-26 21:39:20.465637	Phase	ca	ca_soak_ch2	f0f1274d01237dfdeb8efa6c6fd8cee5	Scheduled	0	Unknown	0	0	0	0	0	0	0	0	0	0	0	0		{'CasGcGet':2,'ContextLock':8,'DiskConnectionsPreserved':4,'DiskConnectionsReused':4,'DiskS3GetObject':2,'DiskS3HeadObject':2,'DiskS3ReadMicroseconds':3366,'DiskS3ReadRequestsCount':4,'IOBufferAllocBytes':8667,'IOBufferAllocs':2,'MemoryAllocatedWithoutCheck':8,'MemoryAllocatedWithoutCheckBytes':8704,'ReadBufferFromS3Bytes':349,'ReadBufferFromS3InitMicroseconds':2421,'ReadBufferFromS3Microseconds':2452,'S3GetObject':2,'S3HeadObject':2,'S3ReadMicroseconds':3366,'S3ReadRequestsCount':4}	1c586fad853e1fab9273c228145627b8	lease	5114	{'acquired':0,'steal_allowed':1}
e10bbf9b059b	2026-07-26	2026-07-26 21:39:20	2026-07-26 21:39:20.465650	Finish	ca	ca_soak_ch2	f0f1274d01237dfdeb8efa6c6fd8cee5	Scheduled	0	NotALeader	0	0	0	0	0	0	0	0	0	0	0	5		{'CasGcGet':2,'ContextLock':9,'DiskConnectionsPreserved':4,'DiskConnectionsReused':4,'DiskS3GetObject':2,'DiskS3HeadObject':2,'DiskS3ReadMicroseconds':3366,'DiskS3ReadRequestsCount':4,'IOBufferAllocBytes':8667,'IOBufferAllocs':2,'MemoryAllocatedWithoutCheck':8,'MemoryAllocatedWithoutCheckBytes':8704,'ReadBufferFromS3Bytes':349,'ReadBufferFromS3InitMicroseconds':2421,'ReadBufferFromS3Microseconds':2452,'S3GetObject':2,'S3HeadObject':2,'S3ReadMicroseconds':3366,'S3ReadRequestsCount':4}	1c586fad853e1fab9273c228145627b8		0	{}
e10bbf9b059b	2026-07-26	2026-07-26 21:39:30	2026-07-26 21:39:30.465744	Start	ca	ca_soak_ch2	f0f1274d01237dfdeb8efa6c6fd8cee5	Scheduled	0	Unknown	0	0	0	0	0	0	0	0	0	0	0	0		{}	0bf1e012b345550df65550b6ffc4c4dd		0	{}
e10bbf9b059b	2026-07-26	2026-07-26 21:39:30	2026-07-26 21:39:30.466904	Phase	ca	ca_soak_ch2	f0f1274d01237dfdeb8efa6c6fd8cee5	Scheduled	0	Unknown	0	0	0	0	0	0	0	0	0	0	0	0		{'CasGcGet':2,'ContextLock':8,'DiskConnectionsPreserved':4,'DiskConnectionsReused':4,'DiskS3GetObject':2,'DiskS3HeadObject':2,'DiskS3ReadMicroseconds':760,'DiskS3ReadRequestsCount':4,'IOBufferAllocBytes':8667,'IOBufferAllocs':2,'MemoryAllocatedWithoutCheck':8,'MemoryAllocatedWithoutCheckBytes':8704,'ReadBufferFromS3Bytes':349,'ReadBufferFromS3InitMicroseconds':539,'ReadBufferFromS3Microseconds':545,'S3GetObject':2,'S3HeadObject':2,'S3ReadMicroseconds':760,'S3ReadRequestsCount':4}	0bf1e012b345550df65550b6ffc4c4dd	lease	1142	{'acquired':0,'steal_allowed':1}
e10bbf9b059b	2026-07-26	2026-07-26 21:39:30	2026-07-26 21:39:30.466910	Finish	ca	ca_soak_ch2	f0f1274d01237dfdeb8efa6c6fd8cee5	Scheduled	0	NotALeader	0	0	0	0	0	0	0	0	0	0	0	1		{'CasGcGet':2,'ContextLock':9,'DiskConnectionsPreserved':4,'DiskConnectionsReused':4,'DiskS3GetObject':2,'DiskS3HeadObject':2,'DiskS3ReadMicroseconds':760,'DiskS3ReadRequestsCount':4,'IOBufferAllocBytes':8667,'IOBufferAllocs':2,'MemoryAllocatedWithoutCheck':8,'MemoryAllocatedWithoutCheckBytes':8704,'ReadBufferFromS3Bytes':349,'ReadBufferFromS3InitMicroseconds':539,'ReadBufferFromS3Microseconds':545,'S3GetObject':2,'S3HeadObject':2,'S3ReadMicroseconds':760,'S3ReadRequestsCount':4}	0bf1e012b345550df65550b6ffc4c4dd		0	{}
e10bbf9b059b	2026-07-26	2026-07-26 21:39:40	2026-07-26 21:39:40.466991	Start	ca	ca_soak_ch2	f0f1274d01237dfdeb8efa6c6fd8cee5	Scheduled	0	Unknown	0	0	0	0	0	0	0	0	0	0	0	0		{}	eccb6bb5a7f389cfd21d81fba9a266ea		0	{}
e10bbf9b059b	2026-07-26	2026-07-26 21:39:40	2026-07-26 21:39:40.471206	Phase	ca	ca_soak_ch2	f0f1274d01237dfdeb8efa6c6fd8cee5	Scheduled	0	Unknown	0	0	0	0	0	0	0	0	0	0	0	0		{'CasGcGet':2,'ContextLock':8,'DiskConnectionsPreserved':4,'DiskConnectionsReused':4,'DiskS3GetObject':2,'DiskS3HeadObject':2,'DiskS3ReadMicroseconds':2869,'DiskS3ReadRequestsCount':4,'IOBufferAllocBytes':8667,'IOBufferAllocs':2,'MemoryAllocatedWithoutCheck':8,'MemoryAllocatedWithoutCheckBytes':8704,'ReadBufferFromS3Bytes':349,'ReadBufferFromS3InitMicroseconds':1603,'ReadBufferFromS3Microseconds':1619,'S3GetObject':2,'S3HeadObject':2,'S3ReadMicroseconds':2869,'S3ReadRequestsCount':4}	eccb6bb5a7f389cfd21d81fba9a266ea	lease	4184	{'acquired':0,'steal_allowed':1}
e10bbf9b059b	2026-07-26	2026-07-26 21:39:40	2026-07-26 21:39:40.471213	Finish	ca	ca_soak_ch2	f0f1274d01237dfdeb8efa6c6fd8cee5	Scheduled	0	NotALeader	0	0	0	0	0	0	0	0	0	0	0	4		{'CasGcGet':2,'ContextLock':9,'DiskConnectionsPreserved':4,'DiskConnectionsReused':4,'DiskS3GetObject':2,'DiskS3HeadObject':2,'DiskS3ReadMicroseconds':2869,'DiskS3ReadRequestsCount':4,'IOBufferAllocBytes':8667,'IOBufferAllocs':2,'MemoryAllocatedWithoutCheck':8,'MemoryAllocatedWithoutCheckBytes':8704,'ReadBufferFromS3Bytes':349,'ReadBufferFromS3InitMicroseconds':1603,'ReadBufferFromS3Microseconds':1619,'S3GetObject':2,'S3HeadObject':2,'S3ReadMicroseconds':2869,'S3ReadRequestsCount':4}	eccb6bb5a7f389cfd21d81fba9a266ea		0	{}
e10bbf9b059b	2026-07-26	2026-07-26 21:39:50	2026-07-26 21:39:50.471292	Start	ca	ca_soak_ch2	f0f1274d01237dfdeb8efa6c6fd8cee5	Scheduled	0	Unknown	0	0	0	0	0	0	0	0	0	0	0	0		{}	5e08c3b792d7889a246480ad6d2f1146		0	{}
e10bbf9b059b	2026-07-26	2026-07-26 21:39:50	2026-07-26 21:39:50.472760	Phase	ca	ca_soak_ch2	f0f1274d01237dfdeb8efa6c6fd8cee5	Scheduled	0	Unknown	0	0	0	0	0	0	0	0	0	0	0	0		{'CasGcGet':2,'ContextLock':8,'DiskConnectionsPreserved':4,'DiskConnectionsReused':4,'DiskS3GetObject':2,'DiskS3HeadObject':2,'DiskS3ReadMicroseconds':902,'DiskS3ReadRequestsCount':4,'IOBufferAllocBytes':8667,'IOBufferAllocs':2,'MemoryAllocatedWithoutCheck':8,'MemoryAllocatedWithoutCheckBytes':8704,'ReadBufferFromS3Bytes':349,'ReadBufferFromS3InitMicroseconds':693,'ReadBufferFromS3Microseconds':707,'S3GetObject':2,'S3HeadObject':2,'S3ReadMicroseconds':902,'S3ReadRequestsCount':4}	5e08c3b792d7889a246480ad6d2f1146	lease	1442	{'acquired':0,'steal_allowed':1}
e10bbf9b059b	2026-07-26	2026-07-26 21:39:50	2026-07-26 21:39:50.472766	Finish	ca	ca_soak_ch2	f0f1274d01237dfdeb8efa6c6fd8cee5	Scheduled	0	NotALeader	0	0	0	0	0	0	0	0	0	0	0	1		{'CasGcGet':2,'ContextLock':9,'DiskConnectionsPreserved':4,'DiskConnectionsReused':4,'DiskS3GetObject':2,'DiskS3HeadObject':2,'DiskS3ReadMicroseconds':902,'DiskS3ReadRequestsCount':4,'IOBufferAllocBytes':8667,'IOBufferAllocs':2,'MemoryAllocatedWithoutCheck':8,'MemoryAllocatedWithoutCheckBytes':8704,'ReadBufferFromS3Bytes':349,'ReadBufferFromS3InitMicroseconds':693,'ReadBufferFromS3Microseconds':707,'S3GetObject':2,'S3HeadObject':2,'S3ReadMicroseconds':902,'S3ReadRequestsCount':4}	5e08c3b792d7889a246480ad6d2f1146		0	{}
e10bbf9b059b	2026-07-26	2026-07-26 21:40:00	2026-07-26 21:40:00.472839	Start	ca	ca_soak_ch2	f0f1274d01237dfdeb8efa6c6fd8cee5	Scheduled	0	Unknown	0	0	0	0	0	0	0	0	0	0	0	0		{}	7542b1f5e1d4556d3a0df00eaeade46d		0	{}
e10bbf9b059b	2026-07-26	2026-07-26 21:40:00	2026-07-26 21:40:00.474674	Phase	ca	ca_soak_ch2	f0f1274d01237dfdeb8efa6c6fd8cee5	Scheduled	0	Unknown	0	0	0	0	0	0	0	0	0	0	0	0		{'CasGcGet':2,'ContextLock':8,'DiskConnectionsPreserved':4,'DiskConnectionsReused':4,'DiskS3GetObject':2,'DiskS3HeadObject':2,'DiskS3ReadMicroseconds':1253,'DiskS3ReadRequestsCount':4,'IOBufferAllocBytes':8667,'IOBufferAllocs':2,'MemoryAllocatedWithoutCheck':8,'MemoryAllocatedWithoutCheckBytes':8704,'ReadBufferFromS3Bytes':349,'ReadBufferFromS3InitMicroseconds':771,'ReadBufferFromS3Microseconds':782,'S3GetObject':2,'S3HeadObject':2,'S3ReadMicroseconds':1253,'S3ReadRequestsCount':4}	7542b1f5e1d4556d3a0df00eaeade46d	lease	1818	{'acquired':0,'steal_allowed':1}
e10bbf9b059b	2026-07-26	2026-07-26 21:40:00	2026-07-26 21:40:00.474679	Finish	ca	ca_soak_ch2	f0f1274d01237dfdeb8efa6c6fd8cee5	Scheduled	0	NotALeader	0	0	0	0	0	0	0	0	0	0	0	1		{'CasGcGet':2,'ContextLock':9,'DiskConnectionsPreserved':4,'DiskConnectionsReused':4,'DiskS3GetObject':2,'DiskS3HeadObject':2,'DiskS3ReadMicroseconds':1253,'DiskS3ReadRequestsCount':4,'IOBufferAllocBytes':8667,'IOBufferAllocs':2,'MemoryAllocatedWithoutCheck':8,'MemoryAllocatedWithoutCheckBytes':8704,'ReadBufferFromS3Bytes':349,'ReadBufferFromS3InitMicroseconds':771,'ReadBufferFromS3Microseconds':782,'S3GetObject':2,'S3HeadObject':2,'S3ReadMicroseconds':1253,'S3ReadRequestsCount':4}	7542b1f5e1d4556d3a0df00eaeade46d		0	{}
e10bbf9b059b	2026-07-26	2026-07-26 21:40:10	2026-07-26 21:40:10.474752	Start	ca	ca_soak_ch2	f0f1274d01237dfdeb8efa6c6fd8cee5	Scheduled	0	Unknown	0	0	0	0	0	0	0	0	0	0	0	0		{}	1395cf954bda54e9a1d10553c194df28		0	{}
e10bbf9b059b	2026-07-26	2026-07-26 21:40:10	2026-07-26 21:40:10.475944	Phase	ca	ca_soak_ch2	f0f1274d01237dfdeb8efa6c6fd8cee5	Scheduled	0	Unknown	0	0	0	0	0	0	0	0	0	0	0	0		{'CasGcGet':2,'ContextLock':8,'DiskConnectionsPreserved':4,'DiskConnectionsReused':4,'DiskS3GetObject':2,'DiskS3HeadObject':2,'DiskS3ReadMicroseconds':711,'DiskS3ReadRequestsCount':4,'IOBufferAllocBytes':8667,'IOBufferAllocs':2,'MemoryAllocatedWithoutCheck':8,'MemoryAllocatedWithoutCheckBytes':8704,'ReadBufferFromS3Bytes':349,'ReadBufferFromS3InitMicroseconds':514,'ReadBufferFromS3Microseconds':519,'S3GetObject':2,'S3HeadObject':2,'S3ReadMicroseconds':711,'S3ReadRequestsCount':4}	1395cf954bda54e9a1d10553c194df28	lease	1175	{'acquired':0,'steal_allowed':1}
e10bbf9b059b	2026-07-26	2026-07-26 21:40:10	2026-07-26 21:40:10.475952	Finish	ca	ca_soak_ch2	f0f1274d01237dfdeb8efa6c6fd8cee5	Scheduled	0	NotALeader	0	0	0	0	0	0	0	0	0	0	0	1		{'CasGcGet':2,'ContextLock':9,'DiskConnectionsPreserved':4,'DiskConnectionsReused':4,'DiskS3GetObject':2,'DiskS3HeadObject':2,'DiskS3ReadMicroseconds':711,'DiskS3ReadRequestsCount':4,'IOBufferAllocBytes':8667,'IOBufferAllocs':2,'MemoryAllocatedWithoutCheck':8,'MemoryAllocatedWithoutCheckBytes':8704,'ReadBufferFromS3Bytes':349,'ReadBufferFromS3InitMicroseconds':514,'ReadBufferFromS3Microseconds':519,'S3GetObject':2,'S3HeadObject':2,'S3ReadMicroseconds':711,'S3ReadRequestsCount':4}	1395cf954bda54e9a1d10553c194df28		0	{}
e10bbf9b059b	2026-07-26	2026-07-26 21:40:20	2026-07-26 21:40:20.477244	Finish	ca	ca_soak_ch2	f0f1274d01237dfdeb8efa6c6fd8cee5	Scheduled	0	NotALeader	0	0	0	0	0	0	0	0	0	0	0	1		{'CasGcGet':2,'ContextLock':9,'DiskConnectionsPreserved':4,'DiskConnectionsReused':4,'DiskS3GetObject':2,'DiskS3HeadObject':2,'DiskS3ReadMicroseconds':792,'DiskS3ReadRequestsCount':4,'IOBufferAllocBytes':8667,'IOBufferAllocs':2,'MemoryAllocatedWithoutCheck':8,'MemoryAllocatedWithoutCheckBytes':8704,'ReadBufferFromS3Bytes':349,'ReadBufferFromS3InitMicroseconds':577,'ReadBufferFromS3Microseconds':583,'S3GetObject':2,'S3HeadObject':2,'S3ReadMicroseconds':792,'S3ReadRequestsCount':4}	5c0f616baab24a231b9ef9fb114b4a36		0	{}
e10bbf9b059b	2026-07-26	2026-07-26 21:40:20	2026-07-26 21:40:20.477237	Phase	ca	ca_soak_ch2	f0f1274d01237dfdeb8efa6c6fd8cee5	Scheduled	0	Unknown	0	0	0	0	0	0	0	0	0	0	0	0		{'CasGcGet':2,'ContextLock':8,'DiskConnectionsPreserved':4,'DiskConnectionsReused':4,'DiskS3GetObject':2,'DiskS3HeadObject':2,'DiskS3ReadMicroseconds':792,'DiskS3ReadRequestsCount':4,'IOBufferAllocBytes':8667,'IOBufferAllocs':2,'MemoryAllocatedWithoutCheck':8,'MemoryAllocatedWithoutCheckBytes':8704,'ReadBufferFromS3Bytes':349,'ReadBufferFromS3InitMicroseconds':577,'ReadBufferFromS3Microseconds':583,'S3GetObject':2,'S3HeadObject':2,'S3ReadMicroseconds':792,'S3ReadRequestsCount':4}	5c0f616baab24a231b9ef9fb114b4a36	lease	1197	{'acquired':0,'steal_allowed':1}
e10bbf9b059b	2026-07-26	2026-07-26 21:40:20	2026-07-26 21:40:20.476025	Start	ca	ca_soak_ch2	f0f1274d01237dfdeb8efa6c6fd8cee5	Scheduled	0	Unknown	0	0	0	0	0	0	0	0	0	0	0	0		{}	5c0f616baab24a231b9ef9fb114b4a36		0	{}
e10bbf9b059b	2026-07-26	2026-07-26 21:40:30	2026-07-26 21:40:30.477318	Start	ca	ca_soak_ch2	f0f1274d01237dfdeb8efa6c6fd8cee5	Scheduled	0	Unknown	0	0	0	0	0	0	0	0	0	0	0	0		{}	1e700497ad5b2fdf0712f6e5f65e999d		0	{}
e10bbf9b059b	2026-07-26	2026-07-26 21:40:30	2026-07-26 21:40:30.478400	Phase	ca	ca_soak_ch2	f0f1274d01237dfdeb8efa6c6fd8cee5	Scheduled	0	Unknown	0	0	0	0	0	0	0	0	0	0	0	0		{'CasGcGet':2,'ContextLock':8,'DiskConnectionsPreserved':4,'DiskConnectionsReused':4,'DiskS3GetObject':2,'DiskS3HeadObject':2,'DiskS3ReadMicroseconds':688,'DiskS3ReadRequestsCount':4,'IOBufferAllocBytes':8667,'IOBufferAllocs':2,'MemoryAllocatedWithoutCheck':8,'MemoryAllocatedWithoutCheckBytes':8704,'ReadBufferFromS3Bytes':349,'ReadBufferFromS3InitMicroseconds':495,'ReadBufferFromS3Microseconds':502,'S3GetObject':2,'S3HeadObject':2,'S3ReadMicroseconds':688,'S3ReadRequestsCount':4}	1e700497ad5b2fdf0712f6e5f65e999d	lease	1070	{'acquired':0,'steal_allowed':1}
e10bbf9b059b	2026-07-26	2026-07-26 21:40:30	2026-07-26 21:40:30.478406	Finish	ca	ca_soak_ch2	f0f1274d01237dfdeb8efa6c6fd8cee5	Scheduled	0	NotALeader	0	0	0	0	0	0	0	0	0	0	0	1		{'CasGcGet':2,'ContextLock':9,'DiskConnectionsPreserved':4,'DiskConnectionsReused':4,'DiskS3GetObject':2,'DiskS3HeadObject':2,'DiskS3ReadMicroseconds':688,'DiskS3ReadRequestsCount':4,'IOBufferAllocBytes':8667,'IOBufferAllocs':2,'MemoryAllocatedWithoutCheck':8,'MemoryAllocatedWithoutCheckBytes':8704,'ReadBufferFromS3Bytes':349,'ReadBufferFromS3InitMicroseconds':495,'ReadBufferFromS3Microseconds':502,'S3GetObject':2,'S3HeadObject':2,'S3ReadMicroseconds':688,'S3ReadRequestsCount':4}	1e700497ad5b2fdf0712f6e5f65e999d		0	{}
e10bbf9b059b	2026-07-26	2026-07-26 21:40:40	2026-07-26 21:40:40.478476	Start	ca	ca_soak_ch2	f0f1274d01237dfdeb8efa6c6fd8cee5	Scheduled	0	Unknown	0	0	0	0	0	0	0	0	0	0	0	0		{}	cd0ef2764ecb5868fbd3d2d9a1d3cc93		0	{}
e10bbf9b059b	2026-07-26	2026-07-26 21:40:40	2026-07-26 21:40:40.479925	Phase	ca	ca_soak_ch2	f0f1274d01237dfdeb8efa6c6fd8cee5	Scheduled	0	Unknown	0	0	0	0	0	0	0	0	0	0	0	0		{'CasGcGet':2,'ContextLock':8,'DiskConnectionsPreserved':4,'DiskConnectionsReused':4,'DiskS3GetObject':2,'DiskS3HeadObject':2,'DiskS3ReadMicroseconds':862,'DiskS3ReadRequestsCount':4,'IOBufferAllocBytes':8667,'IOBufferAllocs':2,'MemoryAllocatedWithoutCheck':8,'MemoryAllocatedWithoutCheckBytes':8704,'ReadBufferFromS3Bytes':349,'ReadBufferFromS3InitMicroseconds':682,'ReadBufferFromS3Microseconds':687,'S3GetObject':2,'S3HeadObject':2,'S3ReadMicroseconds':862,'S3ReadRequestsCount':4}	cd0ef2764ecb5868fbd3d2d9a1d3cc93	lease	1428	{'acquired':0,'steal_allowed':1}
e10bbf9b059b	2026-07-26	2026-07-26 21:40:40	2026-07-26 21:40:40.479942	Finish	ca	ca_soak_ch2	f0f1274d01237dfdeb8efa6c6fd8cee5	Scheduled	0	NotALeader	0	0	0	0	0	0	0	0	0	0	0	1		{'CasGcGet':2,'ContextLock':9,'DiskConnectionsPreserved':4,'DiskConnectionsReused':4,'DiskS3GetObject':2,'DiskS3HeadObject':2,'DiskS3ReadMicroseconds':862,'DiskS3ReadRequestsCount':4,'IOBufferAllocBytes':8667,'IOBufferAllocs':2,'MemoryAllocatedWithoutCheck':8,'MemoryAllocatedWithoutCheckBytes':8704,'ReadBufferFromS3Bytes':349,'ReadBufferFromS3InitMicroseconds':682,'ReadBufferFromS3Microseconds':687,'S3GetObject':2,'S3HeadObject':2,'S3ReadMicroseconds':862,'S3ReadRequestsCount':4}	cd0ef2764ecb5868fbd3d2d9a1d3cc93		0	{}
e10bbf9b059b	2026-07-26	2026-07-26 21:40:50	2026-07-26 21:40:50.480012	Start	ca	ca_soak_ch2	f0f1274d01237dfdeb8efa6c6fd8cee5	Scheduled	0	Unknown	0	0	0	0	0	0	0	0	0	0	0	0		{}	bae3fb9dff5ee7f1732a71c9f9094b66		0	{}
e10bbf9b059b	2026-07-26	2026-07-26 21:40:50	2026-07-26 21:40:50.481628	Phase	ca	ca_soak_ch2	f0f1274d01237dfdeb8efa6c6fd8cee5	Scheduled	0	Unknown	0	0	0	0	0	0	0	0	0	0	0	0		{'CasGcGet':2,'ContextLock':8,'DiskConnectionsPreserved':4,'DiskConnectionsReused':4,'DiskS3GetObject':2,'DiskS3HeadObject':2,'DiskS3ReadMicroseconds':1004,'DiskS3ReadRequestsCount':4,'IOBufferAllocBytes':8667,'IOBufferAllocs':2,'MemoryAllocatedWithoutCheck':8,'MemoryAllocatedWithoutCheckBytes':8704,'ReadBufferFromS3Bytes':349,'ReadBufferFromS3InitMicroseconds':739,'ReadBufferFromS3Microseconds':746,'S3GetObject':2,'S3HeadObject':2,'S3ReadMicroseconds':1004,'S3ReadRequestsCount':4}	bae3fb9dff5ee7f1732a71c9f9094b66	lease	1596	{'acquired':0,'steal_allowed':1}
e10bbf9b059b	2026-07-26	2026-07-26 21:40:50	2026-07-26 21:40:50.481637	Finish	ca	ca_soak_ch2	f0f1274d01237dfdeb8efa6c6fd8cee5	Scheduled	0	NotALeader	0	0	0	0	0	0	0	0	0	0	0	1		{'CasGcGet':2,'ContextLock':9,'DiskConnectionsPreserved':4,'DiskConnectionsReused':4,'DiskS3GetObject':2,'DiskS3HeadObject':2,'DiskS3ReadMicroseconds':1004,'DiskS3ReadRequestsCount':4,'IOBufferAllocBytes':8667,'IOBufferAllocs':2,'MemoryAllocatedWithoutCheck':8,'MemoryAllocatedWithoutCheckBytes':8704,'ReadBufferFromS3Bytes':349,'ReadBufferFromS3InitMicroseconds':739,'ReadBufferFromS3Microseconds':746,'S3GetObject':2,'S3HeadObject':2,'S3ReadMicroseconds':1004,'S3ReadRequestsCount':4}	bae3fb9dff5ee7f1732a71c9f9094b66		0	{}
e10bbf9b059b	2026-07-26	2026-07-26 21:41:00	2026-07-26 21:41:00.481713	Start	ca	ca_soak_ch2	f0f1274d01237dfdeb8efa6c6fd8cee5	Scheduled	0	Unknown	0	0	0	0	0	0	0	0	0	0	0	0		{}	80f052cbdc9bc2bf21b0e2250e68e7bd		0	{}
e10bbf9b059b	2026-07-26	2026-07-26 21:41:00	2026-07-26 21:41:00.483011	Phase	ca	ca_soak_ch2	f0f1274d01237dfdeb8efa6c6fd8cee5	Scheduled	0	Unknown	0	0	0	0	0	0	0	0	0	0	0	0		{'CasGcGet':2,'ContextLock':8,'DiskConnectionsPreserved':4,'DiskConnectionsReused':4,'DiskS3GetObject':2,'DiskS3HeadObject':2,'DiskS3ReadMicroseconds':888,'DiskS3ReadRequestsCount':4,'IOBufferAllocBytes':8667,'IOBufferAllocs':2,'MemoryAllocatedWithoutCheck':8,'MemoryAllocatedWithoutCheckBytes':8704,'ReadBufferFromS3Bytes':349,'ReadBufferFromS3InitMicroseconds':572,'ReadBufferFromS3Microseconds':577,'S3GetObject':2,'S3HeadObject':2,'S3ReadMicroseconds':888,'S3ReadRequestsCount':4}	80f052cbdc9bc2bf21b0e2250e68e7bd	lease	1282	{'acquired':0,'steal_allowed':1}
e10bbf9b059b	2026-07-26	2026-07-26 21:41:00	2026-07-26 21:41:00.483018	Finish	ca	ca_soak_ch2	f0f1274d01237dfdeb8efa6c6fd8cee5	Scheduled	0	NotALeader	0	0	0	0	0	0	0	0	0	0	0	1		{'CasGcGet':2,'ContextLock':9,'DiskConnectionsPreserved':4,'DiskConnectionsReused':4,'DiskS3GetObject':2,'DiskS3HeadObject':2,'DiskS3ReadMicroseconds':888,'DiskS3ReadRequestsCount':4,'IOBufferAllocBytes':8667,'IOBufferAllocs':2,'MemoryAllocatedWithoutCheck':8,'MemoryAllocatedWithoutCheckBytes':8704,'ReadBufferFromS3Bytes':349,'ReadBufferFromS3InitMicroseconds':572,'ReadBufferFromS3Microseconds':577,'S3GetObject':2,'S3HeadObject':2,'S3ReadMicroseconds':888,'S3ReadRequestsCount':4}	80f052cbdc9bc2bf21b0e2250e68e7bd		0	{}
e10bbf9b059b	2026-07-26	2026-07-26 21:41:10	2026-07-26 21:41:10.483057	Start	ca	ca_soak_ch2	f0f1274d01237dfdeb8efa6c6fd8cee5	Scheduled	0	Unknown	0	0	0	0	0	0	0	0	0	0	0	0		{}	f23af78dca6d579e561f2e7ae8196b83		0	{}
e10bbf9b059b	2026-07-26	2026-07-26 21:41:10	2026-07-26 21:41:10.484912	Phase	ca	ca_soak_ch2	f0f1274d01237dfdeb8efa6c6fd8cee5	Scheduled	0	Unknown	0	0	0	0	0	0	0	0	0	0	0	0		{'CasGcGet':2,'ContextLock':8,'DiskConnectionsPreserved':4,'DiskConnectionsReused':4,'DiskS3GetObject':2,'DiskS3HeadObject':2,'DiskS3ReadMicroseconds':1211,'DiskS3ReadRequestsCount':4,'IOBufferAllocBytes':8667,'IOBufferAllocs':2,'MemoryAllocatedWithoutCheck':8,'MemoryAllocatedWithoutCheckBytes':8704,'ReadBufferFromS3Bytes':349,'ReadBufferFromS3InitMicroseconds':861,'ReadBufferFromS3Microseconds':871,'S3GetObject':2,'S3HeadObject':2,'S3ReadMicroseconds':1211,'S3ReadRequestsCount':4}	f23af78dca6d579e561f2e7ae8196b83	lease	1839	{'acquired':0,'steal_allowed':1}
e10bbf9b059b	2026-07-26	2026-07-26 21:41:10	2026-07-26 21:41:10.484918	Finish	ca	ca_soak_ch2	f0f1274d01237dfdeb8efa6c6fd8cee5	Scheduled	0	NotALeader	0	0	0	0	0	0	0	0	0	0	0	1		{'CasGcGet':2,'ContextLock':9,'DiskConnectionsPreserved':4,'DiskConnectionsReused':4,'DiskS3GetObject':2,'DiskS3HeadObject':2,'DiskS3ReadMicroseconds':1211,'DiskS3ReadRequestsCount':4,'IOBufferAllocBytes':8667,'IOBufferAllocs':2,'MemoryAllocatedWithoutCheck':8,'MemoryAllocatedWithoutCheckBytes':8704,'ReadBufferFromS3Bytes':349,'ReadBufferFromS3InitMicroseconds':861,'ReadBufferFromS3Microseconds':871,'S3GetObject':2,'S3HeadObject':2,'S3ReadMicroseconds':1211,'S3ReadRequestsCount':4}	f23af78dca6d579e561f2e7ae8196b83		0	{}
e10bbf9b059b	2026-07-26	2026-07-26 21:41:20	2026-07-26 21:41:20.484991	Start	ca	ca_soak_ch2	f0f1274d01237dfdeb8efa6c6fd8cee5	Scheduled	0	Unknown	0	0	0	0	0	0	0	0	0	0	0	0		{}	fe133b32415393674f32e8b524c5b10d		0	{}
e10bbf9b059b	2026-07-26	2026-07-26 21:41:20	2026-07-26 21:41:20.486789	Phase	ca	ca_soak_ch2	f0f1274d01237dfdeb8efa6c6fd8cee5	Scheduled	0	Unknown	0	0	0	0	0	0	0	0	0	0	0	0		{'CasGcGet':2,'ContextLock':8,'DiskConnectionsPreserved':4,'DiskConnectionsReused':4,'DiskS3GetObject':2,'DiskS3HeadObject':2,'DiskS3ReadMicroseconds':1264,'DiskS3ReadRequestsCount':4,'IOBufferAllocBytes':8667,'IOBufferAllocs':2,'MemoryAllocatedWithoutCheck':8,'MemoryAllocatedWithoutCheckBytes':8704,'ReadBufferFromS3Bytes':349,'ReadBufferFromS3InitMicroseconds':765,'ReadBufferFromS3Microseconds':773,'S3GetObject':2,'S3HeadObject':2,'S3ReadMicroseconds':1264,'S3ReadRequestsCount':4}	fe133b32415393674f32e8b524c5b10d	lease	1782	{'acquired':0,'steal_allowed':1}
e10bbf9b059b	2026-07-26	2026-07-26 21:41:20	2026-07-26 21:41:20.486796	Finish	ca	ca_soak_ch2	f0f1274d01237dfdeb8efa6c6fd8cee5	Scheduled	0	NotALeader	0	0	0	0	0	0	0	0	0	0	0	1		{'CasGcGet':2,'ContextLock':9,'DiskConnectionsPreserved':4,'DiskConnectionsReused':4,'DiskS3GetObject':2,'DiskS3HeadObject':2,'DiskS3ReadMicroseconds':1264,'DiskS3ReadRequestsCount':4,'IOBufferAllocBytes':8667,'IOBufferAllocs':2,'MemoryAllocatedWithoutCheck':8,'MemoryAllocatedWithoutCheckBytes':8704,'ReadBufferFromS3Bytes':349,'ReadBufferFromS3InitMicroseconds':765,'ReadBufferFromS3Microseconds':773,'S3GetObject':2,'S3HeadObject':2,'S3ReadMicroseconds':1264,'S3ReadRequestsCount':4}	fe133b32415393674f32e8b524c5b10d		0	{}
e10bbf9b059b	2026-07-26	2026-07-26 21:41:30	2026-07-26 21:41:30.486874	Start	ca	ca_soak_ch2	f0f1274d01237dfdeb8efa6c6fd8cee5	Scheduled	0	Unknown	0	0	0	0	0	0	0	0	0	0	0	0		{}	455ef5f879fd4468805894cb310208ff		0	{}
e10bbf9b059b	2026-07-26	2026-07-26 21:41:30	2026-07-26 21:41:30.492801	Phase	ca	ca_soak_ch2	f0f1274d01237dfdeb8efa6c6fd8cee5	Scheduled	0	Unknown	0	0	0	0	0	0	0	0	0	0	0	0		{'CasGcGet':2,'ContextLock':8,'DiskConnectionsPreserved':4,'DiskConnectionsReused':4,'DiskS3GetObject':2,'DiskS3HeadObject':2,'DiskS3ReadMicroseconds':5172,'DiskS3ReadRequestsCount':4,'IOBufferAllocBytes':8667,'IOBufferAllocs':2,'MemoryAllocatedWithoutCheck':8,'MemoryAllocatedWithoutCheckBytes':8704,'ReadBufferFromS3Bytes':349,'ReadBufferFromS3InitMicroseconds':3031,'ReadBufferFromS3Microseconds':3041,'S3GetObject':2,'S3HeadObject':2,'S3ReadMicroseconds':5172,'S3ReadRequestsCount':4}	455ef5f879fd4468805894cb310208ff	lease	5895	{'acquired':0,'steal_allowed':1}
e10bbf9b059b	2026-07-26	2026-07-26 21:41:30	2026-07-26 21:41:30.492818	Finish	ca	ca_soak_ch2	f0f1274d01237dfdeb8efa6c6fd8cee5	Scheduled	0	NotALeader	0	0	0	0	0	0	0	0	0	0	0	5		{'CasGcGet':2,'ContextLock':9,'DiskConnectionsPreserved':4,'DiskConnectionsReused':4,'DiskS3GetObject':2,'DiskS3HeadObject':2,'DiskS3ReadMicroseconds':5172,'DiskS3ReadRequestsCount':4,'IOBufferAllocBytes':8667,'IOBufferAllocs':2,'MemoryAllocatedWithoutCheck':8,'MemoryAllocatedWithoutCheckBytes':8704,'ReadBufferFromS3Bytes':349,'ReadBufferFromS3InitMicroseconds':3031,'ReadBufferFromS3Microseconds':3041,'S3GetObject':2,'S3HeadObject':2,'S3ReadMicroseconds':5172,'S3ReadRequestsCount':4}	455ef5f879fd4468805894cb310208ff		0	{}
e10bbf9b059b	2026-07-26	2026-07-26 21:41:40	2026-07-26 21:41:40.492897	Start	ca	ca_soak_ch2	f0f1274d01237dfdeb8efa6c6fd8cee5	Scheduled	0	Unknown	0	0	0	0	0	0	0	0	0	0	0	0		{}	2e8bdae1f4b4635bb5d04791f7cc6ec3		0	{}
e10bbf9b059b	2026-07-26	2026-07-26 21:41:40	2026-07-26 21:41:40.494096	Phase	ca	ca_soak_ch2	f0f1274d01237dfdeb8efa6c6fd8cee5	Scheduled	0	Unknown	0	0	0	0	0	0	0	0	0	0	0	0		{'CasGcGet':2,'ContextLock':8,'DiskConnectionsPreserved':4,'DiskConnectionsReused':4,'DiskS3GetObject':2,'DiskS3HeadObject':2,'DiskS3ReadMicroseconds':789,'DiskS3ReadRequestsCount':4,'IOBufferAllocBytes':8667,'IOBufferAllocs':2,'MemoryAllocatedWithoutCheck':8,'MemoryAllocatedWithoutCheckBytes':8704,'ReadBufferFromS3Bytes':349,'ReadBufferFromS3InitMicroseconds':502,'ReadBufferFromS3Microseconds':507,'S3GetObject':2,'S3HeadObject':2,'S3ReadMicroseconds':789,'S3ReadRequestsCount':4}	2e8bdae1f4b4635bb5d04791f7cc6ec3	lease	1186	{'acquired':0,'steal_allowed':1}
e10bbf9b059b	2026-07-26	2026-07-26 21:41:40	2026-07-26 21:41:40.494103	Finish	ca	ca_soak_ch2	f0f1274d01237dfdeb8efa6c6fd8cee5	Scheduled	0	NotALeader	0	0	0	0	0	0	0	0	0	0	0	1		{'CasGcGet':2,'ContextLock':9,'DiskConnectionsPreserved':4,'DiskConnectionsReused':4,'DiskS3GetObject':2,'DiskS3HeadObject':2,'DiskS3ReadMicroseconds':789,'DiskS3ReadRequestsCount':4,'IOBufferAllocBytes':8667,'IOBufferAllocs':2,'MemoryAllocatedWithoutCheck':8,'MemoryAllocatedWithoutCheckBytes':8704,'ReadBufferFromS3Bytes':349,'ReadBufferFromS3InitMicroseconds':502,'ReadBufferFromS3Microseconds':507,'S3GetObject':2,'S3HeadObject':2,'S3ReadMicroseconds':789,'S3ReadRequestsCount':4}	2e8bdae1f4b4635bb5d04791f7cc6ec3		0	{}
e10bbf9b059b	2026-07-26	2026-07-26 21:41:50	2026-07-26 21:41:50.494162	Start	ca	ca_soak_ch2	f0f1274d01237dfdeb8efa6c6fd8cee5	Scheduled	0	Unknown	0	0	0	0	0	0	0	0	0	0	0	0		{}	ac70bd892e2f79385904dbdae5637f09		0	{}
e10bbf9b059b	2026-07-26	2026-07-26 21:41:50	2026-07-26 21:41:50.495592	Phase	ca	ca_soak_ch2	f0f1274d01237dfdeb8efa6c6fd8cee5	Scheduled	0	Unknown	0	0	0	0	0	0	0	0	0	0	0	0		{'CasGcGet':2,'ContextLock':8,'DiskConnectionsPreserved':4,'DiskConnectionsReused':4,'DiskS3GetObject':2,'DiskS3HeadObject':2,'DiskS3ReadMicroseconds':983,'DiskS3ReadRequestsCount':4,'IOBufferAllocBytes':8667,'IOBufferAllocs':2,'MemoryAllocatedWithoutCheck':8,'MemoryAllocatedWithoutCheckBytes':8704,'ReadBufferFromS3Bytes':349,'ReadBufferFromS3InitMicroseconds':628,'ReadBufferFromS3Microseconds':634,'S3GetObject':2,'S3HeadObject':2,'S3ReadMicroseconds':983,'S3ReadRequestsCount':4}	ac70bd892e2f79385904dbdae5637f09	lease	1411	{'acquired':0,'steal_allowed':1}
e10bbf9b059b	2026-07-26	2026-07-26 21:41:50	2026-07-26 21:41:50.495599	Finish	ca	ca_soak_ch2	f0f1274d01237dfdeb8efa6c6fd8cee5	Scheduled	0	NotALeader	0	0	0	0	0	0	0	0	0	0	0	1		{'CasGcGet':2,'ContextLock':9,'DiskConnectionsPreserved':4,'DiskConnectionsReused':4,'DiskS3GetObject':2,'DiskS3HeadObject':2,'DiskS3ReadMicroseconds':983,'DiskS3ReadRequestsCount':4,'IOBufferAllocBytes':8667,'IOBufferAllocs':2,'MemoryAllocatedWithoutCheck':8,'MemoryAllocatedWithoutCheckBytes':8704,'ReadBufferFromS3Bytes':349,'ReadBufferFromS3InitMicroseconds':628,'ReadBufferFromS3Microseconds':634,'S3GetObject':2,'S3HeadObject':2,'S3ReadMicroseconds':983,'S3ReadRequestsCount':4}	ac70bd892e2f79385904dbdae5637f09		0	{}
e10bbf9b059b	2026-07-26	2026-07-26 21:42:00	2026-07-26 21:42:00.495670	Start	ca	ca_soak_ch2	f0f1274d01237dfdeb8efa6c6fd8cee5	Scheduled	0	Unknown	0	0	0	0	0	0	0	0	0	0	0	0		{}	1f292507599c68d5e7cf258b46a7eb5c		0	{}
e10bbf9b059b	2026-07-26	2026-07-26 21:42:00	2026-07-26 21:42:00.496993	Phase	ca	ca_soak_ch2	f0f1274d01237dfdeb8efa6c6fd8cee5	Scheduled	0	Unknown	0	0	0	0	0	0	0	0	0	0	0	0		{'CasGcGet':2,'ContextLock':8,'DiskConnectionsPreserved':4,'DiskConnectionsReused':4,'DiskS3GetObject':2,'DiskS3HeadObject':2,'DiskS3ReadMicroseconds':908,'DiskS3ReadRequestsCount':4,'IOBufferAllocBytes':8667,'IOBufferAllocs':2,'MemoryAllocatedWithoutCheck':8,'MemoryAllocatedWithoutCheckBytes':8704,'ReadBufferFromS3Bytes':349,'ReadBufferFromS3InitMicroseconds':577,'ReadBufferFromS3Microseconds':582,'S3GetObject':2,'S3HeadObject':2,'S3ReadMicroseconds':908,'S3ReadRequestsCount':4}	1f292507599c68d5e7cf258b46a7eb5c	lease	1302	{'acquired':0,'steal_allowed':1}
e10bbf9b059b	2026-07-26	2026-07-26 21:42:00	2026-07-26 21:42:00.497002	Finish	ca	ca_soak_ch2	f0f1274d01237dfdeb8efa6c6fd8cee5	Scheduled	0	NotALeader	0	0	0	0	0	0	0	0	0	0	0	1		{'CasGcGet':2,'ContextLock':9,'DiskConnectionsPreserved':4,'DiskConnectionsReused':4,'DiskS3GetObject':2,'DiskS3HeadObject':2,'DiskS3ReadMicroseconds':908,'DiskS3ReadRequestsCount':4,'IOBufferAllocBytes':8667,'IOBufferAllocs':2,'MemoryAllocatedWithoutCheck':8,'MemoryAllocatedWithoutCheckBytes':8704,'ReadBufferFromS3Bytes':349,'ReadBufferFromS3InitMicroseconds':577,'ReadBufferFromS3Microseconds':582,'S3GetObject':2,'S3HeadObject':2,'S3ReadMicroseconds':908,'S3ReadRequestsCount':4}	1f292507599c68d5e7cf258b46a7eb5c		0	{}
e10bbf9b059b	2026-07-26	2026-07-26 21:42:10	2026-07-26 21:42:10.497055	Start	ca	ca_soak_ch2	f0f1274d01237dfdeb8efa6c6fd8cee5	Scheduled	0	Unknown	0	0	0	0	0	0	0	0	0	0	0	0		{}	9cef813b69fb32fc59c6bd519ee6dcbf		0	{}
e10bbf9b059b	2026-07-26	2026-07-26 21:42:10	2026-07-26 21:42:10.499894	Phase	ca	ca_soak_ch2	f0f1274d01237dfdeb8efa6c6fd8cee5	Scheduled	0	Unknown	0	0	0	0	0	0	0	0	0	0	0	0		{'CasGcGet':2,'ContextLock':8,'DiskConnectionsExpired':111,'DiskConnectionsPreserved':4,'DiskConnectionsReused':4,'DiskS3GetObject':2,'DiskS3HeadObject':2,'DiskS3ReadMicroseconds':923,'DiskS3ReadRequestsCount':4,'IOBufferAllocBytes':8667,'IOBufferAllocs':2,'MemoryAllocatedWithoutCheck':8,'MemoryAllocatedWithoutCheckBytes':8704,'ReadBufferFromS3Bytes':349,'ReadBufferFromS3InitMicroseconds':639,'ReadBufferFromS3Microseconds':646,'S3GetObject':2,'S3HeadObject':2,'S3ReadMicroseconds':923,'S3ReadRequestsCount':4}	9cef813b69fb32fc59c6bd519ee6dcbf	lease	2813	{'acquired':0,'steal_allowed':1}
e10bbf9b059b	2026-07-26	2026-07-26 21:42:10	2026-07-26 21:42:10.499903	Finish	ca	ca_soak_ch2	f0f1274d01237dfdeb8efa6c6fd8cee5	Scheduled	0	NotALeader	0	0	0	0	0	0	0	0	0	0	0	2		{'CasGcGet':2,'ContextLock':9,'DiskConnectionsExpired':111,'DiskConnectionsPreserved':4,'DiskConnectionsReused':4,'DiskS3GetObject':2,'DiskS3HeadObject':2,'DiskS3ReadMicroseconds':923,'DiskS3ReadRequestsCount':4,'IOBufferAllocBytes':8667,'IOBufferAllocs':2,'MemoryAllocatedWithoutCheck':8,'MemoryAllocatedWithoutCheckBytes':8704,'ReadBufferFromS3Bytes':349,'ReadBufferFromS3InitMicroseconds':639,'ReadBufferFromS3Microseconds':646,'S3GetObject':2,'S3HeadObject':2,'S3ReadMicroseconds':923,'S3ReadRequestsCount':4}	9cef813b69fb32fc59c6bd519ee6dcbf		0	{}
e10bbf9b059b	2026-07-26	2026-07-26 21:42:20	2026-07-26 21:42:20.499974	Start	ca	ca_soak_ch2	f0f1274d01237dfdeb8efa6c6fd8cee5	Scheduled	0	Unknown	0	0	0	0	0	0	0	0	0	0	0	0		{}	851826cad5424aa6cd81869bec1ba86c		0	{}
e10bbf9b059b	2026-07-26	2026-07-26 21:42:20	2026-07-26 21:42:20.501435	Phase	ca	ca_soak_ch2	f0f1274d01237dfdeb8efa6c6fd8cee5	Scheduled	0	Unknown	0	0	0	0	0	0	0	0	0	0	0	0		{'CasGcGet':2,'ContextLock':8,'DiskConnectionsPreserved':4,'DiskConnectionsReused':4,'DiskS3GetObject':2,'DiskS3HeadObject':2,'DiskS3ReadMicroseconds':874,'DiskS3ReadRequestsCount':4,'IOBufferAllocBytes':8667,'IOBufferAllocs':2,'MemoryAllocatedWithoutCheck':8,'MemoryAllocatedWithoutCheckBytes':8704,'ReadBufferFromS3Bytes':349,'ReadBufferFromS3InitMicroseconds':673,'ReadBufferFromS3Microseconds':679,'S3GetObject':2,'S3HeadObject':2,'S3ReadMicroseconds':874,'S3ReadRequestsCount':4}	851826cad5424aa6cd81869bec1ba86c	lease	1440	{'acquired':0,'steal_allowed':1}
e10bbf9b059b	2026-07-26	2026-07-26 21:42:20	2026-07-26 21:42:20.501448	Finish	ca	ca_soak_ch2	f0f1274d01237dfdeb8efa6c6fd8cee5	Scheduled	0	NotALeader	0	0	0	0	0	0	0	0	0	0	0	1		{'CasGcGet':2,'ContextLock':9,'DiskConnectionsPreserved':4,'DiskConnectionsReused':4,'DiskS3GetObject':2,'DiskS3HeadObject':2,'DiskS3ReadMicroseconds':874,'DiskS3ReadRequestsCount':4,'IOBufferAllocBytes':8667,'IOBufferAllocs':2,'MemoryAllocatedWithoutCheck':8,'MemoryAllocatedWithoutCheckBytes':8704,'ReadBufferFromS3Bytes':349,'ReadBufferFromS3InitMicroseconds':673,'ReadBufferFromS3Microseconds':679,'S3GetObject':2,'S3HeadObject':2,'S3ReadMicroseconds':874,'S3ReadRequestsCount':4}	851826cad5424aa6cd81869bec1ba86c		0	{}
e10bbf9b059b	2026-07-26	2026-07-26 21:42:30	2026-07-26 21:42:30.501521	Start	ca	ca_soak_ch2	f0f1274d01237dfdeb8efa6c6fd8cee5	Scheduled	0	Unknown	0	0	0	0	0	0	0	0	0	0	0	0		{}	8084623c2438898ae0a7c37af6cd7119		0	{}
e10bbf9b059b	2026-07-26	2026-07-26 21:42:30	2026-07-26 21:42:30.502598	Phase	ca	ca_soak_ch2	f0f1274d01237dfdeb8efa6c6fd8cee5	Scheduled	0	Unknown	0	0	0	0	0	0	0	0	0	0	0	0		{'CasGcGet':2,'ContextLock':8,'DiskConnectionsPreserved':4,'DiskConnectionsReused':4,'DiskS3GetObject':2,'DiskS3HeadObject':2,'DiskS3ReadMicroseconds':633,'DiskS3ReadRequestsCount':4,'IOBufferAllocBytes':8536,'IOBufferAllocs':2,'MemoryAllocatedWithoutCheck':8,'MemoryAllocatedWithoutCheckBytes':8704,'ReadBufferFromS3Bytes':218,'ReadBufferFromS3InitMicroseconds':500,'ReadBufferFromS3Microseconds':512,'S3GetObject':2,'S3HeadObject':2,'S3ReadMicroseconds':633,'S3ReadRequestsCount':4}	8084623c2438898ae0a7c37af6cd7119	lease	1057	{'acquired':0,'steal_allowed':1}
e10bbf9b059b	2026-07-26	2026-07-26 21:42:30	2026-07-26 21:42:30.502605	Finish	ca	ca_soak_ch2	f0f1274d01237dfdeb8efa6c6fd8cee5	Scheduled	0	NotALeader	0	0	0	0	0	0	0	0	0	0	0	1		{'CasGcGet':2,'ContextLock':9,'DiskConnectionsPreserved':4,'DiskConnectionsReused':4,'DiskS3GetObject':2,'DiskS3HeadObject':2,'DiskS3ReadMicroseconds':633,'DiskS3ReadRequestsCount':4,'IOBufferAllocBytes':8536,'IOBufferAllocs':2,'MemoryAllocatedWithoutCheck':8,'MemoryAllocatedWithoutCheckBytes':8704,'ReadBufferFromS3Bytes':218,'ReadBufferFromS3InitMicroseconds':500,'ReadBufferFromS3Microseconds':512,'S3GetObject':2,'S3HeadObject':2,'S3ReadMicroseconds':633,'S3ReadRequestsCount':4}	8084623c2438898ae0a7c37af6cd7119		0	{}
e10bbf9b059b	2026-07-26	2026-07-26 21:42:40	2026-07-26 21:42:40.502677	Start	ca	ca_soak_ch2	f0f1274d01237dfdeb8efa6c6fd8cee5	Scheduled	0	Unknown	0	0	0	0	0	0	0	0	0	0	0	0		{}	dbff1b56b6f5991fa72da9d76e77db7c		0	{}
e10bbf9b059b	2026-07-26	2026-07-26 21:42:40	2026-07-26 21:42:40.503890	Phase	ca	ca_soak_ch2	f0f1274d01237dfdeb8efa6c6fd8cee5	Scheduled	0	Unknown	0	0	0	0	0	0	0	0	0	0	0	0		{'CasGcGet':2,'ContextLock':8,'DiskConnectionsPreserved':4,'DiskConnectionsReused':4,'DiskS3GetObject':2,'DiskS3HeadObject':2,'DiskS3ReadMicroseconds':758,'DiskS3ReadRequestsCount':4,'IOBufferAllocBytes':8671,'IOBufferAllocs':2,'MemoryAllocatedWithoutCheck':8,'MemoryAllocatedWithoutCheckBytes':8704,'ReadBufferFromS3Bytes':353,'ReadBufferFromS3InitMicroseconds':566,'ReadBufferFromS3Microseconds':572,'S3GetObject':2,'S3HeadObject':2,'S3ReadMicroseconds':758,'S3ReadRequestsCount':4}	dbff1b56b6f5991fa72da9d76e77db7c	lease	1201	{'acquired':0,'steal_allowed':1}
e10bbf9b059b	2026-07-26	2026-07-26 21:42:40	2026-07-26 21:42:40.503895	Finish	ca	ca_soak_ch2	f0f1274d01237dfdeb8efa6c6fd8cee5	Scheduled	0	NotALeader	0	0	0	0	0	0	0	0	0	0	0	1		{'CasGcGet':2,'ContextLock':9,'DiskConnectionsPreserved':4,'DiskConnectionsReused':4,'DiskS3GetObject':2,'DiskS3HeadObject':2,'DiskS3ReadMicroseconds':758,'DiskS3ReadRequestsCount':4,'IOBufferAllocBytes':8671,'IOBufferAllocs':2,'MemoryAllocatedWithoutCheck':8,'MemoryAllocatedWithoutCheckBytes':8704,'ReadBufferFromS3Bytes':353,'ReadBufferFromS3InitMicroseconds':566,'ReadBufferFromS3Microseconds':572,'S3GetObject':2,'S3HeadObject':2,'S3ReadMicroseconds':758,'S3ReadRequestsCount':4}	dbff1b56b6f5991fa72da9d76e77db7c		0	{}
e10bbf9b059b	2026-07-26	2026-07-26 21:42:50	2026-07-26 21:42:50.503963	Start	ca	ca_soak_ch2	f0f1274d01237dfdeb8efa6c6fd8cee5	Scheduled	0	Unknown	0	0	0	0	0	0	0	0	0	0	0	0		{}	525d3bbe3e0b8e9e248db3c9fcd35b5d		0	{}
e10bbf9b059b	2026-07-26	2026-07-26 21:42:50	2026-07-26 21:42:50.505154	Phase	ca	ca_soak_ch2	f0f1274d01237dfdeb8efa6c6fd8cee5	Scheduled	0	Unknown	0	0	0	0	0	0	0	0	0	0	0	0		{'CasGcGet':2,'ContextLock':8,'DiskConnectionsPreserved':4,'DiskConnectionsReused':4,'DiskS3GetObject':2,'DiskS3HeadObject':2,'DiskS3ReadMicroseconds':723,'DiskS3ReadRequestsCount':4,'IOBufferAllocBytes':8671,'IOBufferAllocs':2,'MemoryAllocatedWithoutCheck':8,'MemoryAllocatedWithoutCheckBytes':8704,'ReadBufferFromS3Bytes':353,'ReadBufferFromS3InitMicroseconds':538,'ReadBufferFromS3Microseconds':543,'S3GetObject':2,'S3HeadObject':2,'S3ReadMicroseconds':723,'S3ReadRequestsCount':4}	525d3bbe3e0b8e9e248db3c9fcd35b5d	lease	1150	{'acquired':0,'steal_allowed':1}
e10bbf9b059b	2026-07-26	2026-07-26 21:42:50	2026-07-26 21:42:50.505159	Finish	ca	ca_soak_ch2	f0f1274d01237dfdeb8efa6c6fd8cee5	Scheduled	0	NotALeader	0	0	0	0	0	0	0	0	0	0	0	1		{'CasGcGet':2,'ContextLock':9,'DiskConnectionsPreserved':4,'DiskConnectionsReused':4,'DiskS3GetObject':2,'DiskS3HeadObject':2,'DiskS3ReadMicroseconds':723,'DiskS3ReadRequestsCount':4,'IOBufferAllocBytes':8671,'IOBufferAllocs':2,'MemoryAllocatedWithoutCheck':8,'MemoryAllocatedWithoutCheckBytes':8704,'ReadBufferFromS3Bytes':353,'ReadBufferFromS3InitMicroseconds':538,'ReadBufferFromS3Microseconds':543,'S3GetObject':2,'S3HeadObject':2,'S3ReadMicroseconds':723,'S3ReadRequestsCount':4}	525d3bbe3e0b8e9e248db3c9fcd35b5d		0	{}
e10bbf9b059b	2026-07-26	2026-07-26 21:43:00	2026-07-26 21:43:00.517255	Finish	ca	ca_soak_ch2	f0f1274d01237dfdeb8efa6c6fd8cee5	Scheduled	0	NotALeader	0	0	0	0	0	0	0	0	0	0	0	12		{'CasGcGet':2,'ContextLock':9,'DiskConnectionsPreserved':4,'DiskConnectionsReused':4,'DiskS3GetObject':2,'DiskS3HeadObject':2,'DiskS3ReadMicroseconds':11467,'DiskS3ReadRequestsCount':4,'IOBufferAllocBytes':8540,'IOBufferAllocs':2,'MemoryAllocatedWithoutCheck':8,'MemoryAllocatedWithoutCheckBytes':8704,'ReadBufferFromS3Bytes':222,'ReadBufferFromS3InitMicroseconds':643,'ReadBufferFromS3Microseconds':651,'S3GetObject':2,'S3HeadObject':2,'S3ReadMicroseconds':11467,'S3ReadRequestsCount':4}	61f21f659b3ce706121866d499a0f909		0	{}
e10bbf9b059b	2026-07-26	2026-07-26 21:43:00	2026-07-26 21:43:00.517246	Phase	ca	ca_soak_ch2	f0f1274d01237dfdeb8efa6c6fd8cee5	Scheduled	0	Unknown	0	0	0	0	0	0	0	0	0	0	0	0		{'CasGcGet':2,'ContextLock':8,'DiskConnectionsPreserved':4,'DiskConnectionsReused':4,'DiskS3GetObject':2,'DiskS3HeadObject':2,'DiskS3ReadMicroseconds':11467,'DiskS3ReadRequestsCount':4,'IOBufferAllocBytes':8540,'IOBufferAllocs':2,'MemoryAllocatedWithoutCheck':8,'MemoryAllocatedWithoutCheckBytes':8704,'ReadBufferFromS3Bytes':222,'ReadBufferFromS3InitMicroseconds':643,'ReadBufferFromS3Microseconds':651,'S3GetObject':2,'S3HeadObject':2,'S3ReadMicroseconds':11467,'S3ReadRequestsCount':4}	61f21f659b3ce706121866d499a0f909	lease	11977	{'acquired':0,'steal_allowed':1}
e10bbf9b059b	2026-07-26	2026-07-26 21:43:00	2026-07-26 21:43:00.505230	Start	ca	ca_soak_ch2	f0f1274d01237dfdeb8efa6c6fd8cee5	Scheduled	0	Unknown	0	0	0	0	0	0	0	0	0	0	0	0		{}	61f21f659b3ce706121866d499a0f909		0	{}
e10bbf9b059b	2026-07-26	2026-07-26 21:43:10	2026-07-26 21:43:10.517329	Start	ca	ca_soak_ch2	f0f1274d01237dfdeb8efa6c6fd8cee5	Scheduled	0	Unknown	0	0	0	0	0	0	0	0	0	0	0	0		{}	f0c1bdb879f35bc617fa495bac8d0f62		0	{}
e10bbf9b059b	2026-07-26	2026-07-26 21:43:10	2026-07-26 21:43:10.519609	Phase	ca	ca_soak_ch2	f0f1274d01237dfdeb8efa6c6fd8cee5	Scheduled	0	Unknown	0	0	0	0	0	0	0	0	0	0	0	0		{'CasGcGet':2,'ContextLock':8,'DiskConnectionsPreserved':4,'DiskConnectionsReused':4,'DiskS3GetObject':2,'DiskS3HeadObject':2,'DiskS3ReadMicroseconds':1611,'DiskS3ReadRequestsCount':4,'IOBufferAllocBytes':8540,'IOBufferAllocs':2,'MemoryAllocatedWithoutCheck':8,'MemoryAllocatedWithoutCheckBytes':8704,'ReadBufferFromS3Bytes':222,'ReadBufferFromS3InitMicroseconds':915,'ReadBufferFromS3Microseconds':927,'S3GetObject':2,'S3HeadObject':2,'S3ReadMicroseconds':1611,'S3ReadRequestsCount':4}	f0c1bdb879f35bc617fa495bac8d0f62	lease	2253	{'acquired':0,'steal_allowed':1}
e10bbf9b059b	2026-07-26	2026-07-26 21:43:10	2026-07-26 21:43:10.519618	Finish	ca	ca_soak_ch2	f0f1274d01237dfdeb8efa6c6fd8cee5	Scheduled	0	NotALeader	0	0	0	0	0	0	0	0	0	0	0	2		{'CasGcGet':2,'ContextLock':9,'DiskConnectionsPreserved':4,'DiskConnectionsReused':4,'DiskS3GetObject':2,'DiskS3HeadObject':2,'DiskS3ReadMicroseconds':1611,'DiskS3ReadRequestsCount':4,'IOBufferAllocBytes':8540,'IOBufferAllocs':2,'MemoryAllocatedWithoutCheck':8,'MemoryAllocatedWithoutCheckBytes':8704,'ReadBufferFromS3Bytes':222,'ReadBufferFromS3InitMicroseconds':915,'ReadBufferFromS3Microseconds':927,'S3GetObject':2,'S3HeadObject':2,'S3ReadMicroseconds':1611,'S3ReadRequestsCount':4}	f0c1bdb879f35bc617fa495bac8d0f62		0	{}
e10bbf9b059b	2026-07-26	2026-07-26 21:43:20	2026-07-26 21:43:20.520092	Start	ca	ca_soak_ch2	f0f1274d01237dfdeb8efa6c6fd8cee5	Scheduled	0	Unknown	0	0	0	0	0	0	0	0	0	0	0	0		{}	9647e86815aef31ce4a1970f6b3d3b15		0	{}
e10bbf9b059b	2026-07-26	2026-07-26 21:43:20	2026-07-26 21:43:20.562572	Phase	ca	ca_soak_ch2	f0f1274d01237dfdeb8efa6c6fd8cee5	Scheduled	0	Unknown	0	0	0	0	0	0	0	0	0	0	0	0		{'CasGcGet':2,'ContextLock':8,'DiskConnectionsPreserved':4,'DiskConnectionsReused':4,'DiskS3GetObject':2,'DiskS3HeadObject':2,'DiskS3ReadMicroseconds':37047,'DiskS3ReadRequestsCount':4,'IOBufferAllocBytes':8540,'IOBufferAllocs':2,'MemoryAllocatedWithoutCheck':8,'MemoryAllocatedWithoutCheckBytes':8704,'ReadBufferFromS3Bytes':222,'ReadBufferFromS3InitMicroseconds':18967,'ReadBufferFromS3Microseconds':19056,'S3GetObject':2,'S3HeadObject':2,'S3ReadMicroseconds':37047,'S3ReadRequestsCount':4}	9647e86815aef31ce4a1970f6b3d3b15	lease	42329	{'acquired':0,'steal_allowed':1}
e10bbf9b059b	2026-07-26	2026-07-26 21:43:20	2026-07-26 21:43:20.562587	Finish	ca	ca_soak_ch2	f0f1274d01237dfdeb8efa6c6fd8cee5	Scheduled	0	NotALeader	0	0	0	0	0	0	0	0	0	0	0	42		{'CasGcGet':2,'ContextLock':9,'DiskConnectionsPreserved':4,'DiskConnectionsReused':4,'DiskS3GetObject':2,'DiskS3HeadObject':2,'DiskS3ReadMicroseconds':37047,'DiskS3ReadRequestsCount':4,'IOBufferAllocBytes':8540,'IOBufferAllocs':2,'MemoryAllocatedWithoutCheck':8,'MemoryAllocatedWithoutCheckBytes':8704,'ReadBufferFromS3Bytes':222,'ReadBufferFromS3InitMicroseconds':18967,'ReadBufferFromS3Microseconds':19056,'S3GetObject':2,'S3HeadObject':2,'S3ReadMicroseconds':37047,'S3ReadRequestsCount':4}	9647e86815aef31ce4a1970f6b3d3b15		0	{}
e10bbf9b059b	2026-07-26	2026-07-26 21:43:38	2026-07-26 21:43:38.282094	Start	ca	ca_soak_ch2	c898493f0ef1443214ee4b210130206a	Scheduled	0	Unknown	0	0	0	0	0	0	0	0	0	0	0	0		{}	2d0c0f1e7912834ec7354c458b7cf159		0	{}
e10bbf9b059b	2026-07-26	2026-07-26 21:43:38	2026-07-26 21:43:38.329628	Phase	ca	ca_soak_ch2	c898493f0ef1443214ee4b210130206a	Scheduled	0	Unknown	0	0	0	0	0	0	0	0	0	0	0	0		{'CasGcGet':2,'ContextLock':8,'DiskConnectionsPreserved':4,'DiskConnectionsReused':4,'DiskS3GetObject':2,'DiskS3HeadObject':2,'DiskS3ReadMicroseconds':37860,'DiskS3ReadRequestsCount':4,'IOBufferAllocBytes':8540,'IOBufferAllocs':2,'MemoryAllocatedWithoutCheck':8,'MemoryAllocatedWithoutCheckBytes':8704,'ReadBufferFromS3Bytes':222,'ReadBufferFromS3InitMicroseconds':28455,'ReadBufferFromS3Microseconds':28575,'S3GetObject':2,'S3HeadObject':2,'S3ReadMicroseconds':37860,'S3ReadRequestsCount':4}	2d0c0f1e7912834ec7354c458b7cf159	lease	46542	{'acquired':0,'steal_allowed':1}
e10bbf9b059b	2026-07-26	2026-07-26 21:43:38	2026-07-26 21:43:38.329661	Finish	ca	ca_soak_ch2	c898493f0ef1443214ee4b210130206a	Scheduled	0	NotALeader	0	0	0	0	0	0	0	0	0	0	0	46		{'CasGcGet':2,'ContextLock':9,'ContextLockWaitMicroseconds':1,'DiskConnectionsPreserved':4,'DiskConnectionsReused':4,'DiskS3GetObject':2,'DiskS3HeadObject':2,'DiskS3ReadMicroseconds':37860,'DiskS3ReadRequestsCount':4,'IOBufferAllocBytes':8540,'IOBufferAllocs':2,'MemoryAllocatedWithoutCheck':8,'MemoryAllocatedWithoutCheckBytes':8704,'ReadBufferFromS3Bytes':222,'ReadBufferFromS3InitMicroseconds':28455,'ReadBufferFromS3Microseconds':28575,'S3GetObject':2,'S3HeadObject':2,'S3ReadMicroseconds':37860,'S3ReadRequestsCount':4}	2d0c0f1e7912834ec7354c458b7cf159		0	{}
e10bbf9b059b	2026-07-26	2026-07-26 21:43:48	2026-07-26 21:43:48.329935	Start	ca	ca_soak_ch2	c898493f0ef1443214ee4b210130206a	Scheduled	0	Unknown	0	0	0	0	0	0	0	0	0	0	0	0		{}	1c1c663ad77c322533d8b455d04d9a4b		0	{}
e10bbf9b059b	2026-07-26	2026-07-26 21:43:48	2026-07-26 21:43:48.383376	Phase	ca	ca_soak_ch2	c898493f0ef1443214ee4b210130206a	Scheduled	0	Unknown	0	0	0	0	0	0	0	0	0	0	0	0		{'CasGcGet':2,'ContextLock':8,'DiskConnectionsPreserved':4,'DiskConnectionsReused':4,'DiskS3GetObject':2,'DiskS3HeadObject':2,'DiskS3ReadMicroseconds':44350,'DiskS3ReadRequestsCount':4,'IOBufferAllocBytes':8540,'IOBufferAllocs':2,'MemoryAllocatedWithoutCheck':8,'MemoryAllocatedWithoutCheckBytes':8704,'ReadBufferFromS3Bytes':222,'ReadBufferFromS3InitMicroseconds':37254,'ReadBufferFromS3Microseconds':37344,'S3GetObject':2,'S3HeadObject':2,'S3ReadMicroseconds':44350,'S3ReadRequestsCount':4}	1c1c663ad77c322533d8b455d04d9a4b	lease	53349	{'acquired':0,'steal_allowed':1}
e10bbf9b059b	2026-07-26	2026-07-26 21:43:48	2026-07-26 21:43:48.383417	Finish	ca	ca_soak_ch2	c898493f0ef1443214ee4b210130206a	Scheduled	0	NotALeader	0	0	0	0	0	0	0	0	0	0	0	53		{'CasGcGet':2,'ContextLock':9,'DiskConnectionsPreserved':4,'DiskConnectionsReused':4,'DiskS3GetObject':2,'DiskS3HeadObject':2,'DiskS3ReadMicroseconds':44350,'DiskS3ReadRequestsCount':4,'IOBufferAllocBytes':8540,'IOBufferAllocs':2,'MemoryAllocatedWithoutCheck':8,'MemoryAllocatedWithoutCheckBytes':8704,'ReadBufferFromS3Bytes':222,'ReadBufferFromS3InitMicroseconds':37254,'ReadBufferFromS3Microseconds':37344,'S3GetObject':2,'S3HeadObject':2,'S3ReadMicroseconds':44350,'S3ReadRequestsCount':4}	1c1c663ad77c322533d8b455d04d9a4b		0	{}
e10bbf9b059b	2026-07-26	2026-07-26 21:43:58	2026-07-26 21:43:58.383549	Start	ca	ca_soak_ch2	c898493f0ef1443214ee4b210130206a	Scheduled	0	Unknown	0	0	0	0	0	0	0	0	0	0	0	0		{}	1213d990ec21fbf1b42546c4fcd4e1c0		0	{}
e10bbf9b059b	2026-07-26	2026-07-26 21:43:58	2026-07-26 21:43:58.387403	Phase	ca	ca_soak_ch2	c898493f0ef1443214ee4b210130206a	Scheduled	0	Unknown	0	0	0	0	0	0	0	0	0	0	0	0		{'CasGcGet':2,'ContextLock':8,'DiskConnectionsPreserved':4,'DiskConnectionsReused':4,'DiskS3GetObject':2,'DiskS3HeadObject':2,'DiskS3ReadMicroseconds':2883,'DiskS3ReadRequestsCount':4,'IOBufferAllocBytes':8540,'IOBufferAllocs':2,'MemoryAllocatedWithoutCheck':8,'MemoryAllocatedWithoutCheckBytes':8704,'ReadBufferFromS3Bytes':222,'ReadBufferFromS3InitMicroseconds':1923,'ReadBufferFromS3Microseconds':1937,'S3GetObject':2,'S3HeadObject':2,'S3ReadMicroseconds':2883,'S3ReadRequestsCount':4}	1213d990ec21fbf1b42546c4fcd4e1c0	lease	3830	{'acquired':0,'steal_allowed':1}
e10bbf9b059b	2026-07-26	2026-07-26 21:43:58	2026-07-26 21:43:58.387417	Finish	ca	ca_soak_ch2	c898493f0ef1443214ee4b210130206a	Scheduled	0	NotALeader	0	0	0	0	0	0	0	0	0	0	0	3		{'CasGcGet':2,'ContextLock':9,'DiskConnectionsPreserved':4,'DiskConnectionsReused':4,'DiskS3GetObject':2,'DiskS3HeadObject':2,'DiskS3ReadMicroseconds':2883,'DiskS3ReadRequestsCount':4,'IOBufferAllocBytes':8540,'IOBufferAllocs':2,'MemoryAllocatedWithoutCheck':8,'MemoryAllocatedWithoutCheckBytes':8704,'ReadBufferFromS3Bytes':222,'ReadBufferFromS3InitMicroseconds':1923,'ReadBufferFromS3Microseconds':1937,'S3GetObject':2,'S3HeadObject':2,'S3ReadMicroseconds':2883,'S3ReadRequestsCount':4}	1213d990ec21fbf1b42546c4fcd4e1c0		0	{}
e10bbf9b059b	2026-07-26	2026-07-26 21:44:08	2026-07-26 21:44:08.387498	Start	ca	ca_soak_ch2	c898493f0ef1443214ee4b210130206a	Scheduled	0	Unknown	0	0	0	0	0	0	0	0	0	0	0	0		{}	6f8cb0e1203f448ef674b6154009ff9d		0	{}
e10bbf9b059b	2026-07-26	2026-07-26 21:44:08	2026-07-26 21:44:08.389659	Phase	ca	ca_soak_ch2	c898493f0ef1443214ee4b210130206a	Scheduled	0	Unknown	0	0	0	0	0	0	0	0	0	0	0	0		{'CasGcGet':2,'ContextLock':8,'DiskConnectionsPreserved':4,'DiskConnectionsReused':4,'DiskS3GetObject':2,'DiskS3HeadObject':2,'DiskS3ReadMicroseconds':1642,'DiskS3ReadRequestsCount':4,'IOBufferAllocBytes':8540,'IOBufferAllocs':2,'MemoryAllocatedWithoutCheck':8,'MemoryAllocatedWithoutCheckBytes':8704,'ReadBufferFromS3Bytes':222,'ReadBufferFromS3InitMicroseconds':846,'ReadBufferFromS3Microseconds':862,'S3GetObject':2,'S3HeadObject':2,'S3ReadMicroseconds':1642,'S3ReadRequestsCount':4}	6f8cb0e1203f448ef674b6154009ff9d	lease	2150	{'acquired':0,'steal_allowed':1}
e10bbf9b059b	2026-07-26	2026-07-26 21:44:08	2026-07-26 21:44:08.389666	Finish	ca	ca_soak_ch2	c898493f0ef1443214ee4b210130206a	Scheduled	0	NotALeader	0	0	0	0	0	0	0	0	0	0	0	2		{'CasGcGet':2,'ContextLock':9,'DiskConnectionsPreserved':4,'DiskConnectionsReused':4,'DiskS3GetObject':2,'DiskS3HeadObject':2,'DiskS3ReadMicroseconds':1642,'DiskS3ReadRequestsCount':4,'IOBufferAllocBytes':8540,'IOBufferAllocs':2,'MemoryAllocatedWithoutCheck':8,'MemoryAllocatedWithoutCheckBytes':8704,'ReadBufferFromS3Bytes':222,'ReadBufferFromS3InitMicroseconds':846,'ReadBufferFromS3Microseconds':862,'S3GetObject':2,'S3HeadObject':2,'S3ReadMicroseconds':1642,'S3ReadRequestsCount':4}	6f8cb0e1203f448ef674b6154009ff9d		0	{}
e10bbf9b059b	2026-07-26	2026-07-26 21:44:18	2026-07-26 21:44:18.389738	Start	ca	ca_soak_ch2	c898493f0ef1443214ee4b210130206a	Scheduled	0	Unknown	0	0	0	0	0	0	0	0	0	0	0	0		{}	019cf416bc8e84028622c5b773ab31a4		0	{}
e10bbf9b059b	2026-07-26	2026-07-26 21:44:18	2026-07-26 21:44:18.393780	Phase	ca	ca_soak_ch2	c898493f0ef1443214ee4b210130206a	Scheduled	0	Unknown	0	0	0	0	0	0	0	0	0	0	0	0		{'CasGcGet':2,'ContextLock':8,'DiskConnectionsCreated':1,'DiskConnectionsElapsedMicroseconds':132,'DiskConnectionsPreserved':4,'DiskConnectionsReused':3,'DiskS3GetObject':2,'DiskS3HeadObject':2,'DiskS3ReadMicroseconds':3270,'DiskS3ReadRequestsCount':4,'IOBufferAllocBytes':8540,'IOBufferAllocs':2,'MemoryAllocatedWithoutCheck':10,'MemoryAllocatedWithoutCheckBytes':10880,'ReadBufferFromS3Bytes':222,'ReadBufferFromS3InitMicroseconds':1034,'ReadBufferFromS3Microseconds':1049,'S3GetObject':2,'S3HeadObject':2,'S3ReadMicroseconds':3270,'S3ReadRequestsCount':4}	019cf416bc8e84028622c5b773ab31a4	lease	4023	{'acquired':0,'steal_allowed':1}
e10bbf9b059b	2026-07-26	2026-07-26 21:44:18	2026-07-26 21:44:18.393787	Finish	ca	ca_soak_ch2	c898493f0ef1443214ee4b210130206a	Scheduled	0	NotALeader	0	0	0	0	0	0	0	0	0	0	0	4		{'CasGcGet':2,'ContextLock':9,'DiskConnectionsCreated':1,'DiskConnectionsElapsedMicroseconds':132,'DiskConnectionsPreserved':4,'DiskConnectionsReused':3,'DiskS3GetObject':2,'DiskS3HeadObject':2,'DiskS3ReadMicroseconds':3270,'DiskS3ReadRequestsCount':4,'IOBufferAllocBytes':8540,'IOBufferAllocs':2,'MemoryAllocatedWithoutCheck':10,'MemoryAllocatedWithoutCheckBytes':10880,'ReadBufferFromS3Bytes':222,'ReadBufferFromS3InitMicroseconds':1034,'ReadBufferFromS3Microseconds':1049,'S3GetObject':2,'S3HeadObject':2,'S3ReadMicroseconds':3270,'S3ReadRequestsCount':4}	019cf416bc8e84028622c5b773ab31a4		0	{}
e10bbf9b059b	2026-07-26	2026-07-26 21:44:28	2026-07-26 21:44:28.393883	Start	ca	ca_soak_ch2	c898493f0ef1443214ee4b210130206a	Scheduled	0	Unknown	0	0	0	0	0	0	0	0	0	0	0	0		{}	fe3c3daa20f0837335b0f16f8b274f42		0	{}
e10bbf9b059b	2026-07-26	2026-07-26 21:44:28	2026-07-26 21:44:28.406241	Phase	ca	ca_soak_ch2	c898493f0ef1443214ee4b210130206a	Scheduled	0	Unknown	0	0	0	0	0	0	0	0	0	0	0	0		{'CasGcGet':2,'ContextLock':8,'DiskConnectionsPreserved':4,'DiskConnectionsReused':4,'DiskS3GetObject':2,'DiskS3HeadObject':2,'DiskS3ReadMicroseconds':10005,'DiskS3ReadRequestsCount':4,'IOBufferAllocBytes':8540,'IOBufferAllocs':2,'MemoryAllocatedWithoutCheck':8,'MemoryAllocatedWithoutCheckBytes':8704,'ReadBufferFromS3Bytes':222,'ReadBufferFromS3InitMicroseconds':6476,'ReadBufferFromS3Microseconds':6509,'S3GetObject':2,'S3HeadObject':2,'S3ReadMicroseconds':10005,'S3ReadRequestsCount':4}	fe3c3daa20f0837335b0f16f8b274f42	lease	12274	{'acquired':0,'steal_allowed':1}
e10bbf9b059b	2026-07-26	2026-07-26 21:44:28	2026-07-26 21:44:28.406273	Finish	ca	ca_soak_ch2	c898493f0ef1443214ee4b210130206a	Scheduled	0	NotALeader	0	0	0	0	0	0	0	0	0	0	0	12		{'CasGcGet':2,'ContextLock':9,'DiskConnectionsPreserved':4,'DiskConnectionsReused':4,'DiskS3GetObject':2,'DiskS3HeadObject':2,'DiskS3ReadMicroseconds':10005,'DiskS3ReadRequestsCount':4,'IOBufferAllocBytes':8540,'IOBufferAllocs':2,'MemoryAllocatedWithoutCheck':8,'MemoryAllocatedWithoutCheckBytes':8704,'ReadBufferFromS3Bytes':222,'ReadBufferFromS3InitMicroseconds':6476,'ReadBufferFromS3Microseconds':6509,'S3GetObject':2,'S3HeadObject':2,'S3ReadMicroseconds':10005,'S3ReadRequestsCount':4}	fe3c3daa20f0837335b0f16f8b274f42		0	{}
e10bbf9b059b	2026-07-26	2026-07-26 21:44:38	2026-07-26 21:44:38.406395	Start	ca	ca_soak_ch2	c898493f0ef1443214ee4b210130206a	Scheduled	0	Unknown	0	0	0	0	0	0	0	0	0	0	0	0		{}	dc46249d5c0fc5ec0ea9ebf6f27aac82		0	{}
e10bbf9b059b	2026-07-26	2026-07-26 21:44:38	2026-07-26 21:44:38.413535	Phase	ca	ca_soak_ch2	c898493f0ef1443214ee4b210130206a	Scheduled	0	Unknown	0	0	0	0	0	0	0	0	0	0	0	0		{'CasGcGet':2,'ContextLock':8,'DiskConnectionsPreserved':4,'DiskConnectionsReused':4,'DiskS3GetObject':2,'DiskS3HeadObject':2,'DiskS3ReadMicroseconds':4924,'DiskS3ReadRequestsCount':4,'IOBufferAllocBytes':8540,'IOBufferAllocs':2,'MemoryAllocatedWithoutCheck':8,'MemoryAllocatedWithoutCheckBytes':8704,'ReadBufferFromS3Bytes':222,'ReadBufferFromS3InitMicroseconds':3087,'ReadBufferFromS3Microseconds':3121,'S3GetObject':2,'S3HeadObject':2,'S3ReadMicroseconds':4924,'S3ReadRequestsCount':4}	dc46249d5c0fc5ec0ea9ebf6f27aac82	lease	7093	{'acquired':0,'steal_allowed':1}
e10bbf9b059b	2026-07-26	2026-07-26 21:44:38	2026-07-26 21:44:38.413551	Finish	ca	ca_soak_ch2	c898493f0ef1443214ee4b210130206a	Scheduled	0	NotALeader	0	0	0	0	0	0	0	0	0	0	0	7		{'CasGcGet':2,'ContextLock':9,'DiskConnectionsPreserved':4,'DiskConnectionsReused':4,'DiskS3GetObject':2,'DiskS3HeadObject':2,'DiskS3ReadMicroseconds':4924,'DiskS3ReadRequestsCount':4,'IOBufferAllocBytes':8540,'IOBufferAllocs':2,'MemoryAllocatedWithoutCheck':8,'MemoryAllocatedWithoutCheckBytes':8704,'ReadBufferFromS3Bytes':222,'ReadBufferFromS3InitMicroseconds':3087,'ReadBufferFromS3Microseconds':3121,'S3GetObject':2,'S3HeadObject':2,'S3ReadMicroseconds':4924,'S3ReadRequestsCount':4}	dc46249d5c0fc5ec0ea9ebf6f27aac82		0	{}
e10bbf9b059b	2026-07-26	2026-07-26 21:44:48	2026-07-26 21:44:48.413650	Start	ca	ca_soak_ch2	c898493f0ef1443214ee4b210130206a	Scheduled	0	Unknown	0	0	0	0	0	0	0	0	0	0	0	0		{}	1bbca193528f4761d3c2254f301e98d9		0	{}
e10bbf9b059b	2026-07-26	2026-07-26 21:44:48	2026-07-26 21:44:48.416113	Phase	ca	ca_soak_ch2	c898493f0ef1443214ee4b210130206a	Scheduled	0	Unknown	0	0	0	0	0	0	0	0	0	0	0	0		{'CasGcGet':2,'ContextLock':8,'DiskConnectionsPreserved':4,'DiskConnectionsReused':4,'DiskS3GetObject':2,'DiskS3HeadObject':2,'DiskS3ReadMicroseconds':1739,'DiskS3ReadRequestsCount':4,'IOBufferAllocBytes':8540,'IOBufferAllocs':2,'MemoryAllocatedWithoutCheck':8,'MemoryAllocatedWithoutCheckBytes':8704,'ReadBufferFromS3Bytes':222,'ReadBufferFromS3InitMicroseconds':1020,'ReadBufferFromS3Microseconds':1029,'S3GetObject':2,'S3HeadObject':2,'S3ReadMicroseconds':1739,'S3ReadRequestsCount':4}	1bbca193528f4761d3c2254f301e98d9	lease	2451	{'acquired':0,'steal_allowed':1}
e10bbf9b059b	2026-07-26	2026-07-26 21:44:48	2026-07-26 21:44:48.416120	Finish	ca	ca_soak_ch2	c898493f0ef1443214ee4b210130206a	Scheduled	0	NotALeader	0	0	0	0	0	0	0	0	0	0	0	2		{'CasGcGet':2,'ContextLock':9,'DiskConnectionsPreserved':4,'DiskConnectionsReused':4,'DiskS3GetObject':2,'DiskS3HeadObject':2,'DiskS3ReadMicroseconds':1739,'DiskS3ReadRequestsCount':4,'IOBufferAllocBytes':8540,'IOBufferAllocs':2,'MemoryAllocatedWithoutCheck':8,'MemoryAllocatedWithoutCheckBytes':8704,'ReadBufferFromS3Bytes':222,'ReadBufferFromS3InitMicroseconds':1020,'ReadBufferFromS3Microseconds':1029,'S3GetObject':2,'S3HeadObject':2,'S3ReadMicroseconds':1739,'S3ReadRequestsCount':4}	1bbca193528f4761d3c2254f301e98d9		0	{}
e10bbf9b059b	2026-07-26	2026-07-26 21:44:58	2026-07-26 21:44:58.416186	Start	ca	ca_soak_ch2	c898493f0ef1443214ee4b210130206a	Scheduled	0	Unknown	0	0	0	0	0	0	0	0	0	0	0	0		{}	3458a1bb425983cd05494f738ed7d98d		0	{}
e10bbf9b059b	2026-07-26	2026-07-26 21:44:58	2026-07-26 21:44:58.418456	Phase	ca	ca_soak_ch2	c898493f0ef1443214ee4b210130206a	Scheduled	0	Unknown	0	0	0	0	0	0	0	0	0	0	0	0		{'CasGcGet':2,'ContextLock':8,'DiskConnectionsPreserved':4,'DiskConnectionsReused':4,'DiskS3GetObject':2,'DiskS3HeadObject':2,'DiskS3ReadMicroseconds':1721,'DiskS3ReadRequestsCount':4,'IOBufferAllocBytes':8540,'IOBufferAllocs':2,'MemoryAllocatedWithoutCheck':8,'MemoryAllocatedWithoutCheckBytes':8704,'ReadBufferFromS3Bytes':222,'ReadBufferFromS3InitMicroseconds':1009,'ReadBufferFromS3Microseconds':1020,'S3GetObject':2,'S3HeadObject':2,'S3ReadMicroseconds':1721,'S3ReadRequestsCount':4}	3458a1bb425983cd05494f738ed7d98d	lease	2249	{'acquired':0,'steal_allowed':1}
e10bbf9b059b	2026-07-26	2026-07-26 21:44:58	2026-07-26 21:44:58.418466	Finish	ca	ca_soak_ch2	c898493f0ef1443214ee4b210130206a	Scheduled	0	NotALeader	0	0	0	0	0	0	0	0	0	0	0	2		{'CasGcGet':2,'ContextLock':9,'DiskConnectionsPreserved':4,'DiskConnectionsReused':4,'DiskS3GetObject':2,'DiskS3HeadObject':2,'DiskS3ReadMicroseconds':1721,'DiskS3ReadRequestsCount':4,'IOBufferAllocBytes':8540,'IOBufferAllocs':2,'MemoryAllocatedWithoutCheck':8,'MemoryAllocatedWithoutCheckBytes':8704,'ReadBufferFromS3Bytes':222,'ReadBufferFromS3InitMicroseconds':1009,'ReadBufferFromS3Microseconds':1020,'S3GetObject':2,'S3HeadObject':2,'S3ReadMicroseconds':1721,'S3ReadRequestsCount':4}	3458a1bb425983cd05494f738ed7d98d		0	{}
e10bbf9b059b	2026-07-26	2026-07-26 21:45:08	2026-07-26 21:45:08.418535	Start	ca	ca_soak_ch2	c898493f0ef1443214ee4b210130206a	Scheduled	0	Unknown	0	0	0	0	0	0	0	0	0	0	0	0		{}	7c306ddb96e421a998044d0918f5afea		0	{}
e10bbf9b059b	2026-07-26	2026-07-26 21:45:08	2026-07-26 21:45:08.421770	Phase	ca	ca_soak_ch2	c898493f0ef1443214ee4b210130206a	Scheduled	0	Unknown	0	0	0	0	0	0	0	0	0	0	0	0		{'CasGcGet':2,'ContextLock':8,'DiskConnectionsPreserved':4,'DiskConnectionsReused':4,'DiskS3GetObject':2,'DiskS3HeadObject':2,'DiskS3ReadMicroseconds':2293,'DiskS3ReadRequestsCount':4,'IOBufferAllocBytes':8540,'IOBufferAllocs':2,'MemoryAllocatedWithoutCheck':8,'MemoryAllocatedWithoutCheckBytes':8704,'ReadBufferFromS3Bytes':222,'ReadBufferFromS3InitMicroseconds':1515,'ReadBufferFromS3Microseconds':1528,'S3GetObject':2,'S3HeadObject':2,'S3ReadMicroseconds':2293,'S3ReadRequestsCount':4}	7c306ddb96e421a998044d0918f5afea	lease	3217	{'acquired':0,'steal_allowed':1}
e10bbf9b059b	2026-07-26	2026-07-26 21:45:08	2026-07-26 21:45:08.421787	Finish	ca	ca_soak_ch2	c898493f0ef1443214ee4b210130206a	Scheduled	0	NotALeader	0	0	0	0	0	0	0	0	0	0	0	3		{'CasGcGet':2,'ContextLock':9,'DiskConnectionsPreserved':4,'DiskConnectionsReused':4,'DiskS3GetObject':2,'DiskS3HeadObject':2,'DiskS3ReadMicroseconds':2293,'DiskS3ReadRequestsCount':4,'IOBufferAllocBytes':8540,'IOBufferAllocs':2,'MemoryAllocatedWithoutCheck':8,'MemoryAllocatedWithoutCheckBytes':8704,'ReadBufferFromS3Bytes':222,'ReadBufferFromS3InitMicroseconds':1515,'ReadBufferFromS3Microseconds':1528,'S3GetObject':2,'S3HeadObject':2,'S3ReadMicroseconds':2293,'S3ReadRequestsCount':4}	7c306ddb96e421a998044d0918f5afea		0	{}
e10bbf9b059b	2026-07-26	2026-07-26 21:45:18	2026-07-26 21:45:18.421865	Start	ca	ca_soak_ch2	c898493f0ef1443214ee4b210130206a	Scheduled	0	Unknown	0	0	0	0	0	0	0	0	0	0	0	0		{}	eeab3b26429b6d46971f02013bb84761		0	{}
e10bbf9b059b	2026-07-26	2026-07-26 21:45:18	2026-07-26 21:45:18.424107	Phase	ca	ca_soak_ch2	c898493f0ef1443214ee4b210130206a	Scheduled	0	Unknown	0	0	0	0	0	0	0	0	0	0	0	0		{'CasGcGet':2,'ContextLock':8,'DiskConnectionsPreserved':4,'DiskConnectionsReused':4,'DiskS3GetObject':2,'DiskS3HeadObject':2,'DiskS3ReadMicroseconds':1564,'DiskS3ReadRequestsCount':4,'IOBufferAllocBytes':8540,'IOBufferAllocs':2,'MemoryAllocatedWithoutCheck':8,'MemoryAllocatedWithoutCheckBytes':8704,'ReadBufferFromS3Bytes':222,'ReadBufferFromS3InitMicroseconds':1021,'ReadBufferFromS3Microseconds':1030,'S3GetObject':2,'S3HeadObject':2,'S3ReadMicroseconds':1564,'S3ReadRequestsCount':4}	eeab3b26429b6d46971f02013bb84761	lease	2224	{'acquired':0,'steal_allowed':1}
e10bbf9b059b	2026-07-26	2026-07-26 21:45:18	2026-07-26 21:45:18.424113	Finish	ca	ca_soak_ch2	c898493f0ef1443214ee4b210130206a	Scheduled	0	NotALeader	0	0	0	0	0	0	0	0	0	0	0	2		{'CasGcGet':2,'ContextLock':9,'DiskConnectionsPreserved':4,'DiskConnectionsReused':4,'DiskS3GetObject':2,'DiskS3HeadObject':2,'DiskS3ReadMicroseconds':1564,'DiskS3ReadRequestsCount':4,'IOBufferAllocBytes':8540,'IOBufferAllocs':2,'MemoryAllocatedWithoutCheck':8,'MemoryAllocatedWithoutCheckBytes':8704,'ReadBufferFromS3Bytes':222,'ReadBufferFromS3InitMicroseconds':1021,'ReadBufferFromS3Microseconds':1030,'S3GetObject':2,'S3HeadObject':2,'S3ReadMicroseconds':1564,'S3ReadRequestsCount':4}	eeab3b26429b6d46971f02013bb84761		0	{}
e10bbf9b059b	2026-07-26	2026-07-26 21:45:28	2026-07-26 21:45:28.424180	Start	ca	ca_soak_ch2	c898493f0ef1443214ee4b210130206a	Scheduled	0	Unknown	0	0	0	0	0	0	0	0	0	0	0	0		{}	628b08f532df211ad3a46fafbf7578d9		0	{}
e10bbf9b059b	2026-07-26	2026-07-26 21:45:28	2026-07-26 21:45:28.426605	Phase	ca	ca_soak_ch2	c898493f0ef1443214ee4b210130206a	Scheduled	0	Unknown	0	0	0	0	0	0	0	0	0	0	0	0		{'CasGcGet':2,'ContextLock':8,'DiskConnectionsCreated':1,'DiskConnectionsElapsedMicroseconds':116,'DiskConnectionsExpired':3,'DiskConnectionsPreserved':4,'DiskConnectionsReused':3,'DiskS3GetObject':2,'DiskS3HeadObject':2,'DiskS3ReadMicroseconds':1635,'DiskS3ReadRequestsCount':4,'IOBufferAllocBytes':8540,'IOBufferAllocs':2,'MemoryAllocatedWithoutCheck':10,'MemoryAllocatedWithoutCheckBytes':10880,'ReadBufferFromS3Bytes':222,'ReadBufferFromS3InitMicroseconds':958,'ReadBufferFromS3Microseconds':968,'S3GetObject':2,'S3HeadObject':2,'S3ReadMicroseconds':1635,'S3ReadRequestsCount':4}	628b08f532df211ad3a46fafbf7578d9	lease	2409	{'acquired':0,'steal_allowed':1}
e10bbf9b059b	2026-07-26	2026-07-26 21:45:28	2026-07-26 21:45:28.426611	Finish	ca	ca_soak_ch2	c898493f0ef1443214ee4b210130206a	Scheduled	0	NotALeader	0	0	0	0	0	0	0	0	0	0	0	2		{'CasGcGet':2,'ContextLock':9,'DiskConnectionsCreated':1,'DiskConnectionsElapsedMicroseconds':116,'DiskConnectionsExpired':3,'DiskConnectionsPreserved':4,'DiskConnectionsReused':3,'DiskS3GetObject':2,'DiskS3HeadObject':2,'DiskS3ReadMicroseconds':1635,'DiskS3ReadRequestsCount':4,'IOBufferAllocBytes':8540,'IOBufferAllocs':2,'MemoryAllocatedWithoutCheck':10,'MemoryAllocatedWithoutCheckBytes':10880,'ReadBufferFromS3Bytes':222,'ReadBufferFromS3InitMicroseconds':958,'ReadBufferFromS3Microseconds':968,'S3GetObject':2,'S3HeadObject':2,'S3ReadMicroseconds':1635,'S3ReadRequestsCount':4}	628b08f532df211ad3a46fafbf7578d9		0	{}
e10bbf9b059b	2026-07-26	2026-07-26 21:45:38	2026-07-26 21:45:38.426701	Start	ca	ca_soak_ch2	c898493f0ef1443214ee4b210130206a	Scheduled	0	Unknown	0	0	0	0	0	0	0	0	0	0	0	0		{}	aafe96364cd5f3c975d9e97c85d540a3		0	{}
e10bbf9b059b	2026-07-26	2026-07-26 21:45:38	2026-07-26 21:45:38.429595	Phase	ca	ca_soak_ch2	c898493f0ef1443214ee4b210130206a	Scheduled	0	Unknown	0	0	0	0	0	0	0	0	0	0	0	0		{'CasGcGet':2,'ContextLock':8,'DiskConnectionsCreated':1,'DiskConnectionsElapsedMicroseconds':165,'DiskConnectionsExpired':2,'DiskConnectionsPreserved':4,'DiskConnectionsReused':3,'DiskS3GetObject':2,'DiskS3HeadObject':2,'DiskS3ReadMicroseconds':1817,'DiskS3ReadRequestsCount':4,'IOBufferAllocBytes':8540,'IOBufferAllocs':2,'MemoryAllocatedWithoutCheck':12,'MemoryAllocatedWithoutCheckBytes':10976,'ReadBufferFromS3Bytes':222,'ReadBufferFromS3InitMicroseconds':1080,'ReadBufferFromS3Microseconds':1088,'S3GetObject':2,'S3HeadObject':2,'S3ReadMicroseconds':1817,'S3ReadRequestsCount':4}	aafe96364cd5f3c975d9e97c85d540a3	lease	2877	{'acquired':0,'steal_allowed':1}
e10bbf9b059b	2026-07-26	2026-07-26 21:45:38	2026-07-26 21:45:38.429600	Finish	ca	ca_soak_ch2	c898493f0ef1443214ee4b210130206a	Scheduled	0	NotALeader	0	0	0	0	0	0	0	0	0	0	0	2		{'CasGcGet':2,'ContextLock':9,'DiskConnectionsCreated':1,'DiskConnectionsElapsedMicroseconds':165,'DiskConnectionsExpired':2,'DiskConnectionsPreserved':4,'DiskConnectionsReused':3,'DiskS3GetObject':2,'DiskS3HeadObject':2,'DiskS3ReadMicroseconds':1817,'DiskS3ReadRequestsCount':4,'IOBufferAllocBytes':8540,'IOBufferAllocs':2,'MemoryAllocatedWithoutCheck':12,'MemoryAllocatedWithoutCheckBytes':10976,'ReadBufferFromS3Bytes':222,'ReadBufferFromS3InitMicroseconds':1080,'ReadBufferFromS3Microseconds':1088,'S3GetObject':2,'S3HeadObject':2,'S3ReadMicroseconds':1817,'S3ReadRequestsCount':4}	aafe96364cd5f3c975d9e97c85d540a3		0	{}
e10bbf9b059b	2026-07-26	2026-07-26 21:45:48	2026-07-26 21:45:48.429676	Start	ca	ca_soak_ch2	c898493f0ef1443214ee4b210130206a	Scheduled	0	Unknown	0	0	0	0	0	0	0	0	0	0	0	0		{}	39de9fe062e7caba7180011b2fd91fef		0	{}
e10bbf9b059b	2026-07-26	2026-07-26 21:45:48	2026-07-26 21:45:48.431388	Phase	ca	ca_soak_ch2	c898493f0ef1443214ee4b210130206a	Scheduled	0	Unknown	0	0	0	0	0	0	0	0	0	0	0	0		{'CasGcGet':2,'ContextLock':8,'DiskConnectionsPreserved':4,'DiskConnectionsReused':4,'DiskS3GetObject':2,'DiskS3HeadObject':2,'DiskS3ReadMicroseconds':1217,'DiskS3ReadRequestsCount':4,'IOBufferAllocBytes':8540,'IOBufferAllocs':2,'MemoryAllocatedWithoutCheck':8,'MemoryAllocatedWithoutCheckBytes':8704,'ReadBufferFromS3Bytes':222,'ReadBufferFromS3InitMicroseconds':911,'ReadBufferFromS3Microseconds':921,'S3GetObject':2,'S3HeadObject':2,'S3ReadMicroseconds':1217,'S3ReadRequestsCount':4}	39de9fe062e7caba7180011b2fd91fef	lease	1698	{'acquired':0,'steal_allowed':1}
e10bbf9b059b	2026-07-26	2026-07-26 21:45:48	2026-07-26 21:45:48.431395	Finish	ca	ca_soak_ch2	c898493f0ef1443214ee4b210130206a	Scheduled	0	NotALeader	0	0	0	0	0	0	0	0	0	0	0	1		{'CasGcGet':2,'ContextLock':9,'DiskConnectionsPreserved':4,'DiskConnectionsReused':4,'DiskS3GetObject':2,'DiskS3HeadObject':2,'DiskS3ReadMicroseconds':1217,'DiskS3ReadRequestsCount':4,'IOBufferAllocBytes':8540,'IOBufferAllocs':2,'MemoryAllocatedWithoutCheck':8,'MemoryAllocatedWithoutCheckBytes':8704,'ReadBufferFromS3Bytes':222,'ReadBufferFromS3InitMicroseconds':911,'ReadBufferFromS3Microseconds':921,'S3GetObject':2,'S3HeadObject':2,'S3ReadMicroseconds':1217,'S3ReadRequestsCount':4}	39de9fe062e7caba7180011b2fd91fef		0	{}
e10bbf9b059b	2026-07-26	2026-07-26 21:45:58	2026-07-26 21:45:58.431469	Start	ca	ca_soak_ch2	c898493f0ef1443214ee4b210130206a	Scheduled	0	Unknown	0	0	0	0	0	0	0	0	0	0	0	0		{}	0c3388aa3002e7e0a336f61eda32147e		0	{}
e10bbf9b059b	2026-07-26	2026-07-26 21:45:58	2026-07-26 21:45:58.433980	Phase	ca	ca_soak_ch2	c898493f0ef1443214ee4b210130206a	Scheduled	0	Unknown	0	0	0	0	0	0	0	0	0	0	0	0		{'CasGcGet':2,'ContextLock':8,'DiskConnectionsCreated':1,'DiskConnectionsElapsedMicroseconds':112,'DiskConnectionsExpired':3,'DiskConnectionsPreserved':4,'DiskConnectionsReused':3,'DiskS3GetObject':2,'DiskS3HeadObject':2,'DiskS3ReadMicroseconds':1682,'DiskS3ReadRequestsCount':4,'IOBufferAllocBytes':8540,'IOBufferAllocs':2,'MemoryAllocatedWithoutCheck':10,'MemoryAllocatedWithoutCheckBytes':10880,'ReadBufferFromS3Bytes':222,'ReadBufferFromS3InitMicroseconds':1056,'ReadBufferFromS3Microseconds':1066,'S3GetObject':2,'S3HeadObject':2,'S3ReadMicroseconds':1682,'S3ReadRequestsCount':4}	0c3388aa3002e7e0a336f61eda32147e	lease	2485	{'acquired':0,'steal_allowed':1}
e10bbf9b059b	2026-07-26	2026-07-26 21:45:58	2026-07-26 21:45:58.433987	Finish	ca	ca_soak_ch2	c898493f0ef1443214ee4b210130206a	Scheduled	0	NotALeader	0	0	0	0	0	0	0	0	0	0	0	2		{'CasGcGet':2,'ContextLock':9,'DiskConnectionsCreated':1,'DiskConnectionsElapsedMicroseconds':112,'DiskConnectionsExpired':3,'DiskConnectionsPreserved':4,'DiskConnectionsReused':3,'DiskS3GetObject':2,'DiskS3HeadObject':2,'DiskS3ReadMicroseconds':1682,'DiskS3ReadRequestsCount':4,'IOBufferAllocBytes':8540,'IOBufferAllocs':2,'MemoryAllocatedWithoutCheck':10,'MemoryAllocatedWithoutCheckBytes':10880,'ReadBufferFromS3Bytes':222,'ReadBufferFromS3InitMicroseconds':1056,'ReadBufferFromS3Microseconds':1066,'S3GetObject':2,'S3HeadObject':2,'S3ReadMicroseconds':1682,'S3ReadRequestsCount':4}	0c3388aa3002e7e0a336f61eda32147e		0	{}
e10bbf9b059b	2026-07-26	2026-07-26 21:46:08	2026-07-26 21:46:08.434054	Start	ca	ca_soak_ch2	c898493f0ef1443214ee4b210130206a	Scheduled	0	Unknown	0	0	0	0	0	0	0	0	0	0	0	0		{}	91c01dc27160cc2fbc9741c1996c0a84		0	{}
e10bbf9b059b	2026-07-26	2026-07-26 21:46:08	2026-07-26 21:46:08.436132	Phase	ca	ca_soak_ch2	c898493f0ef1443214ee4b210130206a	Scheduled	0	Unknown	0	0	0	0	0	0	0	0	0	0	0	0		{'CasGcGet':2,'ContextLock':8,'DiskConnectionsPreserved':4,'DiskConnectionsReused':4,'DiskS3GetObject':2,'DiskS3HeadObject':2,'DiskS3ReadMicroseconds':1520,'DiskS3ReadRequestsCount':4,'IOBufferAllocBytes':8540,'IOBufferAllocs':2,'MemoryAllocatedWithoutCheck':8,'MemoryAllocatedWithoutCheckBytes':8704,'ReadBufferFromS3Bytes':222,'ReadBufferFromS3InitMicroseconds':869,'ReadBufferFromS3Microseconds':877,'S3GetObject':2,'S3HeadObject':2,'S3ReadMicroseconds':1520,'S3ReadRequestsCount':4}	91c01dc27160cc2fbc9741c1996c0a84	lease	2066	{'acquired':0,'steal_allowed':1}
e10bbf9b059b	2026-07-26	2026-07-26 21:46:08	2026-07-26 21:46:08.436138	Finish	ca	ca_soak_ch2	c898493f0ef1443214ee4b210130206a	Scheduled	0	NotALeader	0	0	0	0	0	0	0	0	0	0	0	2		{'CasGcGet':2,'ContextLock':9,'DiskConnectionsPreserved':4,'DiskConnectionsReused':4,'DiskS3GetObject':2,'DiskS3HeadObject':2,'DiskS3ReadMicroseconds':1520,'DiskS3ReadRequestsCount':4,'IOBufferAllocBytes':8540,'IOBufferAllocs':2,'MemoryAllocatedWithoutCheck':8,'MemoryAllocatedWithoutCheckBytes':8704,'ReadBufferFromS3Bytes':222,'ReadBufferFromS3InitMicroseconds':869,'ReadBufferFromS3Microseconds':877,'S3GetObject':2,'S3HeadObject':2,'S3ReadMicroseconds':1520,'S3ReadRequestsCount':4}	91c01dc27160cc2fbc9741c1996c0a84		0	{}
e10bbf9b059b	2026-07-26	2026-07-26 21:46:18	2026-07-26 21:46:18.436214	Start	ca	ca_soak_ch2	c898493f0ef1443214ee4b210130206a	Scheduled	0	Unknown	0	0	0	0	0	0	0	0	0	0	0	0		{}	097690752420bd04c28165ff93d0f594		0	{}
e10bbf9b059b	2026-07-26	2026-07-26 21:46:18	2026-07-26 21:46:18.438849	Phase	ca	ca_soak_ch2	c898493f0ef1443214ee4b210130206a	Scheduled	0	Unknown	0	0	0	0	0	0	0	0	0	0	0	0		{'CasGcGet':2,'ContextLock':8,'DiskConnectionsCreated':1,'DiskConnectionsElapsedMicroseconds':122,'DiskConnectionsExpired':1,'DiskConnectionsPreserved':4,'DiskConnectionsReused':3,'DiskS3GetObject':2,'DiskS3HeadObject':2,'DiskS3ReadMicroseconds':1821,'DiskS3ReadRequestsCount':4,'IOBufferAllocBytes':8540,'IOBufferAllocs':2,'MemoryAllocatedWithoutCheck':12,'MemoryAllocatedWithoutCheckBytes':10976,'ReadBufferFromS3Bytes':222,'ReadBufferFromS3InitMicroseconds':1080,'ReadBufferFromS3Microseconds':1088,'S3GetObject':2,'S3HeadObject':2,'S3ReadMicroseconds':1821,'S3ReadRequestsCount':4}	097690752420bd04c28165ff93d0f594	lease	2620	{'acquired':0,'steal_allowed':1}
e10bbf9b059b	2026-07-26	2026-07-26 21:46:18	2026-07-26 21:46:18.438862	Finish	ca	ca_soak_ch2	c898493f0ef1443214ee4b210130206a	Scheduled	0	NotALeader	0	0	0	0	0	0	0	0	0	0	0	2		{'CasGcGet':2,'ContextLock':9,'DiskConnectionsCreated':1,'DiskConnectionsElapsedMicroseconds':122,'DiskConnectionsExpired':1,'DiskConnectionsPreserved':4,'DiskConnectionsReused':3,'DiskS3GetObject':2,'DiskS3HeadObject':2,'DiskS3ReadMicroseconds':1821,'DiskS3ReadRequestsCount':4,'IOBufferAllocBytes':8540,'IOBufferAllocs':2,'MemoryAllocatedWithoutCheck':12,'MemoryAllocatedWithoutCheckBytes':10976,'ReadBufferFromS3Bytes':222,'ReadBufferFromS3InitMicroseconds':1080,'ReadBufferFromS3Microseconds':1088,'S3GetObject':2,'S3HeadObject':2,'S3ReadMicroseconds':1821,'S3ReadRequestsCount':4}	097690752420bd04c28165ff93d0f594		0	{}
e10bbf9b059b	2026-07-26	2026-07-26 21:46:28	2026-07-26 21:46:28.438935	Start	ca	ca_soak_ch2	c898493f0ef1443214ee4b210130206a	Scheduled	0	Unknown	0	0	0	0	0	0	0	0	0	0	0	0		{}	124e841d8157d705f5eeac172d54db90		0	{}
e10bbf9b059b	2026-07-26	2026-07-26 21:46:28	2026-07-26 21:46:28.442224	Phase	ca	ca_soak_ch2	c898493f0ef1443214ee4b210130206a	Scheduled	0	Unknown	0	0	0	0	0	0	0	0	0	0	0	0		{'CasGcGet':2,'ContextLock':8,'DiskConnectionsCreated':1,'DiskConnectionsElapsedMicroseconds':96,'DiskConnectionsExpired':1,'DiskConnectionsPreserved':4,'DiskConnectionsReused':3,'DiskS3GetObject':2,'DiskS3HeadObject':2,'DiskS3ReadMicroseconds':2281,'DiskS3ReadRequestsCount':4,'IOBufferAllocBytes':8540,'IOBufferAllocs':2,'MemoryAllocatedWithoutCheck':10,'MemoryAllocatedWithoutCheckBytes':10880,'ReadBufferFromS3Bytes':222,'ReadBufferFromS3InitMicroseconds':1381,'ReadBufferFromS3Microseconds':1391,'S3GetObject':2,'S3HeadObject':2,'S3ReadMicroseconds':2281,'S3ReadRequestsCount':4}	124e841d8157d705f5eeac172d54db90	lease	3260	{'acquired':0,'steal_allowed':1}
e10bbf9b059b	2026-07-26	2026-07-26 21:46:28	2026-07-26 21:46:28.442235	Finish	ca	ca_soak_ch2	c898493f0ef1443214ee4b210130206a	Scheduled	0	NotALeader	0	0	0	0	0	0	0	0	0	0	0	3		{'CasGcGet':2,'ContextLock':9,'DiskConnectionsCreated':1,'DiskConnectionsElapsedMicroseconds':96,'DiskConnectionsExpired':1,'DiskConnectionsPreserved':4,'DiskConnectionsReused':3,'DiskS3GetObject':2,'DiskS3HeadObject':2,'DiskS3ReadMicroseconds':2281,'DiskS3ReadRequestsCount':4,'IOBufferAllocBytes':8540,'IOBufferAllocs':2,'MemoryAllocatedWithoutCheck':10,'MemoryAllocatedWithoutCheckBytes':10880,'ReadBufferFromS3Bytes':222,'ReadBufferFromS3InitMicroseconds':1381,'ReadBufferFromS3Microseconds':1391,'S3GetObject':2,'S3HeadObject':2,'S3ReadMicroseconds':2281,'S3ReadRequestsCount':4}	124e841d8157d705f5eeac172d54db90		0	{}
e10bbf9b059b	2026-07-26	2026-07-26 21:46:38	2026-07-26 21:46:38.442306	Start	ca	ca_soak_ch2	c898493f0ef1443214ee4b210130206a	Scheduled	0	Unknown	0	0	0	0	0	0	0	0	0	0	0	0		{}	fb605834b6902a044d3fa49afe88149e		0	{}
e10bbf9b059b	2026-07-26	2026-07-26 21:46:38	2026-07-26 21:46:38.445726	Phase	ca	ca_soak_ch2	c898493f0ef1443214ee4b210130206a	Scheduled	0	Unknown	0	0	0	0	0	0	0	0	0	0	0	0		{'CasGcGet':2,'ContextLock':8,'DiskConnectionsCreated':1,'DiskConnectionsElapsedMicroseconds':119,'DiskConnectionsExpired':1,'DiskConnectionsPreserved':4,'DiskConnectionsReused':3,'DiskS3GetObject':2,'DiskS3HeadObject':2,'DiskS3ReadMicroseconds':2330,'DiskS3ReadRequestsCount':4,'IOBufferAllocBytes':8540,'IOBufferAllocs':2,'MemoryAllocatedWithoutCheck':10,'MemoryAllocatedWithoutCheckBytes':10880,'ReadBufferFromS3Bytes':222,'ReadBufferFromS3InitMicroseconds':1454,'ReadBufferFromS3Microseconds':1488,'S3GetObject':2,'S3HeadObject':2,'S3ReadMicroseconds':2330,'S3ReadRequestsCount':4}	fb605834b6902a044d3fa49afe88149e	lease	3396	{'acquired':0,'steal_allowed':1}
e10bbf9b059b	2026-07-26	2026-07-26 21:46:38	2026-07-26 21:46:38.445735	Finish	ca	ca_soak_ch2	c898493f0ef1443214ee4b210130206a	Scheduled	0	NotALeader	0	0	0	0	0	0	0	0	0	0	0	3		{'CasGcGet':2,'ContextLock':9,'DiskConnectionsCreated':1,'DiskConnectionsElapsedMicroseconds':119,'DiskConnectionsExpired':1,'DiskConnectionsPreserved':4,'DiskConnectionsReused':3,'DiskS3GetObject':2,'DiskS3HeadObject':2,'DiskS3ReadMicroseconds':2330,'DiskS3ReadRequestsCount':4,'IOBufferAllocBytes':8540,'IOBufferAllocs':2,'MemoryAllocatedWithoutCheck':10,'MemoryAllocatedWithoutCheckBytes':10880,'ReadBufferFromS3Bytes':222,'ReadBufferFromS3InitMicroseconds':1454,'ReadBufferFromS3Microseconds':1488,'S3GetObject':2,'S3HeadObject':2,'S3ReadMicroseconds':2330,'S3ReadRequestsCount':4}	fb605834b6902a044d3fa49afe88149e		0	{}
e10bbf9b059b	2026-07-26	2026-07-26 21:46:48	2026-07-26 21:46:48.445808	Start	ca	ca_soak_ch2	c898493f0ef1443214ee4b210130206a	Scheduled	0	Unknown	0	0	0	0	0	0	0	0	0	0	0	0		{}	77edf43590b389382eda3dfc75b9dc3f		0	{}
e10bbf9b059b	2026-07-26	2026-07-26 21:46:48	2026-07-26 21:46:48.448080	Phase	ca	ca_soak_ch2	c898493f0ef1443214ee4b210130206a	Scheduled	0	Unknown	0	0	0	0	0	0	0	0	0	0	0	0		{'CasGcGet':2,'ContextLock':8,'DiskConnectionsCreated':1,'DiskConnectionsElapsedMicroseconds':129,'DiskConnectionsExpired':1,'DiskConnectionsPreserved':4,'DiskConnectionsReused':3,'DiskS3GetObject':2,'DiskS3HeadObject':2,'DiskS3ReadMicroseconds':1534,'DiskS3ReadRequestsCount':4,'IOBufferAllocBytes':8540,'IOBufferAllocs':2,'MemoryAllocatedWithoutCheck':10,'MemoryAllocatedWithoutCheckBytes':10880,'ReadBufferFromS3Bytes':222,'ReadBufferFromS3InitMicroseconds':920,'ReadBufferFromS3Microseconds':929,'S3GetObject':2,'S3HeadObject':2,'S3ReadMicroseconds':1534,'S3ReadRequestsCount':4}	77edf43590b389382eda3dfc75b9dc3f	lease	2244	{'acquired':0,'steal_allowed':1}
e10bbf9b059b	2026-07-26	2026-07-26 21:46:48	2026-07-26 21:46:48.448086	Finish	ca	ca_soak_ch2	c898493f0ef1443214ee4b210130206a	Scheduled	0	NotALeader	0	0	0	0	0	0	0	0	0	0	0	2		{'CasGcGet':2,'ContextLock':9,'DiskConnectionsCreated':1,'DiskConnectionsElapsedMicroseconds':129,'DiskConnectionsExpired':1,'DiskConnectionsPreserved':4,'DiskConnectionsReused':3,'DiskS3GetObject':2,'DiskS3HeadObject':2,'DiskS3ReadMicroseconds':1534,'DiskS3ReadRequestsCount':4,'IOBufferAllocBytes':8540,'IOBufferAllocs':2,'MemoryAllocatedWithoutCheck':10,'MemoryAllocatedWithoutCheckBytes':10880,'ReadBufferFromS3Bytes':222,'ReadBufferFromS3InitMicroseconds':920,'ReadBufferFromS3Microseconds':929,'S3GetObject':2,'S3HeadObject':2,'S3ReadMicroseconds':1534,'S3ReadRequestsCount':4}	77edf43590b389382eda3dfc75b9dc3f		0	{}
e10bbf9b059b	2026-07-26	2026-07-26 21:46:58	2026-07-26 21:46:58.448157	Start	ca	ca_soak_ch2	c898493f0ef1443214ee4b210130206a	Scheduled	0	Unknown	0	0	0	0	0	0	0	0	0	0	0	0		{}	3ffe8e6538d1e2028daa28f4b78c58aa		0	{}
e10bbf9b059b	2026-07-26	2026-07-26 21:46:58	2026-07-26 21:46:58.450690	Phase	ca	ca_soak_ch2	c898493f0ef1443214ee4b210130206a	Scheduled	0	Unknown	0	0	0	0	0	0	0	0	0	0	0	0		{'CasGcGet':2,'ContextLock':8,'DiskConnectionsCreated':1,'DiskConnectionsElapsedMicroseconds':105,'DiskConnectionsExpired':1,'DiskConnectionsPreserved':4,'DiskConnectionsReused':3,'DiskS3GetObject':2,'DiskS3HeadObject':2,'DiskS3ReadMicroseconds':1734,'DiskS3ReadRequestsCount':4,'IOBufferAllocBytes':8540,'IOBufferAllocs':2,'MemoryAllocatedWithoutCheck':12,'MemoryAllocatedWithoutCheckBytes':10976,'ReadBufferFromS3Bytes':222,'ReadBufferFromS3InitMicroseconds':1067,'ReadBufferFromS3Microseconds':1076,'S3GetObject':2,'S3HeadObject':2,'S3ReadMicroseconds':1734,'S3ReadRequestsCount':4}	3ffe8e6538d1e2028daa28f4b78c58aa	lease	2514	{'acquired':0,'steal_allowed':1}
e10bbf9b059b	2026-07-26	2026-07-26 21:46:58	2026-07-26 21:46:58.450697	Finish	ca	ca_soak_ch2	c898493f0ef1443214ee4b210130206a	Scheduled	0	NotALeader	0	0	0	0	0	0	0	0	0	0	0	2		{'CasGcGet':2,'ContextLock':9,'DiskConnectionsCreated':1,'DiskConnectionsElapsedMicroseconds':105,'DiskConnectionsExpired':1,'DiskConnectionsPreserved':4,'DiskConnectionsReused':3,'DiskS3GetObject':2,'DiskS3HeadObject':2,'DiskS3ReadMicroseconds':1734,'DiskS3ReadRequestsCount':4,'IOBufferAllocBytes':8540,'IOBufferAllocs':2,'MemoryAllocatedWithoutCheck':12,'MemoryAllocatedWithoutCheckBytes':10976,'ReadBufferFromS3Bytes':222,'ReadBufferFromS3InitMicroseconds':1067,'ReadBufferFromS3Microseconds':1076,'S3GetObject':2,'S3HeadObject':2,'S3ReadMicroseconds':1734,'S3ReadRequestsCount':4}	3ffe8e6538d1e2028daa28f4b78c58aa		0	{}
e10bbf9b059b	2026-07-26	2026-07-26 21:47:08	2026-07-26 21:47:08.450769	Start	ca	ca_soak_ch2	c898493f0ef1443214ee4b210130206a	Scheduled	0	Unknown	0	0	0	0	0	0	0	0	0	0	0	0		{}	adbb5b14d8bbe52aa0c98c7c67ce47ec		0	{}
e10bbf9b059b	2026-07-26	2026-07-26 21:47:08	2026-07-26 21:47:08.452704	Phase	ca	ca_soak_ch2	c898493f0ef1443214ee4b210130206a	Scheduled	0	Unknown	0	0	0	0	0	0	0	0	0	0	0	0		{'CasGcGet':2,'ContextLock':8,'DiskConnectionsCreated':1,'DiskConnectionsElapsedMicroseconds':86,'DiskConnectionsExpired':1,'DiskConnectionsPreserved':4,'DiskConnectionsReused':3,'DiskS3GetObject':2,'DiskS3HeadObject':2,'DiskS3ReadMicroseconds':1258,'DiskS3ReadRequestsCount':4,'IOBufferAllocBytes':8540,'IOBufferAllocs':2,'MemoryAllocatedWithoutCheck':10,'MemoryAllocatedWithoutCheckBytes':10880,'ReadBufferFromS3Bytes':222,'ReadBufferFromS3InitMicroseconds':794,'ReadBufferFromS3Microseconds':801,'S3GetObject':2,'S3HeadObject':2,'S3ReadMicroseconds':1258,'S3ReadRequestsCount':4}	adbb5b14d8bbe52aa0c98c7c67ce47ec	lease	1920	{'acquired':0,'steal_allowed':1}
e10bbf9b059b	2026-07-26	2026-07-26 21:47:08	2026-07-26 21:47:08.452711	Finish	ca	ca_soak_ch2	c898493f0ef1443214ee4b210130206a	Scheduled	0	NotALeader	0	0	0	0	0	0	0	0	0	0	0	1		{'CasGcGet':2,'ContextLock':9,'DiskConnectionsCreated':1,'DiskConnectionsElapsedMicroseconds':86,'DiskConnectionsExpired':1,'DiskConnectionsPreserved':4,'DiskConnectionsReused':3,'DiskS3GetObject':2,'DiskS3HeadObject':2,'DiskS3ReadMicroseconds':1258,'DiskS3ReadRequestsCount':4,'IOBufferAllocBytes':8540,'IOBufferAllocs':2,'MemoryAllocatedWithoutCheck':10,'MemoryAllocatedWithoutCheckBytes':10880,'ReadBufferFromS3Bytes':222,'ReadBufferFromS3InitMicroseconds':794,'ReadBufferFromS3Microseconds':801,'S3GetObject':2,'S3HeadObject':2,'S3ReadMicroseconds':1258,'S3ReadRequestsCount':4}	adbb5b14d8bbe52aa0c98c7c67ce47ec		0	{}
e10bbf9b059b	2026-07-26	2026-07-26 21:47:18	2026-07-26 21:47:18.452785	Start	ca	ca_soak_ch2	c898493f0ef1443214ee4b210130206a	Scheduled	0	Unknown	0	0	0	0	0	0	0	0	0	0	0	0		{}	718776c9e284317acd4bfe5d5ad8e9ee		0	{}
e10bbf9b059b	2026-07-26	2026-07-26 21:47:18	2026-07-26 21:47:18.455426	Phase	ca	ca_soak_ch2	c898493f0ef1443214ee4b210130206a	Scheduled	0	Unknown	0	0	0	0	0	0	0	0	0	0	0	0		{'CasGcGet':2,'ContextLock':8,'DiskConnectionsCreated':1,'DiskConnectionsElapsedMicroseconds':119,'DiskConnectionsExpired':1,'DiskConnectionsPreserved':4,'DiskConnectionsReused':3,'DiskS3GetObject':2,'DiskS3HeadObject':2,'DiskS3ReadMicroseconds':1761,'DiskS3ReadRequestsCount':4,'IOBufferAllocBytes':8540,'IOBufferAllocs':2,'MemoryAllocatedWithoutCheck':10,'MemoryAllocatedWithoutCheckBytes':10880,'ReadBufferFromS3Bytes':222,'ReadBufferFromS3InitMicroseconds':1044,'ReadBufferFromS3Microseconds':1053,'S3GetObject':2,'S3HeadObject':2,'S3ReadMicroseconds':1761,'S3ReadRequestsCount':4}	718776c9e284317acd4bfe5d5ad8e9ee	lease	2625	{'acquired':0,'steal_allowed':1}
e10bbf9b059b	2026-07-26	2026-07-26 21:47:18	2026-07-26 21:47:18.455439	Finish	ca	ca_soak_ch2	c898493f0ef1443214ee4b210130206a	Scheduled	0	NotALeader	0	0	0	0	0	0	0	0	0	0	0	2		{'CasGcGet':2,'ContextLock':9,'DiskConnectionsCreated':1,'DiskConnectionsElapsedMicroseconds':119,'DiskConnectionsExpired':1,'DiskConnectionsPreserved':4,'DiskConnectionsReused':3,'DiskS3GetObject':2,'DiskS3HeadObject':2,'DiskS3ReadMicroseconds':1761,'DiskS3ReadRequestsCount':4,'IOBufferAllocBytes':8540,'IOBufferAllocs':2,'MemoryAllocatedWithoutCheck':10,'MemoryAllocatedWithoutCheckBytes':10880,'ReadBufferFromS3Bytes':222,'ReadBufferFromS3InitMicroseconds':1044,'ReadBufferFromS3Microseconds':1053,'S3GetObject':2,'S3HeadObject':2,'S3ReadMicroseconds':1761,'S3ReadRequestsCount':4}	718776c9e284317acd4bfe5d5ad8e9ee		0	{}
e10bbf9b059b	2026-07-26	2026-07-26 21:47:28	2026-07-26 21:47:28.455509	Start	ca	ca_soak_ch2	c898493f0ef1443214ee4b210130206a	Scheduled	0	Unknown	0	0	0	0	0	0	0	0	0	0	0	0		{}	a4a5354ae75bf17593caa54ca16bde88		0	{}
e10bbf9b059b	2026-07-26	2026-07-26 21:47:28	2026-07-26 21:47:28.457988	Phase	ca	ca_soak_ch2	c898493f0ef1443214ee4b210130206a	Scheduled	0	Unknown	0	0	0	0	0	0	0	0	0	0	0	0		{'CasGcGet':2,'ContextLock':8,'DiskConnectionsCreated':1,'DiskConnectionsElapsedMicroseconds':115,'DiskConnectionsExpired':1,'DiskConnectionsPreserved':4,'DiskConnectionsReused':3,'DiskS3GetObject':2,'DiskS3HeadObject':2,'DiskS3ReadMicroseconds':1698,'DiskS3ReadRequestsCount':4,'IOBufferAllocBytes':8540,'IOBufferAllocs':2,'MemoryAllocatedWithoutCheck':10,'MemoryAllocatedWithoutCheckBytes':10880,'ReadBufferFromS3Bytes':222,'ReadBufferFromS3InitMicroseconds':1003,'ReadBufferFromS3Microseconds':1020,'S3GetObject':2,'S3HeadObject':2,'S3ReadMicroseconds':1698,'S3ReadRequestsCount':4}	a4a5354ae75bf17593caa54ca16bde88	lease	2464	{'acquired':0,'steal_allowed':1}
e10bbf9b059b	2026-07-26	2026-07-26 21:47:28	2026-07-26 21:47:28.457996	Finish	ca	ca_soak_ch2	c898493f0ef1443214ee4b210130206a	Scheduled	0	NotALeader	0	0	0	0	0	0	0	0	0	0	0	2		{'CasGcGet':2,'ContextLock':9,'DiskConnectionsCreated':1,'DiskConnectionsElapsedMicroseconds':115,'DiskConnectionsExpired':1,'DiskConnectionsPreserved':4,'DiskConnectionsReused':3,'DiskS3GetObject':2,'DiskS3HeadObject':2,'DiskS3ReadMicroseconds':1698,'DiskS3ReadRequestsCount':4,'IOBufferAllocBytes':8540,'IOBufferAllocs':2,'MemoryAllocatedWithoutCheck':10,'MemoryAllocatedWithoutCheckBytes':10880,'ReadBufferFromS3Bytes':222,'ReadBufferFromS3InitMicroseconds':1003,'ReadBufferFromS3Microseconds':1020,'S3GetObject':2,'S3HeadObject':2,'S3ReadMicroseconds':1698,'S3ReadRequestsCount':4}	a4a5354ae75bf17593caa54ca16bde88		0	{}
e10bbf9b059b	2026-07-26	2026-07-26 21:47:38	2026-07-26 21:47:38.458053	Start	ca	ca_soak_ch2	c898493f0ef1443214ee4b210130206a	Scheduled	0	Unknown	0	0	0	0	0	0	0	0	0	0	0	0		{}	adedf4e62cebbd4f7ff7a314fe434230		0	{}
e10bbf9b059b	2026-07-26	2026-07-26 21:47:38	2026-07-26 21:47:38.460669	Phase	ca	ca_soak_ch2	c898493f0ef1443214ee4b210130206a	Scheduled	0	Unknown	0	0	0	0	0	0	0	0	0	0	0	0		{'CasGcGet':2,'ContextLock':8,'DiskConnectionsCreated':1,'DiskConnectionsElapsedMicroseconds':122,'DiskConnectionsExpired':1,'DiskConnectionsPreserved':4,'DiskConnectionsReused':3,'DiskS3GetObject':2,'DiskS3HeadObject':2,'DiskS3ReadMicroseconds':1752,'DiskS3ReadRequestsCount':4,'IOBufferAllocBytes':8540,'IOBufferAllocs':2,'MemoryAllocatedWithoutCheck':12,'MemoryAllocatedWithoutCheckBytes':10976,'ReadBufferFromS3Bytes':222,'ReadBufferFromS3InitMicroseconds':1093,'ReadBufferFromS3Microseconds':1102,'S3GetObject':2,'S3HeadObject':2,'S3ReadMicroseconds':1752,'S3ReadRequestsCount':4}	adedf4e62cebbd4f7ff7a314fe434230	lease	2576	{'acquired':0,'steal_allowed':1}
e10bbf9b059b	2026-07-26	2026-07-26 21:47:38	2026-07-26 21:47:38.460677	Finish	ca	ca_soak_ch2	c898493f0ef1443214ee4b210130206a	Scheduled	0	NotALeader	0	0	0	0	0	0	0	0	0	0	0	2		{'CasGcGet':2,'ContextLock':9,'DiskConnectionsCreated':1,'DiskConnectionsElapsedMicroseconds':122,'DiskConnectionsExpired':1,'DiskConnectionsPreserved':4,'DiskConnectionsReused':3,'DiskS3GetObject':2,'DiskS3HeadObject':2,'DiskS3ReadMicroseconds':1752,'DiskS3ReadRequestsCount':4,'IOBufferAllocBytes':8540,'IOBufferAllocs':2,'MemoryAllocatedWithoutCheck':12,'MemoryAllocatedWithoutCheckBytes':10976,'ReadBufferFromS3Bytes':222,'ReadBufferFromS3InitMicroseconds':1093,'ReadBufferFromS3Microseconds':1102,'S3GetObject':2,'S3HeadObject':2,'S3ReadMicroseconds':1752,'S3ReadRequestsCount':4}	adedf4e62cebbd4f7ff7a314fe434230		0	{}
e10bbf9b059b	2026-07-26	2026-07-26 21:47:48	2026-07-26 21:47:48.460736	Start	ca	ca_soak_ch2	c898493f0ef1443214ee4b210130206a	Scheduled	0	Unknown	0	0	0	0	0	0	0	0	0	0	0	0		{}	43f20116dbcad782797ac7e6cc4edc11		0	{}
e10bbf9b059b	2026-07-26	2026-07-26 21:47:48	2026-07-26 21:47:48.463250	Phase	ca	ca_soak_ch2	c898493f0ef1443214ee4b210130206a	Scheduled	0	Unknown	0	0	0	0	0	0	0	0	0	0	0	0		{'CasGcGet':2,'ContextLock':8,'DiskConnectionsCreated':1,'DiskConnectionsElapsedMicroseconds':125,'DiskConnectionsExpired':1,'DiskConnectionsPreserved':4,'DiskConnectionsReused':3,'DiskS3GetObject':2,'DiskS3HeadObject':2,'DiskS3ReadMicroseconds':1680,'DiskS3ReadRequestsCount':4,'IOBufferAllocBytes':8540,'IOBufferAllocs':2,'MemoryAllocatedWithoutCheck':10,'MemoryAllocatedWithoutCheckBytes':10880,'ReadBufferFromS3Bytes':222,'ReadBufferFromS3InitMicroseconds':1037,'ReadBufferFromS3Microseconds':1048,'S3GetObject':2,'S3HeadObject':2,'S3ReadMicroseconds':1680,'S3ReadRequestsCount':4}	43f20116dbcad782797ac7e6cc4edc11	lease	2499	{'acquired':0,'steal_allowed':1}
e10bbf9b059b	2026-07-26	2026-07-26 21:47:48	2026-07-26 21:47:48.463257	Finish	ca	ca_soak_ch2	c898493f0ef1443214ee4b210130206a	Scheduled	0	NotALeader	0	0	0	0	0	0	0	0	0	0	0	2		{'CasGcGet':2,'ContextLock':9,'DiskConnectionsCreated':1,'DiskConnectionsElapsedMicroseconds':125,'DiskConnectionsExpired':1,'DiskConnectionsPreserved':4,'DiskConnectionsReused':3,'DiskS3GetObject':2,'DiskS3HeadObject':2,'DiskS3ReadMicroseconds':1680,'DiskS3ReadRequestsCount':4,'IOBufferAllocBytes':8540,'IOBufferAllocs':2,'MemoryAllocatedWithoutCheck':10,'MemoryAllocatedWithoutCheckBytes':10880,'ReadBufferFromS3Bytes':222,'ReadBufferFromS3InitMicroseconds':1037,'ReadBufferFromS3Microseconds':1048,'S3GetObject':2,'S3HeadObject':2,'S3ReadMicroseconds':1680,'S3ReadRequestsCount':4}	43f20116dbcad782797ac7e6cc4edc11		0	{}
e10bbf9b059b	2026-07-26	2026-07-26 21:47:58	2026-07-26 21:47:58.463336	Start	ca	ca_soak_ch2	c898493f0ef1443214ee4b210130206a	Scheduled	0	Unknown	0	0	0	0	0	0	0	0	0	0	0	0		{}	0d519415a79d11c7893d6af70cce525f		0	{}
e10bbf9b059b	2026-07-26	2026-07-26 21:47:58	2026-07-26 21:47:58.466314	Phase	ca	ca_soak_ch2	c898493f0ef1443214ee4b210130206a	Scheduled	0	Unknown	0	0	0	0	0	0	0	0	0	0	0	0		{'CasGcGet':2,'ContextLock':8,'DiskConnectionsCreated':1,'DiskConnectionsElapsedMicroseconds':115,'DiskConnectionsExpired':1,'DiskConnectionsPreserved':4,'DiskConnectionsReused':3,'DiskS3GetObject':2,'DiskS3HeadObject':2,'DiskS3ReadMicroseconds':2013,'DiskS3ReadRequestsCount':4,'IOBufferAllocBytes':8540,'IOBufferAllocs':2,'MemoryAllocatedWithoutCheck':10,'MemoryAllocatedWithoutCheckBytes':10880,'ReadBufferFromS3Bytes':222,'ReadBufferFromS3InitMicroseconds':1176,'ReadBufferFromS3Microseconds':1187,'S3GetObject':2,'S3HeadObject':2,'S3ReadMicroseconds':2013,'S3ReadRequestsCount':4}	0d519415a79d11c7893d6af70cce525f	lease	2955	{'acquired':0,'steal_allowed':1}
e10bbf9b059b	2026-07-26	2026-07-26 21:47:58	2026-07-26 21:47:58.466329	Finish	ca	ca_soak_ch2	c898493f0ef1443214ee4b210130206a	Scheduled	0	NotALeader	0	0	0	0	0	0	0	0	0	0	0	2		{'CasGcGet':2,'ContextLock':9,'DiskConnectionsCreated':1,'DiskConnectionsElapsedMicroseconds':115,'DiskConnectionsExpired':1,'DiskConnectionsPreserved':4,'DiskConnectionsReused':3,'DiskS3GetObject':2,'DiskS3HeadObject':2,'DiskS3ReadMicroseconds':2013,'DiskS3ReadRequestsCount':4,'IOBufferAllocBytes':8540,'IOBufferAllocs':2,'MemoryAllocatedWithoutCheck':10,'MemoryAllocatedWithoutCheckBytes':10880,'ReadBufferFromS3Bytes':222,'ReadBufferFromS3InitMicroseconds':1176,'ReadBufferFromS3Microseconds':1187,'S3GetObject':2,'S3HeadObject':2,'S3ReadMicroseconds':2013,'S3ReadRequestsCount':4}	0d519415a79d11c7893d6af70cce525f		0	{}
e10bbf9b059b	2026-07-26	2026-07-26 21:48:08	2026-07-26 21:48:08.466403	Start	ca	ca_soak_ch2	c898493f0ef1443214ee4b210130206a	Scheduled	0	Unknown	0	0	0	0	0	0	0	0	0	0	0	0		{}	7f06ec3c897f11f5b50a61cdc5232325		0	{}
e10bbf9b059b	2026-07-26	2026-07-26 21:48:08	2026-07-26 21:48:08.468811	Phase	ca	ca_soak_ch2	c898493f0ef1443214ee4b210130206a	Scheduled	0	Unknown	0	0	0	0	0	0	0	0	0	0	0	0		{'CasGcGet':2,'ContextLock':8,'DiskConnectionsCreated':1,'DiskConnectionsElapsedMicroseconds':112,'DiskConnectionsExpired':1,'DiskConnectionsPreserved':4,'DiskConnectionsReused':3,'DiskS3GetObject':2,'DiskS3HeadObject':2,'DiskS3ReadMicroseconds':1665,'DiskS3ReadRequestsCount':4,'IOBufferAllocBytes':8540,'IOBufferAllocs':2,'MemoryAllocatedWithoutCheck':10,'MemoryAllocatedWithoutCheckBytes':10880,'ReadBufferFromS3Bytes':222,'ReadBufferFromS3InitMicroseconds':977,'ReadBufferFromS3Microseconds':985,'S3GetObject':2,'S3HeadObject':2,'S3ReadMicroseconds':1665,'S3ReadRequestsCount':4}	7f06ec3c897f11f5b50a61cdc5232325	lease	2390	{'acquired':0,'steal_allowed':1}
e10bbf9b059b	2026-07-26	2026-07-26 21:48:08	2026-07-26 21:48:08.468820	Finish	ca	ca_soak_ch2	c898493f0ef1443214ee4b210130206a	Scheduled	0	NotALeader	0	0	0	0	0	0	0	0	0	0	0	2		{'CasGcGet':2,'ContextLock':9,'DiskConnectionsCreated':1,'DiskConnectionsElapsedMicroseconds':112,'DiskConnectionsExpired':1,'DiskConnectionsPreserved':4,'DiskConnectionsReused':3,'DiskS3GetObject':2,'DiskS3HeadObject':2,'DiskS3ReadMicroseconds':1665,'DiskS3ReadRequestsCount':4,'IOBufferAllocBytes':8540,'IOBufferAllocs':2,'MemoryAllocatedWithoutCheck':10,'MemoryAllocatedWithoutCheckBytes':10880,'ReadBufferFromS3Bytes':222,'ReadBufferFromS3InitMicroseconds':977,'ReadBufferFromS3Microseconds':985,'S3GetObject':2,'S3HeadObject':2,'S3ReadMicroseconds':1665,'S3ReadRequestsCount':4}	7f06ec3c897f11f5b50a61cdc5232325		0	{}
e10bbf9b059b	2026-07-26	2026-07-26 21:48:18	2026-07-26 21:48:18.468892	Start	ca	ca_soak_ch2	c898493f0ef1443214ee4b210130206a	Scheduled	0	Unknown	0	0	0	0	0	0	0	0	0	0	0	0		{}	2274e40f7a9d987dcdbd577be60edc38		0	{}
e10bbf9b059b	2026-07-26	2026-07-26 21:48:18	2026-07-26 21:48:18.471408	Phase	ca	ca_soak_ch2	c898493f0ef1443214ee4b210130206a	Scheduled	0	Unknown	0	0	0	0	0	0	0	0	0	0	0	0		{'CasGcGet':2,'ContextLock':8,'DiskConnectionsCreated':1,'DiskConnectionsElapsedMicroseconds':110,'DiskConnectionsExpired':1,'DiskConnectionsPreserved':4,'DiskConnectionsReused':3,'DiskS3GetObject':2,'DiskS3HeadObject':2,'DiskS3ReadMicroseconds':1764,'DiskS3ReadRequestsCount':4,'IOBufferAllocBytes':8540,'IOBufferAllocs':2,'MemoryAllocatedWithoutCheck':12,'MemoryAllocatedWithoutCheckBytes':10976,'ReadBufferFromS3Bytes':222,'ReadBufferFromS3InitMicroseconds':1082,'ReadBufferFromS3Microseconds':1091,'S3GetObject':2,'S3HeadObject':2,'S3ReadMicroseconds':1764,'S3ReadRequestsCount':4}	2274e40f7a9d987dcdbd577be60edc38	lease	2501	{'acquired':0,'steal_allowed':1}
e10bbf9b059b	2026-07-26	2026-07-26 21:48:18	2026-07-26 21:48:18.471415	Finish	ca	ca_soak_ch2	c898493f0ef1443214ee4b210130206a	Scheduled	0	NotALeader	0	0	0	0	0	0	0	0	0	0	0	2		{'CasGcGet':2,'ContextLock':9,'DiskConnectionsCreated':1,'DiskConnectionsElapsedMicroseconds':110,'DiskConnectionsExpired':1,'DiskConnectionsPreserved':4,'DiskConnectionsReused':3,'DiskS3GetObject':2,'DiskS3HeadObject':2,'DiskS3ReadMicroseconds':1764,'DiskS3ReadRequestsCount':4,'IOBufferAllocBytes':8540,'IOBufferAllocs':2,'MemoryAllocatedWithoutCheck':12,'MemoryAllocatedWithoutCheckBytes':10976,'ReadBufferFromS3Bytes':222,'ReadBufferFromS3InitMicroseconds':1082,'ReadBufferFromS3Microseconds':1091,'S3GetObject':2,'S3HeadObject':2,'S3ReadMicroseconds':1764,'S3ReadRequestsCount':4}	2274e40f7a9d987dcdbd577be60edc38		0	{}
e10bbf9b059b	2026-07-26	2026-07-26 21:48:28	2026-07-26 21:48:28.471487	Start	ca	ca_soak_ch2	c898493f0ef1443214ee4b210130206a	Scheduled	0	Unknown	0	0	0	0	0	0	0	0	0	0	0	0		{}	f7538110299c05ad00e0bdb5f7c50d12		0	{}
e10bbf9b059b	2026-07-26	2026-07-26 21:48:28	2026-07-26 21:48:28.473030	Phase	ca	ca_soak_ch2	c898493f0ef1443214ee4b210130206a	Scheduled	0	Unknown	0	0	0	0	0	0	0	0	0	0	0	0		{'CasGcGet':2,'ContextLock':8,'DiskConnectionsPreserved':4,'DiskConnectionsReused':4,'DiskS3GetObject':2,'DiskS3HeadObject':2,'DiskS3ReadMicroseconds':1111,'DiskS3ReadRequestsCount':4,'IOBufferAllocBytes':8540,'IOBufferAllocs':2,'MemoryAllocatedWithoutCheck':8,'MemoryAllocatedWithoutCheckBytes':8704,'ReadBufferFromS3Bytes':222,'ReadBufferFromS3InitMicroseconds':768,'ReadBufferFromS3Microseconds':773,'S3GetObject':2,'S3HeadObject':2,'S3ReadMicroseconds':1111,'S3ReadRequestsCount':4}	f7538110299c05ad00e0bdb5f7c50d12	lease	1525	{'acquired':0,'steal_allowed':1}
e10bbf9b059b	2026-07-26	2026-07-26 21:48:28	2026-07-26 21:48:28.473036	Finish	ca	ca_soak_ch2	c898493f0ef1443214ee4b210130206a	Scheduled	0	NotALeader	0	0	0	0	0	0	0	0	0	0	0	1		{'CasGcGet':2,'ContextLock':9,'DiskConnectionsPreserved':4,'DiskConnectionsReused':4,'DiskS3GetObject':2,'DiskS3HeadObject':2,'DiskS3ReadMicroseconds':1111,'DiskS3ReadRequestsCount':4,'IOBufferAllocBytes':8540,'IOBufferAllocs':2,'MemoryAllocatedWithoutCheck':8,'MemoryAllocatedWithoutCheckBytes':8704,'ReadBufferFromS3Bytes':222,'ReadBufferFromS3InitMicroseconds':768,'ReadBufferFromS3Microseconds':773,'S3GetObject':2,'S3HeadObject':2,'S3ReadMicroseconds':1111,'S3ReadRequestsCount':4}	f7538110299c05ad00e0bdb5f7c50d12		0	{}
e10bbf9b059b	2026-07-26	2026-07-26 21:48:38	2026-07-26 21:48:38.473053	Start	ca	ca_soak_ch2	c898493f0ef1443214ee4b210130206a	Scheduled	0	Unknown	0	0	0	0	0	0	0	0	0	0	0	0		{}	086533c9d4a4cee146d09f87bebc4459		0	{}
e10bbf9b059b	2026-07-26	2026-07-26 21:48:38	2026-07-26 21:48:38.476517	Phase	ca	ca_soak_ch2	c898493f0ef1443214ee4b210130206a	Scheduled	0	Unknown	0	0	0	0	0	0	0	0	0	0	0	0		{'CasGcGet':2,'ContextLock':8,'DiskConnectionsCreated':1,'DiskConnectionsElapsedMicroseconds':108,'DiskConnectionsExpired':1,'DiskConnectionsPreserved':4,'DiskConnectionsReused':3,'DiskS3GetObject':2,'DiskS3HeadObject':2,'DiskS3ReadMicroseconds':2373,'DiskS3ReadRequestsCount':4,'IOBufferAllocBytes':8540,'IOBufferAllocs':2,'MemoryAllocatedWithoutCheck':10,'MemoryAllocatedWithoutCheckBytes':10880,'ReadBufferFromS3Bytes':222,'ReadBufferFromS3InitMicroseconds':1552,'ReadBufferFromS3Microseconds':1562,'S3GetObject':2,'S3HeadObject':2,'S3ReadMicroseconds':2373,'S3ReadRequestsCount':4}	086533c9d4a4cee146d09f87bebc4459	lease	3439	{'acquired':0,'steal_allowed':1}
e10bbf9b059b	2026-07-26	2026-07-26 21:48:38	2026-07-26 21:48:38.476531	Finish	ca	ca_soak_ch2	c898493f0ef1443214ee4b210130206a	Scheduled	0	NotALeader	0	0	0	0	0	0	0	0	0	0	0	3		{'CasGcGet':2,'ContextLock':9,'DiskConnectionsCreated':1,'DiskConnectionsElapsedMicroseconds':108,'DiskConnectionsExpired':1,'DiskConnectionsPreserved':4,'DiskConnectionsReused':3,'DiskS3GetObject':2,'DiskS3HeadObject':2,'DiskS3ReadMicroseconds':2373,'DiskS3ReadRequestsCount':4,'IOBufferAllocBytes':8540,'IOBufferAllocs':2,'MemoryAllocatedWithoutCheck':10,'MemoryAllocatedWithoutCheckBytes':10880,'ReadBufferFromS3Bytes':222,'ReadBufferFromS3InitMicroseconds':1552,'ReadBufferFromS3Microseconds':1562,'S3GetObject':2,'S3HeadObject':2,'S3ReadMicroseconds':2373,'S3ReadRequestsCount':4}	086533c9d4a4cee146d09f87bebc4459		0	{}
e10bbf9b059b	2026-07-26	2026-07-26 21:48:48	2026-07-26 21:48:48.476614	Start	ca	ca_soak_ch2	c898493f0ef1443214ee4b210130206a	Scheduled	0	Unknown	0	0	0	0	0	0	0	0	0	0	0	0		{}	e9a93d9de9447db07dd3769f2d1f833b		0	{}
e10bbf9b059b	2026-07-26	2026-07-26 21:48:48	2026-07-26 21:48:48.479247	Phase	ca	ca_soak_ch2	c898493f0ef1443214ee4b210130206a	Scheduled	0	Unknown	0	0	0	0	0	0	0	0	0	0	0	0		{'CasGcGet':2,'ContextLock':8,'DiskConnectionsCreated':1,'DiskConnectionsElapsedMicroseconds':107,'DiskConnectionsExpired':1,'DiskConnectionsPreserved':4,'DiskConnectionsReused':3,'DiskS3GetObject':2,'DiskS3HeadObject':2,'DiskS3ReadMicroseconds':1824,'DiskS3ReadRequestsCount':4,'IOBufferAllocBytes':8540,'IOBufferAllocs':2,'MemoryAllocatedWithoutCheck':10,'MemoryAllocatedWithoutCheckBytes':10880,'ReadBufferFromS3Bytes':222,'ReadBufferFromS3InitMicroseconds':1106,'ReadBufferFromS3Microseconds':1114,'S3GetObject':2,'S3HeadObject':2,'S3ReadMicroseconds':1824,'S3ReadRequestsCount':4}	e9a93d9de9447db07dd3769f2d1f833b	lease	2619	{'acquired':0,'steal_allowed':1}
e10bbf9b059b	2026-07-26	2026-07-26 21:48:48	2026-07-26 21:48:48.479260	Finish	ca	ca_soak_ch2	c898493f0ef1443214ee4b210130206a	Scheduled	0	NotALeader	0	0	0	0	0	0	0	0	0	0	0	2		{'CasGcGet':2,'ContextLock':9,'DiskConnectionsCreated':1,'DiskConnectionsElapsedMicroseconds':107,'DiskConnectionsExpired':1,'DiskConnectionsPreserved':4,'DiskConnectionsReused':3,'DiskS3GetObject':2,'DiskS3HeadObject':2,'DiskS3ReadMicroseconds':1824,'DiskS3ReadRequestsCount':4,'IOBufferAllocBytes':8540,'IOBufferAllocs':2,'MemoryAllocatedWithoutCheck':10,'MemoryAllocatedWithoutCheckBytes':10880,'ReadBufferFromS3Bytes':222,'ReadBufferFromS3InitMicroseconds':1106,'ReadBufferFromS3Microseconds':1114,'S3GetObject':2,'S3HeadObject':2,'S3ReadMicroseconds':1824,'S3ReadRequestsCount':4}	e9a93d9de9447db07dd3769f2d1f833b		0	{}
e10bbf9b059b	2026-07-26	2026-07-26 21:48:58	2026-07-26 21:48:58.479327	Start	ca	ca_soak_ch2	c898493f0ef1443214ee4b210130206a	Scheduled	0	Unknown	0	0	0	0	0	0	0	0	0	0	0	0		{}	8f18d9e506c5449978f9eef959a11013		0	{}
e10bbf9b059b	2026-07-26	2026-07-26 21:48:58	2026-07-26 21:48:58.482198	Phase	ca	ca_soak_ch2	c898493f0ef1443214ee4b210130206a	Scheduled	0	Unknown	0	0	0	0	0	0	0	0	0	0	0	0		{'CasGcGet':2,'ContextLock':8,'DiskConnectionsCreated':1,'DiskConnectionsElapsedMicroseconds':127,'DiskConnectionsExpired':1,'DiskConnectionsPreserved':4,'DiskConnectionsReused':3,'DiskS3GetObject':2,'DiskS3HeadObject':2,'DiskS3ReadMicroseconds':1962,'DiskS3ReadRequestsCount':4,'IOBufferAllocBytes':8540,'IOBufferAllocs':2,'MemoryAllocatedWithoutCheck':12,'MemoryAllocatedWithoutCheckBytes':10976,'ReadBufferFromS3Bytes':222,'ReadBufferFromS3InitMicroseconds':1274,'ReadBufferFromS3Microseconds':1282,'S3GetObject':2,'S3HeadObject':2,'S3ReadMicroseconds':1962,'S3ReadRequestsCount':4}	8f18d9e506c5449978f9eef959a11013	lease	2851	{'acquired':0,'steal_allowed':1}
e10bbf9b059b	2026-07-26	2026-07-26 21:48:58	2026-07-26 21:48:58.482206	Finish	ca	ca_soak_ch2	c898493f0ef1443214ee4b210130206a	Scheduled	0	NotALeader	0	0	0	0	0	0	0	0	0	0	0	2		{'CasGcGet':2,'ContextLock':9,'DiskConnectionsCreated':1,'DiskConnectionsElapsedMicroseconds':127,'DiskConnectionsExpired':1,'DiskConnectionsPreserved':4,'DiskConnectionsReused':3,'DiskS3GetObject':2,'DiskS3HeadObject':2,'DiskS3ReadMicroseconds':1962,'DiskS3ReadRequestsCount':4,'IOBufferAllocBytes':8540,'IOBufferAllocs':2,'MemoryAllocatedWithoutCheck':12,'MemoryAllocatedWithoutCheckBytes':10976,'ReadBufferFromS3Bytes':222,'ReadBufferFromS3InitMicroseconds':1274,'ReadBufferFromS3Microseconds':1282,'S3GetObject':2,'S3HeadObject':2,'S3ReadMicroseconds':1962,'S3ReadRequestsCount':4}	8f18d9e506c5449978f9eef959a11013		0	{}