round_id	round	phase	phase_duration_microseconds	phase_metrics	ProfileEvents
04f4255239e6868845d440ca78a40222	0	manifest_deletes	0	{'attempted':0,'deleted':0,'suppressed':0}	{}
04f4255239e6868845d440ca78a40222	0	namespace_cleanup	445012	{'evidence_rows':0,'janitor_deleted':0,'janitor_keys':1000,'janitor_pages':1,'leaked':0}	{'CASConditionalWriteAttempts':1,'CASConditionalWriteCommitted':1,'CASGCCompareSwap':1,'CASGCGet':2,'CASOtherGet':1,'CASRootList':1,'ContextLock':13,'DiskConnectionsPreserved':6,'DiskConnectionsReused':6,'DiskS3GetObject':3,'DiskS3HeadObject':3,'DiskS3ReadMicroseconds':1832,'DiskS3ReadRequestsCount':6,'GlobalThreadPoolJobs':1,'IOBufferAllocBytes':1061722,'IOBufferAllocs':4,'LocalThreadPoolExpansions':1,'LocalThreadPoolJobs':4,'LocalThreadPoolShrinks':1,'LocalThreadPoolThreadCreationMicroseconds':2,'LogTrace':3,'MemoryAllocatedWithoutCheck':12,'MemoryAllocatedWithoutCheckBytes':13056,'ReadBufferFromS3Bytes':606,'ReadBufferFromS3InitMicroseconds':1167,'ReadBufferFromS3Microseconds':1180,'S3GetObject':3,'S3HeadObject':3,'S3ReadMicroseconds':1832,'S3ReadRequestsCount':6,'WriteBufferFromS3Bytes':152}
04f4255239e6868845d440ca78a40222	0	orphan_sweep	2	{'cursor_advanced':0,'deleted':0,'list_budget_keys':1000,'listed':2,'retained_hold':0,'retained_no_coverage':0,'retained_tail_removal':0,'retained_unconsumed_seal':0,'skipped':2,'suppressed':0}	{}
04f4255239e6868845d440ca78a40222	0	pending_deletes	2703446	{'absent':0,'deleted':5000,'graduated':5000,'outcome_logs_written':1,'redeleted':5000,'replaced':0,'spared':0}	{'CASBlobDelete':5000,'CASConditionalWriteAttempts':1,'CASConditionalWriteCommitted':1,'CASGCPut':1,'CASGCRetiredGraduated':5000,'CASGCRetiredRedeleted':5000,'ContextLock':15001,'DiskConnectionsCreated':33,'DiskConnectionsElapsedMicroseconds':1980,'DiskConnectionsExpired':57,'DiskConnectionsPreserved':4943,'DiskConnectionsReused':4967,'DiskS3DeleteObjects':5000,'DiskS3WriteMicroseconds':2298133,'DiskS3WriteRequestAttempts':5000,'DiskS3WriteRequestsCount':5000,'IOBufferAllocBytes':1048639,'IOBufferAllocs':1,'LocalThreadPoolJobs':5001,'LocalThreadPoolLockWaitMicroseconds':2,'LogTrace':3,'MemoryAllocatedWithoutCheck':9953,'MemoryAllocatedWithoutCheckBytes':12466176,'S3WriteMicroseconds':2298133,'S3WriteRequestAttempts':5000,'S3WriteRequestsCount':5000,'WriteBufferFromS3Bytes':183431}
04f4255239e6868845d440ca78a40222	0	ref_object_cleanup	7109936	{'namespaces_planned':2,'suppressed':0,'trim_enabled':1}	{'CASGCGet':5000,'CASOtherGet':5000,'CASRefCleanupObjectsDeleted':5000,'CASRootDelete':5000,'CASRootGet':2,'CASRootHead':5000,'ContextLock':45008,'ContextLockWaitMicroseconds':21,'DiskConnectionsCreated':295,'DiskConnectionsElapsedMicroseconds':15748,'DiskConnectionsExpired':300,'DiskConnectionsPreserved':29704,'DiskConnectionsReused':29709,'DiskS3DeleteObjects':5000,'DiskS3GetObject':10002,'DiskS3HeadObject':15002,'DiskS3ReadMicroseconds':3476183,'DiskS3ReadRequestsCount':25004,'DiskS3WriteMicroseconds':1996671,'DiskS3WriteRequestAttempts':5000,'DiskS3WriteRequestsCount':5000,'IOBufferAllocBytes':43868915,'IOBufferAllocs':10002,'MemoryAllocatedWithoutCheck':60000,'MemoryAllocatedWithoutCheckBytes':65277920,'QueryProfilerRuns':1,'ReadBufferFromS3Bytes':2270597,'ReadBufferFromS3InitMicroseconds':2086573,'ReadBufferFromS3Microseconds':2101592,'S3GetObject':10002,'S3HeadObject':15002,'S3ReadMicroseconds':3476183,'S3ReadRequestsCount':25004,'S3WriteMicroseconds':1996671,'S3WriteRequestAttempts':5000,'S3WriteRequestsCount':5000}
04f4255239e6868845d440ca78a40222	0	round_commit	3833	{'generation':14,'generations_referenced':2,'generations_visited':1,'pruned_through':11,'round':14}	{'CASConditionalWriteAttempts':1,'CASConditionalWriteCommitted':1,'CASGCCompareSwap':1,'CASGCDelete':3,'CASGCEnumerationPages':1,'CASGCList':1,'ContextLock':4,'DiskConnectionsPreserved':3,'DiskConnectionsReused':3,'DiskS3DeleteObjects':3,'DiskS3WriteMicroseconds':1427,'DiskS3WriteRequestAttempts':3,'DiskS3WriteRequestsCount':3,'GlobalThreadPoolJobs':1,'IOBufferAllocBytes':1048639,'IOBufferAllocs':1,'LocalThreadPoolExpansions':1,'LocalThreadPoolJobs':2,'LocalThreadPoolShrinks':1,'LocalThreadPoolThreadCreationMicroseconds':4,'LogTrace':3,'MemoryAllocatedWithoutCheck':6,'MemoryAllocatedWithoutCheckBytes':6528,'S3WriteMicroseconds':1427,'S3WriteRequestAttempts':3,'S3WriteRequestsCount':3,'WriteBufferFromS3Bytes':141}
07387732639159f698800006650423da	0	manifest_deletes	0	{'attempted':0,'deleted':0,'suppressed':0}	{}
07387732639159f698800006650423da	0	namespace_cleanup	24273	{'evidence_rows':0,'janitor_deleted':0,'janitor_keys':186,'janitor_pages':1,'leaked':0}	{'CASConditionalWriteAttempts':1,'CASConditionalWriteCommitted':1,'CASGCCompareSwap':1,'CASGCGet':2,'CASOtherGet':1,'CASRootList':1,'ContextLock':13,'DiskConnectionsPreserved':6,'DiskConnectionsReused':6,'DiskS3GetObject':3,'DiskS3HeadObject':3,'DiskS3ReadMicroseconds':1936,'DiskS3ReadRequestsCount':6,'GlobalThreadPoolJobs':1,'IOBufferAllocBytes':1061623,'IOBufferAllocs':4,'LocalThreadPoolExpansions':1,'LocalThreadPoolJobs':2,'LocalThreadPoolShrinks':1,'LocalThreadPoolThreadCreationMicroseconds':3,'LogTrace':3,'MemoryAllocatedWithoutCheck':12,'MemoryAllocatedWithoutCheckBytes':13056,'ReadBufferFromS3Bytes':507,'ReadBufferFromS3InitMicroseconds':1306,'ReadBufferFromS3Microseconds':1319,'S3GetObject':3,'S3HeadObject':3,'S3ReadMicroseconds':1936,'S3ReadRequestsCount':6,'WriteBufferFromS3Bytes':53}
07387732639159f698800006650423da	0	orphan_sweep	2	{'cursor_advanced':0,'deleted':0,'list_budget_keys':1000,'listed':2,'retained_hold':0,'retained_no_coverage':0,'retained_tail_removal':0,'retained_unconsumed_seal':0,'skipped':2,'suppressed':0}	{}
07387732639159f698800006650423da	0	pending_deletes	3176664	{'absent':0,'deleted':5000,'graduated':5000,'outcome_logs_written':1,'redeleted':5000,'replaced':0,'spared':0}	{'CASBlobDelete':5000,'CASConditionalWriteAttempts':1,'CASConditionalWriteCommitted':1,'CASGCPut':1,'CASGCRetiredGraduated':5000,'CASGCRetiredRedeleted':5000,'ContextLock':15001,'ContextLockWaitMicroseconds':20,'DiskConnectionsCreated':44,'DiskConnectionsElapsedMicroseconds':3344,'DiskConnectionsExpired':44,'DiskConnectionsPreserved':4956,'DiskConnectionsReused':4956,'DiskS3DeleteObjects':5000,'DiskS3WriteMicroseconds':2745109,'DiskS3WriteRequestAttempts':5000,'DiskS3WriteRequestsCount':5000,'IOBufferAllocBytes':1048639,'IOBufferAllocs':1,'LocalThreadPoolJobs':5001,'LocalThreadPoolLockWaitMicroseconds':3,'LogTrace':3,'MemoryAllocatedWithoutCheck':10000,'MemoryAllocatedWithoutCheckBytes':10880000,'S3WriteMicroseconds':2745109,'S3WriteRequestAttempts':5000,'S3WriteRequestsCount':5000,'WriteBufferFromS3Bytes':183474}
07387732639159f698800006650423da	0	ref_object_cleanup	3498	{'namespaces_planned':2,'suppressed':0,'trim_enabled':1}	{'CASRootGet':4,'ContextLock':16,'DiskConnectionsPreserved':8,'DiskConnectionsReused':8,'DiskS3GetObject':4,'DiskS3HeadObject':4,'DiskS3ReadMicroseconds':1937,'DiskS3ReadRequestsCount':8,'IOBufferAllocBytes':27888,'IOBufferAllocs':4,'MemoryAllocatedWithoutCheck':16,'MemoryAllocatedWithoutCheckBytes':17408,'ReadBufferFromS3Bytes':11252,'ReadBufferFromS3InitMicroseconds':1421,'ReadBufferFromS3Microseconds':1437,'S3GetObject':4,'S3HeadObject':4,'S3ReadMicroseconds':1937,'S3ReadRequestsCount':8}
07387732639159f698800006650423da	0	round_commit	5546	{'generation':42,'generations_referenced':2,'generations_visited':1,'pruned_through':39,'round':42}	{'CASConditionalWriteAttempts':1,'CASConditionalWriteCommitted':1,'CASGCCompareSwap':1,'CASGCDelete':3,'CASGCEnumerationPages':1,'CASGCList':1,'ContextLock':4,'DiskConnectionsPreserved':3,'DiskConnectionsReused':3,'DiskS3DeleteObjects':3,'DiskS3WriteMicroseconds':1981,'DiskS3WriteRequestAttempts':3,'DiskS3WriteRequestsCount':3,'GlobalThreadPoolJobs':1,'IOBufferAllocBytes':1048639,'IOBufferAllocs':1,'LocalThreadPoolExpansions':1,'LocalThreadPoolJobs':2,'LocalThreadPoolShrinks':1,'LocalThreadPoolThreadCreationMicroseconds':5,'LogTrace':3,'MemoryAllocatedWithoutCheck':6,'MemoryAllocatedWithoutCheckBytes':6528,'S3WriteMicroseconds':1981,'S3WriteRequestAttempts':3,'S3WriteRequestsCount':3,'WriteBufferFromS3Bytes':141}
086864beafb936c22cd6d61c99f77026	0	manifest_deletes	1	{'attempted':0,'deleted':0,'suppressed':0}	{}
086864beafb936c22cd6d61c99f77026	0	namespace_cleanup	20181	{'evidence_rows':0,'janitor_deleted':0,'janitor_keys':186,'janitor_pages':1,'leaked':0}	{'CASConditionalWriteAttempts':1,'CASConditionalWriteCommitted':1,'CASGCCompareSwap':1,'CASGCGet':2,'CASOtherGet':1,'CASRootList':1,'ContextLock':13,'DiskConnectionsPreserved':6,'DiskConnectionsReused':6,'DiskS3GetObject':3,'DiskS3HeadObject':3,'DiskS3ReadMicroseconds':1383,'DiskS3ReadRequestsCount':6,'GlobalThreadPoolJobs':1,'IOBufferAllocBytes':1061623,'IOBufferAllocs':4,'LocalThreadPoolExpansions':1,'LocalThreadPoolJobs':2,'LocalThreadPoolShrinks':1,'LocalThreadPoolThreadCreationMicroseconds':3,'LogTrace':3,'MemoryAllocatedWithoutCheck':12,'MemoryAllocatedWithoutCheckBytes':13056,'ReadBufferFromS3Bytes':507,'ReadBufferFromS3InitMicroseconds':893,'ReadBufferFromS3Microseconds':902,'S3GetObject':3,'S3HeadObject':3,'S3ReadMicroseconds':1383,'S3ReadRequestsCount':6,'WriteBufferFromS3Bytes':53}
086864beafb936c22cd6d61c99f77026	0	orphan_sweep	2	{'cursor_advanced':0,'deleted':0,'list_budget_keys':1000,'listed':2,'retained_hold':0,'retained_no_coverage':0,'retained_tail_removal':0,'retained_unconsumed_seal':0,'skipped':2,'suppressed':0}	{}
086864beafb936c22cd6d61c99f77026	0	pending_deletes	3096891	{'absent':0,'deleted':5000,'graduated':5000,'outcome_logs_written':1,'redeleted':5000,'replaced':0,'spared':0}	{'CASBlobDelete':5000,'CASConditionalWriteAttempts':1,'CASConditionalWriteCommitted':1,'CASGCPut':1,'CASGCRetiredGraduated':5000,'CASGCRetiredRedeleted':5000,'ContextLock':15001,'DiskConnectionsCreated':42,'DiskConnectionsElapsedMicroseconds':3246,'DiskConnectionsExpired':48,'DiskConnectionsPreserved':4952,'DiskConnectionsReused':4958,'DiskS3DeleteObjects':5000,'DiskS3WriteMicroseconds':2670972,'DiskS3WriteRequestAttempts':5000,'DiskS3WriteRequestsCount':5000,'IOBufferAllocBytes':1048639,'IOBufferAllocs':1,'LocalThreadPoolJobs':5001,'LogTrace':3,'MemoryAllocatedWithoutCheck':9988,'MemoryAllocatedWithoutCheckBytes':10866944,'QueryProfilerRuns':1,'S3WriteMicroseconds':2670972,'S3WriteRequestAttempts':5000,'S3WriteRequestsCount':5000,'WriteBufferFromS3Bytes':183502}
086864beafb936c22cd6d61c99f77026	0	ref_object_cleanup	2520	{'namespaces_planned':2,'suppressed':0,'trim_enabled':1}	{'CASRootGet':4,'ContextLock':16,'DiskConnectionsPreserved':8,'DiskConnectionsReused':8,'DiskS3GetObject':4,'DiskS3HeadObject':4,'DiskS3ReadMicroseconds':1536,'DiskS3ReadRequestsCount':8,'IOBufferAllocBytes':27888,'IOBufferAllocs':4,'MemoryAllocatedWithoutCheck':16,'MemoryAllocatedWithoutCheckBytes':17408,'ReadBufferFromS3Bytes':11252,'ReadBufferFromS3InitMicroseconds':1070,'ReadBufferFromS3Microseconds':1084,'S3GetObject':4,'S3HeadObject':4,'S3ReadMicroseconds':1536,'S3ReadRequestsCount':8}
086864beafb936c22cd6d61c99f77026	0	round_commit	3553	{'generation':40,'generations_referenced':2,'generations_visited':1,'pruned_through':37,'round':40}	{'CASConditionalWriteAttempts':1,'CASConditionalWriteCommitted':1,'CASGCCompareSwap':1,'CASGCDelete':3,'CASGCEnumerationPages':1,'CASGCList':1,'ContextLock':4,'DiskConnectionsPreserved':3,'DiskConnectionsReused':3,'DiskS3DeleteObjects':3,'DiskS3WriteMicroseconds':1297,'DiskS3WriteRequestAttempts':3,'DiskS3WriteRequestsCount':3,'GlobalThreadPoolJobs':1,'IOBufferAllocBytes':1048639,'IOBufferAllocs':1,'LocalThreadPoolExpansions':1,'LocalThreadPoolJobs':2,'LocalThreadPoolShrinks':1,'LocalThreadPoolThreadCreationMicroseconds':4,'LogTrace':3,'MemoryAllocatedWithoutCheck':6,'MemoryAllocatedWithoutCheckBytes':6528,'S3WriteMicroseconds':1297,'S3WriteRequestAttempts':3,'S3WriteRequestsCount':3,'WriteBufferFromS3Bytes':141}
0bbc85a8b64837e138185d6cf8be6910	0	manifest_deletes	0	{'attempted':0,'deleted':0,'suppressed':0}	{}
0bbc85a8b64837e138185d6cf8be6910	0	namespace_cleanup	22728	{'evidence_rows':0,'janitor_deleted':0,'janitor_keys':186,'janitor_pages':1,'leaked':0}	{'CASConditionalWriteAttempts':1,'CASConditionalWriteCommitted':1,'CASGCCompareSwap':1,'CASGCGet':2,'CASOtherGet':1,'CASRootList':1,'ContextLock':13,'DiskConnectionsPreserved':6,'DiskConnectionsReused':6,'DiskS3GetObject':3,'DiskS3HeadObject':3,'DiskS3ReadMicroseconds':1843,'DiskS3ReadRequestsCount':6,'GlobalThreadPoolJobs':1,'IOBufferAllocBytes':1061623,'IOBufferAllocs':4,'LocalThreadPoolExpansions':1,'LocalThreadPoolJobs':2,'LocalThreadPoolShrinks':1,'LocalThreadPoolThreadCreationMicroseconds':3,'LogTrace':3,'MemoryAllocatedWithoutCheck':12,'MemoryAllocatedWithoutCheckBytes':13056,'ReadBufferFromS3Bytes':507,'ReadBufferFromS3InitMicroseconds':1283,'ReadBufferFromS3Microseconds':1298,'S3GetObject':3,'S3HeadObject':3,'S3ReadMicroseconds':1843,'S3ReadRequestsCount':6,'WriteBufferFromS3Bytes':53}
0bbc85a8b64837e138185d6cf8be6910	0	orphan_sweep	2	{'cursor_advanced':0,'deleted':0,'list_budget_keys':1000,'listed':2,'retained_hold':0,'retained_no_coverage':0,'retained_tail_removal':0,'retained_unconsumed_seal':0,'skipped':2,'suppressed':0}	{}
0bbc85a8b64837e138185d6cf8be6910	0	pending_deletes	3137226	{'absent':0,'deleted':5000,'graduated':5000,'outcome_logs_written':1,'redeleted':5000,'replaced':0,'spared':0}	{'CASBlobDelete':5000,'CASConditionalWriteAttempts':1,'CASConditionalWriteCommitted':1,'CASGCPut':1,'CASGCRetiredGraduated':5000,'CASGCRetiredRedeleted':5000,'ContextLock':15001,'ContextLockWaitMicroseconds':3,'DiskConnectionsCreated':48,'DiskConnectionsElapsedMicroseconds':3572,'DiskConnectionsExpired':49,'DiskConnectionsPreserved':4951,'DiskConnectionsReused':4952,'DiskS3DeleteObjects':5000,'DiskS3WriteMicroseconds':2703183,'DiskS3WriteRequestAttempts':5000,'DiskS3WriteRequestsCount':5000,'IOBufferAllocBytes':1048639,'IOBufferAllocs':1,'LocalThreadPoolJobs':5001,'LocalThreadPoolLockWaitMicroseconds':6,'LogTrace':3,'MemoryAllocatedWithoutCheck':9999,'MemoryAllocatedWithoutCheckBytes':12516224,'S3WriteMicroseconds':2703183,'S3WriteRequestAttempts':5000,'S3WriteRequestsCount':5000,'WriteBufferFromS3Bytes':183656}
0bbc85a8b64837e138185d6cf8be6910	0	ref_object_cleanup	3930	{'namespaces_planned':2,'suppressed':0,'trim_enabled':1}	{'CASRootGet':4,'ContextLock':16,'DiskConnectionsPreserved':8,'DiskConnectionsReused':8,'DiskS3GetObject':4,'DiskS3HeadObject':4,'DiskS3ReadMicroseconds':2428,'DiskS3ReadRequestsCount':8,'IOBufferAllocBytes':27888,'IOBufferAllocs':4,'MemoryAllocatedWithoutCheck':16,'MemoryAllocatedWithoutCheckBytes':17408,'ReadBufferFromS3Bytes':11252,'ReadBufferFromS3InitMicroseconds':1684,'ReadBufferFromS3Microseconds':1724,'S3GetObject':4,'S3HeadObject':4,'S3ReadMicroseconds':2428,'S3ReadRequestsCount':8}
0bbc85a8b64837e138185d6cf8be6910	0	round_commit	5475	{'generation':37,'generations_referenced':2,'generations_visited':1,'pruned_through':34,'round':37}	{'CASConditionalWriteAttempts':1,'CASConditionalWriteCommitted':1,'CASGCCompareSwap':1,'CASGCDelete':3,'CASGCEnumerationPages':1,'CASGCList':1,'ContextLock':4,'DiskConnectionsPreserved':3,'DiskConnectionsReused':3,'DiskS3DeleteObjects':3,'DiskS3WriteMicroseconds':2273,'DiskS3WriteRequestAttempts':3,'DiskS3WriteRequestsCount':3,'GlobalThreadPoolJobs':1,'IOBufferAllocBytes':1048639,'IOBufferAllocs':1,'LocalThreadPoolExpansions':1,'LocalThreadPoolJobs':2,'LocalThreadPoolShrinks':1,'LocalThreadPoolThreadCreationMicroseconds':5,'LogTrace':3,'MemoryAllocatedWithoutCheck':6,'MemoryAllocatedWithoutCheckBytes':6528,'S3WriteMicroseconds':2273,'S3WriteRequestAttempts':3,'S3WriteRequestsCount':3,'WriteBufferFromS3Bytes':141}
0e8f1599232f874c44a1ef31bdbe6d47	0	manifest_deletes	0	{'attempted':0,'deleted':0,'suppressed':0}	{}
0e8f1599232f874c44a1ef31bdbe6d47	0	namespace_cleanup	23856	{'evidence_rows':0,'janitor_deleted':0,'janitor_keys':186,'janitor_pages':1,'leaked':0}	{'CASConditionalWriteAttempts':1,'CASConditionalWriteCommitted':1,'CASGCCompareSwap':1,'CASGCGet':2,'CASOtherGet':1,'CASRootList':1,'ContextLock':13,'DiskConnectionsPreserved':6,'DiskConnectionsReused':6,'DiskS3GetObject':3,'DiskS3HeadObject':3,'DiskS3ReadMicroseconds':1654,'DiskS3ReadRequestsCount':6,'GlobalThreadPoolJobs':1,'IOBufferAllocBytes':1061623,'IOBufferAllocs':4,'LocalThreadPoolExpansions':1,'LocalThreadPoolJobs':2,'LocalThreadPoolShrinks':1,'LocalThreadPoolThreadCreationMicroseconds':4,'LogTrace':3,'MemoryAllocatedWithoutCheck':12,'MemoryAllocatedWithoutCheckBytes':13056,'ReadBufferFromS3Bytes':507,'ReadBufferFromS3InitMicroseconds':1084,'ReadBufferFromS3Microseconds':1099,'S3GetObject':3,'S3HeadObject':3,'S3ReadMicroseconds':1654,'S3ReadRequestsCount':6,'WriteBufferFromS3Bytes':53}
0e8f1599232f874c44a1ef31bdbe6d47	0	orphan_sweep	2	{'cursor_advanced':0,'deleted':0,'list_budget_keys':1000,'listed':2,'retained_hold':0,'retained_no_coverage':0,'retained_tail_removal':0,'retained_unconsumed_seal':0,'skipped':2,'suppressed':0}	{}
0e8f1599232f874c44a1ef31bdbe6d47	0	pending_deletes	3340330	{'absent':0,'deleted':5000,'graduated':5000,'outcome_logs_written':1,'redeleted':5000,'replaced':0,'spared':0}	{'CASBlobDelete':5000,'CASConditionalWriteAttempts':1,'CASConditionalWriteCommitted':1,'CASGCPut':1,'CASGCRetiredGraduated':5000,'CASGCRetiredRedeleted':5000,'ContextLock':15001,'ContextLockWaitMicroseconds':2,'DiskConnectionsCreated':40,'DiskConnectionsElapsedMicroseconds':3099,'DiskConnectionsExpired':52,'DiskConnectionsPreserved':4948,'DiskConnectionsReused':4960,'DiskS3DeleteObjects':5000,'DiskS3WriteMicroseconds':2902534,'DiskS3WriteRequestAttempts':5000,'DiskS3WriteRequestsCount':5000,'IOBufferAllocBytes':1048639,'IOBufferAllocs':1,'LocalThreadPoolJobs':5001,'LocalThreadPoolLockWaitMicroseconds':1,'LogTrace':3,'MemoryAllocatedWithoutCheck':9976,'MemoryAllocatedWithoutCheckBytes':10853888,'S3WriteMicroseconds':2902534,'S3WriteRequestAttempts':5000,'S3WriteRequestsCount':5000,'WriteBufferFromS3Bytes':183401}
0e8f1599232f874c44a1ef31bdbe6d47	0	ref_object_cleanup	2495	{'namespaces_planned':2,'suppressed':0,'trim_enabled':1}	{'CASRootGet':4,'ContextLock':16,'DiskConnectionsPreserved':8,'DiskConnectionsReused':8,'DiskS3GetObject':4,'DiskS3HeadObject':4,'DiskS3ReadMicroseconds':1500,'DiskS3ReadRequestsCount':8,'IOBufferAllocBytes':27888,'IOBufferAllocs':4,'MemoryAllocatedWithoutCheck':16,'MemoryAllocatedWithoutCheckBytes':17408,'ReadBufferFromS3Bytes':11252,'ReadBufferFromS3InitMicroseconds':1035,'ReadBufferFromS3Microseconds':1045,'S3GetObject':4,'S3HeadObject':4,'S3ReadMicroseconds':1500,'S3ReadRequestsCount':8}
0e8f1599232f874c44a1ef31bdbe6d47	0	round_commit	5435	{'generation':38,'generations_referenced':2,'generations_visited':1,'pruned_through':35,'round':38}	{'CASConditionalWriteAttempts':1,'CASConditionalWriteCommitted':1,'CASGCCompareSwap':1,'CASGCDelete':3,'CASGCEnumerationPages':1,'CASGCList':1,'ContextLock':4,'DiskConnectionsPreserved':3,'DiskConnectionsReused':3,'DiskS3DeleteObjects':3,'DiskS3WriteMicroseconds':2037,'DiskS3WriteRequestAttempts':3,'DiskS3WriteRequestsCount':3,'GlobalThreadPoolJobs':1,'IOBufferAllocBytes':1048639,'IOBufferAllocs':1,'LocalThreadPoolExpansions':1,'LocalThreadPoolJobs':2,'LocalThreadPoolShrinks':1,'LocalThreadPoolThreadCreationMicroseconds':5,'LogTrace':3,'MemoryAllocatedWithoutCheck':6,'MemoryAllocatedWithoutCheckBytes':6528,'S3WriteMicroseconds':2037,'S3WriteRequestAttempts':3,'S3WriteRequestsCount':3,'WriteBufferFromS3Bytes':141}
0ee1a2329de67d4126fbf13803bf50d2	0	manifest_deletes	1	{'attempted':0,'deleted':0,'suppressed':0}	{}
0ee1a2329de67d4126fbf13803bf50d2	0	namespace_cleanup	288349	{'evidence_rows':0,'janitor_deleted':0,'janitor_keys':1000,'janitor_pages':1,'leaked':0}	{'CASConditionalWriteAttempts':1,'CASConditionalWriteCommitted':1,'CASGCCompareSwap':1,'CASGCGet':2,'CASOtherGet':1,'CASRootList':1,'ContextLock':13,'DiskConnectionsPreserved':6,'DiskConnectionsReused':6,'DiskS3GetObject':3,'DiskS3HeadObject':3,'DiskS3ReadMicroseconds':1795,'DiskS3ReadRequestsCount':6,'GlobalThreadPoolJobs':1,'IOBufferAllocBytes':1061722,'IOBufferAllocs':4,'LocalThreadPoolExpansions':1,'LocalThreadPoolJobs':4,'LocalThreadPoolLockWaitMicroseconds':2,'LocalThreadPoolShrinks':1,'LocalThreadPoolThreadCreationMicroseconds':2,'LogTrace':3,'MemoryAllocatedWithoutCheck':12,'MemoryAllocatedWithoutCheckBytes':13056,'ReadBufferFromS3Bytes':606,'ReadBufferFromS3InitMicroseconds':1075,'ReadBufferFromS3Microseconds':1087,'S3GetObject':3,'S3HeadObject':3,'S3ReadMicroseconds':1795,'S3ReadRequestsCount':6,'WriteBufferFromS3Bytes':152}
0ee1a2329de67d4126fbf13803bf50d2	0	orphan_sweep	2	{'cursor_advanced':0,'deleted':0,'list_budget_keys':1000,'listed':2,'retained_hold':0,'retained_no_coverage':0,'retained_tail_removal':0,'retained_unconsumed_seal':0,'skipped':2,'suppressed':0}	{}
0ee1a2329de67d4126fbf13803bf50d2	0	pending_deletes	3640392	{'absent':0,'deleted':5000,'graduated':5000,'outcome_logs_written':1,'redeleted':5000,'replaced':0,'spared':0}	{'CASBlobDelete':5000,'CASConditionalWriteAttempts':1,'CASConditionalWriteCommitted':1,'CASGCPut':1,'CASGCRetiredGraduated':5000,'CASGCRetiredRedeleted':5000,'ContextLock':15001,'ContextLockWaitMicroseconds':18,'DiskConnectionsCreated':40,'DiskConnectionsElapsedMicroseconds':3021,'DiskConnectionsExpired':54,'DiskConnectionsPreserved':4946,'DiskConnectionsReused':4960,'DiskS3DeleteObjects':5000,'DiskS3WriteMicroseconds':3167875,'DiskS3WriteRequestAttempts':5000,'DiskS3WriteRequestsCount':5000,'IOBufferAllocBytes':1048639,'IOBufferAllocs':1,'LocalThreadPoolJobs':5001,'LogTrace':3,'MemoryAllocatedWithoutCheck':9972,'MemoryAllocatedWithoutCheckBytes':10849536,'S3WriteMicroseconds':3167875,'S3WriteRequestAttempts':5000,'S3WriteRequestsCount':5000,'WriteBufferFromS3Bytes':183429}
0ee1a2329de67d4126fbf13803bf50d2	0	ref_object_cleanup	7651716	{'namespaces_planned':2,'suppressed':0,'trim_enabled':1}	{'CASGCGet':5000,'CASOtherGet':5000,'CASRefCleanupObjectsDeleted':5000,'CASRootDelete':5000,'CASRootGet':4,'CASRootHead':5000,'ContextLock':45016,'ContextLockWaitMicroseconds':3,'DiskConnectionsCreated':297,'DiskConnectionsElapsedMicroseconds':17372,'DiskConnectionsExpired':303,'DiskConnectionsPreserved':29705,'DiskConnectionsReused':29711,'DiskS3DeleteObjects':5000,'DiskS3GetObject':10004,'DiskS3HeadObject':15004,'DiskS3ReadMicroseconds':3751897,'DiskS3ReadRequestsCount':25008,'DiskS3WriteMicroseconds':2155389,'DiskS3WriteRequestAttempts':5000,'DiskS3WriteRequestsCount':5000,'IOBufferAllocBytes':43887888,'IOBufferAllocs':10004,'MemoryAllocatedWithoutCheck':60006,'MemoryAllocatedWithoutCheckBytes':65284448,'QueryProfilerRuns':1,'ReadBufferFromS3Bytes':2281252,'ReadBufferFromS3InitMicroseconds':2238494,'ReadBufferFromS3Microseconds':2254100,'S3GetObject':10004,'S3HeadObject':15004,'S3ReadMicroseconds':3751897,'S3ReadRequestsCount':25008,'S3WriteMicroseconds':2155389,'S3WriteRequestAttempts':5000,'S3WriteRequestsCount':5000}
0ee1a2329de67d4126fbf13803bf50d2	0	round_commit	4733	{'generation':24,'generations_referenced':2,'generations_visited':1,'pruned_through':21,'round':24}	{'CASConditionalWriteAttempts':1,'CASConditionalWriteCommitted':1,'CASGCCompareSwap':1,'CASGCDelete':3,'CASGCEnumerationPages':1,'CASGCList':1,'ContextLock':4,'DiskConnectionsPreserved':3,'DiskConnectionsReused':3,'DiskS3DeleteObjects':3,'DiskS3WriteMicroseconds':1385,'DiskS3WriteRequestAttempts':3,'DiskS3WriteRequestsCount':3,'GlobalThreadPoolJobs':1,'IOBufferAllocBytes':1048639,'IOBufferAllocs':1,'LocalThreadPoolExpansions':1,'LocalThreadPoolJobs':2,'LocalThreadPoolShrinks':1,'LocalThreadPoolThreadCreationMicroseconds':3,'LogTrace':3,'MemoryAllocatedWithoutCheck':6,'MemoryAllocatedWithoutCheckBytes':6528,'S3WriteMicroseconds':1385,'S3WriteRequestAttempts':3,'S3WriteRequestsCount':3,'WriteBufferFromS3Bytes':141}
18a487fae8f39c540e0b91a5a26305b4	0	manifest_deletes	0	{'attempted':0,'deleted':0,'suppressed':0}	{}
18a487fae8f39c540e0b91a5a26305b4	0	namespace_cleanup	86427	{'evidence_rows':0,'janitor_deleted':0,'janitor_keys':186,'janitor_pages':1,'leaked':0}	{'CASConditionalWriteAttempts':1,'CASConditionalWriteCommitted':1,'CASGCCompareSwap':1,'CASGCGet':2,'CASOtherGet':1,'CASRootList':1,'ContextLock':13,'DiskConnectionsPreserved':6,'DiskConnectionsReused':6,'DiskS3GetObject':3,'DiskS3HeadObject':3,'DiskS3ReadMicroseconds':3271,'DiskS3ReadRequestsCount':6,'GlobalThreadPoolJobs':1,'IOBufferAllocBytes':1061623,'IOBufferAllocs':4,'LocalThreadPoolExpansions':1,'LocalThreadPoolJobs':2,'LocalThreadPoolShrinks':1,'LocalThreadPoolThreadCreationMicroseconds':4,'LogTrace':3,'MemoryAllocatedWithoutCheck':12,'MemoryAllocatedWithoutCheckBytes':13056,'ReadBufferFromS3Bytes':507,'ReadBufferFromS3InitMicroseconds':1990,'ReadBufferFromS3Microseconds':2013,'S3GetObject':3,'S3HeadObject':3,'S3ReadMicroseconds':3271,'S3ReadRequestsCount':6,'WriteBufferFromS3Bytes':53}
18a487fae8f39c540e0b91a5a26305b4	0	orphan_sweep	2	{'cursor_advanced':0,'deleted':0,'list_budget_keys':1000,'listed':2,'retained_hold':0,'retained_no_coverage':0,'retained_tail_removal':0,'retained_unconsumed_seal':0,'skipped':2,'suppressed':0}	{}
18a487fae8f39c540e0b91a5a26305b4	0	pending_deletes	8960244	{'absent':0,'deleted':5000,'graduated':5000,'outcome_logs_written':1,'redeleted':5000,'replaced':0,'spared':0}	{'CASBlobDelete':5000,'CASConditionalWriteAttempts':1,'CASConditionalWriteCommitted':1,'CASGCPut':1,'CASGCRetiredGraduated':5000,'CASGCRetiredRedeleted':5000,'ContextLock':15001,'ContextLockWaitMicroseconds':325,'DiskConnectionsCreated':29,'DiskConnectionsElapsedMicroseconds':4422,'DiskConnectionsExpired':55,'DiskConnectionsPreserved':4945,'DiskConnectionsReused':4971,'DiskS3DeleteObjects':5000,'DiskS3WriteMicroseconds':8047455,'DiskS3WriteRequestAttempts':5000,'DiskS3WriteRequestsCount':5000,'IOBufferAllocBytes':1048639,'IOBufferAllocs':1,'LocalThreadPoolJobs':5001,'LocalThreadPoolLockWaitMicroseconds':125,'LogTrace':3,'MemoryAllocatedWithoutCheck':9950,'MemoryAllocatedWithoutCheckBytes':10823520,'QueryProfilerRuns':1,'S3WriteMicroseconds':8047455,'S3WriteRequestAttempts':5000,'S3WriteRequestsCount':5000,'WriteBufferFromS3Bytes':183484}
18a487fae8f39c540e0b91a5a26305b4	0	ref_object_cleanup	5090	{'namespaces_planned':2,'suppressed':0,'trim_enabled':1}	{'CASRootGet':4,'ContextLock':16,'DiskConnectionsPreserved':8,'DiskConnectionsReused':8,'DiskS3GetObject':4,'DiskS3HeadObject':4,'DiskS3ReadMicroseconds':3282,'DiskS3ReadRequestsCount':8,'IOBufferAllocBytes':27888,'IOBufferAllocs':4,'MemoryAllocatedWithoutCheck':16,'MemoryAllocatedWithoutCheckBytes':17408,'ReadBufferFromS3Bytes':11252,'ReadBufferFromS3InitMicroseconds':2354,'ReadBufferFromS3Microseconds':2381,'S3GetObject':4,'S3HeadObject':4,'S3ReadMicroseconds':3282,'S3ReadRequestsCount':8}
18a487fae8f39c540e0b91a5a26305b4	0	round_commit	8498	{'generation':53,'generations_referenced':2,'generations_visited':1,'pruned_through':50,'round':53}	{'CASConditionalWriteAttempts':1,'CASConditionalWriteCommitted':1,'CASGCCompareSwap':1,'CASGCDelete':3,'CASGCEnumerationPages':1,'CASGCList':1,'ContextLock':4,'DiskConnectionsPreserved':3,'DiskConnectionsReused':3,'DiskS3DeleteObjects':3,'DiskS3WriteMicroseconds':3210,'DiskS3WriteRequestAttempts':3,'DiskS3WriteRequestsCount':3,'GlobalThreadPoolJobs':1,'IOBufferAllocBytes':1048639,'IOBufferAllocs':1,'LocalThreadPoolExpansions':1,'LocalThreadPoolJobs':2,'LocalThreadPoolShrinks':1,'LocalThreadPoolThreadCreationMicroseconds':5,'LogTrace':3,'MemoryAllocatedWithoutCheck':6,'MemoryAllocatedWithoutCheckBytes':6528,'S3WriteMicroseconds':3210,'S3WriteRequestAttempts':3,'S3WriteRequestsCount':3,'WriteBufferFromS3Bytes':141}
1b879165752ead866cd321607351b283	0	manifest_deletes	184348993	{'attempted':326279,'deleted':326279,'suppressed':0}	{'CASManifestDelete':326279,'ContextLock':652558,'ContextLockWaitMicroseconds':138,'DiskConnectionsCreated':3179,'DiskConnectionsElapsedMicroseconds':236877,'DiskConnectionsExpired':3268,'DiskConnectionsPreserved':323011,'DiskConnectionsReused':323100,'DiskS3DeleteObjects':326279,'DiskS3WriteMicroseconds':160131659,'DiskS3WriteRequestAttempts':326279,'DiskS3WriteRequestsCount':326279,'MemoryAllocatedWithoutCheck':652400,'MemoryAllocatedWithoutCheckBytes':770664576,'QueryProfilerRuns':21,'S3WriteMicroseconds':160131659,'S3WriteRequestAttempts':326279,'S3WriteRequestsCount':326279}
1b879165752ead866cd321607351b283	0	namespace_cleanup	418344	{'evidence_rows':0,'janitor_deleted':0,'janitor_keys':1000,'janitor_pages':1,'leaked':0}	{'CASConditionalWriteAttempts':1,'CASConditionalWriteCommitted':1,'CASGCCompareSwap':1,'CASGCGet':2,'CASOtherGet':1,'CASRootList':1,'ContextLock':13,'DiskConnectionsPreserved':6,'DiskConnectionsReused':6,'DiskS3GetObject':3,'DiskS3HeadObject':3,'DiskS3ReadMicroseconds':1778,'DiskS3ReadRequestsCount':6,'GlobalThreadPoolJobs':1,'IOBufferAllocBytes':1061849,'IOBufferAllocs':4,'LocalThreadPoolExpansions':1,'LocalThreadPoolJobs':4,'LocalThreadPoolShrinks':1,'LocalThreadPoolThreadCreationMicroseconds':5,'LogTrace':3,'MemoryAllocatedWithoutCheck':12,'MemoryAllocatedWithoutCheckBytes':13056,'ReadBufferFromS3Bytes':733,'ReadBufferFromS3InitMicroseconds':1058,'ReadBufferFromS3Microseconds':1079,'S3GetObject':3,'S3HeadObject':3,'S3ReadMicroseconds':1778,'S3ReadRequestsCount':6,'WriteBufferFromS3Bytes':152}
1b879165752ead866cd321607351b283	0	orphan_sweep	3	{'cursor_advanced':1,'deleted':0,'list_budget_keys':1000,'listed':1000,'retained_hold':0,'retained_no_coverage':0,'retained_tail_removal':0,'retained_unconsumed_seal':0,'skipped':1000,'suppressed':0}	{}
1b879165752ead866cd321607351b283	0	pending_deletes	1057	{'absent':0,'deleted':0,'graduated':0,'outcome_logs_written':1,'redeleted':0,'replaced':0,'spared':32}	{'CASConditionalWriteAttempts':1,'CASConditionalWriteCommitted':1,'CASGCPut':1,'CASGCRetiredSpared':32,'ContextLock':33,'IOBufferAllocBytes':1048639,'IOBufferAllocs':1,'LocalThreadPoolJobs':1,'LogTrace':3,'WriteBufferFromS3Bytes':1338}
1b879165752ead866cd321607351b283	0	ref_object_cleanup	7719413	{'namespaces_planned':2,'suppressed':0,'trim_enabled':1}	{'CASGCGet':5000,'CASOtherGet':5000,'CASRefCleanupObjectsDeleted':5000,'CASRootDelete':5000,'CASRootGet':2,'CASRootHead':5000,'ContextLock':45008,'ContextLockWaitMicroseconds':4,'DiskConnectionsCreated':295,'DiskConnectionsElapsedMicroseconds':17623,'DiskConnectionsExpired':300,'DiskConnectionsPreserved':29704,'DiskConnectionsReused':29709,'DiskS3DeleteObjects':5000,'DiskS3GetObject':10002,'DiskS3HeadObject':15002,'DiskS3ReadMicroseconds':4021239,'DiskS3ReadRequestsCount':25004,'DiskS3WriteMicroseconds':2028685,'DiskS3WriteRequestAttempts':5000,'DiskS3WriteRequestsCount':5000,'IOBufferAllocBytes':44589573,'IOBufferAllocs':10002,'MemoryAllocatedWithoutCheck':60000,'MemoryAllocatedWithoutCheckBytes':65277920,'QueryProfilerRuns':1,'ReadBufferFromS3Bytes':2991255,'ReadBufferFromS3InitMicroseconds':2134759,'ReadBufferFromS3Microseconds':2149669,'S3GetObject':10002,'S3HeadObject':15002,'S3ReadMicroseconds':4021239,'S3ReadRequestsCount':25004,'S3WriteMicroseconds':2028685,'S3WriteRequestAttempts':5000,'S3WriteRequestsCount':5000}
1b879165752ead866cd321607351b283	0	round_commit	3673	{'generation':4,'generations_referenced':2,'generations_visited':1,'pruned_through':1,'round':4}	{'CASConditionalWriteAttempts':1,'CASConditionalWriteCommitted':1,'CASGCCompareSwap':1,'CASGCDelete':2,'CASGCEnumerationPages':1,'CASGCList':1,'ContextLock':3,'DiskConnectionsPreserved':2,'DiskConnectionsReused':2,'DiskS3DeleteObjects':2,'DiskS3WriteMicroseconds':1297,'DiskS3WriteRequestAttempts':2,'DiskS3WriteRequestsCount':2,'GlobalThreadPoolJobs':1,'IOBufferAllocBytes':1048639,'IOBufferAllocs':1,'LocalThreadPoolExpansions':1,'LocalThreadPoolJobs':2,'LocalThreadPoolShrinks':1,'LocalThreadPoolThreadCreationMicroseconds':5,'LogTrace':3,'MemoryAllocatedWithoutCheck':4,'MemoryAllocatedWithoutCheckBytes':4352,'S3WriteMicroseconds':1297,'S3WriteRequestAttempts':2,'S3WriteRequestsCount':2,'WriteBufferFromS3Bytes':268}
20ad04bb1b02058be447584c01236c66	0	manifest_deletes	116831004	{'attempted':28065,'deleted':28065,'suppressed':0}	{'CASManifestDelete':28065,'ContextLock':56178,'ContextLockWaitMicroseconds':223,'DiskConnectionsCreated':14,'DiskConnectionsElapsedMicroseconds':1140,'DiskConnectionsExpired':280,'DiskConnectionsPreserved':27785,'DiskConnectionsReused':28051,'DiskS3DeleteObjects':28065,'DiskS3WriteMicroseconds':112665140,'DiskS3WriteRequestAttempts':28065,'DiskS3WriteRequestsCount':28065,'MemoryAllocatedWithoutCheck':55598,'MemoryAllocatedWithoutCheckBytes':60490624,'QueryProfilerRuns':12,'S3WriteMicroseconds':112665140,'S3WriteRequestAttempts':28065,'S3WriteRequestsCount':28065}
20ad04bb1b02058be447584c01236c66	0	namespace_cleanup	1116718	{'evidence_rows':0,'janitor_deleted':0,'janitor_keys':1000,'janitor_pages':1,'leaked':0}	{'CASConditionalWriteAttempts':1,'CASConditionalWriteCommitted':1,'CASGCCompareSwap':1,'CASGCGet':2,'CASOtherGet':1,'CASRootList':1,'ContextLock':13,'DiskConnectionsPreserved':6,'DiskConnectionsReused':6,'DiskS3GetObject':3,'DiskS3HeadObject':3,'DiskS3ReadMicroseconds':2934,'DiskS3ReadRequestsCount':6,'GlobalThreadPoolJobs':1,'IOBufferAllocBytes':1061849,'IOBufferAllocs':4,'LocalThreadPoolExpansions':1,'LocalThreadPoolJobs':4,'LocalThreadPoolShrinks':1,'LocalThreadPoolThreadCreationMicroseconds':5,'LogTrace':3,'MemoryAllocatedWithoutCheck':12,'MemoryAllocatedWithoutCheckBytes':13056,'ReadBufferFromS3Bytes':733,'ReadBufferFromS3InitMicroseconds':1209,'ReadBufferFromS3Microseconds':1219,'S3GetObject':3,'S3HeadObject':3,'S3ReadMicroseconds':2934,'S3ReadRequestsCount':6,'WriteBufferFromS3Bytes':152}
20ad04bb1b02058be447584c01236c66	0	orphan_sweep	11	{'cursor_advanced':1,'deleted':0,'list_budget_keys':1000,'listed':1000,'retained_hold':0,'retained_no_coverage':0,'retained_tail_removal':0,'retained_unconsumed_seal':0,'skipped':1000,'suppressed':0}	{'AsyncLoggingFileLogTotalMessages':1,'AsyncLoggingTextLogTotalMessages':1,'LogInfo':1,'LoggerElapsedNanoseconds':8311}
20ad04bb1b02058be447584c01236c66	0	pending_deletes	6	{'absent':0,'deleted':0,'graduated':0,'outcome_logs_written':0,'redeleted':0,'replaced':0,'spared':0}	{}
20ad04bb1b02058be447584c01236c66	0	ref_object_cleanup	56043954	{'namespaces_planned':2,'suppressed':0,'trim_enabled':1}	{'CASGCGet':5000,'CASOtherGet':5000,'CASRefCleanupObjectsDeleted':5000,'CASRootDelete':5000,'CASRootGet':2,'CASRootHead':5000,'ContextLock':45008,'ContextLockWaitMicroseconds':172,'DiskConnectionsCreated':4,'DiskConnectionsElapsedMicroseconds':267,'DiskConnectionsExpired':218,'DiskConnectionsPreserved':29786,'DiskConnectionsReused':30000,'DiskS3DeleteObjects':5000,'DiskS3GetObject':10002,'DiskS3HeadObject':15002,'DiskS3ReadMicroseconds':19564182,'DiskS3ReadRequestsCount':25004,'DiskS3WriteMicroseconds':32384932,'DiskS3WriteRequestAttempts':5000,'DiskS3WriteRequestsCount':5000,'IOBufferAllocBytes':44554802,'IOBufferAllocs':10002,'MemoryAllocatedWithoutCheck':59580,'MemoryAllocatedWithoutCheckBytes':64823040,'QueryProfilerRuns':6,'ReadBufferFromS3Bytes':2956484,'ReadBufferFromS3InitMicroseconds':10427562,'ReadBufferFromS3Microseconds':10465540,'S3GetObject':10002,'S3HeadObject':15002,'S3ReadMicroseconds':19564182,'S3ReadRequestsCount':25004,'S3WriteMicroseconds':32384932,'S3WriteRequestAttempts':5000,'S3WriteRequestsCount':5000}
20ad04bb1b02058be447584c01236c66	0	round_commit	7048	{'generation':2,'generations_referenced':2,'generations_visited':0,'pruned_through':0,'round':2}	{'CASConditionalWriteAttempts':1,'CASConditionalWriteCommitted':1,'CASGCCompareSwap':1,'ContextLock':1,'IOBufferAllocBytes':1048639,'IOBufferAllocs':1,'LocalThreadPoolJobs':1,'LogTrace':3,'WriteBufferFromS3Bytes':268}
25270f50ae14c01d28a4ba752cf961ee	0	manifest_deletes	0	{'attempted':0,'deleted':0,'suppressed':0}	{}
25270f50ae14c01d28a4ba752cf961ee	0	namespace_cleanup	317854	{'evidence_rows':0,'janitor_deleted':0,'janitor_keys':1000,'janitor_pages':1,'leaked':0}	{'CASConditionalWriteAttempts':1,'CASConditionalWriteCommitted':1,'CASGCCompareSwap':1,'CASGCGet':2,'CASOtherGet':1,'CASRootList':1,'ContextLock':13,'DiskConnectionsPreserved':6,'DiskConnectionsReused':6,'DiskS3GetObject':3,'DiskS3HeadObject':3,'DiskS3ReadMicroseconds':1731,'DiskS3ReadRequestsCount':6,'GlobalThreadPoolJobs':1,'IOBufferAllocBytes':1061722,'IOBufferAllocs':4,'LocalThreadPoolExpansions':1,'LocalThreadPoolJobs':4,'LocalThreadPoolShrinks':1,'LocalThreadPoolThreadCreationMicroseconds':2,'LogTrace':3,'MemoryAllocatedWithoutCheck':12,'MemoryAllocatedWithoutCheckBytes':13056,'ReadBufferFromS3Bytes':606,'ReadBufferFromS3InitMicroseconds':1173,'ReadBufferFromS3Microseconds':1184,'S3GetObject':3,'S3HeadObject':3,'S3ReadMicroseconds':1731,'S3ReadRequestsCount':6,'WriteBufferFromS3Bytes':152}
25270f50ae14c01d28a4ba752cf961ee	0	orphan_sweep	2	{'cursor_advanced':0,'deleted':0,'list_budget_keys':1000,'listed':2,'retained_hold':0,'retained_no_coverage':0,'retained_tail_removal':0,'retained_unconsumed_seal':0,'skipped':2,'suppressed':0}	{}
25270f50ae14c01d28a4ba752cf961ee	0	pending_deletes	2952548	{'absent':0,'deleted':5000,'graduated':5000,'outcome_logs_written':1,'redeleted':5000,'replaced':0,'spared':0}	{'AsyncLoggingFileLogTotalMessages':3,'AsyncLoggingTextLogTotalMessages':3,'CASBlobDelete':5000,'CASConditionalWriteAttempts':1,'CASConditionalWriteCommitted':1,'CASGCPut':1,'CASGCRetiredGraduated':5000,'CASGCRetiredRedeleted':5000,'ContextLock':15001,'ContextLockWaitMicroseconds':5,'DiskConnectionsCreated':45,'DiskConnectionsElapsedMicroseconds':3041,'DiskConnectionsExpired':51,'DiskConnectionsPreserved':4949,'DiskConnectionsReused':4955,'DiskS3DeleteObjects':5000,'DiskS3WriteMicroseconds':2523347,'DiskS3WriteRequestAttempts':5000,'DiskS3WriteRequestsCount':5000,'IOBufferAllocBytes':1048639,'IOBufferAllocs':1,'LocalThreadPoolJobs':5001,'LocalThreadPoolLockWaitMicroseconds':2,'LogTrace':3,'LoggerElapsedNanoseconds':14400,'MemoryAllocatedWithoutCheck':9993,'MemoryAllocatedWithoutCheckBytes':18101806,'S3WriteMicroseconds':2523347,'S3WriteRequestAttempts':5000,'S3WriteRequestsCount':5000,'WriteBufferFromS3Bytes':183432}
25270f50ae14c01d28a4ba752cf961ee	0	ref_object_cleanup	7096606	{'namespaces_planned':2,'suppressed':0,'trim_enabled':1}	{'CASGCGet':5000,'CASOtherGet':5000,'CASRefCleanupObjectsDeleted':5000,'CASRootDelete':5000,'CASRootGet':4,'CASRootHead':5000,'ContextLock':45016,'DiskConnectionsCreated':296,'DiskConnectionsElapsedMicroseconds':15747,'DiskConnectionsExpired':300,'DiskConnectionsPreserved':29708,'DiskConnectionsReused':29712,'DiskS3DeleteObjects':5000,'DiskS3GetObject':10004,'DiskS3HeadObject':15004,'DiskS3ReadMicroseconds':3462815,'DiskS3ReadRequestsCount':25008,'DiskS3WriteMicroseconds':1982516,'DiskS3WriteRequestAttempts':5000,'DiskS3WriteRequestsCount':5000,'IOBufferAllocBytes':43887888,'IOBufferAllocs':10004,'MemoryAllocatedWithoutCheck':60008,'MemoryAllocatedWithoutCheckBytes':65288704,'QueryProfilerRuns':1,'ReadBufferFromS3Bytes':2281252,'ReadBufferFromS3InitMicroseconds':2081511,'ReadBufferFromS3Microseconds':2095988,'S3GetObject':10004,'S3HeadObject':15004,'S3ReadMicroseconds':3462815,'S3ReadRequestsCount':25008,'S3WriteMicroseconds':1982516,'S3WriteRequestAttempts':5000,'S3WriteRequestsCount':5000}
25270f50ae14c01d28a4ba752cf961ee	0	round_commit	3802	{'generation':21,'generations_referenced':2,'generations_visited':1,'pruned_through':18,'round':21}	{'CASConditionalWriteAttempts':1,'CASConditionalWriteCommitted':1,'CASGCCompareSwap':1,'CASGCDelete':3,'CASGCEnumerationPages':1,'CASGCList':1,'ContextLock':4,'DiskConnectionsPreserved':3,'DiskConnectionsReused':3,'DiskS3DeleteObjects':3,'DiskS3WriteMicroseconds':1350,'DiskS3WriteRequestAttempts':3,'DiskS3WriteRequestsCount':3,'GlobalThreadPoolJobs':1,'IOBufferAllocBytes':1048639,'IOBufferAllocs':1,'LocalThreadPoolExpansions':1,'LocalThreadPoolJobs':2,'LocalThreadPoolShrinks':1,'LocalThreadPoolThreadCreationMicroseconds':4,'LogTrace':3,'MemoryAllocatedWithoutCheck':6,'MemoryAllocatedWithoutCheckBytes':6528,'S3WriteMicroseconds':1350,'S3WriteRequestAttempts':3,'S3WriteRequestsCount':3,'WriteBufferFromS3Bytes':141}
26010a3bc4b6d4e8ac6e10302c2fcfc5	0	manifest_deletes	0	{'attempted':0,'deleted':0,'suppressed':0}	{}
26010a3bc4b6d4e8ac6e10302c2fcfc5	0	namespace_cleanup	24068	{'evidence_rows':0,'janitor_deleted':0,'janitor_keys':186,'janitor_pages':1,'leaked':0}	{'CASConditionalWriteAttempts':1,'CASConditionalWriteCommitted':1,'CASGCCompareSwap':1,'CASGCGet':2,'CASOtherGet':1,'CASRootList':1,'ContextLock':13,'DiskConnectionsPreserved':6,'DiskConnectionsReused':6,'DiskS3GetObject':3,'DiskS3HeadObject':3,'DiskS3ReadMicroseconds':1718,'DiskS3ReadRequestsCount':6,'GlobalThreadPoolJobs':1,'IOBufferAllocBytes':1061623,'IOBufferAllocs':4,'LocalThreadPoolExpansions':1,'LocalThreadPoolJobs':2,'LocalThreadPoolShrinks':1,'LocalThreadPoolThreadCreationMicroseconds':2,'LogTrace':3,'MemoryAllocatedWithoutCheck':12,'MemoryAllocatedWithoutCheckBytes':13056,'ReadBufferFromS3Bytes':507,'ReadBufferFromS3InitMicroseconds':1079,'ReadBufferFromS3Microseconds':1094,'S3GetObject':3,'S3HeadObject':3,'S3ReadMicroseconds':1718,'S3ReadRequestsCount':6,'WriteBufferFromS3Bytes':53}
26010a3bc4b6d4e8ac6e10302c2fcfc5	0	orphan_sweep	2	{'cursor_advanced':0,'deleted':0,'list_budget_keys':1000,'listed':2,'retained_hold':0,'retained_no_coverage':0,'retained_tail_removal':0,'retained_unconsumed_seal':0,'skipped':2,'suppressed':0}	{}
26010a3bc4b6d4e8ac6e10302c2fcfc5	0	pending_deletes	3361058	{'absent':0,'deleted':5000,'graduated':5000,'outcome_logs_written':1,'redeleted':5000,'replaced':0,'spared':0}	{'CASBlobDelete':5000,'CASConditionalWriteAttempts':1,'CASConditionalWriteCommitted':1,'CASGCPut':1,'CASGCRetiredGraduated':5000,'CASGCRetiredRedeleted':5000,'ContextLock':15001,'ContextLockWaitMicroseconds':4,'DiskConnectionsCreated':45,'DiskConnectionsElapsedMicroseconds':3497,'DiskConnectionsExpired':49,'DiskConnectionsPreserved':4951,'DiskConnectionsReused':4955,'DiskS3DeleteObjects':5000,'DiskS3WriteMicroseconds':2912949,'DiskS3WriteRequestAttempts':5000,'DiskS3WriteRequestsCount':5000,'IOBufferAllocBytes':1048639,'IOBufferAllocs':1,'LocalThreadPoolJobs':5001,'LogTrace':3,'MemoryAllocatedWithoutCheck':9993,'MemoryAllocatedWithoutCheckBytes':12509696,'S3WriteMicroseconds':2912949,'S3WriteRequestAttempts':5000,'S3WriteRequestsCount':5000,'WriteBufferFromS3Bytes':183627}
26010a3bc4b6d4e8ac6e10302c2fcfc5	0	ref_object_cleanup	2554	{'namespaces_planned':2,'suppressed':0,'trim_enabled':1}	{'CASRootGet':4,'ContextLock':16,'DiskConnectionsPreserved':8,'DiskConnectionsReused':8,'DiskS3GetObject':4,'DiskS3HeadObject':4,'DiskS3ReadMicroseconds':1530,'DiskS3ReadRequestsCount':8,'IOBufferAllocBytes':27888,'IOBufferAllocs':4,'MemoryAllocatedWithoutCheck':16,'MemoryAllocatedWithoutCheckBytes':17408,'ReadBufferFromS3Bytes':11252,'ReadBufferFromS3InitMicroseconds':1055,'ReadBufferFromS3Microseconds':1067,'S3GetObject':4,'S3HeadObject':4,'S3ReadMicroseconds':1530,'S3ReadRequestsCount':8}
26010a3bc4b6d4e8ac6e10302c2fcfc5	0	round_commit	4918	{'generation':41,'generations_referenced':2,'generations_visited':1,'pruned_through':38,'round':41}	{'CASConditionalWriteAttempts':1,'CASConditionalWriteCommitted':1,'CASGCCompareSwap':1,'CASGCDelete':3,'CASGCEnumerationPages':1,'CASGCList':1,'ContextLock':4,'DiskConnectionsPreserved':3,'DiskConnectionsReused':3,'DiskS3DeleteObjects':3,'DiskS3WriteMicroseconds':2080,'DiskS3WriteRequestAttempts':3,'DiskS3WriteRequestsCount':3,'GlobalThreadPoolJobs':1,'IOBufferAllocBytes':1048639,'IOBufferAllocs':1,'LocalThreadPoolExpansions':1,'LocalThreadPoolJobs':2,'LocalThreadPoolShrinks':1,'LocalThreadPoolThreadCreationMicroseconds':4,'LogTrace':3,'MemoryAllocatedWithoutCheck':6,'MemoryAllocatedWithoutCheckBytes':6528,'S3WriteMicroseconds':2080,'S3WriteRequestAttempts':3,'S3WriteRequestsCount':3,'WriteBufferFromS3Bytes':141}
2c1f51a6dc5ee445376c4f943e09778b	0	manifest_deletes	1	{'attempted':0,'deleted':0,'suppressed':0}	{}
2c1f51a6dc5ee445376c4f943e09778b	0	namespace_cleanup	267737	{'evidence_rows':0,'janitor_deleted':0,'janitor_keys':1000,'janitor_pages':1,'leaked':0}	{'CASConditionalWriteAttempts':1,'CASConditionalWriteCommitted':1,'CASGCCompareSwap':1,'CASGCGet':2,'CASOtherGet':1,'CASRootList':1,'ContextLock':13,'DiskConnectionsPreserved':6,'DiskConnectionsReused':6,'DiskS3GetObject':3,'DiskS3HeadObject':3,'DiskS3ReadMicroseconds':2006,'DiskS3ReadRequestsCount':6,'GlobalThreadPoolJobs':1,'IOBufferAllocBytes':1061722,'IOBufferAllocs':4,'LocalThreadPoolExpansions':1,'LocalThreadPoolJobs':4,'LocalThreadPoolShrinks':1,'LocalThreadPoolThreadCreationMicroseconds':3,'LogTrace':3,'MemoryAllocatedWithoutCheck':12,'MemoryAllocatedWithoutCheckBytes':13056,'ReadBufferFromS3Bytes':606,'ReadBufferFromS3InitMicroseconds':1164,'ReadBufferFromS3Microseconds':1178,'S3GetObject':3,'S3HeadObject':3,'S3ReadMicroseconds':2006,'S3ReadRequestsCount':6,'WriteBufferFromS3Bytes':152}
2c1f51a6dc5ee445376c4f943e09778b	0	orphan_sweep	2	{'cursor_advanced':0,'deleted':0,'list_budget_keys':1000,'listed':2,'retained_hold':0,'retained_no_coverage':0,'retained_tail_removal':0,'retained_unconsumed_seal':0,'skipped':2,'suppressed':0}	{}
2c1f51a6dc5ee445376c4f943e09778b	0	pending_deletes	3742501	{'absent':0,'deleted':5000,'graduated':5000,'outcome_logs_written':1,'redeleted':5000,'replaced':0,'spared':0}	{'CASBlobDelete':5000,'CASConditionalWriteAttempts':1,'CASConditionalWriteCommitted':1,'CASGCPut':1,'CASGCRetiredGraduated':5000,'CASGCRetiredRedeleted':5000,'ContextLock':15001,'ContextLockWaitMicroseconds':9,'DiskConnectionsCreated':29,'DiskConnectionsElapsedMicroseconds':2429,'DiskConnectionsExpired':52,'DiskConnectionsPreserved':4948,'DiskConnectionsReused':4971,'DiskS3DeleteObjects':5000,'DiskS3WriteMicroseconds':3276235,'DiskS3WriteRequestAttempts':5000,'DiskS3WriteRequestsCount':5000,'IOBufferAllocBytes':1048639,'IOBufferAllocs':1,'LocalThreadPoolJobs':5001,'LocalThreadPoolLockWaitMicroseconds':7,'LogTrace':3,'MemoryAllocatedWithoutCheck':9954,'MemoryAllocatedWithoutCheckBytes':10829952,'S3WriteMicroseconds':3276235,'S3WriteRequestAttempts':5000,'S3WriteRequestsCount':5000,'WriteBufferFromS3Bytes':183436}
2c1f51a6dc5ee445376c4f943e09778b	0	ref_object_cleanup	3593741	{'namespaces_planned':2,'suppressed':0,'trim_enabled':1}	{'CASGCGet':2262,'CASOtherGet':2262,'CASRefCleanupObjectsDeleted':2262,'CASRootDelete':2262,'CASRootGet':4,'CASRootHead':2262,'ContextLock':20374,'ContextLockWaitMicroseconds':7,'DiskConnectionsCreated':132,'DiskConnectionsElapsedMicroseconds':9600,'DiskConnectionsExpired':138,'DiskConnectionsPreserved':13442,'DiskConnectionsReused':13448,'DiskS3DeleteObjects':2262,'DiskS3GetObject':4528,'DiskS3HeadObject':6790,'DiskS3ReadMicroseconds':1764097,'DiskS3ReadRequestsCount':11318,'DiskS3WriteMicroseconds':1056696,'DiskS3WriteRequestAttempts':2262,'DiskS3WriteRequestsCount':2262,'IOBufferAllocBytes':19870152,'IOBufferAllocs':4528,'MemoryAllocatedWithoutCheck':27148,'MemoryAllocatedWithoutCheckBytes':29537024,'ReadBufferFromS3Bytes':1038200,'ReadBufferFromS3InitMicroseconds':1033896,'ReadBufferFromS3Microseconds':1040883,'S3GetObject':4528,'S3HeadObject':6790,'S3ReadMicroseconds':1764097,'S3ReadRequestsCount':11318,'S3WriteMicroseconds':1056696,'S3WriteRequestAttempts':2262,'S3WriteRequestsCount':2262}
2c1f51a6dc5ee445376c4f943e09778b	0	round_commit	4231	{'generation':29,'generations_referenced':2,'generations_visited':1,'pruned_through':26,'round':29}	{'CASConditionalWriteAttempts':1,'CASConditionalWriteCommitted':1,'CASGCCompareSwap':1,'CASGCDelete':3,'CASGCEnumerationPages':1,'CASGCList':1,'ContextLock':4,'DiskConnectionsPreserved':3,'DiskConnectionsReused':3,'DiskS3DeleteObjects':3,'DiskS3WriteMicroseconds':1527,'DiskS3WriteRequestAttempts':3,'DiskS3WriteRequestsCount':3,'GlobalThreadPoolJobs':1,'IOBufferAllocBytes':1048639,'IOBufferAllocs':1,'LocalThreadPoolExpansions':1,'LocalThreadPoolJobs':2,'LocalThreadPoolShrinks':1,'LocalThreadPoolThreadCreationMicroseconds':3,'LogTrace':3,'MemoryAllocatedWithoutCheck':6,'MemoryAllocatedWithoutCheckBytes':6528,'S3WriteMicroseconds':1527,'S3WriteRequestAttempts':3,'S3WriteRequestsCount':3,'WriteBufferFromS3Bytes':141}
2d123dd0f09dcf631219b7ffa8d71044	0	manifest_deletes	0	{'attempted':0,'deleted':0,'suppressed':0}	{}
2d123dd0f09dcf631219b7ffa8d71044	0	namespace_cleanup	22814	{'evidence_rows':0,'janitor_deleted':0,'janitor_keys':186,'janitor_pages':1,'leaked':0}	{'CASConditionalWriteAttempts':1,'CASConditionalWriteCommitted':1,'CASGCCompareSwap':1,'CASGCGet':2,'CASOtherGet':1,'CASRootList':1,'ContextLock':13,'DiskConnectionsPreserved':6,'DiskConnectionsReused':6,'DiskS3GetObject':3,'DiskS3HeadObject':3,'DiskS3ReadMicroseconds':2089,'DiskS3ReadRequestsCount':6,'GlobalThreadPoolJobs':1,'IOBufferAllocBytes':1061623,'IOBufferAllocs':4,'LocalThreadPoolExpansions':1,'LocalThreadPoolJobs':2,'LocalThreadPoolShrinks':1,'LocalThreadPoolThreadCreationMicroseconds':5,'LogTrace':3,'MemoryAllocatedWithoutCheck':12,'MemoryAllocatedWithoutCheckBytes':13056,'ReadBufferFromS3Bytes':507,'ReadBufferFromS3InitMicroseconds':1397,'ReadBufferFromS3Microseconds':1414,'S3GetObject':3,'S3HeadObject':3,'S3ReadMicroseconds':2089,'S3ReadRequestsCount':6,'WriteBufferFromS3Bytes':53}
2d123dd0f09dcf631219b7ffa8d71044	0	orphan_sweep	3	{'cursor_advanced':0,'deleted':0,'list_budget_keys':1000,'listed':2,'retained_hold':0,'retained_no_coverage':0,'retained_tail_removal':0,'retained_unconsumed_seal':0,'skipped':2,'suppressed':0}	{}
2d123dd0f09dcf631219b7ffa8d71044	0	pending_deletes	3358124	{'absent':0,'deleted':5000,'graduated':5000,'outcome_logs_written':1,'redeleted':5000,'replaced':0,'spared':0}	{'CASBlobDelete':5000,'CASConditionalWriteAttempts':1,'CASConditionalWriteCommitted':1,'CASGCPut':1,'CASGCRetiredGraduated':5000,'CASGCRetiredRedeleted':5000,'ContextLock':15001,'ContextLockWaitMicroseconds':24,'DiskConnectionsCreated':35,'DiskConnectionsElapsedMicroseconds':2952,'DiskConnectionsExpired':58,'DiskConnectionsPreserved':4942,'DiskConnectionsReused':4965,'DiskS3DeleteObjects':5000,'DiskS3WriteMicroseconds':2855652,'DiskS3WriteRequestAttempts':5000,'DiskS3WriteRequestsCount':5000,'IOBufferAllocBytes':1048639,'IOBufferAllocs':1,'LocalThreadPoolJobs':5001,'LogTrace':3,'MemoryAllocatedWithoutCheck':9955,'MemoryAllocatedWithoutCheckBytes':12468352,'QueryProfilerRuns':1,'S3WriteMicroseconds':2855652,'S3WriteRequestAttempts':5000,'S3WriteRequestsCount':5000,'WriteBufferFromS3Bytes':183647}
2d123dd0f09dcf631219b7ffa8d71044	0	ref_object_cleanup	3364	{'namespaces_planned':2,'suppressed':0,'trim_enabled':1}	{'CASRootGet':4,'ContextLock':16,'DiskConnectionsPreserved':8,'DiskConnectionsReused':8,'DiskS3GetObject':4,'DiskS3HeadObject':4,'DiskS3ReadMicroseconds':2061,'DiskS3ReadRequestsCount':8,'IOBufferAllocBytes':27888,'IOBufferAllocs':4,'MemoryAllocatedWithoutCheck':16,'MemoryAllocatedWithoutCheckBytes':17408,'ReadBufferFromS3Bytes':11252,'ReadBufferFromS3InitMicroseconds':1452,'ReadBufferFromS3Microseconds':1469,'S3GetObject':4,'S3HeadObject':4,'S3ReadMicroseconds':2061,'S3ReadRequestsCount':8}
2d123dd0f09dcf631219b7ffa8d71044	0	round_commit	5171	{'generation':48,'generations_referenced':2,'generations_visited':1,'pruned_through':45,'round':48}	{'CASConditionalWriteAttempts':1,'CASConditionalWriteCommitted':1,'CASGCCompareSwap':1,'CASGCDelete':3,'CASGCEnumerationPages':1,'CASGCList':1,'ContextLock':4,'DiskConnectionsPreserved':3,'DiskConnectionsReused':3,'DiskS3DeleteObjects':3,'DiskS3WriteMicroseconds':2048,'DiskS3WriteRequestAttempts':3,'DiskS3WriteRequestsCount':3,'GlobalThreadPoolJobs':1,'IOBufferAllocBytes':1048639,'IOBufferAllocs':1,'LocalThreadPoolExpansions':1,'LocalThreadPoolJobs':2,'LocalThreadPoolShrinks':1,'LocalThreadPoolThreadCreationMicroseconds':5,'LogTrace':3,'MemoryAllocatedWithoutCheck':6,'MemoryAllocatedWithoutCheckBytes':6528,'S3WriteMicroseconds':2048,'S3WriteRequestAttempts':3,'S3WriteRequestsCount':3,'WriteBufferFromS3Bytes':141}
2dfa8eea0d51c13b14d854246659596e	0	manifest_deletes	1	{'attempted':0,'deleted':0,'suppressed':0}	{}
2dfa8eea0d51c13b14d854246659596e	0	namespace_cleanup	24013	{'evidence_rows':0,'janitor_deleted':0,'janitor_keys':186,'janitor_pages':1,'leaked':0}	{'CASConditionalWriteAttempts':1,'CASConditionalWriteCommitted':1,'CASGCCompareSwap':1,'CASGCGet':2,'CASOtherGet':1,'CASRootList':1,'ContextLock':13,'DiskConnectionsPreserved':6,'DiskConnectionsReused':6,'DiskS3GetObject':3,'DiskS3HeadObject':3,'DiskS3ReadMicroseconds':1638,'DiskS3ReadRequestsCount':6,'GlobalThreadPoolJobs':1,'IOBufferAllocBytes':1061623,'IOBufferAllocs':4,'LocalThreadPoolExpansions':1,'LocalThreadPoolJobs':2,'LocalThreadPoolShrinks':1,'LocalThreadPoolThreadCreationMicroseconds':3,'LogTrace':3,'MemoryAllocatedWithoutCheck':12,'MemoryAllocatedWithoutCheckBytes':13056,'ReadBufferFromS3Bytes':507,'ReadBufferFromS3InitMicroseconds':1050,'ReadBufferFromS3Microseconds':1064,'S3GetObject':3,'S3HeadObject':3,'S3ReadMicroseconds':1638,'S3ReadRequestsCount':6,'WriteBufferFromS3Bytes':53}
2dfa8eea0d51c13b14d854246659596e	0	orphan_sweep	2	{'cursor_advanced':0,'deleted':0,'list_budget_keys':1000,'listed':2,'retained_hold':0,'retained_no_coverage':0,'retained_tail_removal':0,'retained_unconsumed_seal':0,'skipped':2,'suppressed':0}	{}
2dfa8eea0d51c13b14d854246659596e	0	pending_deletes	3141422	{'absent':0,'deleted':5000,'graduated':5000,'outcome_logs_written':1,'redeleted':5000,'replaced':0,'spared':0}	{'CASBlobDelete':5000,'CASConditionalWriteAttempts':1,'CASConditionalWriteCommitted':1,'CASGCPut':1,'CASGCRetiredGraduated':5000,'CASGCRetiredRedeleted':5000,'ContextLock':15001,'ContextLockWaitMicroseconds':4,'DiskConnectionsCreated':53,'DiskConnectionsElapsedMicroseconds':4021,'DiskConnectionsExpired':52,'DiskConnectionsPreserved':4948,'DiskConnectionsReused':4947,'DiskS3DeleteObjects':5000,'DiskS3WriteMicroseconds':2702080,'DiskS3WriteRequestAttempts':5000,'DiskS3WriteRequestsCount':5000,'IOBufferAllocBytes':1048639,'IOBufferAllocs':1,'LocalThreadPoolJobs':5001,'LogTrace':3,'MemoryAllocatedWithoutCheck':10002,'MemoryAllocatedWithoutCheckBytes':10882176,'S3WriteMicroseconds':2702080,'S3WriteRequestAttempts':5000,'S3WriteRequestsCount':5000,'WriteBufferFromS3Bytes':183514}
2dfa8eea0d51c13b14d854246659596e	0	ref_object_cleanup	2614	{'namespaces_planned':2,'suppressed':0,'trim_enabled':1}	{'CASRootGet':4,'ContextLock':16,'DiskConnectionsPreserved':8,'DiskConnectionsReused':8,'DiskS3GetObject':4,'DiskS3HeadObject':4,'DiskS3ReadMicroseconds':1558,'DiskS3ReadRequestsCount':8,'IOBufferAllocBytes':27888,'IOBufferAllocs':4,'MemoryAllocatedWithoutCheck':16,'MemoryAllocatedWithoutCheckBytes':17408,'ReadBufferFromS3Bytes':11252,'ReadBufferFromS3InitMicroseconds':1095,'ReadBufferFromS3Microseconds':1109,'S3GetObject':4,'S3HeadObject':4,'S3ReadMicroseconds':1558,'S3ReadRequestsCount':8}
2dfa8eea0d51c13b14d854246659596e	0	round_commit	4464	{'generation':36,'generations_referenced':2,'generations_visited':1,'pruned_through':33,'round':36}	{'CASConditionalWriteAttempts':1,'CASConditionalWriteCommitted':1,'CASGCCompareSwap':1,'CASGCDelete':3,'CASGCEnumerationPages':1,'CASGCList':1,'ContextLock':4,'DiskConnectionsPreserved':3,'DiskConnectionsReused':3,'DiskS3DeleteObjects':3,'DiskS3WriteMicroseconds':1842,'DiskS3WriteRequestAttempts':3,'DiskS3WriteRequestsCount':3,'GlobalThreadPoolJobs':1,'IOBufferAllocBytes':1048639,'IOBufferAllocs':1,'LocalThreadPoolExpansions':1,'LocalThreadPoolJobs':2,'LocalThreadPoolShrinks':1,'LocalThreadPoolThreadCreationMicroseconds':4,'LogTrace':3,'MemoryAllocatedWithoutCheck':6,'MemoryAllocatedWithoutCheckBytes':6528,'S3WriteMicroseconds':1842,'S3WriteRequestAttempts':3,'S3WriteRequestsCount':3,'WriteBufferFromS3Bytes':141}
2e3cef8b4d38a523d148a81d2c6d86c0	0	manifest_deletes	0	{'attempted':0,'deleted':0,'suppressed':0}	{}
2e3cef8b4d38a523d148a81d2c6d86c0	0	namespace_cleanup	375198	{'evidence_rows':0,'janitor_deleted':0,'janitor_keys':1000,'janitor_pages':1,'leaked':0}	{'CASConditionalWriteAttempts':1,'CASConditionalWriteCommitted':1,'CASGCCompareSwap':1,'CASGCGet':2,'CASOtherGet':1,'CASRootList':1,'ContextLock':13,'DiskConnectionsPreserved':6,'DiskConnectionsReused':6,'DiskS3GetObject':3,'DiskS3HeadObject':3,'DiskS3ReadMicroseconds':1505,'DiskS3ReadRequestsCount':6,'GlobalThreadPoolJobs':1,'IOBufferAllocBytes':1061717,'IOBufferAllocs':4,'LocalThreadPoolExpansions':1,'LocalThreadPoolJobs':4,'LocalThreadPoolShrinks':1,'LocalThreadPoolThreadCreationMicroseconds':2,'LogTrace':3,'MemoryAllocatedWithoutCheck':12,'MemoryAllocatedWithoutCheckBytes':13056,'ReadBufferFromS3Bytes':601,'ReadBufferFromS3InitMicroseconds':930,'ReadBufferFromS3Microseconds':939,'S3GetObject':3,'S3HeadObject':3,'S3ReadMicroseconds':1505,'S3ReadRequestsCount':6,'WriteBufferFromS3Bytes':152}
2e3cef8b4d38a523d148a81d2c6d86c0	0	orphan_sweep	2	{'cursor_advanced':1,'deleted':0,'list_budget_keys':1000,'listed':22,'retained_hold':0,'retained_no_coverage':0,'retained_tail_removal':0,'retained_unconsumed_seal':0,'skipped':22,'suppressed':0}	{}
2e3cef8b4d38a523d148a81d2c6d86c0	0	pending_deletes	2582524	{'absent':0,'deleted':5000,'graduated':5000,'outcome_logs_written':1,'redeleted':5000,'replaced':0,'spared':0}	{'CASBlobDelete':5000,'CASConditionalWriteAttempts':1,'CASConditionalWriteCommitted':1,'CASGCPut':1,'CASGCRetiredGraduated':5000,'CASGCRetiredRedeleted':5000,'ContextLock':15001,'ContextLockWaitMicroseconds':7,'DiskConnectionsCreated':38,'DiskConnectionsElapsedMicroseconds':2441,'DiskConnectionsExpired':52,'DiskConnectionsPreserved':4948,'DiskConnectionsReused':4962,'DiskS3DeleteObjects':5000,'DiskS3WriteMicroseconds':2170922,'DiskS3WriteRequestAttempts':5000,'DiskS3WriteRequestsCount':5000,'IOBufferAllocBytes':1048639,'IOBufferAllocs':1,'LocalThreadPoolJobs':5001,'LogTrace':3,'MemoryAllocatedWithoutCheck':9972,'MemoryAllocatedWithoutCheckBytes':10849536,'S3WriteMicroseconds':2170922,'S3WriteRequestAttempts':5000,'S3WriteRequestsCount':5000,'WriteBufferFromS3Bytes':183602}
2e3cef8b4d38a523d148a81d2c6d86c0	0	ref_object_cleanup	6900988	{'namespaces_planned':2,'suppressed':0,'trim_enabled':1}	{'CASGCGet':5000,'CASOtherGet':5000,'CASRefCleanupObjectsDeleted':5000,'CASRootDelete':5000,'CASRootGet':2,'CASRootHead':5000,'ContextLock':45008,'ContextLockWaitMicroseconds':4,'DiskConnectionsCreated':296,'DiskConnectionsElapsedMicroseconds':15529,'DiskConnectionsExpired':301,'DiskConnectionsPreserved':29703,'DiskConnectionsReused':29708,'DiskS3DeleteObjects':5000,'DiskS3GetObject':10002,'DiskS3HeadObject':15002,'DiskS3ReadMicroseconds':3343663,'DiskS3ReadRequestsCount':25004,'DiskS3WriteMicroseconds':1971927,'DiskS3WriteRequestAttempts':5000,'DiskS3WriteRequestsCount':5000,'IOBufferAllocBytes':43873601,'IOBufferAllocs':10002,'MemoryAllocatedWithoutCheck':59998,'MemoryAllocatedWithoutCheckBytes':65277824,'QueryProfilerRuns':1,'ReadBufferFromS3Bytes':2275283,'ReadBufferFromS3InitMicroseconds':2012435,'ReadBufferFromS3Microseconds':2026380,'S3GetObject':10002,'S3HeadObject':15002,'S3ReadMicroseconds':3343663,'S3ReadRequestsCount':25004,'S3WriteMicroseconds':1971927,'S3WriteRequestAttempts':5000,'S3WriteRequestsCount':5000}
2e3cef8b4d38a523d148a81d2c6d86c0	0	round_commit	3171	{'generation':6,'generations_referenced':2,'generations_visited':1,'pruned_through':3,'round':6}	{'CASConditionalWriteAttempts':1,'CASConditionalWriteCommitted':1,'CASGCCompareSwap':1,'CASGCDelete':2,'CASGCEnumerationPages':1,'CASGCList':1,'ContextLock':3,'DiskConnectionsPreserved':2,'DiskConnectionsReused':2,'DiskS3DeleteObjects':2,'DiskS3WriteMicroseconds':991,'DiskS3WriteRequestAttempts':2,'DiskS3WriteRequestsCount':2,'GlobalThreadPoolJobs':1,'IOBufferAllocBytes':1048639,'IOBufferAllocs':1,'LocalThreadPoolExpansions':1,'LocalThreadPoolJobs':2,'LocalThreadPoolShrinks':1,'LocalThreadPoolThreadCreationMicroseconds':4,'LogTrace':3,'MemoryAllocatedWithoutCheck':4,'MemoryAllocatedWithoutCheckBytes':4352,'S3WriteMicroseconds':991,'S3WriteRequestAttempts':2,'S3WriteRequestsCount':2,'WriteBufferFromS3Bytes':136}
328b3065084287a24c54cb2233f0c8d9	0	manifest_deletes	0	{'attempted':0,'deleted':0,'suppressed':0}	{}
328b3065084287a24c54cb2233f0c8d9	0	namespace_cleanup	270177	{'evidence_rows':0,'janitor_deleted':0,'janitor_keys':1000,'janitor_pages':1,'leaked':0}	{'CASConditionalWriteAttempts':1,'CASConditionalWriteCommitted':1,'CASGCCompareSwap':1,'CASGCGet':2,'CASOtherGet':1,'CASRootList':1,'ContextLock':13,'DiskConnectionsPreserved':6,'DiskConnectionsReused':6,'DiskS3GetObject':3,'DiskS3HeadObject':3,'DiskS3ReadMicroseconds':2228,'DiskS3ReadRequestsCount':6,'GlobalThreadPoolJobs':1,'IOBufferAllocBytes':1061722,'IOBufferAllocs':4,'LocalThreadPoolExpansions':1,'LocalThreadPoolJobs':4,'LocalThreadPoolShrinks':1,'LocalThreadPoolThreadCreationMicroseconds':3,'LogTrace':3,'MemoryAllocatedWithoutCheck':12,'MemoryAllocatedWithoutCheckBytes':13056,'ReadBufferFromS3Bytes':606,'ReadBufferFromS3InitMicroseconds':1253,'ReadBufferFromS3Microseconds':1267,'S3GetObject':3,'S3HeadObject':3,'S3ReadMicroseconds':2228,'S3ReadRequestsCount':6,'WriteBufferFromS3Bytes':152}
328b3065084287a24c54cb2233f0c8d9	0	orphan_sweep	2	{'cursor_advanced':0,'deleted':0,'list_budget_keys':1000,'listed':2,'retained_hold':0,'retained_no_coverage':0,'retained_tail_removal':0,'retained_unconsumed_seal':0,'skipped':2,'suppressed':0}	{}
328b3065084287a24c54cb2233f0c8d9	0	pending_deletes	3560871	{'absent':0,'deleted':5000,'graduated':5000,'outcome_logs_written':1,'redeleted':5000,'replaced':0,'spared':0}	{'CASBlobDelete':5000,'CASConditionalWriteAttempts':1,'CASConditionalWriteCommitted':1,'CASGCPut':1,'CASGCRetiredGraduated':5000,'CASGCRetiredRedeleted':5000,'ContextLock':15001,'ContextLockWaitMicroseconds':5,'DiskConnectionsCreated':40,'DiskConnectionsElapsedMicroseconds':3193,'DiskConnectionsExpired':55,'DiskConnectionsPreserved':4945,'DiskConnectionsReused':4960,'DiskS3DeleteObjects':5000,'DiskS3WriteMicroseconds':3100320,'DiskS3WriteRequestAttempts':5000,'DiskS3WriteRequestsCount':5000,'IOBufferAllocBytes':1048639,'IOBufferAllocs':1,'LocalThreadPoolJobs':5001,'LocalThreadPoolLockWaitMicroseconds':1,'LogTrace':3,'MemoryAllocatedWithoutCheck':9970,'MemoryAllocatedWithoutCheckBytes':10847360,'QueryProfilerRuns':1,'S3WriteMicroseconds':3100320,'S3WriteRequestAttempts':5000,'S3WriteRequestsCount':5000,'WriteBufferFromS3Bytes':183471}
328b3065084287a24c54cb2233f0c8d9	0	ref_object_cleanup	8744051	{'namespaces_planned':2,'suppressed':0,'trim_enabled':1}	{'CASGCGet':5000,'CASOtherGet':5000,'CASRefCleanupObjectsDeleted':5000,'CASRootDelete':5000,'CASRootGet':4,'CASRootHead':5000,'ContextLock':45016,'ContextLockWaitMicroseconds':45,'DiskConnectionsCreated':295,'DiskConnectionsElapsedMicroseconds':22269,'DiskConnectionsExpired':301,'DiskConnectionsPreserved':29707,'DiskConnectionsReused':29713,'DiskS3DeleteObjects':5000,'DiskS3GetObject':10004,'DiskS3HeadObject':15004,'DiskS3ReadMicroseconds':4259261,'DiskS3ReadRequestsCount':25008,'DiskS3WriteMicroseconds':2653633,'DiskS3WriteRequestAttempts':5000,'DiskS3WriteRequestsCount':5000,'IOBufferAllocBytes':43887888,'IOBufferAllocs':10004,'MemoryAllocatedWithoutCheck':60004,'MemoryAllocatedWithoutCheckBytes':65284352,'QueryProfilerRuns':1,'ReadBufferFromS3Bytes':2281252,'ReadBufferFromS3InitMicroseconds':2483927,'ReadBufferFromS3Microseconds':2501094,'S3GetObject':10004,'S3HeadObject':15004,'S3ReadMicroseconds':4259261,'S3ReadRequestsCount':25008,'S3WriteMicroseconds':2653633,'S3WriteRequestAttempts':5000,'S3WriteRequestsCount':5000}
328b3065084287a24c54cb2233f0c8d9	0	round_commit	4926	{'generation':28,'generations_referenced':2,'generations_visited':1,'pruned_through':25,'round':28}	{'CASConditionalWriteAttempts':1,'CASConditionalWriteCommitted':1,'CASGCCompareSwap':1,'CASGCDelete':3,'CASGCEnumerationPages':1,'CASGCList':1,'ContextLock':4,'DiskConnectionsPreserved':3,'DiskConnectionsReused':3,'DiskS3DeleteObjects':3,'DiskS3WriteMicroseconds':1809,'DiskS3WriteRequestAttempts':3,'DiskS3WriteRequestsCount':3,'GlobalThreadPoolJobs':1,'IOBufferAllocBytes':1048639,'IOBufferAllocs':1,'LocalThreadPoolExpansions':1,'LocalThreadPoolJobs':2,'LocalThreadPoolShrinks':1,'LocalThreadPoolThreadCreationMicroseconds':3,'LogTrace':3,'MemoryAllocatedWithoutCheck':6,'MemoryAllocatedWithoutCheckBytes':6528,'S3WriteMicroseconds':1809,'S3WriteRequestAttempts':3,'S3WriteRequestsCount':3,'WriteBufferFromS3Bytes':141}
33831b1bc832e07a310b34f23441fff5	0	manifest_deletes	1	{'attempted':0,'deleted':0,'suppressed':0}	{}
33831b1bc832e07a310b34f23441fff5	0	namespace_cleanup	365999	{'evidence_rows':0,'janitor_deleted':0,'janitor_keys':1000,'janitor_pages':1,'leaked':0}	{'CASConditionalWriteAttempts':1,'CASConditionalWriteCommitted':1,'CASGCCompareSwap':1,'CASGCGet':2,'CASOtherGet':1,'CASRootList':1,'ContextLock':13,'DiskConnectionsPreserved':6,'DiskConnectionsReused':6,'DiskS3GetObject':3,'DiskS3HeadObject':3,'DiskS3ReadMicroseconds':1474,'DiskS3ReadRequestsCount':6,'GlobalThreadPoolJobs':1,'IOBufferAllocBytes':1061722,'IOBufferAllocs':4,'LocalThreadPoolExpansions':1,'LocalThreadPoolJobs':4,'LocalThreadPoolShrinks':1,'LocalThreadPoolThreadCreationMicroseconds':2,'LogTrace':3,'MemoryAllocatedWithoutCheck':12,'MemoryAllocatedWithoutCheckBytes':13056,'ReadBufferFromS3Bytes':606,'ReadBufferFromS3InitMicroseconds':871,'ReadBufferFromS3Microseconds':882,'S3GetObject':3,'S3HeadObject':3,'S3ReadMicroseconds':1474,'S3ReadRequestsCount':6,'WriteBufferFromS3Bytes':152}
33831b1bc832e07a310b34f23441fff5	0	orphan_sweep	2	{'cursor_advanced':0,'deleted':0,'list_budget_keys':1000,'listed':2,'retained_hold':0,'retained_no_coverage':0,'retained_tail_removal':0,'retained_unconsumed_seal':0,'skipped':2,'suppressed':0}	{}
33831b1bc832e07a310b34f23441fff5	0	pending_deletes	2744014	{'absent':0,'deleted':5000,'graduated':5000,'outcome_logs_written':1,'redeleted':5000,'replaced':0,'spared':0}	{'CASBlobDelete':5000,'CASConditionalWriteAttempts':1,'CASConditionalWriteCommitted':1,'CASGCPut':1,'CASGCRetiredGraduated':5000,'CASGCRetiredRedeleted':5000,'ContextLock':15001,'ContextLockWaitMicroseconds':5,'DiskConnectionsCreated':34,'DiskConnectionsElapsedMicroseconds':2201,'DiskConnectionsExpired':53,'DiskConnectionsPreserved':4947,'DiskConnectionsReused':4966,'DiskS3DeleteObjects':5000,'DiskS3WriteMicroseconds':2338732,'DiskS3WriteRequestAttempts':5000,'DiskS3WriteRequestsCount':5000,'IOBufferAllocBytes':1048639,'IOBufferAllocs':1,'LocalThreadPoolJobs':5001,'LogTrace':3,'MemoryAllocatedWithoutCheck':9963,'MemoryAllocatedWithoutCheckBytes':12477056,'S3WriteMicroseconds':2338732,'S3WriteRequestAttempts':5000,'S3WriteRequestsCount':5000,'WriteBufferFromS3Bytes':183702}
33831b1bc832e07a310b34f23441fff5	0	ref_object_cleanup	7275713	{'namespaces_planned':2,'suppressed':0,'trim_enabled':1}	{'CASGCGet':5000,'CASOtherGet':5000,'CASRefCleanupObjectsDeleted':5000,'CASRootDelete':5000,'CASRootGet':4,'CASRootHead':5000,'ContextLock':45016,'ContextLockWaitMicroseconds':4,'DiskConnectionsCreated':294,'DiskConnectionsElapsedMicroseconds':15725,'DiskConnectionsExpired':301,'DiskConnectionsPreserved':29707,'DiskConnectionsReused':29714,'DiskS3DeleteObjects':5000,'DiskS3GetObject':10004,'DiskS3HeadObject':15004,'DiskS3ReadMicroseconds':3525566,'DiskS3ReadRequestsCount':25008,'DiskS3WriteMicroseconds':2083742,'DiskS3WriteRequestAttempts':5000,'DiskS3WriteRequestsCount':5000,'IOBufferAllocBytes':43887888,'IOBufferAllocs':10004,'MemoryAllocatedWithoutCheck':60004,'MemoryAllocatedWithoutCheckBytes':74809818,'QueryProfilerRuns':1,'ReadBufferFromS3Bytes':2281252,'ReadBufferFromS3InitMicroseconds':2115968,'ReadBufferFromS3Microseconds':2130718,'S3GetObject':10004,'S3HeadObject':15004,'S3ReadMicroseconds':3525566,'S3ReadRequestsCount':25008,'S3WriteMicroseconds':2083742,'S3WriteRequestAttempts':5000,'S3WriteRequestsCount':5000}
33831b1bc832e07a310b34f23441fff5	0	round_commit	3645	{'generation':16,'generations_referenced':2,'generations_visited':1,'pruned_through':13,'round':16}	{'CASConditionalWriteAttempts':1,'CASConditionalWriteCommitted':1,'CASGCCompareSwap':1,'CASGCDelete':3,'CASGCEnumerationPages':1,'CASGCList':1,'ContextLock':4,'DiskConnectionsPreserved':3,'DiskConnectionsReused':3,'DiskS3DeleteObjects':3,'DiskS3WriteMicroseconds':1422,'DiskS3WriteRequestAttempts':3,'DiskS3WriteRequestsCount':3,'GlobalThreadPoolJobs':1,'IOBufferAllocBytes':1048639,'IOBufferAllocs':1,'LocalThreadPoolExpansions':1,'LocalThreadPoolJobs':2,'LocalThreadPoolShrinks':1,'LocalThreadPoolThreadCreationMicroseconds':3,'LogTrace':3,'MemoryAllocatedWithoutCheck':6,'MemoryAllocatedWithoutCheckBytes':6528,'S3WriteMicroseconds':1422,'S3WriteRequestAttempts':3,'S3WriteRequestsCount':3,'WriteBufferFromS3Bytes':141}
3adbddd6c79f0d50b99c6b479606eb68	0	manifest_deletes	0	{'attempted':0,'deleted':0,'suppressed':0}	{}
3adbddd6c79f0d50b99c6b479606eb68	0	namespace_cleanup	266369	{'evidence_rows':0,'janitor_deleted':0,'janitor_keys':1000,'janitor_pages':1,'leaked':0}	{'CASConditionalWriteAttempts':1,'CASConditionalWriteCommitted':1,'CASGCCompareSwap':1,'CASGCGet':2,'CASOtherGet':1,'CASRootList':1,'ContextLock':13,'DiskConnectionsPreserved':6,'DiskConnectionsReused':6,'DiskS3GetObject':3,'DiskS3HeadObject':3,'DiskS3ReadMicroseconds':1556,'DiskS3ReadRequestsCount':6,'GlobalThreadPoolJobs':1,'IOBufferAllocBytes':1061722,'IOBufferAllocs':4,'LocalThreadPoolExpansions':1,'LocalThreadPoolJobs':4,'LocalThreadPoolShrinks':1,'LocalThreadPoolThreadCreationMicroseconds':2,'LogTrace':3,'MemoryAllocatedWithoutCheck':12,'MemoryAllocatedWithoutCheckBytes':13056,'ReadBufferFromS3Bytes':606,'ReadBufferFromS3InitMicroseconds':1019,'ReadBufferFromS3Microseconds':1029,'S3GetObject':3,'S3HeadObject':3,'S3ReadMicroseconds':1556,'S3ReadRequestsCount':6,'WriteBufferFromS3Bytes':152}
3adbddd6c79f0d50b99c6b479606eb68	0	orphan_sweep	2	{'cursor_advanced':0,'deleted':0,'list_budget_keys':1000,'listed':2,'retained_hold':0,'retained_no_coverage':0,'retained_tail_removal':0,'retained_unconsumed_seal':0,'skipped':2,'suppressed':0}	{}
3adbddd6c79f0d50b99c6b479606eb68	0	pending_deletes	2781091	{'absent':0,'deleted':5000,'graduated':5000,'outcome_logs_written':1,'redeleted':5000,'replaced':0,'spared':0}	{'AsyncLoggingFileLogTotalMessages':3,'AsyncLoggingTextLogTotalMessages':3,'CASBlobDelete':5000,'CASConditionalWriteAttempts':1,'CASConditionalWriteCommitted':1,'CASGCPut':1,'CASGCRetiredGraduated':5000,'CASGCRetiredRedeleted':5000,'ContextLock':15001,'DiskConnectionsCreated':41,'DiskConnectionsElapsedMicroseconds':2837,'DiskConnectionsExpired':44,'DiskConnectionsPreserved':4956,'DiskConnectionsReused':4959,'DiskS3DeleteObjects':5000,'DiskS3WriteMicroseconds':2372926,'DiskS3WriteRequestAttempts':5000,'DiskS3WriteRequestsCount':5000,'IOBufferAllocBytes':1048639,'IOBufferAllocs':1,'LocalThreadPoolJobs':5001,'LocalThreadPoolLockWaitMicroseconds':11,'LogTrace':3,'LoggerElapsedNanoseconds':15480,'MemoryAllocatedWithoutCheck':9998,'MemoryAllocatedWithoutCheckBytes':13532332,'S3WriteMicroseconds':2372926,'S3WriteRequestAttempts':5000,'S3WriteRequestsCount':5000,'WriteBufferFromS3Bytes':183434}
3adbddd6c79f0d50b99c6b479606eb68	0	ref_object_cleanup	7172796	{'namespaces_planned':2,'suppressed':0,'trim_enabled':1}	{'CASGCGet':5000,'CASOtherGet':5000,'CASRefCleanupObjectsDeleted':5000,'CASRootDelete':5000,'CASRootGet':4,'CASRootHead':5000,'ContextLock':45016,'ContextLockWaitMicroseconds':19,'DiskConnectionsCreated':296,'DiskConnectionsElapsedMicroseconds':16278,'DiskConnectionsExpired':302,'DiskConnectionsPreserved':29706,'DiskConnectionsReused':29712,'DiskS3DeleteObjects':5000,'DiskS3GetObject':10004,'DiskS3HeadObject':15004,'DiskS3ReadMicroseconds':3528234,'DiskS3ReadRequestsCount':25008,'DiskS3WriteMicroseconds':2039546,'DiskS3WriteRequestAttempts':5000,'DiskS3WriteRequestsCount':5000,'IOBufferAllocBytes':43887888,'IOBufferAllocs':10004,'MemoryAllocatedWithoutCheck':60004,'MemoryAllocatedWithoutCheckBytes':65284352,'QueryProfilerRuns':2,'ReadBufferFromS3Bytes':2281252,'ReadBufferFromS3InitMicroseconds':2100316,'ReadBufferFromS3Microseconds':2114648,'S3GetObject':10004,'S3HeadObject':15004,'S3ReadMicroseconds':3528234,'S3ReadRequestsCount':25008,'S3WriteMicroseconds':2039546,'S3WriteRequestAttempts':5000,'S3WriteRequestsCount':5000}
3adbddd6c79f0d50b99c6b479606eb68	0	round_commit	4616	{'generation':25,'generations_referenced':2,'generations_visited':1,'pruned_through':22,'round':25}	{'CASConditionalWriteAttempts':1,'CASConditionalWriteCommitted':1,'CASGCCompareSwap':1,'CASGCDelete':3,'CASGCEnumerationPages':1,'CASGCList':1,'ContextLock':4,'DiskConnectionsPreserved':3,'DiskConnectionsReused':3,'DiskS3DeleteObjects':3,'DiskS3WriteMicroseconds':1461,'DiskS3WriteRequestAttempts':3,'DiskS3WriteRequestsCount':3,'GlobalThreadPoolJobs':1,'IOBufferAllocBytes':1048639,'IOBufferAllocs':1,'LocalThreadPoolExpansions':1,'LocalThreadPoolJobs':2,'LocalThreadPoolShrinks':1,'LocalThreadPoolThreadCreationMicroseconds':3,'LogTrace':3,'MemoryAllocatedWithoutCheck':6,'MemoryAllocatedWithoutCheckBytes':6528,'S3WriteMicroseconds':1461,'S3WriteRequestAttempts':3,'S3WriteRequestsCount':3,'WriteBufferFromS3Bytes':141}
3ba3652fb4561cb82e944889a1ae464f	0	manifest_deletes	0	{'attempted':0,'deleted':0,'suppressed':0}	{}
3ba3652fb4561cb82e944889a1ae464f	0	namespace_cleanup	409688	{'evidence_rows':0,'janitor_deleted':0,'janitor_keys':1000,'janitor_pages':1,'leaked':0}	{'CASConditionalWriteAttempts':1,'CASConditionalWriteCommitted':1,'CASGCCompareSwap':1,'CASGCGet':2,'CASOtherGet':1,'CASRootList':1,'ContextLock':13,'DiskConnectionsPreserved':6,'DiskConnectionsReused':6,'DiskS3GetObject':3,'DiskS3HeadObject':3,'DiskS3ReadMicroseconds':1429,'DiskS3ReadRequestsCount':6,'GlobalThreadPoolJobs':1,'IOBufferAllocBytes':1061719,'IOBufferAllocs':4,'LocalThreadPoolExpansions':1,'LocalThreadPoolJobs':4,'LocalThreadPoolLockWaitMicroseconds':3,'LocalThreadPoolShrinks':1,'LocalThreadPoolThreadCreationMicroseconds':2,'LogTrace':3,'MemoryAllocatedWithoutCheck':12,'MemoryAllocatedWithoutCheckBytes':13056,'ReadBufferFromS3Bytes':603,'ReadBufferFromS3InitMicroseconds':943,'ReadBufferFromS3Microseconds':953,'S3GetObject':3,'S3HeadObject':3,'S3ReadMicroseconds':1429,'S3ReadRequestsCount':6,'WriteBufferFromS3Bytes':152}
3ba3652fb4561cb82e944889a1ae464f	0	orphan_sweep	2	{'cursor_advanced':0,'deleted':0,'list_budget_keys':1000,'listed':2,'retained_hold':0,'retained_no_coverage':0,'retained_tail_removal':0,'retained_unconsumed_seal':0,'skipped':2,'suppressed':0}	{}
3ba3652fb4561cb82e944889a1ae464f	0	pending_deletes	2497274	{'absent':0,'deleted':5000,'graduated':5000,'outcome_logs_written':1,'redeleted':5000,'replaced':0,'spared':0}	{'CASBlobDelete':5000,'CASConditionalWriteAttempts':1,'CASConditionalWriteCommitted':1,'CASGCPut':1,'CASGCRetiredGraduated':5000,'CASGCRetiredRedeleted':5000,'ContextLock':15001,'ContextLockWaitMicroseconds':1,'DiskConnectionsCreated':42,'DiskConnectionsElapsedMicroseconds':2965,'DiskConnectionsExpired':51,'DiskConnectionsPreserved':4949,'DiskConnectionsReused':4958,'DiskS3DeleteObjects':5000,'DiskS3WriteMicroseconds':2097059,'DiskS3WriteRequestAttempts':5000,'DiskS3WriteRequestsCount':5000,'IOBufferAllocBytes':1048639,'IOBufferAllocs':1,'LocalThreadPoolJobs':5001,'LocalThreadPoolLockWaitMicroseconds':2,'LogTrace':3,'MemoryAllocatedWithoutCheck':9982,'MemoryAllocatedWithoutCheckBytes':10860416,'S3WriteMicroseconds':2097059,'S3WriteRequestAttempts':5000,'S3WriteRequestsCount':5000,'WriteBufferFromS3Bytes':183645}
3ba3652fb4561cb82e944889a1ae464f	0	ref_object_cleanup	7062788	{'namespaces_planned':2,'suppressed':0,'trim_enabled':1}	{'CASGCGet':5000,'CASOtherGet':5000,'CASRefCleanupObjectsDeleted':5000,'CASRootDelete':5000,'CASRootGet':2,'CASRootHead':5000,'ContextLock':45008,'ContextLockWaitMicroseconds':5,'DiskConnectionsCreated':295,'DiskConnectionsElapsedMicroseconds':16057,'DiskConnectionsExpired':300,'DiskConnectionsPreserved':29704,'DiskConnectionsReused':29709,'DiskS3DeleteObjects':5000,'DiskS3GetObject':10002,'DiskS3HeadObject':15002,'DiskS3ReadMicroseconds':3472865,'DiskS3ReadRequestsCount':25004,'DiskS3WriteMicroseconds':1965744,'DiskS3WriteRequestAttempts':5000,'DiskS3WriteRequestsCount':5000,'IOBufferAllocBytes':43853915,'IOBufferAllocs':10002,'MemoryAllocatedWithoutCheck':60000,'MemoryAllocatedWithoutCheckBytes':65277920,'QueryProfilerRuns':1,'ReadBufferFromS3Bytes':2255597,'ReadBufferFromS3InitMicroseconds':2081103,'ReadBufferFromS3Microseconds':2095318,'S3GetObject':10002,'S3HeadObject':15002,'S3ReadMicroseconds':3472865,'S3ReadRequestsCount':25004,'S3WriteMicroseconds':1965744,'S3WriteRequestAttempts':5000,'S3WriteRequestsCount':5000}
3ba3652fb4561cb82e944889a1ae464f	0	round_commit	3737	{'generation':9,'generations_referenced':2,'generations_visited':1,'pruned_through':6,'round':9}	{'CASConditionalWriteAttempts':1,'CASConditionalWriteCommitted':1,'CASGCCompareSwap':1,'CASGCDelete':3,'CASGCEnumerationPages':1,'CASGCList':1,'ContextLock':4,'DiskConnectionsPreserved':3,'DiskConnectionsReused':3,'DiskS3DeleteObjects':3,'DiskS3WriteMicroseconds':1401,'DiskS3WriteRequestAttempts':3,'DiskS3WriteRequestsCount':3,'GlobalThreadPoolJobs':1,'IOBufferAllocBytes':1048639,'IOBufferAllocs':1,'LocalThreadPoolExpansions':1,'LocalThreadPoolJobs':2,'LocalThreadPoolShrinks':1,'LocalThreadPoolThreadCreationMicroseconds':16,'LogTrace':3,'MemoryAllocatedWithoutCheck':6,'MemoryAllocatedWithoutCheckBytes':6528,'S3WriteMicroseconds':1401,'S3WriteRequestAttempts':3,'S3WriteRequestsCount':3,'WriteBufferFromS3Bytes':138}
3be81f4325098cb5504bd78bfecaba94	0	manifest_deletes	75292967	{'attempted':129379,'deleted':129379,'suppressed':0}	{'CASManifestDelete':129379,'ContextLock':258821,'ContextLockWaitMicroseconds':60,'DiskConnectionsCreated':1201,'DiskConnectionsElapsedMicroseconds':88484,'DiskConnectionsExpired':1304,'DiskConnectionsPreserved':128075,'DiskConnectionsReused':128178,'DiskS3DeleteObjects':129379,'DiskS3WriteMicroseconds':65469428,'DiskS3WriteRequestAttempts':129379,'DiskS3WriteRequestsCount':129379,'MemoryAllocatedWithoutCheck':258561,'MemoryAllocatedWithoutCheckBytes':303148736,'QueryProfilerRuns':9,'S3WriteMicroseconds':65469428,'S3WriteRequestAttempts':129379,'S3WriteRequestsCount':129379}
3be81f4325098cb5504bd78bfecaba94	0	namespace_cleanup	394253	{'evidence_rows':0,'janitor_deleted':0,'janitor_keys':1000,'janitor_pages':1,'leaked':0}	{'AsyncLoggingFileLogTotalMessages':3,'AsyncLoggingTextLogTotalMessages':3,'CASConditionalWriteAttempts':1,'CASConditionalWriteCommitted':1,'CASGCCompareSwap':1,'CASGCGet':2,'CASOtherGet':1,'CASRootList':1,'ContextLock':13,'DiskConnectionsPreserved':6,'DiskConnectionsReused':6,'DiskS3GetObject':3,'DiskS3HeadObject':3,'DiskS3ReadMicroseconds':1857,'DiskS3ReadRequestsCount':6,'GlobalThreadPoolJobs':1,'IOBufferAllocBytes':1061849,'IOBufferAllocs':4,'LocalThreadPoolExpansions':1,'LocalThreadPoolJobs':4,'LocalThreadPoolShrinks':1,'LocalThreadPoolThreadCreationMicroseconds':4,'LogTrace':3,'LoggerElapsedNanoseconds':16070,'MemoryAllocatedWithoutCheck':14,'MemoryAllocatedWithoutCheckBytes':26288,'ReadBufferFromS3Bytes':733,'ReadBufferFromS3InitMicroseconds':1143,'ReadBufferFromS3Microseconds':1161,'S3GetObject':3,'S3HeadObject':3,'S3ReadMicroseconds':1857,'S3ReadRequestsCount':6,'WriteBufferFromS3Bytes':152}
3be81f4325098cb5504bd78bfecaba94	0	orphan_sweep	3	{'cursor_advanced':1,'deleted':0,'list_budget_keys':1000,'listed':1000,'retained_hold':0,'retained_no_coverage':0,'retained_tail_removal':0,'retained_unconsumed_seal':0,'skipped':1000,'suppressed':0}	{}
3be81f4325098cb5504bd78bfecaba94	0	pending_deletes	2	{'absent':0,'deleted':0,'graduated':0,'outcome_logs_written':0,'redeleted':0,'replaced':0,'spared':0}	{}
3be81f4325098cb5504bd78bfecaba94	0	ref_object_cleanup	8457484	{'namespaces_planned':2,'suppressed':0,'trim_enabled':1}	{'CASGCGet':5000,'CASOtherGet':5000,'CASRefCleanupObjectsDeleted':5000,'CASRootDelete':5000,'CASRootGet':2,'CASRootHead':5000,'ContextLock':45008,'ContextLockWaitMicroseconds':10,'DiskConnectionsCreated':298,'DiskConnectionsElapsedMicroseconds':20577,'DiskConnectionsExpired':301,'DiskConnectionsPreserved':29703,'DiskConnectionsReused':29706,'DiskS3DeleteObjects':5000,'DiskS3GetObject':10002,'DiskS3HeadObject':15002,'DiskS3ReadMicroseconds':4251974,'DiskS3ReadRequestsCount':25004,'DiskS3WriteMicroseconds':2260058,'DiskS3WriteRequestAttempts':5000,'DiskS3WriteRequestsCount':5000,'IOBufferAllocBytes':44699616,'IOBufferAllocs':10002,'MemoryAllocatedWithoutCheck':60002,'MemoryAllocatedWithoutCheckBytes':65282176,'QueryProfilerRuns':1,'ReadBufferFromS3Bytes':3101298,'ReadBufferFromS3InitMicroseconds':2545998,'ReadBufferFromS3Microseconds':2563720,'S3GetObject':10002,'S3HeadObject':15002,'S3ReadMicroseconds':4251974,'S3ReadRequestsCount':25004,'S3WriteMicroseconds':2260058,'S3WriteRequestAttempts':5000,'S3WriteRequestsCount':5000}
3be81f4325098cb5504bd78bfecaba94	0	round_commit	1336	{'generation':3,'generations_referenced':2,'generations_visited':0,'pruned_through':0,'round':3}	{'CASConditionalWriteAttempts':1,'CASConditionalWriteCommitted':1,'CASGCCompareSwap':1,'ContextLock':1,'IOBufferAllocBytes':1048639,'IOBufferAllocs':1,'LocalThreadPoolJobs':1,'LogTrace':3,'WriteBufferFromS3Bytes':268}
3f129da083b41c8ab6532b12f4e3c722	0	manifest_deletes	1	{'attempted':0,'deleted':0,'suppressed':0}	{}
3f129da083b41c8ab6532b12f4e3c722	0	namespace_cleanup	22756	{'evidence_rows':0,'janitor_deleted':0,'janitor_keys':186,'janitor_pages':1,'leaked':0}	{'CASConditionalWriteAttempts':1,'CASConditionalWriteCommitted':1,'CASGCCompareSwap':1,'CASGCGet':2,'CASOtherGet':1,'CASRootList':1,'ContextLock':13,'DiskConnectionsPreserved':6,'DiskConnectionsReused':6,'DiskS3GetObject':3,'DiskS3HeadObject':3,'DiskS3ReadMicroseconds':1737,'DiskS3ReadRequestsCount':6,'GlobalThreadPoolJobs':1,'IOBufferAllocBytes':1061623,'IOBufferAllocs':4,'LocalThreadPoolExpansions':1,'LocalThreadPoolJobs':2,'LocalThreadPoolShrinks':1,'LocalThreadPoolThreadCreationMicroseconds':4,'LogTrace':3,'MemoryAllocatedWithoutCheck':12,'MemoryAllocatedWithoutCheckBytes':13056,'ReadBufferFromS3Bytes':507,'ReadBufferFromS3InitMicroseconds':1134,'ReadBufferFromS3Microseconds':1148,'S3GetObject':3,'S3HeadObject':3,'S3ReadMicroseconds':1737,'S3ReadRequestsCount':6,'WriteBufferFromS3Bytes':53}
3f129da083b41c8ab6532b12f4e3c722	0	orphan_sweep	2	{'cursor_advanced':0,'deleted':0,'list_budget_keys':1000,'listed':2,'retained_hold':0,'retained_no_coverage':0,'retained_tail_removal':0,'retained_unconsumed_seal':0,'skipped':2,'suppressed':0}	{}
3f129da083b41c8ab6532b12f4e3c722	0	pending_deletes	3164172	{'absent':0,'deleted':5000,'graduated':5000,'outcome_logs_written':1,'redeleted':5000,'replaced':0,'spared':0}	{'CASBlobDelete':5000,'CASConditionalWriteAttempts':1,'CASConditionalWriteCommitted':1,'CASGCPut':1,'CASGCRetiredGraduated':5000,'CASGCRetiredRedeleted':5000,'ContextLock':15001,'DiskConnectionsCreated':42,'DiskConnectionsElapsedMicroseconds':3031,'DiskConnectionsExpired':51,'DiskConnectionsPreserved':4949,'DiskConnectionsReused':4958,'DiskS3DeleteObjects':5000,'DiskS3WriteMicroseconds':2730204,'DiskS3WriteRequestAttempts':5000,'DiskS3WriteRequestsCount':5000,'IOBufferAllocBytes':1048639,'IOBufferAllocs':1,'LocalThreadPoolJobs':5001,'LogTrace':3,'MemoryAllocatedWithoutCheck':9982,'MemoryAllocatedWithoutCheckBytes':10860416,'S3WriteMicroseconds':2730204,'S3WriteRequestAttempts':5000,'S3WriteRequestsCount':5000,'WriteBufferFromS3Bytes':183366}
3f129da083b41c8ab6532b12f4e3c722	0	ref_object_cleanup	3161	{'namespaces_planned':2,'suppressed':0,'trim_enabled':1}	{'CASRootGet':4,'ContextLock':16,'DiskConnectionsPreserved':8,'DiskConnectionsReused':8,'DiskS3GetObject':4,'DiskS3HeadObject':4,'DiskS3ReadMicroseconds':1879,'DiskS3ReadRequestsCount':8,'IOBufferAllocBytes':27888,'IOBufferAllocs':4,'MemoryAllocatedWithoutCheck':16,'MemoryAllocatedWithoutCheckBytes':17408,'ReadBufferFromS3Bytes':11252,'ReadBufferFromS3InitMicroseconds':1354,'ReadBufferFromS3Microseconds':1370,'S3GetObject':4,'S3HeadObject':4,'S3ReadMicroseconds':1879,'S3ReadRequestsCount':8}
3f129da083b41c8ab6532b12f4e3c722	0	round_commit	4960	{'generation':39,'generations_referenced':2,'generations_visited':1,'pruned_through':36,'round':39}	{'CASConditionalWriteAttempts':1,'CASConditionalWriteCommitted':1,'CASGCCompareSwap':1,'CASGCDelete':3,'CASGCEnumerationPages':1,'CASGCList':1,'ContextLock':4,'DiskConnectionsPreserved':3,'DiskConnectionsReused':3,'DiskS3DeleteObjects':3,'DiskS3WriteMicroseconds':1964,'DiskS3WriteRequestAttempts':3,'DiskS3WriteRequestsCount':3,'GlobalThreadPoolJobs':1,'IOBufferAllocBytes':1048639,'IOBufferAllocs':1,'LocalThreadPoolExpansions':1,'LocalThreadPoolJobs':2,'LocalThreadPoolShrinks':1,'LocalThreadPoolThreadCreationMicroseconds':4,'LogTrace':3,'MemoryAllocatedWithoutCheck':6,'MemoryAllocatedWithoutCheckBytes':6528,'S3WriteMicroseconds':1964,'S3WriteRequestAttempts':3,'S3WriteRequestsCount':3,'WriteBufferFromS3Bytes':141}
40a53b4903078d2858315df1573425d8	0	namespace_cleanup	2404	{'evidence_rows':0,'janitor_deleted':0,'janitor_keys':0,'janitor_pages':1,'leaked':0}	{'AsyncLoggingFileLogTotalMessages':1,'AsyncLoggingTextLogTotalMessages':1,'CASGCGet':1,'CASOtherGet':1,'CASRootList':1,'ContextLock':4,'DiskConnectionsPreserved':3,'DiskConnectionsReused':3,'DiskS3GetObject':1,'DiskS3HeadObject':2,'DiskS3ReadMicroseconds':1175,'DiskS3ReadRequestsCount':3,'DiskS3ReadRequestsErrors':1,'GlobalThreadPoolJobs':1,'IOBufferAllocBytes':4200,'IOBufferAllocs':1,'LocalThreadPoolExpansions':1,'LocalThreadPoolJobs':1,'LocalThreadPoolShrinks':1,'LocalThreadPoolThreadCreationMicroseconds':2,'LogDebug':1,'LoggerElapsedNanoseconds':3130,'MemoryAllocatedWithoutCheck':8,'MemoryAllocatedWithoutCheckBytes':12352,'ReadBufferFromS3Bytes':41,'ReadBufferFromS3InitMicroseconds':908,'ReadBufferFromS3Microseconds':914,'S3GetObject':1,'S3HeadObject':2,'S3ReadMicroseconds':1175,'S3ReadRequestsCount':3,'S3ReadRequestsErrors':1}
426faec7b25bd8653621c7311bff81f4	0	manifest_deletes	0	{'attempted':0,'deleted':0,'suppressed':0}	{}
426faec7b25bd8653621c7311bff81f4	0	namespace_cleanup	23065	{'evidence_rows':0,'janitor_deleted':0,'janitor_keys':186,'janitor_pages':1,'leaked':0}	{'CASConditionalWriteAttempts':1,'CASConditionalWriteCommitted':1,'CASGCCompareSwap':1,'CASGCGet':2,'CASOtherGet':1,'CASRootList':1,'ContextLock':13,'DiskConnectionsPreserved':6,'DiskConnectionsReused':6,'DiskS3GetObject':3,'DiskS3HeadObject':3,'DiskS3ReadMicroseconds':1842,'DiskS3ReadRequestsCount':6,'GlobalThreadPoolJobs':1,'IOBufferAllocBytes':1061623,'IOBufferAllocs':4,'LocalThreadPoolExpansions':1,'LocalThreadPoolJobs':2,'LocalThreadPoolShrinks':1,'LocalThreadPoolThreadCreationMicroseconds':3,'LogTrace':3,'MemoryAllocatedWithoutCheck':12,'MemoryAllocatedWithoutCheckBytes':13056,'ReadBufferFromS3Bytes':507,'ReadBufferFromS3InitMicroseconds':1353,'ReadBufferFromS3Microseconds':1368,'S3GetObject':3,'S3HeadObject':3,'S3ReadMicroseconds':1842,'S3ReadRequestsCount':6,'WriteBufferFromS3Bytes':53}
426faec7b25bd8653621c7311bff81f4	0	orphan_sweep	2	{'cursor_advanced':0,'deleted':0,'list_budget_keys':1000,'listed':2,'retained_hold':0,'retained_no_coverage':0,'retained_tail_removal':0,'retained_unconsumed_seal':0,'skipped':2,'suppressed':0}	{}
426faec7b25bd8653621c7311bff81f4	0	pending_deletes	3088188	{'absent':0,'deleted':5000,'graduated':5000,'outcome_logs_written':1,'redeleted':5000,'replaced':0,'spared':0}	{'CASBlobDelete':5000,'CASConditionalWriteAttempts':1,'CASConditionalWriteCommitted':1,'CASGCPut':1,'CASGCRetiredGraduated':5000,'CASGCRetiredRedeleted':5000,'ContextLock':15001,'ContextLockWaitMicroseconds':15,'DiskConnectionsCreated':34,'DiskConnectionsElapsedMicroseconds':2707,'DiskConnectionsExpired':46,'DiskConnectionsPreserved':4954,'DiskConnectionsReused':4966,'DiskS3DeleteObjects':5000,'DiskS3WriteMicroseconds':2602483,'DiskS3WriteRequestAttempts':5000,'DiskS3WriteRequestsCount':5000,'IOBufferAllocBytes':1048639,'IOBufferAllocs':1,'LocalThreadPoolJobs':5001,'LocalThreadPoolLockWaitMicroseconds':14,'LogTrace':3,'MemoryAllocatedWithoutCheck':9976,'MemoryAllocatedWithoutCheckBytes':10853888,'QueryProfilerRuns':1,'S3WriteMicroseconds':2602483,'S3WriteRequestAttempts':5000,'S3WriteRequestsCount':5000,'WriteBufferFromS3Bytes':183421}
426faec7b25bd8653621c7311bff81f4	0	ref_object_cleanup	3532	{'namespaces_planned':2,'suppressed':0,'trim_enabled':1}	{'CASRootGet':4,'ContextLock':16,'DiskConnectionsPreserved':8,'DiskConnectionsReused':8,'DiskS3GetObject':4,'DiskS3HeadObject':4,'DiskS3ReadMicroseconds':1976,'DiskS3ReadRequestsCount':8,'IOBufferAllocBytes':27888,'IOBufferAllocs':4,'MemoryAllocatedWithoutCheck':16,'MemoryAllocatedWithoutCheckBytes':17408,'ReadBufferFromS3Bytes':11252,'ReadBufferFromS3InitMicroseconds':1404,'ReadBufferFromS3Microseconds':1421,'S3GetObject':4,'S3HeadObject':4,'S3ReadMicroseconds':1976,'S3ReadRequestsCount':8}
426faec7b25bd8653621c7311bff81f4	0	round_commit	4051	{'generation':46,'generations_referenced':2,'generations_visited':1,'pruned_through':43,'round':46}	{'CASConditionalWriteAttempts':1,'CASConditionalWriteCommitted':1,'CASGCCompareSwap':1,'CASGCDelete':3,'CASGCEnumerationPages':1,'CASGCList':1,'ContextLock':4,'DiskConnectionsPreserved':3,'DiskConnectionsReused':3,'DiskS3DeleteObjects':3,'DiskS3WriteMicroseconds':1593,'DiskS3WriteRequestAttempts':3,'DiskS3WriteRequestsCount':3,'GlobalThreadPoolJobs':1,'IOBufferAllocBytes':1048639,'IOBufferAllocs':1,'LocalThreadPoolExpansions':1,'LocalThreadPoolJobs':2,'LocalThreadPoolShrinks':1,'LocalThreadPoolThreadCreationMicroseconds':3,'LogTrace':3,'MemoryAllocatedWithoutCheck':6,'MemoryAllocatedWithoutCheckBytes':6528,'S3WriteMicroseconds':1593,'S3WriteRequestAttempts':3,'S3WriteRequestsCount':3,'WriteBufferFromS3Bytes':141}
506a402585089b7800fcdcad3ed54893	0	manifest_deletes	1	{'attempted':0,'deleted':0,'suppressed':0}	{}
506a402585089b7800fcdcad3ed54893	0	namespace_cleanup	333898	{'evidence_rows':0,'janitor_deleted':0,'janitor_keys':1000,'janitor_pages':1,'leaked':0}	{'CASConditionalWriteAttempts':1,'CASConditionalWriteCommitted':1,'CASGCCompareSwap':1,'CASGCGet':2,'CASOtherGet':1,'CASRootList':1,'ContextLock':13,'DiskConnectionsPreserved':6,'DiskConnectionsReused':6,'DiskS3GetObject':3,'DiskS3HeadObject':3,'DiskS3ReadMicroseconds':1570,'DiskS3ReadRequestsCount':6,'GlobalThreadPoolJobs':1,'IOBufferAllocBytes':1061722,'IOBufferAllocs':4,'LocalThreadPoolExpansions':1,'LocalThreadPoolJobs':4,'LocalThreadPoolShrinks':1,'LocalThreadPoolThreadCreationMicroseconds':1,'LogTrace':3,'MemoryAllocatedWithoutCheck':12,'MemoryAllocatedWithoutCheckBytes':13056,'ReadBufferFromS3Bytes':606,'ReadBufferFromS3InitMicroseconds':1006,'ReadBufferFromS3Microseconds':1017,'S3GetObject':3,'S3HeadObject':3,'S3ReadMicroseconds':1570,'S3ReadRequestsCount':6,'WriteBufferFromS3Bytes':152}
506a402585089b7800fcdcad3ed54893	0	orphan_sweep	2	{'cursor_advanced':0,'deleted':0,'list_budget_keys':1000,'listed':2,'retained_hold':0,'retained_no_coverage':0,'retained_tail_removal':0,'retained_unconsumed_seal':0,'skipped':2,'suppressed':0}	{}
506a402585089b7800fcdcad3ed54893	0	pending_deletes	2706526	{'absent':0,'deleted':5000,'graduated':5000,'outcome_logs_written':1,'redeleted':5000,'replaced':0,'spared':0}	{'CASBlobDelete':5000,'CASConditionalWriteAttempts':1,'CASConditionalWriteCommitted':1,'CASGCPut':1,'CASGCRetiredGraduated':5000,'CASGCRetiredRedeleted':5000,'ContextLock':15001,'DiskConnectionsCreated':35,'DiskConnectionsElapsedMicroseconds':2075,'DiskConnectionsExpired':45,'DiskConnectionsPreserved':4955,'DiskConnectionsReused':4965,'DiskS3DeleteObjects':5000,'DiskS3WriteMicroseconds':2310612,'DiskS3WriteRequestAttempts':5000,'DiskS3WriteRequestsCount':5000,'IOBufferAllocBytes':1048639,'IOBufferAllocs':1,'LocalThreadPoolJobs':5001,'LocalThreadPoolLockWaitMicroseconds':5,'LogTrace':3,'MemoryAllocatedWithoutCheck':9981,'MemoryAllocatedWithoutCheckBytes':12496640,'QueryProfilerRuns':1,'S3WriteMicroseconds':2310612,'S3WriteRequestAttempts':5000,'S3WriteRequestsCount':5000,'WriteBufferFromS3Bytes':183546}
506a402585089b7800fcdcad3ed54893	0	ref_object_cleanup	7202977	{'namespaces_planned':2,'suppressed':0,'trim_enabled':1}	{'CASGCGet':5000,'CASOtherGet':5000,'CASRefCleanupObjectsDeleted':5000,'CASRootDelete':5000,'CASRootGet':4,'CASRootHead':5000,'ContextLock':45016,'ContextLockWaitMicroseconds':11,'DiskConnectionsCreated':295,'DiskConnectionsElapsedMicroseconds':16297,'DiskConnectionsExpired':302,'DiskConnectionsPreserved':29706,'DiskConnectionsReused':29713,'DiskS3DeleteObjects':5000,'DiskS3GetObject':10004,'DiskS3HeadObject':15004,'DiskS3ReadMicroseconds':3515671,'DiskS3ReadRequestsCount':25008,'DiskS3WriteMicroseconds':2050803,'DiskS3WriteRequestAttempts':5000,'DiskS3WriteRequestsCount':5000,'IOBufferAllocBytes':43887888,'IOBufferAllocs':10004,'MemoryAllocatedWithoutCheck':60006,'MemoryAllocatedWithoutCheckBytes':74810074,'ReadBufferFromS3Bytes':2281252,'ReadBufferFromS3InitMicroseconds':2106979,'ReadBufferFromS3Microseconds':2121502,'S3GetObject':10004,'S3HeadObject':15004,'S3ReadMicroseconds':3515671,'S3ReadRequestsCount':25008,'S3WriteMicroseconds':2050803,'S3WriteRequestAttempts':5000,'S3WriteRequestsCount':5000}
506a402585089b7800fcdcad3ed54893	0	round_commit	3633	{'generation':20,'generations_referenced':2,'generations_visited':1,'pruned_through':17,'round':20}	{'CASConditionalWriteAttempts':1,'CASConditionalWriteCommitted':1,'CASGCCompareSwap':1,'CASGCDelete':3,'CASGCEnumerationPages':1,'CASGCList':1,'ContextLock':4,'DiskConnectionsPreserved':3,'DiskConnectionsReused':3,'DiskS3DeleteObjects':3,'DiskS3WriteMicroseconds':1393,'DiskS3WriteRequestAttempts':3,'DiskS3WriteRequestsCount':3,'GlobalThreadPoolJobs':1,'IOBufferAllocBytes':1048639,'IOBufferAllocs':1,'LocalThreadPoolExpansions':1,'LocalThreadPoolJobs':2,'LocalThreadPoolShrinks':1,'LocalThreadPoolThreadCreationMicroseconds':3,'LogTrace':3,'MemoryAllocatedWithoutCheck':6,'MemoryAllocatedWithoutCheckBytes':6528,'S3WriteMicroseconds':1393,'S3WriteRequestAttempts':3,'S3WriteRequestsCount':3,'WriteBufferFromS3Bytes':141}
50943d4fd00d05eaa962f65ce1c15b1d	0	manifest_deletes	2	{'attempted':0,'deleted':0,'suppressed':0}	{}
50943d4fd00d05eaa962f65ce1c15b1d	0	namespace_cleanup	295487	{'evidence_rows':0,'janitor_deleted':0,'janitor_keys':186,'janitor_pages':1,'leaked':0}	{'CASConditionalWriteAttempts':1,'CASConditionalWriteCommitted':1,'CASGCCompareSwap':1,'CASGCGet':2,'CASOtherGet':1,'CASRootList':1,'ContextLock':13,'DiskConnectionsExpired':3,'DiskConnectionsPreserved':3,'DiskConnectionsReused':6,'DiskS3GetObject':3,'DiskS3HeadObject':3,'DiskS3ReadMicroseconds':3435,'DiskS3ReadRequestsCount':6,'GlobalThreadPoolJobs':1,'IOBufferAllocBytes':1061623,'IOBufferAllocs':4,'LocalThreadPoolExpansions':1,'LocalThreadPoolJobs':2,'LocalThreadPoolShrinks':1,'LocalThreadPoolThreadCreationMicroseconds':11,'LogTrace':3,'MemoryAllocatedWithoutCheck':6,'MemoryAllocatedWithoutCheckBytes':6528,'ReadBufferFromS3Bytes':507,'ReadBufferFromS3InitMicroseconds':1796,'ReadBufferFromS3Microseconds':1816,'S3GetObject':3,'S3HeadObject':3,'S3ReadMicroseconds':3435,'S3ReadRequestsCount':6,'WriteBufferFromS3Bytes':53}
50943d4fd00d05eaa962f65ce1c15b1d	0	orphan_sweep	312	{'cursor_advanced':0,'deleted':0,'list_budget_keys':1000,'listed':2,'retained_hold':0,'retained_no_coverage':0,'retained_tail_removal':0,'retained_unconsumed_seal':0,'skipped':2,'suppressed':0}	{}
50943d4fd00d05eaa962f65ce1c15b1d	0	pending_deletes	15989913	{'absent':0,'deleted':5000,'graduated':5000,'outcome_logs_written':1,'redeleted':5000,'replaced':0,'spared':0}	{'CASBlobDelete':5000,'CASConditionalWriteAttempts':1,'CASConditionalWriteCommitted':1,'CASGCPut':1,'CASGCRetiredGraduated':5000,'CASGCRetiredRedeleted':5000,'ContextLock':15001,'ContextLockWaitMicroseconds':78,'DiskConnectionsCreated':37,'DiskConnectionsElapsedMicroseconds':5835,'DiskConnectionsExpired':44,'DiskConnectionsPreserved':4956,'DiskConnectionsReused':4963,'DiskS3DeleteObjects':5000,'DiskS3WriteMicroseconds':14828318,'DiskS3WriteRequestAttempts':5000,'DiskS3WriteRequestsCount':5000,'IOBufferAllocBytes':1048639,'IOBufferAllocs':1,'LocalThreadPoolJobs':5001,'LocalThreadPoolLockWaitMicroseconds':18,'LogTrace':3,'MemoryAllocatedWithoutCheck':9986,'MemoryAllocatedWithoutCheckBytes':10864768,'QueryProfilerRuns':3,'S3WriteMicroseconds':14828318,'S3WriteRequestAttempts':5000,'S3WriteRequestsCount':5000,'WriteBufferFromS3Bytes':183377}
50943d4fd00d05eaa962f65ce1c15b1d	0	ref_object_cleanup	5699	{'namespaces_planned':2,'suppressed':0,'trim_enabled':1}	{'CASRootGet':4,'ContextLock':16,'DiskConnectionsPreserved':8,'DiskConnectionsReused':8,'DiskS3GetObject':4,'DiskS3HeadObject':4,'DiskS3ReadMicroseconds':3099,'DiskS3ReadRequestsCount':8,'IOBufferAllocBytes':27888,'IOBufferAllocs':4,'MemoryAllocatedWithoutCheck':16,'MemoryAllocatedWithoutCheckBytes':17408,'ReadBufferFromS3Bytes':11252,'ReadBufferFromS3InitMicroseconds':2359,'ReadBufferFromS3Microseconds':2388,'S3GetObject':4,'S3HeadObject':4,'S3ReadMicroseconds':3099,'S3ReadRequestsCount':8}
50943d4fd00d05eaa962f65ce1c15b1d	0	round_commit	11728	{'generation':60,'generations_referenced':2,'generations_visited':1,'pruned_through':57,'round':60}	{'CASConditionalWriteAttempts':1,'CASConditionalWriteCommitted':1,'CASGCCompareSwap':1,'CASGCDelete':3,'CASGCEnumerationPages':1,'CASGCList':1,'ContextLock':4,'DiskConnectionsPreserved':3,'DiskConnectionsReused':3,'DiskS3DeleteObjects':3,'DiskS3WriteMicroseconds':3993,'DiskS3WriteRequestAttempts':3,'DiskS3WriteRequestsCount':3,'GlobalThreadPoolJobs':1,'IOBufferAllocBytes':1048639,'IOBufferAllocs':1,'LocalThreadPoolExpansions':1,'LocalThreadPoolJobs':2,'LocalThreadPoolShrinks':1,'LocalThreadPoolThreadCreationMicroseconds':9,'LogTrace':3,'MemoryAllocatedWithoutCheck':6,'MemoryAllocatedWithoutCheckBytes':6528,'S3WriteMicroseconds':3993,'S3WriteRequestAttempts':3,'S3WriteRequestsCount':3,'WriteBufferFromS3Bytes':141}
59c39c00a5c9657a3b1bf5e570f04d6c	0	manifest_deletes	1	{'attempted':0,'deleted':0,'suppressed':0}	{}
59c39c00a5c9657a3b1bf5e570f04d6c	0	namespace_cleanup	29057	{'evidence_rows':0,'janitor_deleted':0,'janitor_keys':186,'janitor_pages':1,'leaked':0}	{'CASConditionalWriteAttempts':1,'CASConditionalWriteCommitted':1,'CASGCCompareSwap':1,'CASGCGet':2,'CASOtherGet':1,'CASRootList':1,'ContextLock':13,'DiskConnectionsPreserved':6,'DiskConnectionsReused':6,'DiskS3GetObject':3,'DiskS3HeadObject':3,'DiskS3ReadMicroseconds':1967,'DiskS3ReadRequestsCount':6,'GlobalThreadPoolJobs':1,'IOBufferAllocBytes':1061623,'IOBufferAllocs':4,'LocalThreadPoolExpansions':1,'LocalThreadPoolJobs':2,'LocalThreadPoolShrinks':1,'LocalThreadPoolThreadCreationMicroseconds':3,'LogTrace':3,'MemoryAllocatedWithoutCheck':12,'MemoryAllocatedWithoutCheckBytes':13056,'ReadBufferFromS3Bytes':507,'ReadBufferFromS3InitMicroseconds':1242,'ReadBufferFromS3Microseconds':1259,'S3GetObject':3,'S3HeadObject':3,'S3ReadMicroseconds':1967,'S3ReadRequestsCount':6,'WriteBufferFromS3Bytes':53}
59c39c00a5c9657a3b1bf5e570f04d6c	0	orphan_sweep	3	{'cursor_advanced':0,'deleted':0,'list_budget_keys':1000,'listed':2,'retained_hold':0,'retained_no_coverage':0,'retained_tail_removal':0,'retained_unconsumed_seal':0,'skipped':2,'suppressed':0}	{}
59c39c00a5c9657a3b1bf5e570f04d6c	0	pending_deletes	3922340	{'absent':0,'deleted':5000,'graduated':5000,'outcome_logs_written':1,'redeleted':5000,'replaced':0,'spared':0}	{'CASBlobDelete':5000,'CASConditionalWriteAttempts':1,'CASConditionalWriteCommitted':1,'CASGCPut':1,'CASGCRetiredGraduated':5000,'CASGCRetiredRedeleted':5000,'ContextLock':15001,'ContextLockWaitMicroseconds':15,'DiskConnectionsCreated':37,'DiskConnectionsElapsedMicroseconds':3184,'DiskConnectionsExpired':49,'DiskConnectionsPreserved':4951,'DiskConnectionsReused':4963,'DiskS3DeleteObjects':5000,'DiskS3WriteMicroseconds':3383508,'DiskS3WriteRequestAttempts':5000,'DiskS3WriteRequestsCount':5000,'IOBufferAllocBytes':1048639,'IOBufferAllocs':1,'LocalThreadPoolJobs':5001,'LocalThreadPoolLockWaitMicroseconds':63,'LogTrace':3,'MemoryAllocatedWithoutCheck':9976,'MemoryAllocatedWithoutCheckBytes':10853888,'QueryProfilerRuns':1,'S3WriteMicroseconds':3383508,'S3WriteRequestAttempts':5000,'S3WriteRequestsCount':5000,'WriteBufferFromS3Bytes':183621}
59c39c00a5c9657a3b1bf5e570f04d6c	0	ref_object_cleanup	2852	{'namespaces_planned':2,'suppressed':0,'trim_enabled':1}	{'CASRootGet':4,'ContextLock':16,'DiskConnectionsPreserved':8,'DiskConnectionsReused':8,'DiskS3GetObject':4,'DiskS3HeadObject':4,'DiskS3ReadMicroseconds':1628,'DiskS3ReadRequestsCount':8,'IOBufferAllocBytes':27888,'IOBufferAllocs':4,'MemoryAllocatedWithoutCheck':16,'MemoryAllocatedWithoutCheckBytes':17408,'ReadBufferFromS3Bytes':11252,'ReadBufferFromS3InitMicroseconds':1157,'ReadBufferFromS3Microseconds':1169,'S3GetObject':4,'S3HeadObject':4,'S3ReadMicroseconds':1628,'S3ReadRequestsCount':8}
59c39c00a5c9657a3b1bf5e570f04d6c	0	round_commit	5133	{'generation':51,'generations_referenced':2,'generations_visited':1,'pruned_through':48,'round':51}	{'CASConditionalWriteAttempts':1,'CASConditionalWriteCommitted':1,'CASGCCompareSwap':1,'CASGCDelete':3,'CASGCEnumerationPages':1,'CASGCList':1,'ContextLock':4,'DiskConnectionsPreserved':3,'DiskConnectionsReused':3,'DiskS3DeleteObjects':3,'DiskS3WriteMicroseconds':2004,'DiskS3WriteRequestAttempts':3,'DiskS3WriteRequestsCount':3,'GlobalThreadPoolJobs':1,'IOBufferAllocBytes':1048639,'IOBufferAllocs':1,'LocalThreadPoolExpansions':1,'LocalThreadPoolJobs':2,'LocalThreadPoolShrinks':1,'LocalThreadPoolThreadCreationMicroseconds':4,'LogTrace':3,'MemoryAllocatedWithoutCheck':6,'MemoryAllocatedWithoutCheckBytes':6528,'S3WriteMicroseconds':2004,'S3WriteRequestAttempts':3,'S3WriteRequestsCount':3,'WriteBufferFromS3Bytes':141}
68123f328347cb1cf6cfeeddc74707bd	0	manifest_deletes	1	{'attempted':0,'deleted':0,'suppressed':0}	{}
68123f328347cb1cf6cfeeddc74707bd	0	namespace_cleanup	22696	{'evidence_rows':0,'janitor_deleted':0,'janitor_keys':186,'janitor_pages':1,'leaked':0}	{'CASConditionalWriteAttempts':1,'CASConditionalWriteCommitted':1,'CASGCCompareSwap':1,'CASGCGet':2,'CASOtherGet':1,'CASRootList':1,'ContextLock':13,'DiskConnectionsPreserved':6,'DiskConnectionsReused':6,'DiskS3GetObject':3,'DiskS3HeadObject':3,'DiskS3ReadMicroseconds':1878,'DiskS3ReadRequestsCount':6,'GlobalThreadPoolJobs':1,'IOBufferAllocBytes':1061623,'IOBufferAllocs':4,'LocalThreadPoolExpansions':1,'LocalThreadPoolJobs':2,'LocalThreadPoolShrinks':1,'LocalThreadPoolThreadCreationMicroseconds':3,'LogTrace':3,'MemoryAllocatedWithoutCheck':12,'MemoryAllocatedWithoutCheckBytes':13056,'ReadBufferFromS3Bytes':507,'ReadBufferFromS3InitMicroseconds':1246,'ReadBufferFromS3Microseconds':1260,'S3GetObject':3,'S3HeadObject':3,'S3ReadMicroseconds':1878,'S3ReadRequestsCount':6,'WriteBufferFromS3Bytes':53}
68123f328347cb1cf6cfeeddc74707bd	0	orphan_sweep	2	{'cursor_advanced':0,'deleted':0,'list_budget_keys':1000,'listed':2,'retained_hold':0,'retained_no_coverage':0,'retained_tail_removal':0,'retained_unconsumed_seal':0,'skipped':2,'suppressed':0}	{}
68123f328347cb1cf6cfeeddc74707bd	0	pending_deletes	3208877	{'absent':0,'deleted':5000,'graduated':5000,'outcome_logs_written':1,'redeleted':5000,'replaced':0,'spared':0}	{'AsyncLoggingFileLogTotalMessages':3,'AsyncLoggingTextLogTotalMessages':3,'CASBlobDelete':5000,'CASConditionalWriteAttempts':1,'CASConditionalWriteCommitted':1,'CASGCPut':1,'CASGCRetiredGraduated':5000,'CASGCRetiredRedeleted':5000,'ContextLock':15001,'ContextLockWaitMicroseconds':4,'DiskConnectionsCreated':37,'DiskConnectionsElapsedMicroseconds':2997,'DiskConnectionsExpired':47,'DiskConnectionsPreserved':4953,'DiskConnectionsReused':4963,'DiskS3DeleteObjects':5000,'DiskS3WriteMicroseconds':2707927,'DiskS3WriteRequestAttempts':5000,'DiskS3WriteRequestsCount':5000,'IOBufferAllocBytes':1048639,'IOBufferAllocs':1,'LocalThreadPoolJobs':5001,'LocalThreadPoolLockWaitMicroseconds':4,'LogTrace':3,'LoggerElapsedNanoseconds':16290,'MemoryAllocatedWithoutCheck':9985,'MemoryAllocatedWithoutCheckBytes':18095534,'S3WriteMicroseconds':2707927,'S3WriteRequestAttempts':5000,'S3WriteRequestsCount':5000,'WriteBufferFromS3Bytes':183415}
68123f328347cb1cf6cfeeddc74707bd	0	ref_object_cleanup	2779	{'namespaces_planned':2,'suppressed':0,'trim_enabled':1}	{'CASRootGet':4,'ContextLock':16,'DiskConnectionsPreserved':8,'DiskConnectionsReused':8,'DiskS3GetObject':4,'DiskS3HeadObject':4,'DiskS3ReadMicroseconds':1699,'DiskS3ReadRequestsCount':8,'IOBufferAllocBytes':27888,'IOBufferAllocs':4,'MemoryAllocatedWithoutCheck':16,'MemoryAllocatedWithoutCheckBytes':17408,'ReadBufferFromS3Bytes':11252,'ReadBufferFromS3InitMicroseconds':1191,'ReadBufferFromS3Microseconds':1209,'S3GetObject':4,'S3HeadObject':4,'S3ReadMicroseconds':1699,'S3ReadRequestsCount':8}
68123f328347cb1cf6cfeeddc74707bd	0	round_commit	4678	{'generation':47,'generations_referenced':2,'generations_visited':1,'pruned_through':44,'round':47}	{'CASConditionalWriteAttempts':1,'CASConditionalWriteCommitted':1,'CASGCCompareSwap':1,'CASGCDelete':3,'CASGCEnumerationPages':1,'CASGCList':1,'ContextLock':4,'DiskConnectionsPreserved':3,'DiskConnectionsReused':3,'DiskS3DeleteObjects':3,'DiskS3WriteMicroseconds':1937,'DiskS3WriteRequestAttempts':3,'DiskS3WriteRequestsCount':3,'GlobalThreadPoolJobs':1,'IOBufferAllocBytes':1048639,'IOBufferAllocs':1,'LocalThreadPoolExpansions':1,'LocalThreadPoolJobs':2,'LocalThreadPoolShrinks':1,'LocalThreadPoolThreadCreationMicroseconds':3,'LogTrace':3,'MemoryAllocatedWithoutCheck':6,'MemoryAllocatedWithoutCheckBytes':6528,'S3WriteMicroseconds':1937,'S3WriteRequestAttempts':3,'S3WriteRequestsCount':3,'WriteBufferFromS3Bytes':141}
6ef3554f389808309623fc7e0a721b24	0	manifest_deletes	1	{'attempted':0,'deleted':0,'suppressed':0}	{}
6ef3554f389808309623fc7e0a721b24	0	namespace_cleanup	21965	{'evidence_rows':0,'janitor_deleted':0,'janitor_keys':186,'janitor_pages':1,'leaked':0}	{'CASConditionalWriteAttempts':1,'CASConditionalWriteCommitted':1,'CASGCCompareSwap':1,'CASGCGet':2,'CASOtherGet':1,'CASRootList':1,'ContextLock':13,'DiskConnectionsPreserved':6,'DiskConnectionsReused':6,'DiskS3GetObject':3,'DiskS3HeadObject':3,'DiskS3ReadMicroseconds':1584,'DiskS3ReadRequestsCount':6,'GlobalThreadPoolJobs':1,'IOBufferAllocBytes':1061623,'IOBufferAllocs':4,'LocalThreadPoolExpansions':1,'LocalThreadPoolJobs':2,'LocalThreadPoolShrinks':1,'LocalThreadPoolThreadCreationMicroseconds':3,'LogTrace':3,'MemoryAllocatedWithoutCheck':12,'MemoryAllocatedWithoutCheckBytes':13056,'ReadBufferFromS3Bytes':507,'ReadBufferFromS3InitMicroseconds':1072,'ReadBufferFromS3Microseconds':1085,'S3GetObject':3,'S3HeadObject':3,'S3ReadMicroseconds':1584,'S3ReadRequestsCount':6,'WriteBufferFromS3Bytes':53}
6ef3554f389808309623fc7e0a721b24	0	orphan_sweep	2	{'cursor_advanced':0,'deleted':0,'list_budget_keys':1000,'listed':2,'retained_hold':0,'retained_no_coverage':0,'retained_tail_removal':0,'retained_unconsumed_seal':0,'skipped':2,'suppressed':0}	{}
6ef3554f389808309623fc7e0a721b24	0	pending_deletes	3235625	{'absent':0,'deleted':5000,'graduated':5000,'outcome_logs_written':1,'redeleted':5000,'replaced':0,'spared':0}	{'CASBlobDelete':5000,'CASConditionalWriteAttempts':1,'CASConditionalWriteCommitted':1,'CASGCPut':1,'CASGCRetiredGraduated':5000,'CASGCRetiredRedeleted':5000,'ContextLock':15001,'ContextLockWaitMicroseconds':1,'DiskConnectionsCreated':41,'DiskConnectionsElapsedMicroseconds':3054,'DiskConnectionsExpired':62,'DiskConnectionsPreserved':4938,'DiskConnectionsReused':4959,'DiskS3DeleteObjects':5000,'DiskS3WriteMicroseconds':2801050,'DiskS3WriteRequestAttempts':5000,'DiskS3WriteRequestsCount':5000,'IOBufferAllocBytes':1048639,'IOBufferAllocs':1,'LocalThreadPoolJobs':5001,'LocalThreadPoolLockWaitMicroseconds':1,'LogTrace':3,'MemoryAllocatedWithoutCheck':9958,'MemoryAllocatedWithoutCheckBytes':10834304,'QueryProfilerRuns':1,'S3WriteMicroseconds':2801050,'S3WriteRequestAttempts':5000,'S3WriteRequestsCount':5000,'WriteBufferFromS3Bytes':183508}
6ef3554f389808309623fc7e0a721b24	0	ref_object_cleanup	2425	{'namespaces_planned':2,'suppressed':0,'trim_enabled':1}	{'CASRootGet':4,'ContextLock':16,'DiskConnectionsPreserved':8,'DiskConnectionsReused':8,'DiskS3GetObject':4,'DiskS3HeadObject':4,'DiskS3ReadMicroseconds':1381,'DiskS3ReadRequestsCount':8,'IOBufferAllocBytes':27888,'IOBufferAllocs':4,'MemoryAllocatedWithoutCheck':16,'MemoryAllocatedWithoutCheckBytes':17408,'ReadBufferFromS3Bytes':11252,'ReadBufferFromS3InitMicroseconds':1018,'ReadBufferFromS3Microseconds':1032,'S3GetObject':4,'S3HeadObject':4,'S3ReadMicroseconds':1381,'S3ReadRequestsCount':8}
6ef3554f389808309623fc7e0a721b24	0	round_commit	4152	{'generation':43,'generations_referenced':2,'generations_visited':1,'pruned_through':40,'round':43}	{'CASConditionalWriteAttempts':1,'CASConditionalWriteCommitted':1,'CASGCCompareSwap':1,'CASGCDelete':3,'CASGCEnumerationPages':1,'CASGCList':1,'ContextLock':4,'DiskConnectionsPreserved':3,'DiskConnectionsReused':3,'DiskS3DeleteObjects':3,'DiskS3WriteMicroseconds':1637,'DiskS3WriteRequestAttempts':3,'DiskS3WriteRequestsCount':3,'GlobalThreadPoolJobs':1,'IOBufferAllocBytes':1048639,'IOBufferAllocs':1,'LocalThreadPoolExpansions':1,'LocalThreadPoolJobs':2,'LocalThreadPoolShrinks':1,'LocalThreadPoolThreadCreationMicroseconds':4,'LogTrace':3,'MemoryAllocatedWithoutCheck':6,'MemoryAllocatedWithoutCheckBytes':6528,'S3WriteMicroseconds':1637,'S3WriteRequestAttempts':3,'S3WriteRequestsCount':3,'WriteBufferFromS3Bytes':141}
758332e03e60720a5bd7262314e5637d	0	manifest_deletes	1	{'attempted':0,'deleted':0,'suppressed':0}	{}
758332e03e60720a5bd7262314e5637d	0	namespace_cleanup	397100	{'evidence_rows':0,'janitor_deleted':0,'janitor_keys':1000,'janitor_pages':1,'leaked':0}	{'CASConditionalWriteAttempts':1,'CASConditionalWriteCommitted':1,'CASGCCompareSwap':1,'CASGCGet':2,'CASOtherGet':1,'CASRootList':1,'ContextLock':13,'DiskConnectionsPreserved':6,'DiskConnectionsReused':6,'DiskS3GetObject':3,'DiskS3HeadObject':3,'DiskS3ReadMicroseconds':1788,'DiskS3ReadRequestsCount':6,'GlobalThreadPoolJobs':1,'IOBufferAllocBytes':1061721,'IOBufferAllocs':4,'LocalThreadPoolExpansions':1,'LocalThreadPoolJobs':4,'LocalThreadPoolShrinks':1,'LocalThreadPoolThreadCreationMicroseconds':3,'LogTrace':3,'MemoryAllocatedWithoutCheck':12,'MemoryAllocatedWithoutCheckBytes':13056,'ReadBufferFromS3Bytes':605,'ReadBufferFromS3InitMicroseconds':1071,'ReadBufferFromS3Microseconds':1088,'S3GetObject':3,'S3HeadObject':3,'S3ReadMicroseconds':1788,'S3ReadRequestsCount':6,'WriteBufferFromS3Bytes':152}
758332e03e60720a5bd7262314e5637d	0	orphan_sweep	2	{'cursor_advanced':0,'deleted':0,'list_budget_keys':1000,'listed':2,'retained_hold':0,'retained_no_coverage':0,'retained_tail_removal':0,'retained_unconsumed_seal':0,'skipped':2,'suppressed':0}	{}
758332e03e60720a5bd7262314e5637d	0	pending_deletes	2583803	{'absent':0,'deleted':5000,'graduated':5000,'outcome_logs_written':1,'redeleted':5000,'replaced':0,'spared':0}	{'CASBlobDelete':5000,'CASConditionalWriteAttempts':1,'CASConditionalWriteCommitted':1,'CASGCPut':1,'CASGCRetiredGraduated':5000,'CASGCRetiredRedeleted':5000,'ContextLock':15001,'ContextLockWaitMicroseconds':4,'DiskConnectionsCreated':42,'DiskConnectionsElapsedMicroseconds':2626,'DiskConnectionsExpired':55,'DiskConnectionsPreserved':4945,'DiskConnectionsReused':4958,'DiskS3DeleteObjects':5000,'DiskS3WriteMicroseconds':2171479,'DiskS3WriteRequestAttempts':5000,'DiskS3WriteRequestsCount':5000,'IOBufferAllocBytes':1048639,'IOBufferAllocs':1,'LocalThreadPoolJobs':5001,'LocalThreadPoolLockWaitMicroseconds':3,'LogTrace':3,'MemoryAllocatedWithoutCheck':9975,'MemoryAllocatedWithoutCheckBytes':12490112,'S3WriteMicroseconds':2171479,'S3WriteRequestAttempts':5000,'S3WriteRequestsCount':5000,'WriteBufferFromS3Bytes':183567}
758332e03e60720a5bd7262314e5637d	0	ref_object_cleanup	7075603	{'namespaces_planned':2,'suppressed':0,'trim_enabled':1}	{'CASGCGet':5000,'CASOtherGet':5000,'CASRefCleanupObjectsDeleted':5000,'CASRootDelete':5000,'CASRootGet':2,'CASRootHead':5000,'ContextLock':45008,'DiskConnectionsCreated':297,'DiskConnectionsElapsedMicroseconds':16390,'DiskConnectionsExpired':302,'DiskConnectionsPreserved':29702,'DiskConnectionsReused':29707,'DiskS3DeleteObjects':5000,'DiskS3GetObject':10002,'DiskS3HeadObject':15002,'DiskS3ReadMicroseconds':3451249,'DiskS3ReadRequestsCount':25004,'DiskS3WriteMicroseconds':1979796,'DiskS3WriteRequestAttempts':5000,'DiskS3WriteRequestsCount':5000,'IOBufferAllocBytes':43863915,'IOBufferAllocs':10002,'MemoryAllocatedWithoutCheck':59998,'MemoryAllocatedWithoutCheckBytes':65277824,'QueryProfilerRuns':1,'ReadBufferFromS3Bytes':2265597,'ReadBufferFromS3InitMicroseconds':2084392,'ReadBufferFromS3Microseconds':2098976,'S3GetObject':10002,'S3HeadObject':15002,'S3ReadMicroseconds':3451249,'S3ReadRequestsCount':25004,'S3WriteMicroseconds':1979796,'S3WriteRequestAttempts':5000,'S3WriteRequestsCount':5000}
758332e03e60720a5bd7262314e5637d	0	round_commit	4135	{'generation':10,'generations_referenced':2,'generations_visited':1,'pruned_through':7,'round':10}	{'CASConditionalWriteAttempts':1,'CASConditionalWriteCommitted':1,'CASGCCompareSwap':1,'CASGCDelete':3,'CASGCEnumerationPages':1,'CASGCList':1,'ContextLock':4,'DiskConnectionsPreserved':3,'DiskConnectionsReused':3,'DiskS3DeleteObjects':3,'DiskS3WriteMicroseconds':1676,'DiskS3WriteRequestAttempts':3,'DiskS3WriteRequestsCount':3,'GlobalThreadPoolJobs':1,'IOBufferAllocBytes':1048639,'IOBufferAllocs':1,'LocalThreadPoolExpansions':1,'LocalThreadPoolJobs':2,'LocalThreadPoolShrinks':1,'LocalThreadPoolThreadCreationMicroseconds':4,'LogTrace':3,'MemoryAllocatedWithoutCheck':6,'MemoryAllocatedWithoutCheckBytes':6528,'S3WriteMicroseconds':1676,'S3WriteRequestAttempts':3,'S3WriteRequestsCount':3,'WriteBufferFromS3Bytes':140}
76e1c6234d028147838a147253a06390	0	manifest_deletes	0	{'attempted':0,'deleted':0,'suppressed':0}	{}
76e1c6234d028147838a147253a06390	0	namespace_cleanup	28052	{'evidence_rows':0,'janitor_deleted':0,'janitor_keys':186,'janitor_pages':1,'leaked':0}	{'CASConditionalWriteAttempts':1,'CASConditionalWriteCommitted':1,'CASGCCompareSwap':1,'CASGCGet':2,'CASOtherGet':1,'CASRootList':1,'ContextLock':13,'DiskConnectionsPreserved':6,'DiskConnectionsReused':6,'DiskS3GetObject':3,'DiskS3HeadObject':3,'DiskS3ReadMicroseconds':2141,'DiskS3ReadRequestsCount':6,'GlobalThreadPoolJobs':1,'IOBufferAllocBytes':1061623,'IOBufferAllocs':4,'LocalThreadPoolExpansions':1,'LocalThreadPoolJobs':2,'LocalThreadPoolShrinks':1,'LocalThreadPoolThreadCreationMicroseconds':4,'LogTrace':3,'MemoryAllocatedWithoutCheck':12,'MemoryAllocatedWithoutCheckBytes':13056,'ReadBufferFromS3Bytes':507,'ReadBufferFromS3InitMicroseconds':1470,'ReadBufferFromS3Microseconds':1489,'S3GetObject':3,'S3HeadObject':3,'S3ReadMicroseconds':2141,'S3ReadRequestsCount':6,'WriteBufferFromS3Bytes':53}
76e1c6234d028147838a147253a06390	0	orphan_sweep	2	{'cursor_advanced':0,'deleted':0,'list_budget_keys':1000,'listed':2,'retained_hold':0,'retained_no_coverage':0,'retained_tail_removal':0,'retained_unconsumed_seal':0,'skipped':2,'suppressed':0}	{}
76e1c6234d028147838a147253a06390	0	pending_deletes	3610539	{'absent':0,'deleted':5000,'graduated':5000,'outcome_logs_written':1,'redeleted':5000,'replaced':0,'spared':0}	{'CASBlobDelete':5000,'CASConditionalWriteAttempts':1,'CASConditionalWriteCommitted':1,'CASGCPut':1,'CASGCRetiredGraduated':5000,'CASGCRetiredRedeleted':5000,'ContextLock':15001,'ContextLockWaitMicroseconds':3,'DiskConnectionsCreated':36,'DiskConnectionsElapsedMicroseconds':3038,'DiskConnectionsExpired':53,'DiskConnectionsPreserved':4947,'DiskConnectionsReused':4964,'DiskS3DeleteObjects':5000,'DiskS3WriteMicroseconds':3090578,'DiskS3WriteRequestAttempts':5000,'DiskS3WriteRequestsCount':5000,'IOBufferAllocBytes':1048639,'IOBufferAllocs':1,'LocalThreadPoolJobs':5001,'LocalThreadPoolLockWaitMicroseconds':3,'LogTrace':3,'MemoryAllocatedWithoutCheck':9967,'MemoryAllocatedWithoutCheckBytes':12481408,'S3WriteMicroseconds':3090578,'S3WriteRequestAttempts':5000,'S3WriteRequestsCount':5000,'WriteBufferFromS3Bytes':183400}
76e1c6234d028147838a147253a06390	0	ref_object_cleanup	4957	{'namespaces_planned':2,'suppressed':0,'trim_enabled':1}	{'CASRootGet':4,'ContextLock':16,'DiskConnectionsPreserved':8,'DiskConnectionsReused':8,'DiskS3GetObject':4,'DiskS3HeadObject':4,'DiskS3ReadMicroseconds':3428,'DiskS3ReadRequestsCount':8,'IOBufferAllocBytes':27888,'IOBufferAllocs':4,'MemoryAllocatedWithoutCheck':16,'MemoryAllocatedWithoutCheckBytes':17408,'ReadBufferFromS3Bytes':11252,'ReadBufferFromS3InitMicroseconds':2110,'ReadBufferFromS3Microseconds':2130,'S3GetObject':4,'S3HeadObject':4,'S3ReadMicroseconds':3428,'S3ReadRequestsCount':8}
76e1c6234d028147838a147253a06390	0	round_commit	5810	{'generation':52,'generations_referenced':2,'generations_visited':1,'pruned_through':49,'round':52}	{'CASConditionalWriteAttempts':1,'CASConditionalWriteCommitted':1,'CASGCCompareSwap':1,'CASGCDelete':3,'CASGCEnumerationPages':1,'CASGCList':1,'ContextLock':4,'DiskConnectionsPreserved':3,'DiskConnectionsReused':3,'DiskS3DeleteObjects':3,'DiskS3WriteMicroseconds':2478,'DiskS3WriteRequestAttempts':3,'DiskS3WriteRequestsCount':3,'GlobalThreadPoolJobs':1,'IOBufferAllocBytes':1048639,'IOBufferAllocs':1,'LocalThreadPoolExpansions':1,'LocalThreadPoolJobs':2,'LocalThreadPoolShrinks':1,'LocalThreadPoolThreadCreationMicroseconds':5,'LogTrace':3,'MemoryAllocatedWithoutCheck':6,'MemoryAllocatedWithoutCheckBytes':6528,'S3WriteMicroseconds':2478,'S3WriteRequestAttempts':3,'S3WriteRequestsCount':3,'WriteBufferFromS3Bytes':141}
78f06b6ef1f52852582605a8ee1d2289	0	namespace_cleanup	22881	{'evidence_rows':0,'janitor_deleted':0,'janitor_keys':186,'janitor_pages':1,'leaked':0}	{'CASGCGet':1,'CASOtherGet':1,'CASRootList':1,'ContextLock':8,'DiskConnectionsPreserved':4,'DiskConnectionsReused':4,'DiskS3GetObject':2,'DiskS3HeadObject':2,'DiskS3ReadMicroseconds':1206,'DiskS3ReadRequestsCount':4,'GlobalThreadPoolJobs':1,'IOBufferAllocBytes':8684,'IOBufferAllocs':2,'LocalThreadPoolExpansions':1,'LocalThreadPoolJobs':1,'LocalThreadPoolShrinks':1,'LocalThreadPoolThreadCreationMicroseconds':3,'MemoryAllocatedWithoutCheck':8,'MemoryAllocatedWithoutCheckBytes':8704,'ReadBufferFromS3Bytes':366,'ReadBufferFromS3InitMicroseconds':731,'ReadBufferFromS3Microseconds':738,'S3GetObject':2,'S3HeadObject':2,'S3ReadMicroseconds':1206,'S3ReadRequestsCount':4}
7cd211d1e06ef97954a9381c0bc47b53	0	manifest_deletes	0	{'attempted':0,'deleted':0,'suppressed':0}	{}
7cd211d1e06ef97954a9381c0bc47b53	0	namespace_cleanup	300522	{'evidence_rows':0,'janitor_deleted':0,'janitor_keys':1000,'janitor_pages':1,'leaked':0}	{'CASConditionalWriteAttempts':1,'CASConditionalWriteCommitted':1,'CASGCCompareSwap':1,'CASGCGet':2,'CASOtherGet':1,'CASRootList':1,'ContextLock':13,'DiskConnectionsPreserved':6,'DiskConnectionsReused':6,'DiskS3GetObject':3,'DiskS3HeadObject':3,'DiskS3ReadMicroseconds':1625,'DiskS3ReadRequestsCount':6,'GlobalThreadPoolJobs':1,'IOBufferAllocBytes':1061722,'IOBufferAllocs':4,'LocalThreadPoolExpansions':1,'LocalThreadPoolJobs':4,'LocalThreadPoolShrinks':1,'LocalThreadPoolThreadCreationMicroseconds':2,'LogTrace':3,'MemoryAllocatedWithoutCheck':12,'MemoryAllocatedWithoutCheckBytes':13056,'ReadBufferFromS3Bytes':606,'ReadBufferFromS3InitMicroseconds':1014,'ReadBufferFromS3Microseconds':1025,'S3GetObject':3,'S3HeadObject':3,'S3ReadMicroseconds':1625,'S3ReadRequestsCount':6,'WriteBufferFromS3Bytes':152}
7cd211d1e06ef97954a9381c0bc47b53	0	orphan_sweep	2	{'cursor_advanced':0,'deleted':0,'list_budget_keys':1000,'listed':2,'retained_hold':0,'retained_no_coverage':0,'retained_tail_removal':0,'retained_unconsumed_seal':0,'skipped':2,'suppressed':0}	{}
7cd211d1e06ef97954a9381c0bc47b53	0	pending_deletes	2859184	{'absent':0,'deleted':5000,'graduated':5000,'outcome_logs_written':1,'redeleted':5000,'replaced':0,'spared':0}	{'CASBlobDelete':5000,'CASConditionalWriteAttempts':1,'CASConditionalWriteCommitted':1,'CASGCPut':1,'CASGCRetiredGraduated':5000,'CASGCRetiredRedeleted':5000,'ContextLock':15001,'DiskConnectionsCreated':38,'DiskConnectionsElapsedMicroseconds':2425,'DiskConnectionsExpired':50,'DiskConnectionsPreserved':4950,'DiskConnectionsReused':4962,'DiskS3DeleteObjects':5000,'DiskS3WriteMicroseconds':2445909,'DiskS3WriteRequestAttempts':5000,'DiskS3WriteRequestsCount':5000,'IOBufferAllocBytes':1048639,'IOBufferAllocs':1,'LocalThreadPoolJobs':5001,'LocalThreadPoolLockWaitMicroseconds':5,'LogTrace':3,'MemoryAllocatedWithoutCheck':9977,'MemoryAllocatedWithoutCheckBytes':15965696,'S3WriteMicroseconds':2445909,'S3WriteRequestAttempts':5000,'S3WriteRequestsCount':5000,'WriteBufferFromS3Bytes':183611}
7cd211d1e06ef97954a9381c0bc47b53	0	ref_object_cleanup	7145539	{'namespaces_planned':2,'suppressed':0,'trim_enabled':1}	{'CASGCGet':5000,'CASOtherGet':5000,'CASRefCleanupObjectsDeleted':5000,'CASRootDelete':5000,'CASRootGet':4,'CASRootHead':5000,'ContextLock':45016,'ContextLockWaitMicroseconds':5,'DiskConnectionsCreated':296,'DiskConnectionsElapsedMicroseconds':16086,'DiskConnectionsExpired':302,'DiskConnectionsPreserved':29706,'DiskConnectionsReused':29712,'DiskS3DeleteObjects':5000,'DiskS3GetObject':10004,'DiskS3HeadObject':15004,'DiskS3ReadMicroseconds':3498345,'DiskS3ReadRequestsCount':25008,'DiskS3WriteMicroseconds':1984689,'DiskS3WriteRequestAttempts':5000,'DiskS3WriteRequestsCount':5000,'IOBufferAllocBytes':43887888,'IOBufferAllocs':10004,'MemoryAllocatedWithoutCheck':60004,'MemoryAllocatedWithoutCheckBytes':65284352,'QueryProfilerRuns':1,'ReadBufferFromS3Bytes':2281252,'ReadBufferFromS3InitMicroseconds':2102264,'ReadBufferFromS3Microseconds':2117027,'S3GetObject':10004,'S3HeadObject':15004,'S3ReadMicroseconds':3498345,'S3ReadRequestsCount':25008,'S3WriteMicroseconds':1984689,'S3WriteRequestAttempts':5000,'S3WriteRequestsCount':5000}
7cd211d1e06ef97954a9381c0bc47b53	0	round_commit	3800	{'generation':27,'generations_referenced':2,'generations_visited':1,'pruned_through':24,'round':27}	{'CASConditionalWriteAttempts':1,'CASConditionalWriteCommitted':1,'CASGCCompareSwap':1,'CASGCDelete':3,'CASGCEnumerationPages':1,'CASGCList':1,'ContextLock':4,'DiskConnectionsPreserved':3,'DiskConnectionsReused':3,'DiskS3DeleteObjects':3,'DiskS3WriteMicroseconds':1443,'DiskS3WriteRequestAttempts':3,'DiskS3WriteRequestsCount':3,'GlobalThreadPoolJobs':1,'IOBufferAllocBytes':1048639,'IOBufferAllocs':1,'LocalThreadPoolExpansions':1,'LocalThreadPoolJobs':2,'LocalThreadPoolShrinks':1,'LocalThreadPoolThreadCreationMicroseconds':3,'LogTrace':3,'MemoryAllocatedWithoutCheck':6,'MemoryAllocatedWithoutCheckBytes':6528,'S3WriteMicroseconds':1443,'S3WriteRequestAttempts':3,'S3WriteRequestsCount':3,'WriteBufferFromS3Bytes':141}
7dc1bd4b1104924d4c56bfc170b3d2c9	0	manifest_deletes	1	{'attempted':0,'deleted':0,'suppressed':0}	{}
7dc1bd4b1104924d4c56bfc170b3d2c9	0	namespace_cleanup	21930	{'evidence_rows':0,'janitor_deleted':0,'janitor_keys':186,'janitor_pages':1,'leaked':0}	{'CASConditionalWriteAttempts':1,'CASConditionalWriteCommitted':1,'CASGCCompareSwap':1,'CASGCGet':2,'CASOtherGet':1,'CASRootList':1,'ContextLock':13,'DiskConnectionsPreserved':6,'DiskConnectionsReused':6,'DiskS3GetObject':3,'DiskS3HeadObject':3,'DiskS3ReadMicroseconds':1789,'DiskS3ReadRequestsCount':6,'GlobalThreadPoolJobs':1,'IOBufferAllocBytes':1061623,'IOBufferAllocs':4,'LocalThreadPoolExpansions':1,'LocalThreadPoolJobs':2,'LocalThreadPoolShrinks':1,'LocalThreadPoolThreadCreationMicroseconds':2,'LogTrace':3,'MemoryAllocatedWithoutCheck':12,'MemoryAllocatedWithoutCheckBytes':13056,'ReadBufferFromS3Bytes':507,'ReadBufferFromS3InitMicroseconds':1163,'ReadBufferFromS3Microseconds':1178,'S3GetObject':3,'S3HeadObject':3,'S3ReadMicroseconds':1789,'S3ReadRequestsCount':6,'WriteBufferFromS3Bytes':53}
7dc1bd4b1104924d4c56bfc170b3d2c9	0	orphan_sweep	2	{'cursor_advanced':0,'deleted':0,'list_budget_keys':1000,'listed':2,'retained_hold':0,'retained_no_coverage':0,'retained_tail_removal':0,'retained_unconsumed_seal':0,'skipped':2,'suppressed':0}	{}
7dc1bd4b1104924d4c56bfc170b3d2c9	0	pending_deletes	3211707	{'absent':0,'deleted':5000,'graduated':5000,'outcome_logs_written':1,'redeleted':5000,'replaced':0,'spared':0}	{'CASBlobDelete':5000,'CASConditionalWriteAttempts':1,'CASConditionalWriteCommitted':1,'CASGCPut':1,'CASGCRetiredGraduated':5000,'CASGCRetiredRedeleted':5000,'ContextLock':15001,'ContextLockWaitMicroseconds':5,'DiskConnectionsCreated':38,'DiskConnectionsElapsedMicroseconds':2982,'DiskConnectionsExpired':46,'DiskConnectionsPreserved':4954,'DiskConnectionsReused':4962,'DiskS3DeleteObjects':5000,'DiskS3WriteMicroseconds':2775676,'DiskS3WriteRequestAttempts':5000,'DiskS3WriteRequestsCount':5000,'IOBufferAllocBytes':1048639,'IOBufferAllocs':1,'LocalThreadPoolJobs':5001,'LocalThreadPoolLockWaitMicroseconds':2,'LogTrace':3,'MemoryAllocatedWithoutCheck':9984,'MemoryAllocatedWithoutCheckBytes':10862592,'S3WriteMicroseconds':2775676,'S3WriteRequestAttempts':5000,'S3WriteRequestsCount':5000,'WriteBufferFromS3Bytes':183496}
7dc1bd4b1104924d4c56bfc170b3d2c9	0	ref_object_cleanup	2534	{'namespaces_planned':2,'suppressed':0,'trim_enabled':1}	{'CASRootGet':4,'ContextLock':16,'DiskConnectionsPreserved':8,'DiskConnectionsReused':8,'DiskS3GetObject':4,'DiskS3HeadObject':4,'DiskS3ReadMicroseconds':1505,'DiskS3ReadRequestsCount':8,'IOBufferAllocBytes':27888,'IOBufferAllocs':4,'MemoryAllocatedWithoutCheck':16,'MemoryAllocatedWithoutCheckBytes':17408,'ReadBufferFromS3Bytes':11252,'ReadBufferFromS3InitMicroseconds':1093,'ReadBufferFromS3Microseconds':1107,'S3GetObject':4,'S3HeadObject':4,'S3ReadMicroseconds':1505,'S3ReadRequestsCount':8}
7dc1bd4b1104924d4c56bfc170b3d2c9	0	round_commit	4708	{'generation':45,'generations_referenced':2,'generations_visited':1,'pruned_through':42,'round':45}	{'CASConditionalWriteAttempts':1,'CASConditionalWriteCommitted':1,'CASGCCompareSwap':1,'CASGCDelete':3,'CASGCEnumerationPages':1,'CASGCList':1,'ContextLock':4,'DiskConnectionsPreserved':3,'DiskConnectionsReused':3,'DiskS3DeleteObjects':3,'DiskS3WriteMicroseconds':1872,'DiskS3WriteRequestAttempts':3,'DiskS3WriteRequestsCount':3,'GlobalThreadPoolJobs':1,'IOBufferAllocBytes':1048639,'IOBufferAllocs':1,'LocalThreadPoolExpansions':1,'LocalThreadPoolJobs':2,'LocalThreadPoolShrinks':1,'LocalThreadPoolThreadCreationMicroseconds':3,'LogTrace':3,'MemoryAllocatedWithoutCheck':6,'MemoryAllocatedWithoutCheckBytes':6528,'S3WriteMicroseconds':1872,'S3WriteRequestAttempts':3,'S3WriteRequestsCount':3,'WriteBufferFromS3Bytes':141}
7e115efa1db483fca6f3de4f20e00a71	0	manifest_deletes	17987	{'attempted':30,'deleted':30,'suppressed':0}	{'CASManifestDelete':30,'ContextLock':60,'DiskConnectionsExpired':2,'DiskConnectionsPreserved':28,'DiskConnectionsReused':30,'DiskS3DeleteObjects':30,'DiskS3WriteMicroseconds':15302,'DiskS3WriteRequestAttempts':30,'DiskS3WriteRequestsCount':30,'MemoryAllocatedWithoutCheck':59,'MemoryAllocatedWithoutCheckBytes':5510106,'S3WriteMicroseconds':15302,'S3WriteRequestAttempts':30,'S3WriteRequestsCount':30}
7e115efa1db483fca6f3de4f20e00a71	0	namespace_cleanup	395133	{'evidence_rows':0,'janitor_deleted':0,'janitor_keys':1000,'janitor_pages':1,'leaked':0}	{'CASConditionalWriteAttempts':1,'CASConditionalWriteCommitted':1,'CASGCCompareSwap':1,'CASGCGet':2,'CASOtherGet':1,'CASRootList':1,'ContextLock':13,'DiskConnectionsPreserved':6,'DiskConnectionsReused':6,'DiskS3GetObject':3,'DiskS3HeadObject':3,'DiskS3ReadMicroseconds':1611,'DiskS3ReadRequestsCount':6,'GlobalThreadPoolJobs':1,'IOBufferAllocBytes':1061719,'IOBufferAllocs':4,'LocalThreadPoolExpansions':1,'LocalThreadPoolJobs':4,'LocalThreadPoolShrinks':1,'LocalThreadPoolThreadCreationMicroseconds':3,'LogTrace':3,'MemoryAllocatedWithoutCheck':12,'MemoryAllocatedWithoutCheckBytes':13056,'ReadBufferFromS3Bytes':603,'ReadBufferFromS3InitMicroseconds':1003,'ReadBufferFromS3Microseconds':1012,'S3GetObject':3,'S3HeadObject':3,'S3ReadMicroseconds':1611,'S3ReadRequestsCount':6,'WriteBufferFromS3Bytes':152}
7e115efa1db483fca6f3de4f20e00a71	0	orphan_sweep	4	{'cursor_advanced':0,'deleted':0,'list_budget_keys':1000,'listed':42,'retained_hold':0,'retained_no_coverage':0,'retained_tail_removal':0,'retained_unconsumed_seal':0,'skipped':42,'suppressed':0}	{}
7e115efa1db483fca6f3de4f20e00a71	0	pending_deletes	2494722	{'absent':0,'deleted':5000,'graduated':5000,'outcome_logs_written':1,'redeleted':5000,'replaced':0,'spared':0}	{'CASBlobDelete':5000,'CASConditionalWriteAttempts':1,'CASConditionalWriteCommitted':1,'CASGCPut':1,'CASGCRetiredGraduated':5000,'CASGCRetiredRedeleted':5000,'ContextLock':15001,'ContextLockWaitMicroseconds':8,'DiskConnectionsCreated':30,'DiskConnectionsElapsedMicroseconds':1818,'DiskConnectionsExpired':61,'DiskConnectionsPreserved':4939,'DiskConnectionsReused':4970,'DiskS3DeleteObjects':5000,'DiskS3WriteMicroseconds':2095435,'DiskS3WriteRequestAttempts':5000,'DiskS3WriteRequestsCount':5000,'IOBufferAllocBytes':1048639,'IOBufferAllocs':1,'LocalThreadPoolJobs':5001,'LocalThreadPoolLockWaitMicroseconds':5,'LogTrace':3,'MemoryAllocatedWithoutCheck':9940,'MemoryAllocatedWithoutCheckBytes':10812640,'S3WriteMicroseconds':2095435,'S3WriteRequestAttempts':5000,'S3WriteRequestsCount':5000,'WriteBufferFromS3Bytes':183882}
7e115efa1db483fca6f3de4f20e00a71	0	ref_object_cleanup	7183796	{'namespaces_planned':2,'suppressed':0,'trim_enabled':1}	{'CASGCGet':5000,'CASOtherGet':5000,'CASRefCleanupObjectsDeleted':5000,'CASRootDelete':5000,'CASRootGet':2,'CASRootHead':5000,'ContextLock':45008,'ContextLockWaitMicroseconds':10,'DiskConnectionsCreated':297,'DiskConnectionsElapsedMicroseconds':16256,'DiskConnectionsExpired':301,'DiskConnectionsPreserved':29703,'DiskConnectionsReused':29707,'DiskS3DeleteObjects':5000,'DiskS3GetObject':10002,'DiskS3HeadObject':15002,'DiskS3ReadMicroseconds':3518453,'DiskS3ReadRequestsCount':25004,'DiskS3WriteMicroseconds':2030336,'DiskS3WriteRequestAttempts':5000,'DiskS3WriteRequestsCount':5000,'IOBufferAllocBytes':43853915,'IOBufferAllocs':10002,'MemoryAllocatedWithoutCheck':60000,'MemoryAllocatedWithoutCheckBytes':65280000,'QueryProfilerRuns':1,'ReadBufferFromS3Bytes':2255597,'ReadBufferFromS3InitMicroseconds':2111930,'ReadBufferFromS3Microseconds':2126430,'S3GetObject':10002,'S3HeadObject':15002,'S3ReadMicroseconds':3518453,'S3ReadRequestsCount':25004,'S3WriteMicroseconds':2030336,'S3WriteRequestAttempts':5000,'S3WriteRequestsCount':5000}
7e115efa1db483fca6f3de4f20e00a71	0	round_commit	4358	{'generation':7,'generations_referenced':2,'generations_visited':1,'pruned_through':4,'round':7}	{'CASConditionalWriteAttempts':1,'CASConditionalWriteCommitted':1,'CASGCCompareSwap':1,'CASGCDelete':3,'CASGCEnumerationPages':1,'CASGCList':1,'ContextLock':4,'DiskConnectionsPreserved':3,'DiskConnectionsReused':3,'DiskS3DeleteObjects':3,'DiskS3WriteMicroseconds':1756,'DiskS3WriteRequestAttempts':3,'DiskS3WriteRequestsCount':3,'GlobalThreadPoolJobs':1,'IOBufferAllocBytes':1048639,'IOBufferAllocs':1,'LocalThreadPoolExpansions':1,'LocalThreadPoolJobs':2,'LocalThreadPoolShrinks':1,'LocalThreadPoolThreadCreationMicroseconds':4,'LogTrace':3,'MemoryAllocatedWithoutCheck':6,'MemoryAllocatedWithoutCheckBytes':6528,'S3WriteMicroseconds':1756,'S3WriteRequestAttempts':3,'S3WriteRequestsCount':3,'WriteBufferFromS3Bytes':138}
80b758a0c28fd95bf3594110964c8353	0	manifest_deletes	1	{'attempted':0,'deleted':0,'suppressed':0}	{}
80b758a0c28fd95bf3594110964c8353	0	namespace_cleanup	20913	{'evidence_rows':0,'janitor_deleted':0,'janitor_keys':186,'janitor_pages':1,'leaked':0}	{'CASConditionalWriteAttempts':1,'CASConditionalWriteCommitted':1,'CASGCCompareSwap':1,'CASGCGet':2,'CASOtherGet':1,'CASRootList':1,'ContextLock':13,'DiskConnectionsPreserved':6,'DiskConnectionsReused':6,'DiskS3GetObject':3,'DiskS3HeadObject':3,'DiskS3ReadMicroseconds':1542,'DiskS3ReadRequestsCount':6,'GlobalThreadPoolJobs':1,'IOBufferAllocBytes':1061623,'IOBufferAllocs':4,'LocalThreadPoolExpansions':1,'LocalThreadPoolJobs':2,'LocalThreadPoolShrinks':1,'LocalThreadPoolThreadCreationMicroseconds':2,'LogTrace':3,'MemoryAllocatedWithoutCheck':12,'MemoryAllocatedWithoutCheckBytes':13056,'ReadBufferFromS3Bytes':507,'ReadBufferFromS3InitMicroseconds':1008,'ReadBufferFromS3Microseconds':1020,'S3GetObject':3,'S3HeadObject':3,'S3ReadMicroseconds':1542,'S3ReadRequestsCount':6,'WriteBufferFromS3Bytes':53}
80b758a0c28fd95bf3594110964c8353	0	orphan_sweep	2	{'cursor_advanced':0,'deleted':0,'list_budget_keys':1000,'listed':2,'retained_hold':0,'retained_no_coverage':0,'retained_tail_removal':0,'retained_unconsumed_seal':0,'skipped':2,'suppressed':0}	{}
80b758a0c28fd95bf3594110964c8353	0	pending_deletes	3423717	{'absent':0,'deleted':5000,'graduated':5000,'outcome_logs_written':1,'redeleted':5000,'replaced':0,'spared':0}	{'CASBlobDelete':5000,'CASConditionalWriteAttempts':1,'CASConditionalWriteCommitted':1,'CASGCPut':1,'CASGCRetiredGraduated':5000,'CASGCRetiredRedeleted':5000,'ContextLock':15001,'DiskConnectionsCreated':38,'DiskConnectionsElapsedMicroseconds':3223,'DiskConnectionsExpired':48,'DiskConnectionsPreserved':4952,'DiskConnectionsReused':4962,'DiskS3DeleteObjects':5000,'DiskS3WriteMicroseconds':2976242,'DiskS3WriteRequestAttempts':5000,'DiskS3WriteRequestsCount':5000,'IOBufferAllocBytes':1048639,'IOBufferAllocs':1,'LocalThreadPoolJobs':5001,'LocalThreadPoolLockWaitMicroseconds':5,'LogTrace':3,'MemoryAllocatedWithoutCheck':9980,'MemoryAllocatedWithoutCheckBytes':10858240,'QueryProfilerRuns':1,'S3WriteMicroseconds':2976242,'S3WriteRequestAttempts':5000,'S3WriteRequestsCount':5000,'WriteBufferFromS3Bytes':183414}
80b758a0c28fd95bf3594110964c8353	0	ref_object_cleanup	2649	{'namespaces_planned':2,'suppressed':0,'trim_enabled':1}	{'CASRootGet':4,'ContextLock':16,'DiskConnectionsPreserved':8,'DiskConnectionsReused':8,'DiskS3GetObject':4,'DiskS3HeadObject':4,'DiskS3ReadMicroseconds':1629,'DiskS3ReadRequestsCount':8,'IOBufferAllocBytes':27888,'IOBufferAllocs':4,'MemoryAllocatedWithoutCheck':16,'MemoryAllocatedWithoutCheckBytes':17408,'ReadBufferFromS3Bytes':11252,'ReadBufferFromS3InitMicroseconds':1128,'ReadBufferFromS3Microseconds':1141,'S3GetObject':4,'S3HeadObject':4,'S3ReadMicroseconds':1629,'S3ReadRequestsCount':8}
80b758a0c28fd95bf3594110964c8353	0	round_commit	4468	{'generation':35,'generations_referenced':2,'generations_visited':1,'pruned_through':32,'round':35}	{'CASConditionalWriteAttempts':1,'CASConditionalWriteCommitted':1,'CASGCCompareSwap':1,'CASGCDelete':3,'CASGCEnumerationPages':1,'CASGCList':1,'ContextLock':4,'DiskConnectionsPreserved':3,'DiskConnectionsReused':3,'DiskS3DeleteObjects':3,'DiskS3WriteMicroseconds':1753,'DiskS3WriteRequestAttempts':3,'DiskS3WriteRequestsCount':3,'GlobalThreadPoolJobs':1,'IOBufferAllocBytes':1048639,'IOBufferAllocs':1,'LocalThreadPoolExpansions':1,'LocalThreadPoolJobs':2,'LocalThreadPoolShrinks':1,'LocalThreadPoolThreadCreationMicroseconds':4,'LogTrace':3,'MemoryAllocatedWithoutCheck':6,'MemoryAllocatedWithoutCheckBytes':6528,'S3WriteMicroseconds':1753,'S3WriteRequestAttempts':3,'S3WriteRequestsCount':3,'WriteBufferFromS3Bytes':141}
88b10cf48d4ea9113a67ba545a728622	0	manifest_deletes	0	{'attempted':0,'deleted':0,'suppressed':0}	{}
88b10cf48d4ea9113a67ba545a728622	0	namespace_cleanup	20801	{'evidence_rows':0,'janitor_deleted':0,'janitor_keys':186,'janitor_pages':1,'leaked':0}	{'CASConditionalWriteAttempts':1,'CASConditionalWriteCommitted':1,'CASGCCompareSwap':1,'CASGCGet':2,'CASOtherGet':1,'CASRootList':1,'ContextLock':13,'DiskConnectionsPreserved':6,'DiskConnectionsReused':6,'DiskS3GetObject':3,'DiskS3HeadObject':3,'DiskS3ReadMicroseconds':1963,'DiskS3ReadRequestsCount':6,'GlobalThreadPoolJobs':1,'IOBufferAllocBytes':1061623,'IOBufferAllocs':4,'LocalThreadPoolExpansions':1,'LocalThreadPoolJobs':2,'LocalThreadPoolShrinks':1,'LocalThreadPoolThreadCreationMicroseconds':3,'LogTrace':3,'MemoryAllocatedWithoutCheck':12,'MemoryAllocatedWithoutCheckBytes':13056,'ReadBufferFromS3Bytes':507,'ReadBufferFromS3InitMicroseconds':1111,'ReadBufferFromS3Microseconds':1123,'S3GetObject':3,'S3HeadObject':3,'S3ReadMicroseconds':1963,'S3ReadRequestsCount':6,'WriteBufferFromS3Bytes':53}
88b10cf48d4ea9113a67ba545a728622	0	orphan_sweep	2	{'cursor_advanced':0,'deleted':0,'list_budget_keys':1000,'listed':2,'retained_hold':0,'retained_no_coverage':0,'retained_tail_removal':0,'retained_unconsumed_seal':0,'skipped':2,'suppressed':0}	{}
88b10cf48d4ea9113a67ba545a728622	0	pending_deletes	3221755	{'absent':0,'deleted':5000,'graduated':5000,'outcome_logs_written':1,'redeleted':5000,'replaced':0,'spared':0}	{'CASBlobDelete':5000,'CASConditionalWriteAttempts':1,'CASConditionalWriteCommitted':1,'CASGCPut':1,'CASGCRetiredGraduated':5000,'CASGCRetiredRedeleted':5000,'ContextLock':15001,'ContextLockWaitMicroseconds':20,'DiskConnectionsCreated':44,'DiskConnectionsElapsedMicroseconds':3316,'DiskConnectionsExpired':50,'DiskConnectionsPreserved':4950,'DiskConnectionsReused':4956,'DiskS3DeleteObjects':5000,'DiskS3WriteMicroseconds':2740053,'DiskS3WriteRequestAttempts':5000,'DiskS3WriteRequestsCount':5000,'IOBufferAllocBytes':1048639,'IOBufferAllocs':1,'LocalThreadPoolJobs':5001,'LocalThreadPoolLockWaitMicroseconds':17,'LogTrace':3,'MemoryAllocatedWithoutCheck':9989,'MemoryAllocatedWithoutCheckBytes':12505344,'S3WriteMicroseconds':2740053,'S3WriteRequestAttempts':5000,'S3WriteRequestsCount':5000,'WriteBufferFromS3Bytes':183463}
88b10cf48d4ea9113a67ba545a728622	0	ref_object_cleanup	2983	{'namespaces_planned':2,'suppressed':0,'trim_enabled':1}	{'CASRootGet':4,'ContextLock':16,'DiskConnectionsPreserved':8,'DiskConnectionsReused':8,'DiskS3GetObject':4,'DiskS3HeadObject':4,'DiskS3ReadMicroseconds':1819,'DiskS3ReadRequestsCount':8,'IOBufferAllocBytes':27888,'IOBufferAllocs':4,'MemoryAllocatedWithoutCheck':16,'MemoryAllocatedWithoutCheckBytes':17408,'ReadBufferFromS3Bytes':11252,'ReadBufferFromS3InitMicroseconds':1365,'ReadBufferFromS3Microseconds':1378,'S3GetObject':4,'S3HeadObject':4,'S3ReadMicroseconds':1819,'S3ReadRequestsCount':8}
88b10cf48d4ea9113a67ba545a728622	0	round_commit	4564	{'generation':56,'generations_referenced':2,'generations_visited':1,'pruned_through':53,'round':56}	{'CASConditionalWriteAttempts':1,'CASConditionalWriteCommitted':1,'CASGCCompareSwap':1,'CASGCDelete':3,'CASGCEnumerationPages':1,'CASGCList':1,'ContextLock':4,'DiskConnectionsPreserved':3,'DiskConnectionsReused':3,'DiskS3DeleteObjects':3,'DiskS3WriteMicroseconds':1828,'DiskS3WriteRequestAttempts':3,'DiskS3WriteRequestsCount':3,'GlobalThreadPoolJobs':1,'IOBufferAllocBytes':1048639,'IOBufferAllocs':1,'LocalThreadPoolExpansions':1,'LocalThreadPoolJobs':2,'LocalThreadPoolShrinks':1,'LocalThreadPoolThreadCreationMicroseconds':4,'LogTrace':3,'MemoryAllocatedWithoutCheck':6,'MemoryAllocatedWithoutCheckBytes':6528,'S3WriteMicroseconds':1828,'S3WriteRequestAttempts':3,'S3WriteRequestsCount':3,'WriteBufferFromS3Bytes':141}
90c3421745c005e344b5876c2a849773	0	manifest_deletes	0	{'attempted':0,'deleted':0,'suppressed':0}	{}
90c3421745c005e344b5876c2a849773	0	namespace_cleanup	24153	{'evidence_rows':0,'janitor_deleted':0,'janitor_keys':186,'janitor_pages':1,'leaked':0}	{'CASConditionalWriteAttempts':1,'CASConditionalWriteCommitted':1,'CASGCCompareSwap':1,'CASGCGet':2,'CASOtherGet':1,'CASRootList':1,'ContextLock':13,'DiskConnectionsExpired':1,'DiskConnectionsPreserved':5,'DiskConnectionsReused':6,'DiskS3GetObject':3,'DiskS3HeadObject':3,'DiskS3ReadMicroseconds':1688,'DiskS3ReadRequestsCount':6,'GlobalThreadPoolJobs':1,'IOBufferAllocBytes':1061623,'IOBufferAllocs':4,'LocalThreadPoolExpansions':1,'LocalThreadPoolJobs':2,'LocalThreadPoolShrinks':1,'LocalThreadPoolThreadCreationMicroseconds':2,'LogTrace':3,'MemoryAllocatedWithoutCheck':10,'MemoryAllocatedWithoutCheckBytes':10880,'ReadBufferFromS3Bytes':507,'ReadBufferFromS3InitMicroseconds':1078,'ReadBufferFromS3Microseconds':1092,'S3GetObject':3,'S3HeadObject':3,'S3ReadMicroseconds':1688,'S3ReadRequestsCount':6,'WriteBufferFromS3Bytes':53}
90c3421745c005e344b5876c2a849773	0	orphan_sweep	2	{'cursor_advanced':0,'deleted':0,'list_budget_keys':1000,'listed':2,'retained_hold':0,'retained_no_coverage':0,'retained_tail_removal':0,'retained_unconsumed_seal':0,'skipped':2,'suppressed':0}	{}
90c3421745c005e344b5876c2a849773	0	pending_deletes	3338710	{'absent':0,'deleted':5000,'graduated':5000,'outcome_logs_written':1,'redeleted':5000,'replaced':0,'spared':0}	{'CASBlobDelete':5000,'CASConditionalWriteAttempts':1,'CASConditionalWriteCommitted':1,'CASGCPut':1,'CASGCRetiredGraduated':5000,'CASGCRetiredRedeleted':5000,'ContextLock':15001,'ContextLockWaitMicroseconds':4,'DiskConnectionsCreated':27,'DiskConnectionsElapsedMicroseconds':2229,'DiskConnectionsExpired':49,'DiskConnectionsPreserved':4951,'DiskConnectionsReused':4973,'DiskS3DeleteObjects':5000,'DiskS3WriteMicroseconds':2903505,'DiskS3WriteRequestAttempts':5000,'DiskS3WriteRequestsCount':5000,'IOBufferAllocBytes':1048639,'IOBufferAllocs':1,'LocalThreadPoolJobs':5001,'LocalThreadPoolLockWaitMicroseconds':3,'LogTrace':3,'MemoryAllocatedWithoutCheck':9956,'MemoryAllocatedWithoutCheckBytes':10832128,'S3WriteMicroseconds':2903505,'S3WriteRequestAttempts':5000,'S3WriteRequestsCount':5000,'WriteBufferFromS3Bytes':183498}
90c3421745c005e344b5876c2a849773	0	ref_object_cleanup	2710	{'namespaces_planned':2,'suppressed':0,'trim_enabled':1}	{'CASRootGet':4,'ContextLock':16,'DiskConnectionsPreserved':8,'DiskConnectionsReused':8,'DiskS3GetObject':4,'DiskS3HeadObject':4,'DiskS3ReadMicroseconds':1581,'DiskS3ReadRequestsCount':8,'IOBufferAllocBytes':27888,'IOBufferAllocs':4,'MemoryAllocatedWithoutCheck':16,'MemoryAllocatedWithoutCheckBytes':17408,'ReadBufferFromS3Bytes':11252,'ReadBufferFromS3InitMicroseconds':1125,'ReadBufferFromS3Microseconds':1146,'S3GetObject':4,'S3HeadObject':4,'S3ReadMicroseconds':1581,'S3ReadRequestsCount':8}
90c3421745c005e344b5876c2a849773	0	round_commit	5121	{'generation':31,'generations_referenced':2,'generations_visited':1,'pruned_through':28,'round':31}	{'CASConditionalWriteAttempts':1,'CASConditionalWriteCommitted':1,'CASGCCompareSwap':1,'CASGCDelete':3,'CASGCEnumerationPages':1,'CASGCList':1,'ContextLock':4,'DiskConnectionsPreserved':3,'DiskConnectionsReused':3,'DiskS3DeleteObjects':3,'DiskS3WriteMicroseconds':1621,'DiskS3WriteRequestAttempts':3,'DiskS3WriteRequestsCount':3,'GlobalThreadPoolJobs':1,'IOBufferAllocBytes':1048639,'IOBufferAllocs':1,'LocalThreadPoolExpansions':1,'LocalThreadPoolJobs':2,'LocalThreadPoolShrinks':1,'LocalThreadPoolThreadCreationMicroseconds':4,'LogTrace':3,'MemoryAllocatedWithoutCheck':6,'MemoryAllocatedWithoutCheckBytes':6528,'S3WriteMicroseconds':1621,'S3WriteRequestAttempts':3,'S3WriteRequestsCount':3,'WriteBufferFromS3Bytes':141}
9363c14680feacca8e2d200f9d4042a3	0	manifest_deletes	1	{'attempted':0,'deleted':0,'suppressed':0}	{}
9363c14680feacca8e2d200f9d4042a3	0	namespace_cleanup	455198	{'evidence_rows':0,'janitor_deleted':0,'janitor_keys':1000,'janitor_pages':1,'leaked':0}	{'CASConditionalWriteAttempts':1,'CASConditionalWriteCommitted':1,'CASGCCompareSwap':1,'CASGCGet':2,'CASOtherGet':1,'CASRootList':1,'ContextLock':13,'DiskConnectionsPreserved':6,'DiskConnectionsReused':6,'DiskS3GetObject':3,'DiskS3HeadObject':3,'DiskS3ReadMicroseconds':2186,'DiskS3ReadRequestsCount':6,'GlobalThreadPoolJobs':1,'IOBufferAllocBytes':1061721,'IOBufferAllocs':4,'LocalThreadPoolExpansions':1,'LocalThreadPoolJobs':4,'LocalThreadPoolShrinks':1,'LocalThreadPoolThreadCreationMicroseconds':4,'LogTrace':3,'MemoryAllocatedWithoutCheck':12,'MemoryAllocatedWithoutCheckBytes':13056,'ReadBufferFromS3Bytes':605,'ReadBufferFromS3InitMicroseconds':1458,'ReadBufferFromS3Microseconds':1473,'S3GetObject':3,'S3HeadObject':3,'S3ReadMicroseconds':2186,'S3ReadRequestsCount':6,'WriteBufferFromS3Bytes':152}
9363c14680feacca8e2d200f9d4042a3	0	orphan_sweep	2	{'cursor_advanced':0,'deleted':0,'list_budget_keys':1000,'listed':2,'retained_hold':0,'retained_no_coverage':0,'retained_tail_removal':0,'retained_unconsumed_seal':0,'skipped':2,'suppressed':0}	{}
9363c14680feacca8e2d200f9d4042a3	0	pending_deletes	2921168	{'absent':0,'deleted':5000,'graduated':5000,'outcome_logs_written':1,'redeleted':5000,'replaced':0,'spared':0}	{'CASBlobDelete':5000,'CASConditionalWriteAttempts':1,'CASConditionalWriteCommitted':1,'CASGCPut':1,'CASGCRetiredGraduated':5000,'CASGCRetiredRedeleted':5000,'ContextLock':15001,'DiskConnectionsCreated':30,'DiskConnectionsElapsedMicroseconds':2070,'DiskConnectionsExpired':49,'DiskConnectionsPreserved':4951,'DiskConnectionsReused':4970,'DiskS3DeleteObjects':5000,'DiskS3WriteMicroseconds':2483526,'DiskS3WriteRequestAttempts':5000,'DiskS3WriteRequestsCount':5000,'IOBufferAllocBytes':1048639,'IOBufferAllocs':1,'LocalThreadPoolJobs':5001,'LocalThreadPoolLockWaitMicroseconds':10,'LogTrace':3,'MemoryAllocatedWithoutCheck':9962,'MemoryAllocatedWithoutCheckBytes':10838656,'QueryProfilerRuns':1,'S3WriteMicroseconds':2483526,'S3WriteRequestAttempts':5000,'S3WriteRequestsCount':5000,'WriteBufferFromS3Bytes':183498}
9363c14680feacca8e2d200f9d4042a3	0	ref_object_cleanup	7805033	{'namespaces_planned':2,'suppressed':0,'trim_enabled':1}	{'CASGCGet':5000,'CASOtherGet':5000,'CASRefCleanupObjectsDeleted':5000,'CASRootDelete':5000,'CASRootGet':2,'CASRootHead':5000,'ContextLock':45008,'ContextLockWaitMicroseconds':19,'DiskConnectionsCreated':295,'DiskConnectionsElapsedMicroseconds':16797,'DiskConnectionsExpired':301,'DiskConnectionsPreserved':29703,'DiskConnectionsReused':29709,'DiskS3DeleteObjects':5000,'DiskS3GetObject':10002,'DiskS3HeadObject':15002,'DiskS3ReadMicroseconds':3856014,'DiskS3ReadRequestsCount':25004,'DiskS3WriteMicroseconds':2239941,'DiskS3WriteRequestAttempts':5000,'DiskS3WriteRequestsCount':5000,'IOBufferAllocBytes':43863915,'IOBufferAllocs':10002,'MemoryAllocatedWithoutCheck':59996,'MemoryAllocatedWithoutCheckBytes':65275648,'ReadBufferFromS3Bytes':2265597,'ReadBufferFromS3InitMicroseconds':2279997,'ReadBufferFromS3Microseconds':2295406,'S3GetObject':10002,'S3HeadObject':15002,'S3ReadMicroseconds':3856014,'S3ReadRequestsCount':25004,'S3WriteMicroseconds':2239941,'S3WriteRequestAttempts':5000,'S3WriteRequestsCount':5000}
9363c14680feacca8e2d200f9d4042a3	0	round_commit	6733	{'generation':11,'generations_referenced':2,'generations_visited':1,'pruned_through':8,'round':11}	{'CASConditionalWriteAttempts':1,'CASConditionalWriteCommitted':1,'CASGCCompareSwap':1,'CASGCDelete':3,'CASGCEnumerationPages':1,'CASGCList':1,'ContextLock':4,'DiskConnectionsPreserved':3,'DiskConnectionsReused':3,'DiskS3DeleteObjects':3,'DiskS3WriteMicroseconds':2802,'DiskS3WriteRequestAttempts':3,'DiskS3WriteRequestsCount':3,'GlobalThreadPoolJobs':1,'IOBufferAllocBytes':1048639,'IOBufferAllocs':1,'LocalThreadPoolExpansions':1,'LocalThreadPoolJobs':2,'LocalThreadPoolShrinks':1,'LocalThreadPoolThreadCreationMicroseconds':5,'LogTrace':3,'MemoryAllocatedWithoutCheck':6,'MemoryAllocatedWithoutCheckBytes':6528,'S3WriteMicroseconds':2802,'S3WriteRequestAttempts':3,'S3WriteRequestsCount':3,'WriteBufferFromS3Bytes':140}
97308478d6b1a2dec4696e106a176b3a	0	namespace_cleanup	18424	{'evidence_rows':0,'janitor_deleted':0,'janitor_keys':186,'janitor_pages':1,'leaked':0}	{'CASGCGet':1,'CASOtherGet':1,'CASRootList':1,'ContextLock':8,'DiskConnectionsPreserved':4,'DiskConnectionsReused':4,'DiskS3GetObject':2,'DiskS3HeadObject':2,'DiskS3ReadMicroseconds':1003,'DiskS3ReadRequestsCount':4,'GlobalThreadPoolJobs':1,'IOBufferAllocBytes':8684,'IOBufferAllocs':2,'LocalThreadPoolExpansions':1,'LocalThreadPoolJobs':1,'LocalThreadPoolShrinks':1,'LocalThreadPoolThreadCreationMicroseconds':3,'MemoryAllocatedWithoutCheck':8,'MemoryAllocatedWithoutCheckBytes':8704,'ReadBufferFromS3Bytes':366,'ReadBufferFromS3InitMicroseconds':628,'ReadBufferFromS3Microseconds':634,'S3GetObject':2,'S3HeadObject':2,'S3ReadMicroseconds':1003,'S3ReadRequestsCount':4}
9a2c6cdf47e060ef6fee30a6de01f3fc	0	manifest_deletes	1	{'attempted':0,'deleted':0,'suppressed':0}	{}
9a2c6cdf47e060ef6fee30a6de01f3fc	0	namespace_cleanup	620661	{'evidence_rows':0,'janitor_deleted':0,'janitor_keys':1000,'janitor_pages':1,'leaked':0}	{'CASConditionalWriteAttempts':1,'CASConditionalWriteCommitted':1,'CASGCCompareSwap':1,'CASGCGet':2,'CASOtherGet':1,'CASRootList':1,'ContextLock':13,'DiskConnectionsPreserved':6,'DiskConnectionsReused':6,'DiskS3GetObject':3,'DiskS3HeadObject':3,'DiskS3ReadMicroseconds':2785,'DiskS3ReadRequestsCount':6,'GlobalThreadPoolJobs':1,'IOBufferAllocBytes':1061722,'IOBufferAllocs':4,'LocalThreadPoolExpansions':1,'LocalThreadPoolJobs':4,'LocalThreadPoolShrinks':1,'LocalThreadPoolThreadCreationMicroseconds':9,'LogTrace':3,'MemoryAllocatedWithoutCheck':12,'MemoryAllocatedWithoutCheckBytes':13056,'ReadBufferFromS3Bytes':606,'ReadBufferFromS3InitMicroseconds':1849,'ReadBufferFromS3Microseconds':1867,'S3GetObject':3,'S3HeadObject':3,'S3ReadMicroseconds':2785,'S3ReadRequestsCount':6,'WriteBufferFromS3Bytes':152}
9a2c6cdf47e060ef6fee30a6de01f3fc	0	orphan_sweep	2	{'cursor_advanced':0,'deleted':0,'list_budget_keys':1000,'listed':2,'retained_hold':0,'retained_no_coverage':0,'retained_tail_removal':0,'retained_unconsumed_seal':0,'skipped':2,'suppressed':0}	{}
9a2c6cdf47e060ef6fee30a6de01f3fc	0	pending_deletes	3312229	{'absent':0,'deleted':5000,'graduated':5000,'outcome_logs_written':1,'redeleted':5000,'replaced':0,'spared':0}	{'CASBlobDelete':5000,'CASConditionalWriteAttempts':1,'CASConditionalWriteCommitted':1,'CASGCPut':1,'CASGCRetiredGraduated':5000,'CASGCRetiredRedeleted':5000,'ContextLock':15001,'ContextLockWaitMicroseconds':7,'DiskConnectionsCreated':36,'DiskConnectionsElapsedMicroseconds':2600,'DiskConnectionsExpired':54,'DiskConnectionsPreserved':4946,'DiskConnectionsReused':4964,'DiskS3DeleteObjects':5000,'DiskS3WriteMicroseconds':2848751,'DiskS3WriteRequestAttempts':5000,'DiskS3WriteRequestsCount':5000,'IOBufferAllocBytes':1048639,'IOBufferAllocs':1,'LocalThreadPoolJobs':5001,'LocalThreadPoolLockWaitMicroseconds':5,'LogTrace':3,'MemoryAllocatedWithoutCheck':9965,'MemoryAllocatedWithoutCheckBytes':12479232,'QueryProfilerRuns':1,'S3WriteMicroseconds':2848751,'S3WriteRequestAttempts':5000,'S3WriteRequestsCount':5000,'WriteBufferFromS3Bytes':183454}
9a2c6cdf47e060ef6fee30a6de01f3fc	0	ref_object_cleanup	7875686	{'namespaces_planned':2,'suppressed':0,'trim_enabled':1}	{'CASGCGet':5000,'CASOtherGet':5000,'CASRefCleanupObjectsDeleted':5000,'CASRootDelete':5000,'CASRootGet':4,'CASRootHead':5000,'ContextLock':45016,'DiskConnectionsCreated':295,'DiskConnectionsElapsedMicroseconds':17835,'DiskConnectionsExpired':301,'DiskConnectionsPreserved':29707,'DiskConnectionsReused':29713,'DiskS3DeleteObjects':5000,'DiskS3GetObject':10004,'DiskS3HeadObject':15004,'DiskS3ReadMicroseconds':3882897,'DiskS3ReadRequestsCount':25008,'DiskS3WriteMicroseconds':2259430,'DiskS3WriteRequestAttempts':5000,'DiskS3WriteRequestsCount':5000,'IOBufferAllocBytes':43887888,'IOBufferAllocs':10004,'MemoryAllocatedWithoutCheck':60004,'MemoryAllocatedWithoutCheckBytes':65284352,'QueryProfilerRuns':1,'ReadBufferFromS3Bytes':2281252,'ReadBufferFromS3InitMicroseconds':2306372,'ReadBufferFromS3Microseconds':2322143,'S3GetObject':10004,'S3HeadObject':15004,'S3ReadMicroseconds':3882897,'S3ReadRequestsCount':25008,'S3WriteMicroseconds':2259430,'S3WriteRequestAttempts':5000,'S3WriteRequestsCount':5000}
9a2c6cdf47e060ef6fee30a6de01f3fc	0	round_commit	13593	{'generation':26,'generations_referenced':2,'generations_visited':1,'pruned_through':23,'round':26}	{'CASConditionalWriteAttempts':1,'CASConditionalWriteCommitted':1,'CASGCCompareSwap':1,'CASGCDelete':3,'CASGCEnumerationPages':1,'CASGCList':1,'ContextLock':4,'DiskConnectionsPreserved':3,'DiskConnectionsReused':3,'DiskS3DeleteObjects':3,'DiskS3WriteMicroseconds':4182,'DiskS3WriteRequestAttempts':3,'DiskS3WriteRequestsCount':3,'GlobalThreadPoolJobs':1,'IOBufferAllocBytes':1048639,'IOBufferAllocs':1,'LocalThreadPoolExpansions':1,'LocalThreadPoolJobs':2,'LocalThreadPoolShrinks':1,'LocalThreadPoolThreadCreationMicroseconds':9,'LogTrace':3,'MemoryAllocatedWithoutCheck':6,'MemoryAllocatedWithoutCheckBytes':6528,'S3WriteMicroseconds':4182,'S3WriteRequestAttempts':3,'S3WriteRequestsCount':3,'WriteBufferFromS3Bytes':141}
9cf1732f1930c4f868d3a74abc64513e	0	manifest_deletes	1	{'attempted':0,'deleted':0,'suppressed':0}	{}
9cf1732f1930c4f868d3a74abc64513e	0	namespace_cleanup	63361	{'evidence_rows':0,'janitor_deleted':0,'janitor_keys':186,'janitor_pages':1,'leaked':0}	{'CASConditionalWriteAttempts':1,'CASConditionalWriteCommitted':1,'CASGCCompareSwap':1,'CASGCGet':2,'CASOtherGet':1,'CASRootList':1,'ContextLock':13,'DiskConnectionsPreserved':6,'DiskConnectionsReused':6,'DiskS3GetObject':3,'DiskS3HeadObject':3,'DiskS3ReadMicroseconds':4094,'DiskS3ReadRequestsCount':6,'GlobalThreadPoolJobs':1,'IOBufferAllocBytes':1061623,'IOBufferAllocs':4,'LocalThreadPoolExpansions':1,'LocalThreadPoolJobs':2,'LocalThreadPoolShrinks':1,'LocalThreadPoolThreadCreationMicroseconds':7,'LogTrace':3,'MemoryAllocatedWithoutCheck':12,'MemoryAllocatedWithoutCheckBytes':13056,'ReadBufferFromS3Bytes':507,'ReadBufferFromS3InitMicroseconds':2823,'ReadBufferFromS3Microseconds':2858,'S3GetObject':3,'S3HeadObject':3,'S3ReadMicroseconds':4094,'S3ReadRequestsCount':6,'WriteBufferFromS3Bytes':53}
9cf1732f1930c4f868d3a74abc64513e	0	orphan_sweep	5	{'cursor_advanced':0,'deleted':0,'list_budget_keys':1000,'listed':2,'retained_hold':0,'retained_no_coverage':0,'retained_tail_removal':0,'retained_unconsumed_seal':0,'skipped':2,'suppressed':0}	{}
9cf1732f1930c4f868d3a74abc64513e	0	pending_deletes	6805681	{'absent':0,'deleted':5000,'graduated':5000,'outcome_logs_written':1,'redeleted':5000,'replaced':0,'spared':0}	{'CASBlobDelete':5000,'CASConditionalWriteAttempts':1,'CASConditionalWriteCommitted':1,'CASGCPut':1,'CASGCRetiredGraduated':5000,'CASGCRetiredRedeleted':5000,'ContextLock':15001,'ContextLockWaitMicroseconds':47,'DiskConnectionsCreated':32,'DiskConnectionsElapsedMicroseconds':4202,'DiskConnectionsExpired':46,'DiskConnectionsPreserved':4954,'DiskConnectionsReused':4968,'DiskS3DeleteObjects':5000,'DiskS3WriteMicroseconds':5995300,'DiskS3WriteRequestAttempts':5000,'DiskS3WriteRequestsCount':5000,'IOBufferAllocBytes':1048639,'IOBufferAllocs':1,'LocalThreadPoolJobs':5001,'LocalThreadPoolLockWaitMicroseconds':33,'LogTrace':3,'MemoryAllocatedWithoutCheck':9973,'MemoryAllocatedWithoutCheckBytes':12487936,'QueryProfilerRuns':1,'S3WriteMicroseconds':5995300,'S3WriteRequestAttempts':5000,'S3WriteRequestsCount':5000,'WriteBufferFromS3Bytes':183440}
9cf1732f1930c4f868d3a74abc64513e	0	ref_object_cleanup	7529	{'namespaces_planned':2,'suppressed':0,'trim_enabled':1}	{'CASRootGet':4,'ContextLock':16,'DiskConnectionsExpired':1,'DiskConnectionsPreserved':7,'DiskConnectionsReused':8,'DiskS3GetObject':4,'DiskS3HeadObject':4,'DiskS3ReadMicroseconds':4996,'DiskS3ReadRequestsCount':8,'IOBufferAllocBytes':27888,'IOBufferAllocs':4,'MemoryAllocatedWithoutCheck':14,'MemoryAllocatedWithoutCheckBytes':15232,'ReadBufferFromS3Bytes':11252,'ReadBufferFromS3InitMicroseconds':3582,'ReadBufferFromS3Microseconds':3617,'S3GetObject':4,'S3HeadObject':4,'S3ReadMicroseconds':4996,'S3ReadRequestsCount':8}
9cf1732f1930c4f868d3a74abc64513e	0	round_commit	9800	{'generation':59,'generations_referenced':2,'generations_visited':1,'pruned_through':56,'round':59}	{'CASConditionalWriteAttempts':1,'CASConditionalWriteCommitted':1,'CASGCCompareSwap':1,'CASGCDelete':3,'CASGCEnumerationPages':1,'CASGCList':1,'ContextLock':4,'DiskConnectionsPreserved':3,'DiskConnectionsReused':3,'DiskS3DeleteObjects':3,'DiskS3WriteMicroseconds':4344,'DiskS3WriteRequestAttempts':3,'DiskS3WriteRequestsCount':3,'GlobalThreadPoolJobs':1,'IOBufferAllocBytes':1048639,'IOBufferAllocs':1,'LocalThreadPoolExpansions':1,'LocalThreadPoolJobs':2,'LocalThreadPoolShrinks':1,'LocalThreadPoolThreadCreationMicroseconds':6,'LogTrace':3,'MemoryAllocatedWithoutCheck':6,'MemoryAllocatedWithoutCheckBytes':6528,'S3WriteMicroseconds':4344,'S3WriteRequestAttempts':3,'S3WriteRequestsCount':3,'WriteBufferFromS3Bytes':141}
a1bd58233087b0deb2e49f9c7ac42eef	0	manifest_deletes	0	{'attempted':0,'deleted':0,'suppressed':0}	{}
a1bd58233087b0deb2e49f9c7ac42eef	0	namespace_cleanup	30328	{'evidence_rows':0,'janitor_deleted':0,'janitor_keys':186,'janitor_pages':1,'leaked':0}	{'CASConditionalWriteAttempts':1,'CASConditionalWriteCommitted':1,'CASGCCompareSwap':1,'CASGCGet':2,'CASOtherGet':1,'CASRootList':1,'ContextLock':13,'DiskConnectionsPreserved':6,'DiskConnectionsReused':6,'DiskS3GetObject':3,'DiskS3HeadObject':3,'DiskS3ReadMicroseconds':1417,'DiskS3ReadRequestsCount':6,'GlobalThreadPoolJobs':1,'IOBufferAllocBytes':1061623,'IOBufferAllocs':4,'LocalThreadPoolExpansions':1,'LocalThreadPoolJobs':2,'LocalThreadPoolShrinks':1,'LocalThreadPoolThreadCreationMicroseconds':3,'LogTrace':3,'MemoryAllocatedWithoutCheck':12,'MemoryAllocatedWithoutCheckBytes':13056,'ReadBufferFromS3Bytes':507,'ReadBufferFromS3InitMicroseconds':1119,'ReadBufferFromS3Microseconds':1135,'S3GetObject':3,'S3HeadObject':3,'S3ReadMicroseconds':1417,'S3ReadRequestsCount':6,'WriteBufferFromS3Bytes':53}
a1bd58233087b0deb2e49f9c7ac42eef	0	orphan_sweep	3	{'cursor_advanced':0,'deleted':0,'list_budget_keys':1000,'listed':2,'retained_hold':0,'retained_no_coverage':0,'retained_tail_removal':0,'retained_unconsumed_seal':0,'skipped':2,'suppressed':0}	{}
a1bd58233087b0deb2e49f9c7ac42eef	0	pending_deletes	4131124	{'absent':0,'deleted':5000,'graduated':5000,'outcome_logs_written':1,'redeleted':5000,'replaced':0,'spared':0}	{'CASBlobDelete':5000,'CASConditionalWriteAttempts':1,'CASConditionalWriteCommitted':1,'CASGCPut':1,'CASGCRetiredGraduated':5000,'CASGCRetiredRedeleted':5000,'ContextLock':15001,'ContextLockWaitMicroseconds':7,'DiskConnectionsCreated':44,'DiskConnectionsElapsedMicroseconds':3714,'DiskConnectionsExpired':48,'DiskConnectionsPreserved':4952,'DiskConnectionsReused':4956,'DiskS3DeleteObjects':5000,'DiskS3WriteMicroseconds':3553438,'DiskS3WriteRequestAttempts':5000,'DiskS3WriteRequestsCount':5000,'IOBufferAllocBytes':1048639,'IOBufferAllocs':1,'LocalThreadPoolJobs':5001,'LocalThreadPoolLockWaitMicroseconds':11,'LogTrace':3,'MemoryAllocatedWithoutCheck':9992,'MemoryAllocatedWithoutCheckBytes':10871296,'QueryProfilerRuns':1,'S3WriteMicroseconds':3553438,'S3WriteRequestAttempts':5000,'S3WriteRequestsCount':5000,'WriteBufferFromS3Bytes':183336}
a1bd58233087b0deb2e49f9c7ac42eef	0	ref_object_cleanup	2956	{'namespaces_planned':2,'suppressed':0,'trim_enabled':1}	{'CASRootGet':4,'ContextLock':16,'DiskConnectionsPreserved':8,'DiskConnectionsReused':8,'DiskS3GetObject':4,'DiskS3HeadObject':4,'DiskS3ReadMicroseconds':1789,'DiskS3ReadRequestsCount':8,'IOBufferAllocBytes':27888,'IOBufferAllocs':4,'MemoryAllocatedWithoutCheck':16,'MemoryAllocatedWithoutCheckBytes':17408,'ReadBufferFromS3Bytes':11252,'ReadBufferFromS3InitMicroseconds':1306,'ReadBufferFromS3Microseconds':1326,'S3GetObject':4,'S3HeadObject':4,'S3ReadMicroseconds':1789,'S3ReadRequestsCount':8}
a1bd58233087b0deb2e49f9c7ac42eef	0	round_commit	5279	{'generation':57,'generations_referenced':2,'generations_visited':1,'pruned_through':54,'round':57}	{'CASConditionalWriteAttempts':1,'CASConditionalWriteCommitted':1,'CASGCCompareSwap':1,'CASGCDelete':3,'CASGCEnumerationPages':1,'CASGCList':1,'ContextLock':4,'DiskConnectionsPreserved':3,'DiskConnectionsReused':3,'DiskS3DeleteObjects':3,'DiskS3WriteMicroseconds':2043,'DiskS3WriteRequestAttempts':3,'DiskS3WriteRequestsCount':3,'GlobalThreadPoolJobs':1,'IOBufferAllocBytes':1048639,'IOBufferAllocs':1,'LocalThreadPoolExpansions':1,'LocalThreadPoolJobs':2,'LocalThreadPoolShrinks':1,'LocalThreadPoolThreadCreationMicroseconds':4,'LogTrace':3,'MemoryAllocatedWithoutCheck':6,'MemoryAllocatedWithoutCheckBytes':6528,'S3WriteMicroseconds':2043,'S3WriteRequestAttempts':3,'S3WriteRequestsCount':3,'WriteBufferFromS3Bytes':141}
a2fa3b94c071915a41118580093fcfdd	0	manifest_deletes	0	{'attempted':0,'deleted':0,'suppressed':0}	{}
a2fa3b94c071915a41118580093fcfdd	0	namespace_cleanup	21974	{'evidence_rows':0,'janitor_deleted':0,'janitor_keys':186,'janitor_pages':1,'leaked':0}	{'CASConditionalWriteAttempts':1,'CASConditionalWriteCommitted':1,'CASGCCompareSwap':1,'CASGCGet':2,'CASOtherGet':1,'CASRootList':1,'ContextLock':13,'DiskConnectionsPreserved':6,'DiskConnectionsReused':6,'DiskS3GetObject':3,'DiskS3HeadObject':3,'DiskS3ReadMicroseconds':1706,'DiskS3ReadRequestsCount':6,'GlobalThreadPoolJobs':1,'IOBufferAllocBytes':1061623,'IOBufferAllocs':4,'LocalThreadPoolExpansions':1,'LocalThreadPoolJobs':2,'LocalThreadPoolShrinks':1,'LocalThreadPoolThreadCreationMicroseconds':1,'LogTrace':3,'MemoryAllocatedWithoutCheck':12,'MemoryAllocatedWithoutCheckBytes':13056,'ReadBufferFromS3Bytes':507,'ReadBufferFromS3InitMicroseconds':1125,'ReadBufferFromS3Microseconds':1139,'S3GetObject':3,'S3HeadObject':3,'S3ReadMicroseconds':1706,'S3ReadRequestsCount':6,'WriteBufferFromS3Bytes':53}
a2fa3b94c071915a41118580093fcfdd	0	orphan_sweep	2	{'cursor_advanced':0,'deleted':0,'list_budget_keys':1000,'listed':2,'retained_hold':0,'retained_no_coverage':0,'retained_tail_removal':0,'retained_unconsumed_seal':0,'skipped':2,'suppressed':0}	{}
a2fa3b94c071915a41118580093fcfdd	0	pending_deletes	3221509	{'absent':0,'deleted':5000,'graduated':5000,'outcome_logs_written':1,'redeleted':5000,'replaced':0,'spared':0}	{'CASBlobDelete':5000,'CASConditionalWriteAttempts':1,'CASConditionalWriteCommitted':1,'CASGCPut':1,'CASGCRetiredGraduated':5000,'CASGCRetiredRedeleted':5000,'ContextLock':15001,'ContextLockWaitMicroseconds':3,'DiskConnectionsCreated':45,'DiskConnectionsElapsedMicroseconds':3629,'DiskConnectionsExpired':53,'DiskConnectionsPreserved':4947,'DiskConnectionsReused':4955,'DiskS3DeleteObjects':5000,'DiskS3WriteMicroseconds':2788387,'DiskS3WriteRequestAttempts':5000,'DiskS3WriteRequestsCount':5000,'IOBufferAllocBytes':1048639,'IOBufferAllocs':1,'LocalThreadPoolJobs':5001,'LocalThreadPoolLockWaitMicroseconds':1,'LogTrace':3,'MemoryAllocatedWithoutCheck':9985,'MemoryAllocatedWithoutCheckBytes':12500992,'S3WriteMicroseconds':2788387,'S3WriteRequestAttempts':5000,'S3WriteRequestsCount':5000,'WriteBufferFromS3Bytes':183716}
a2fa3b94c071915a41118580093fcfdd	0	ref_object_cleanup	2538	{'namespaces_planned':2,'suppressed':0,'trim_enabled':1}	{'CASRootGet':4,'ContextLock':16,'DiskConnectionsExpired':1,'DiskConnectionsPreserved':7,'DiskConnectionsReused':8,'DiskS3GetObject':4,'DiskS3HeadObject':4,'DiskS3ReadMicroseconds':1580,'DiskS3ReadRequestsCount':8,'IOBufferAllocBytes':27888,'IOBufferAllocs':4,'MemoryAllocatedWithoutCheck':14,'MemoryAllocatedWithoutCheckBytes':15232,'ReadBufferFromS3Bytes':11252,'ReadBufferFromS3InitMicroseconds':1015,'ReadBufferFromS3Microseconds':1026,'S3GetObject':4,'S3HeadObject':4,'S3ReadMicroseconds':1580,'S3ReadRequestsCount':8}
a2fa3b94c071915a41118580093fcfdd	0	round_commit	4621	{'generation':34,'generations_referenced':2,'generations_visited':1,'pruned_through':31,'round':34}	{'CASConditionalWriteAttempts':1,'CASConditionalWriteCommitted':1,'CASGCCompareSwap':1,'CASGCDelete':3,'CASGCEnumerationPages':1,'CASGCList':1,'ContextLock':4,'DiskConnectionsPreserved':3,'DiskConnectionsReused':3,'DiskS3DeleteObjects':3,'DiskS3WriteMicroseconds':1919,'DiskS3WriteRequestAttempts':3,'DiskS3WriteRequestsCount':3,'GlobalThreadPoolJobs':1,'IOBufferAllocBytes':1048639,'IOBufferAllocs':1,'LocalThreadPoolExpansions':1,'LocalThreadPoolJobs':2,'LocalThreadPoolShrinks':1,'LocalThreadPoolThreadCreationMicroseconds':3,'LogTrace':3,'MemoryAllocatedWithoutCheck':6,'MemoryAllocatedWithoutCheckBytes':6528,'S3WriteMicroseconds':1919,'S3WriteRequestAttempts':3,'S3WriteRequestsCount':3,'WriteBufferFromS3Bytes':141}
a455bf650bd38e9c1b6919bef39ac2ae	0	manifest_deletes	1	{'attempted':0,'deleted':0,'suppressed':0}	{}
a455bf650bd38e9c1b6919bef39ac2ae	0	namespace_cleanup	369957	{'evidence_rows':0,'janitor_deleted':0,'janitor_keys':1000,'janitor_pages':1,'leaked':0}	{'CASConditionalWriteAttempts':1,'CASConditionalWriteCommitted':1,'CASGCCompareSwap':1,'CASGCGet':2,'CASOtherGet':1,'CASRootList':1,'ContextLock':13,'DiskConnectionsPreserved':6,'DiskConnectionsReused':6,'DiskS3GetObject':3,'DiskS3HeadObject':3,'DiskS3ReadMicroseconds':1470,'DiskS3ReadRequestsCount':6,'GlobalThreadPoolJobs':1,'IOBufferAllocBytes':1061722,'IOBufferAllocs':4,'LocalThreadPoolExpansions':1,'LocalThreadPoolJobs':4,'LocalThreadPoolLockWaitMicroseconds':1,'LocalThreadPoolShrinks':1,'LocalThreadPoolThreadCreationMicroseconds':1,'LogTrace':3,'MemoryAllocatedWithoutCheck':12,'MemoryAllocatedWithoutCheckBytes':13056,'ReadBufferFromS3Bytes':606,'ReadBufferFromS3InitMicroseconds':883,'ReadBufferFromS3Microseconds':895,'S3GetObject':3,'S3HeadObject':3,'S3ReadMicroseconds':1470,'S3ReadRequestsCount':6,'WriteBufferFromS3Bytes':152}
a455bf650bd38e9c1b6919bef39ac2ae	0	orphan_sweep	2	{'cursor_advanced':0,'deleted':0,'list_budget_keys':1000,'listed':2,'retained_hold':0,'retained_no_coverage':0,'retained_tail_removal':0,'retained_unconsumed_seal':0,'skipped':2,'suppressed':0}	{}
a455bf650bd38e9c1b6919bef39ac2ae	0	pending_deletes	2816346	{'absent':0,'deleted':5000,'graduated':5000,'outcome_logs_written':1,'redeleted':5000,'replaced':0,'spared':0}	{'CASBlobDelete':5000,'CASConditionalWriteAttempts':1,'CASConditionalWriteCommitted':1,'CASGCPut':1,'CASGCRetiredGraduated':5000,'CASGCRetiredRedeleted':5000,'ContextLock':15001,'ContextLockWaitMicroseconds':3,'DiskConnectionsCreated':39,'DiskConnectionsElapsedMicroseconds':2578,'DiskConnectionsExpired':47,'DiskConnectionsPreserved':4953,'DiskConnectionsReused':4961,'DiskS3DeleteObjects':5000,'DiskS3WriteMicroseconds':2403593,'DiskS3WriteRequestAttempts':5000,'DiskS3WriteRequestsCount':5000,'IOBufferAllocBytes':1048639,'IOBufferAllocs':1,'LocalThreadPoolJobs':5001,'LogTrace':3,'MemoryAllocatedWithoutCheck':9985,'MemoryAllocatedWithoutCheckBytes':12500992,'S3WriteMicroseconds':2403593,'S3WriteRequestAttempts':5000,'S3WriteRequestsCount':5000,'WriteBufferFromS3Bytes':183405}
a455bf650bd38e9c1b6919bef39ac2ae	0	ref_object_cleanup	6843236	{'namespaces_planned':2,'suppressed':0,'trim_enabled':1}	{'CASGCGet':5000,'CASOtherGet':5000,'CASRefCleanupObjectsDeleted':5000,'CASRootDelete':5000,'CASRootGet':4,'CASRootHead':5000,'ContextLock':45016,'ContextLockWaitMicroseconds':12,'DiskConnectionsCreated':295,'DiskConnectionsElapsedMicroseconds':15373,'DiskConnectionsExpired':301,'DiskConnectionsPreserved':29707,'DiskConnectionsReused':29713,'DiskS3DeleteObjects':5000,'DiskS3GetObject':10004,'DiskS3HeadObject':15004,'DiskS3ReadMicroseconds':3364181,'DiskS3ReadRequestsCount':25008,'DiskS3WriteMicroseconds':1887892,'DiskS3WriteRequestAttempts':5000,'DiskS3WriteRequestsCount':5000,'IOBufferAllocBytes':43887888,'IOBufferAllocs':10004,'MemoryAllocatedWithoutCheck':60006,'MemoryAllocatedWithoutCheckBytes':74812218,'QueryProfilerRuns':1,'ReadBufferFromS3Bytes':2281252,'ReadBufferFromS3InitMicroseconds':2029434,'ReadBufferFromS3Microseconds':2043367,'S3GetObject':10004,'S3HeadObject':15004,'S3ReadMicroseconds':3364181,'S3ReadRequestsCount':25008,'S3WriteMicroseconds':1887892,'S3WriteRequestAttempts':5000,'S3WriteRequestsCount':5000}
a455bf650bd38e9c1b6919bef39ac2ae	0	round_commit	3849	{'generation':18,'generations_referenced':2,'generations_visited':1,'pruned_through':15,'round':18}	{'CASConditionalWriteAttempts':1,'CASConditionalWriteCommitted':1,'CASGCCompareSwap':1,'CASGCDelete':3,'CASGCEnumerationPages':1,'CASGCList':1,'ContextLock':4,'DiskConnectionsPreserved':3,'DiskConnectionsReused':3,'DiskS3DeleteObjects':3,'DiskS3WriteMicroseconds':1450,'DiskS3WriteRequestAttempts':3,'DiskS3WriteRequestsCount':3,'GlobalThreadPoolJobs':1,'IOBufferAllocBytes':1048639,'IOBufferAllocs':1,'LocalThreadPoolExpansions':1,'LocalThreadPoolJobs':2,'LocalThreadPoolShrinks':1,'LocalThreadPoolThreadCreationMicroseconds':4,'LogTrace':3,'MemoryAllocatedWithoutCheck':6,'MemoryAllocatedWithoutCheckBytes':6528,'S3WriteMicroseconds':1450,'S3WriteRequestAttempts':3,'S3WriteRequestsCount':3,'WriteBufferFromS3Bytes':141}
a6f21aca20f890bf11af8060dcf99b16	0	manifest_deletes	85566	{'attempted':181,'deleted':181,'suppressed':0}	{'CASManifestDelete':181,'ContextLock':362,'DiskConnectionsCreated':2,'DiskConnectionsElapsedMicroseconds':148,'DiskConnectionsExpired':2,'DiskConnectionsPreserved':179,'DiskConnectionsReused':179,'DiskS3DeleteObjects':181,'DiskS3WriteMicroseconds':74778,'DiskS3WriteRequestAttempts':181,'DiskS3WriteRequestsCount':181,'MemoryAllocatedWithoutCheck':362,'MemoryAllocatedWithoutCheckBytes':393856,'S3WriteMicroseconds':74778,'S3WriteRequestAttempts':181,'S3WriteRequestsCount':181}
a6f21aca20f890bf11af8060dcf99b16	0	namespace_cleanup	39368	{'evidence_rows':0,'janitor_deleted':0,'janitor_keys':473,'janitor_pages':1,'leaked':0}	{'CASConditionalWriteAttempts':1,'CASConditionalWriteCommitted':1,'CASGCCompareSwap':1,'CASGCGet':2,'CASOtherGet':1,'CASRootList':1,'ContextLock':13,'DiskConnectionsPreserved':6,'DiskConnectionsReused':6,'DiskS3GetObject':3,'DiskS3HeadObject':3,'DiskS3ReadMicroseconds':1750,'DiskS3ReadRequestsCount':6,'GlobalThreadPoolJobs':1,'IOBufferAllocBytes':1061623,'IOBufferAllocs':4,'LocalThreadPoolExpansions':1,'LocalThreadPoolJobs':2,'LocalThreadPoolShrinks':1,'LocalThreadPoolThreadCreationMicroseconds':5,'LogTrace':3,'MemoryAllocatedWithoutCheck':12,'MemoryAllocatedWithoutCheckBytes':13056,'ReadBufferFromS3Bytes':507,'ReadBufferFromS3InitMicroseconds':1168,'ReadBufferFromS3Microseconds':1185,'S3GetObject':3,'S3HeadObject':3,'S3ReadMicroseconds':1750,'S3ReadRequestsCount':6,'WriteBufferFromS3Bytes':53}
a6f21aca20f890bf11af8060dcf99b16	0	orphan_sweep	2	{'cursor_advanced':0,'deleted':0,'list_budget_keys':1000,'listed':297,'retained_hold':0,'retained_no_coverage':0,'retained_tail_removal':0,'retained_unconsumed_seal':0,'skipped':297,'suppressed':0}	{}
a6f21aca20f890bf11af8060dcf99b16	0	pending_deletes	2	{'absent':0,'deleted':0,'graduated':0,'outcome_logs_written':0,'redeleted':0,'replaced':0,'spared':0}	{}
a6f21aca20f890bf11af8060dcf99b16	0	ref_object_cleanup	586765	{'namespaces_planned':2,'suppressed':0,'trim_enabled':1}	{'CASGCGet':258,'CASOtherGet':258,'CASRefCleanupObjectsDeleted':258,'CASRootDelete':258,'CASRootGet':4,'CASRootHead':258,'ContextLock':2338,'DiskConnectionsCreated':4,'DiskConnectionsElapsedMicroseconds':302,'DiskConnectionsExpired':3,'DiskConnectionsPreserved':1553,'DiskConnectionsReused':1552,'DiskS3DeleteObjects':258,'DiskS3GetObject':520,'DiskS3HeadObject':778,'DiskS3ReadMicroseconds':311149,'DiskS3ReadRequestsCount':1298,'DiskS3WriteMicroseconds':166752,'DiskS3WriteRequestAttempts':258,'DiskS3WriteRequestsCount':258,'IOBufferAllocBytes':2281308,'IOBufferAllocs':520,'MemoryAllocatedWithoutCheck':3114,'MemoryAllocatedWithoutCheckBytes':3388032,'ReadBufferFromS3Bytes':118628,'ReadBufferFromS3InitMicroseconds':179581,'ReadBufferFromS3Microseconds':180680,'S3GetObject':520,'S3HeadObject':778,'S3ReadMicroseconds':311149,'S3ReadRequestsCount':1298,'S3WriteMicroseconds':166752,'S3WriteRequestAttempts':258,'S3WriteRequestsCount':258}
a6f21aca20f890bf11af8060dcf99b16	0	round_commit	13563	{'generation':63,'generations_referenced':2,'generations_visited':1,'pruned_through':60,'round':63}	{'CASConditionalWriteAttempts':1,'CASConditionalWriteCommitted':1,'CASGCCompareSwap':1,'CASGCDelete':3,'CASGCEnumerationPages':1,'CASGCList':1,'ContextLock':4,'DiskConnectionsPreserved':3,'DiskConnectionsReused':3,'DiskS3DeleteObjects':3,'DiskS3WriteMicroseconds':1582,'DiskS3WriteRequestAttempts':3,'DiskS3WriteRequestsCount':3,'GlobalThreadPoolJobs':1,'IOBufferAllocBytes':1048639,'IOBufferAllocs':1,'LocalThreadPoolExpansions':1,'LocalThreadPoolJobs':2,'LocalThreadPoolShrinks':1,'LocalThreadPoolThreadCreationMicroseconds':3,'LogTrace':3,'MemoryAllocatedWithoutCheck':6,'MemoryAllocatedWithoutCheckBytes':6528,'S3WriteMicroseconds':1582,'S3WriteRequestAttempts':3,'S3WriteRequestsCount':3,'WriteBufferFromS3Bytes':141}
af7dc825d7755a074c5409c76fe6238b	0	namespace_cleanup	1120	{'evidence_rows':0,'janitor_deleted':0,'janitor_keys':0,'janitor_pages':1,'leaked':0}	{'AsyncLoggingFileLogTotalMessages':1,'AsyncLoggingTextLogTotalMessages':1,'CASGCGet':1,'CASOtherGet':1,'CASRootList':1,'ContextLock':4,'DiskConnectionsPreserved':3,'DiskConnectionsReused':3,'DiskS3GetObject':1,'DiskS3HeadObject':2,'DiskS3ReadMicroseconds':508,'DiskS3ReadRequestsCount':3,'DiskS3ReadRequestsErrors':1,'GlobalThreadPoolJobs':1,'IOBufferAllocBytes':4200,'IOBufferAllocs':1,'LocalThreadPoolExpansions':1,'LocalThreadPoolJobs':1,'LocalThreadPoolShrinks':1,'LocalThreadPoolThreadCreationMicroseconds':2,'LogDebug':1,'LoggerElapsedNanoseconds':4291,'MemoryAllocatedWithoutCheck':8,'MemoryAllocatedWithoutCheckBytes':12352,'ReadBufferFromS3Bytes':41,'ReadBufferFromS3InitMicroseconds':290,'ReadBufferFromS3Microseconds':293,'S3GetObject':1,'S3HeadObject':2,'S3ReadMicroseconds':508,'S3ReadRequestsCount':3,'S3ReadRequestsErrors':1}
b0116aaa46e3c8203fb9698c42c1b3a3	0	manifest_deletes	1	{'attempted':0,'deleted':0,'suppressed':0}	{}
b0116aaa46e3c8203fb9698c42c1b3a3	0	namespace_cleanup	397488	{'evidence_rows':0,'janitor_deleted':0,'janitor_keys':1000,'janitor_pages':1,'leaked':0}	{'CASConditionalWriteAttempts':1,'CASConditionalWriteCommitted':1,'CASGCCompareSwap':1,'CASGCGet':2,'CASOtherGet':1,'CASRootList':1,'ContextLock':13,'DiskConnectionsExpired':1,'DiskConnectionsPreserved':5,'DiskConnectionsReused':6,'DiskS3GetObject':3,'DiskS3HeadObject':3,'DiskS3ReadMicroseconds':1746,'DiskS3ReadRequestsCount':6,'GlobalThreadPoolJobs':1,'IOBufferAllocBytes':1061721,'IOBufferAllocs':4,'LocalThreadPoolExpansions':1,'LocalThreadPoolJobs':4,'LocalThreadPoolLockWaitMicroseconds':3,'LocalThreadPoolShrinks':1,'LocalThreadPoolThreadCreationMicroseconds':3,'LogTrace':3,'MemoryAllocatedWithoutCheck':10,'MemoryAllocatedWithoutCheckBytes':10880,'ReadBufferFromS3Bytes':605,'ReadBufferFromS3InitMicroseconds':1110,'ReadBufferFromS3Microseconds':1121,'S3GetObject':3,'S3HeadObject':3,'S3ReadMicroseconds':1746,'S3ReadRequestsCount':6,'WriteBufferFromS3Bytes':152}
b0116aaa46e3c8203fb9698c42c1b3a3	0	orphan_sweep	2	{'cursor_advanced':0,'deleted':0,'list_budget_keys':1000,'listed':2,'retained_hold':0,'retained_no_coverage':0,'retained_tail_removal':0,'retained_unconsumed_seal':0,'skipped':2,'suppressed':0}	{}
b0116aaa46e3c8203fb9698c42c1b3a3	0	pending_deletes	3454252	{'absent':0,'deleted':5000,'graduated':5000,'outcome_logs_written':1,'redeleted':5000,'replaced':0,'spared':0}	{'CASBlobDelete':5000,'CASConditionalWriteAttempts':1,'CASConditionalWriteCommitted':1,'CASGCPut':1,'CASGCRetiredGraduated':5000,'CASGCRetiredRedeleted':5000,'ContextLock':15001,'ContextLockWaitMicroseconds':13,'DiskConnectionsCreated':44,'DiskConnectionsElapsedMicroseconds':2982,'DiskConnectionsExpired':56,'DiskConnectionsPreserved':4944,'DiskConnectionsReused':4956,'DiskS3DeleteObjects':5000,'DiskS3WriteMicroseconds':2993936,'DiskS3WriteRequestAttempts':5000,'DiskS3WriteRequestsCount':5000,'IOBufferAllocBytes':1048639,'IOBufferAllocs':1,'LocalThreadPoolJobs':5001,'LocalThreadPoolLockWaitMicroseconds':2,'LogTrace':3,'MemoryAllocatedWithoutCheck':9976,'MemoryAllocatedWithoutCheckBytes':10853888,'S3WriteMicroseconds':2993936,'S3WriteRequestAttempts':5000,'S3WriteRequestsCount':5000,'WriteBufferFromS3Bytes':183435}
b0116aaa46e3c8203fb9698c42c1b3a3	0	ref_object_cleanup	7243042	{'namespaces_planned':2,'suppressed':0,'trim_enabled':1}	{'CASGCGet':5000,'CASOtherGet':5000,'CASRefCleanupObjectsDeleted':5000,'CASRootDelete':5000,'CASRootGet':2,'CASRootHead':5000,'ContextLock':45008,'DiskConnectionsCreated':299,'DiskConnectionsElapsedMicroseconds':15582,'DiskConnectionsExpired':301,'DiskConnectionsPreserved':29703,'DiskConnectionsReused':29705,'DiskS3DeleteObjects':5000,'DiskS3GetObject':10002,'DiskS3HeadObject':15002,'DiskS3ReadMicroseconds':3541566,'DiskS3ReadRequestsCount':25004,'DiskS3WriteMicroseconds':2014466,'DiskS3WriteRequestAttempts':5000,'DiskS3WriteRequestsCount':5000,'IOBufferAllocBytes':43863915,'IOBufferAllocs':10002,'MemoryAllocatedWithoutCheck':60004,'MemoryAllocatedWithoutCheckBytes':65284352,'QueryProfilerRuns':1,'ReadBufferFromS3Bytes':2265597,'ReadBufferFromS3InitMicroseconds':2123672,'ReadBufferFromS3Microseconds':2138757,'S3GetObject':10002,'S3HeadObject':15002,'S3ReadMicroseconds':3541566,'S3ReadRequestsCount':25004,'S3WriteMicroseconds':2014466,'S3WriteRequestAttempts':5000,'S3WriteRequestsCount':5000}
b0116aaa46e3c8203fb9698c42c1b3a3	0	round_commit	5298	{'generation':12,'generations_referenced':2,'generations_visited':1,'pruned_through':9,'round':12}	{'CASConditionalWriteAttempts':1,'CASConditionalWriteCommitted':1,'CASGCCompareSwap':1,'CASGCDelete':3,'CASGCEnumerationPages':1,'CASGCList':1,'ContextLock':4,'DiskConnectionsPreserved':3,'DiskConnectionsReused':3,'DiskS3DeleteObjects':3,'DiskS3WriteMicroseconds':2226,'DiskS3WriteRequestAttempts':3,'DiskS3WriteRequestsCount':3,'GlobalThreadPoolJobs':1,'IOBufferAllocBytes':1048639,'IOBufferAllocs':1,'LocalThreadPoolExpansions':1,'LocalThreadPoolJobs':2,'LocalThreadPoolShrinks':1,'LocalThreadPoolThreadCreationMicroseconds':4,'LogTrace':3,'MemoryAllocatedWithoutCheck':6,'MemoryAllocatedWithoutCheckBytes':6528,'S3WriteMicroseconds':2226,'S3WriteRequestAttempts':3,'S3WriteRequestsCount':3,'WriteBufferFromS3Bytes':140}
b0b5c0583e4bcb1de87d28683d0c9062	0	namespace_cleanup	20941	{'evidence_rows':0,'janitor_deleted':0,'janitor_keys':186,'janitor_pages':1,'leaked':0}	{'CASGCGet':1,'CASOtherGet':1,'CASRootList':1,'ContextLock':8,'DiskConnectionsPreserved':4,'DiskConnectionsReused':4,'DiskS3GetObject':2,'DiskS3HeadObject':2,'DiskS3ReadMicroseconds':1308,'DiskS3ReadRequestsCount':4,'GlobalThreadPoolJobs':1,'IOBufferAllocBytes':8684,'IOBufferAllocs':2,'LocalThreadPoolExpansions':1,'LocalThreadPoolJobs':1,'LocalThreadPoolShrinks':1,'LocalThreadPoolThreadCreationMicroseconds':3,'MemoryAllocatedWithoutCheck':8,'MemoryAllocatedWithoutCheckBytes':8704,'ReadBufferFromS3Bytes':366,'ReadBufferFromS3InitMicroseconds':765,'ReadBufferFromS3Microseconds':773,'S3GetObject':2,'S3HeadObject':2,'S3ReadMicroseconds':1308,'S3ReadRequestsCount':4}
b15611e29ac0e6077ac7ebddf7f08567	0	manifest_deletes	1	{'attempted':0,'deleted':0,'suppressed':0}	{}
b15611e29ac0e6077ac7ebddf7f08567	0	namespace_cleanup	39394	{'evidence_rows':0,'janitor_deleted':0,'janitor_keys':186,'janitor_pages':1,'leaked':0}	{'CASConditionalWriteAttempts':1,'CASConditionalWriteCommitted':1,'CASGCCompareSwap':1,'CASGCGet':2,'CASOtherGet':1,'CASRootList':1,'ContextLock':13,'DiskConnectionsPreserved':6,'DiskConnectionsReused':6,'DiskS3GetObject':3,'DiskS3HeadObject':3,'DiskS3ReadMicroseconds':2572,'DiskS3ReadRequestsCount':6,'GlobalThreadPoolJobs':1,'IOBufferAllocBytes':1061623,'IOBufferAllocs':4,'LocalThreadPoolExpansions':1,'LocalThreadPoolJobs':2,'LocalThreadPoolShrinks':1,'LocalThreadPoolThreadCreationMicroseconds':4,'LogTrace':3,'MemoryAllocatedWithoutCheck':12,'MemoryAllocatedWithoutCheckBytes':13056,'ReadBufferFromS3Bytes':507,'ReadBufferFromS3InitMicroseconds':1374,'ReadBufferFromS3Microseconds':1391,'S3GetObject':3,'S3HeadObject':3,'S3ReadMicroseconds':2572,'S3ReadRequestsCount':6,'WriteBufferFromS3Bytes':53}
b15611e29ac0e6077ac7ebddf7f08567	0	orphan_sweep	3	{'cursor_advanced':0,'deleted':0,'list_budget_keys':1000,'listed':2,'retained_hold':0,'retained_no_coverage':0,'retained_tail_removal':0,'retained_unconsumed_seal':0,'skipped':2,'suppressed':0}	{}
b15611e29ac0e6077ac7ebddf7f08567	0	pending_deletes	5342778	{'absent':0,'deleted':5000,'graduated':5000,'outcome_logs_written':1,'redeleted':5000,'replaced':0,'spared':0}	{'CASBlobDelete':5000,'CASConditionalWriteAttempts':1,'CASConditionalWriteCommitted':1,'CASGCPut':1,'CASGCRetiredGraduated':5000,'CASGCRetiredRedeleted':5000,'ContextLock':15001,'ContextLockWaitMicroseconds':6,'DiskConnectionsCreated':36,'DiskConnectionsElapsedMicroseconds':3342,'DiskConnectionsExpired':60,'DiskConnectionsPreserved':4940,'DiskConnectionsReused':4964,'DiskS3DeleteObjects':5000,'DiskS3WriteMicroseconds':4703073,'DiskS3WriteRequestAttempts':5000,'DiskS3WriteRequestsCount':5000,'IOBufferAllocBytes':1048639,'IOBufferAllocs':1,'LocalThreadPoolJobs':5001,'LocalThreadPoolLockWaitMicroseconds':164,'LogTrace':3,'MemoryAllocatedWithoutCheck':9952,'MemoryAllocatedWithoutCheckBytes':10827776,'QueryProfilerRuns':1,'S3WriteMicroseconds':4703073,'S3WriteRequestAttempts':5000,'S3WriteRequestsCount':5000,'WriteBufferFromS3Bytes':183582}
b15611e29ac0e6077ac7ebddf7f08567	0	ref_object_cleanup	4222	{'namespaces_planned':2,'suppressed':0,'trim_enabled':1}	{'CASRootGet':4,'ContextLock':16,'DiskConnectionsPreserved':8,'DiskConnectionsReused':8,'DiskS3GetObject':4,'DiskS3HeadObject':4,'DiskS3ReadMicroseconds':2466,'DiskS3ReadRequestsCount':8,'IOBufferAllocBytes':27888,'IOBufferAllocs':4,'MemoryAllocatedWithoutCheck':16,'MemoryAllocatedWithoutCheckBytes':17408,'ReadBufferFromS3Bytes':11252,'ReadBufferFromS3InitMicroseconds':1920,'ReadBufferFromS3Microseconds':1938,'S3GetObject':4,'S3HeadObject':4,'S3ReadMicroseconds':2466,'S3ReadRequestsCount':8}
b15611e29ac0e6077ac7ebddf7f08567	0	round_commit	23085	{'generation':55,'generations_referenced':2,'generations_visited':1,'pruned_through':52,'round':55}	{'CASConditionalWriteAttempts':1,'CASConditionalWriteCommitted':1,'CASGCCompareSwap':1,'CASGCDelete':3,'CASGCEnumerationPages':1,'CASGCList':1,'ContextLock':4,'DiskConnectionsPreserved':3,'DiskConnectionsReused':3,'DiskS3DeleteObjects':3,'DiskS3WriteMicroseconds':2295,'DiskS3WriteRequestAttempts':3,'DiskS3WriteRequestsCount':3,'GlobalThreadPoolJobs':1,'IOBufferAllocBytes':1048639,'IOBufferAllocs':1,'LocalThreadPoolExpansions':1,'LocalThreadPoolJobs':2,'LocalThreadPoolShrinks':1,'LocalThreadPoolThreadCreationMicroseconds':3,'LogTrace':3,'MemoryAllocatedWithoutCheck':6,'MemoryAllocatedWithoutCheckBytes':6528,'S3WriteMicroseconds':2295,'S3WriteRequestAttempts':3,'S3WriteRequestsCount':3,'WriteBufferFromS3Bytes':141}
b2d47c222a0c5f51549d3057dd1c1ff9	0	manifest_deletes	1	{'attempted':0,'deleted':0,'suppressed':0}	{}
b2d47c222a0c5f51549d3057dd1c1ff9	0	namespace_cleanup	25526	{'evidence_rows':0,'janitor_deleted':0,'janitor_keys':182,'janitor_pages':1,'leaked':0}	{'CASConditionalWriteAttempts':1,'CASConditionalWriteCommitted':1,'CASGCCompareSwap':1,'CASGCGet':2,'CASOtherGet':1,'CASRootList':1,'ContextLock':13,'DiskConnectionsPreserved':6,'DiskConnectionsReused':6,'DiskS3GetObject':3,'DiskS3HeadObject':3,'DiskS3ReadMicroseconds':2122,'DiskS3ReadRequestsCount':6,'GlobalThreadPoolJobs':1,'IOBufferAllocBytes':1061722,'IOBufferAllocs':4,'LocalThreadPoolExpansions':1,'LocalThreadPoolJobs':2,'LocalThreadPoolShrinks':1,'LocalThreadPoolThreadCreationMicroseconds':4,'LogTrace':3,'MemoryAllocatedWithoutCheck':14,'MemoryAllocatedWithoutCheckBytes':8402490,'ReadBufferFromS3Bytes':606,'ReadBufferFromS3InitMicroseconds':1421,'ReadBufferFromS3Microseconds':1440,'S3GetObject':3,'S3HeadObject':3,'S3ReadMicroseconds':2122,'S3ReadRequestsCount':6,'WriteBufferFromS3Bytes':53}
b2d47c222a0c5f51549d3057dd1c1ff9	0	orphan_sweep	2	{'cursor_advanced':0,'deleted':0,'list_budget_keys':1000,'listed':2,'retained_hold':0,'retained_no_coverage':0,'retained_tail_removal':0,'retained_unconsumed_seal':0,'skipped':2,'suppressed':0}	{}
b2d47c222a0c5f51549d3057dd1c1ff9	0	pending_deletes	4200159	{'absent':0,'deleted':5000,'graduated':5000,'outcome_logs_written':1,'redeleted':5000,'replaced':0,'spared':0}	{'CASBlobDelete':5000,'CASConditionalWriteAttempts':1,'CASConditionalWriteCommitted':1,'CASGCPut':1,'CASGCRetiredGraduated':5000,'CASGCRetiredRedeleted':5000,'ContextLock':15001,'ContextLockWaitMicroseconds':18,'DiskConnectionsCreated':32,'DiskConnectionsElapsedMicroseconds':2707,'DiskConnectionsExpired':51,'DiskConnectionsPreserved':4949,'DiskConnectionsReused':4968,'DiskS3DeleteObjects':5000,'DiskS3WriteMicroseconds':3659055,'DiskS3WriteRequestAttempts':5000,'DiskS3WriteRequestsCount':5000,'IOBufferAllocBytes':1048639,'IOBufferAllocs':1,'LocalThreadPoolJobs':5001,'LocalThreadPoolLockWaitMicroseconds':22,'LogTrace':3,'MemoryAllocatedWithoutCheck':9963,'MemoryAllocatedWithoutCheckBytes':12477056,'QueryProfilerRuns':1,'S3WriteMicroseconds':3659055,'S3WriteRequestAttempts':5000,'S3WriteRequestsCount':5000,'WriteBufferFromS3Bytes':183716}
b2d47c222a0c5f51549d3057dd1c1ff9	0	ref_object_cleanup	4059	{'namespaces_planned':2,'suppressed':0,'trim_enabled':1}	{'CASRootGet':4,'ContextLock':16,'DiskConnectionsPreserved':8,'DiskConnectionsReused':8,'DiskS3GetObject':4,'DiskS3HeadObject':4,'DiskS3ReadMicroseconds':2525,'DiskS3ReadRequestsCount':8,'IOBufferAllocBytes':27888,'IOBufferAllocs':4,'MemoryAllocatedWithoutCheck':16,'MemoryAllocatedWithoutCheckBytes':17408,'ReadBufferFromS3Bytes':11252,'ReadBufferFromS3InitMicroseconds':1870,'ReadBufferFromS3Microseconds':1892,'S3GetObject':4,'S3HeadObject':4,'S3ReadMicroseconds':2525,'S3ReadRequestsCount':8}
b2d47c222a0c5f51549d3057dd1c1ff9	0	round_commit	6101	{'generation':30,'generations_referenced':2,'generations_visited':1,'pruned_through':27,'round':30}	{'CASConditionalWriteAttempts':1,'CASConditionalWriteCommitted':1,'CASGCCompareSwap':1,'CASGCDelete':3,'CASGCEnumerationPages':1,'CASGCList':1,'ContextLock':4,'DiskConnectionsPreserved':3,'DiskConnectionsReused':3,'DiskS3DeleteObjects':3,'DiskS3WriteMicroseconds':2275,'DiskS3WriteRequestAttempts':3,'DiskS3WriteRequestsCount':3,'GlobalThreadPoolJobs':1,'IOBufferAllocBytes':1048639,'IOBufferAllocs':1,'LocalThreadPoolExpansions':1,'LocalThreadPoolJobs':2,'LocalThreadPoolShrinks':1,'LocalThreadPoolThreadCreationMicroseconds':5,'LogTrace':3,'MemoryAllocatedWithoutCheck':6,'MemoryAllocatedWithoutCheckBytes':6528,'S3WriteMicroseconds':2275,'S3WriteRequestAttempts':3,'S3WriteRequestsCount':3,'WriteBufferFromS3Bytes':141}
c10b273c9146d2195196e0093ebcaf86	0	namespace_cleanup	1104	{'evidence_rows':0,'janitor_deleted':0,'janitor_keys':0,'janitor_pages':1,'leaked':0}	{'AsyncLoggingFileLogTotalMessages':1,'AsyncLoggingTextLogTotalMessages':1,'CASGCGet':1,'CASOtherGet':1,'CASRootList':1,'ContextLock':4,'DiskConnectionsPreserved':3,'DiskConnectionsReused':3,'DiskS3GetObject':1,'DiskS3HeadObject':2,'DiskS3ReadMicroseconds':497,'DiskS3ReadRequestsCount':3,'DiskS3ReadRequestsErrors':1,'GlobalThreadPoolJobs':1,'IOBufferAllocBytes':4200,'IOBufferAllocs':1,'LocalThreadPoolExpansions':1,'LocalThreadPoolJobs':1,'LocalThreadPoolShrinks':1,'LocalThreadPoolThreadCreationMicroseconds':2,'LogDebug':1,'LoggerElapsedNanoseconds':2700,'MemoryAllocatedWithoutCheck':8,'MemoryAllocatedWithoutCheckBytes':12352,'ReadBufferFromS3Bytes':41,'ReadBufferFromS3InitMicroseconds':287,'ReadBufferFromS3Microseconds':290,'S3GetObject':1,'S3HeadObject':2,'S3ReadMicroseconds':497,'S3ReadRequestsCount':3,'S3ReadRequestsErrors':1}
c21beab2cb60373dda79861a4ae765fe	0	manifest_deletes	1	{'attempted':0,'deleted':0,'suppressed':0}	{}
c21beab2cb60373dda79861a4ae765fe	0	namespace_cleanup	35978	{'evidence_rows':0,'janitor_deleted':0,'janitor_keys':186,'janitor_pages':1,'leaked':0}	{'CASConditionalWriteAttempts':1,'CASConditionalWriteCommitted':1,'CASGCCompareSwap':1,'CASGCGet':2,'CASOtherGet':1,'CASRootList':1,'ContextLock':13,'DiskConnectionsPreserved':6,'DiskConnectionsReused':6,'DiskS3GetObject':3,'DiskS3HeadObject':3,'DiskS3ReadMicroseconds':2160,'DiskS3ReadRequestsCount':6,'GlobalThreadPoolJobs':1,'IOBufferAllocBytes':1061623,'IOBufferAllocs':4,'LocalThreadPoolExpansions':1,'LocalThreadPoolJobs':2,'LocalThreadPoolShrinks':1,'LocalThreadPoolThreadCreationMicroseconds':6,'LogTrace':3,'MemoryAllocatedWithoutCheck':12,'MemoryAllocatedWithoutCheckBytes':13056,'ReadBufferFromS3Bytes':507,'ReadBufferFromS3InitMicroseconds':1604,'ReadBufferFromS3Microseconds':1626,'S3GetObject':3,'S3HeadObject':3,'S3ReadMicroseconds':2160,'S3ReadRequestsCount':6,'WriteBufferFromS3Bytes':53}
c21beab2cb60373dda79861a4ae765fe	0	orphan_sweep	2	{'cursor_advanced':0,'deleted':0,'list_budget_keys':1000,'listed':2,'retained_hold':0,'retained_no_coverage':0,'retained_tail_removal':0,'retained_unconsumed_seal':0,'skipped':2,'suppressed':0}	{}
c21beab2cb60373dda79861a4ae765fe	0	pending_deletes	6277650	{'absent':0,'deleted':5000,'graduated':5000,'outcome_logs_written':1,'redeleted':5000,'replaced':0,'spared':0}	{'CASBlobDelete':5000,'CASConditionalWriteAttempts':1,'CASConditionalWriteCommitted':1,'CASGCPut':1,'CASGCRetiredGraduated':5000,'CASGCRetiredRedeleted':5000,'ContextLock':15001,'ContextLockWaitMicroseconds':2,'DiskConnectionsCreated':38,'DiskConnectionsElapsedMicroseconds':3943,'DiskConnectionsExpired':51,'DiskConnectionsPreserved':4949,'DiskConnectionsReused':4962,'DiskS3DeleteObjects':5000,'DiskS3WriteMicroseconds':5639031,'DiskS3WriteRequestAttempts':5000,'DiskS3WriteRequestsCount':5000,'IOBufferAllocBytes':1048639,'IOBufferAllocs':1,'LocalThreadPoolJobs':5001,'LocalThreadPoolLockWaitMicroseconds':13,'LogTrace':3,'MemoryAllocatedWithoutCheck':9974,'MemoryAllocatedWithoutCheckBytes':10851712,'S3WriteMicroseconds':5639031,'S3WriteRequestAttempts':5000,'S3WriteRequestsCount':5000,'WriteBufferFromS3Bytes':183467}
c21beab2cb60373dda79861a4ae765fe	0	ref_object_cleanup	3493	{'namespaces_planned':2,'suppressed':0,'trim_enabled':1}	{'CASRootGet':4,'ContextLock':16,'DiskConnectionsPreserved':8,'DiskConnectionsReused':8,'DiskS3GetObject':4,'DiskS3HeadObject':4,'DiskS3ReadMicroseconds':2117,'DiskS3ReadRequestsCount':8,'IOBufferAllocBytes':27888,'IOBufferAllocs':4,'MemoryAllocatedWithoutCheck':16,'MemoryAllocatedWithoutCheckBytes':17408,'ReadBufferFromS3Bytes':11252,'ReadBufferFromS3InitMicroseconds':1618,'ReadBufferFromS3Microseconds':1639,'S3GetObject':4,'S3HeadObject':4,'S3ReadMicroseconds':2117,'S3ReadRequestsCount':8}
c21beab2cb60373dda79861a4ae765fe	0	round_commit	8507	{'generation':54,'generations_referenced':2,'generations_visited':1,'pruned_through':51,'round':54}	{'CASConditionalWriteAttempts':1,'CASConditionalWriteCommitted':1,'CASGCCompareSwap':1,'CASGCDelete':3,'CASGCEnumerationPages':1,'CASGCList':1,'ContextLock':4,'DiskConnectionsPreserved':3,'DiskConnectionsReused':3,'DiskS3DeleteObjects':3,'DiskS3WriteMicroseconds':3394,'DiskS3WriteRequestAttempts':3,'DiskS3WriteRequestsCount':3,'GlobalThreadPoolJobs':1,'IOBufferAllocBytes':1048639,'IOBufferAllocs':1,'LocalThreadPoolExpansions':1,'LocalThreadPoolJobs':2,'LocalThreadPoolShrinks':1,'LocalThreadPoolThreadCreationMicroseconds':7,'LogTrace':3,'MemoryAllocatedWithoutCheck':6,'MemoryAllocatedWithoutCheckBytes':6528,'S3WriteMicroseconds':3394,'S3WriteRequestAttempts':3,'S3WriteRequestsCount':3,'WriteBufferFromS3Bytes':141}
c54e53b5a55e6c4092123aa971d801f4	0	manifest_deletes	1	{'attempted':0,'deleted':0,'suppressed':0}	{}
c54e53b5a55e6c4092123aa971d801f4	0	namespace_cleanup	23823	{'evidence_rows':0,'janitor_deleted':0,'janitor_keys':186,'janitor_pages':1,'leaked':0}	{'CASConditionalWriteAttempts':1,'CASConditionalWriteCommitted':1,'CASGCCompareSwap':1,'CASGCGet':2,'CASOtherGet':1,'CASRootList':1,'ContextLock':13,'DiskConnectionsPreserved':6,'DiskConnectionsReused':6,'DiskS3GetObject':3,'DiskS3HeadObject':3,'DiskS3ReadMicroseconds':2024,'DiskS3ReadRequestsCount':6,'GlobalThreadPoolJobs':1,'IOBufferAllocBytes':1061623,'IOBufferAllocs':4,'LocalThreadPoolExpansions':1,'LocalThreadPoolJobs':2,'LocalThreadPoolShrinks':1,'LocalThreadPoolThreadCreationMicroseconds':3,'LogTrace':3,'MemoryAllocatedWithoutCheck':12,'MemoryAllocatedWithoutCheckBytes':13056,'ReadBufferFromS3Bytes':507,'ReadBufferFromS3InitMicroseconds':1305,'ReadBufferFromS3Microseconds':1315,'S3GetObject':3,'S3HeadObject':3,'S3ReadMicroseconds':2024,'S3ReadRequestsCount':6,'WriteBufferFromS3Bytes':53}
c54e53b5a55e6c4092123aa971d801f4	0	orphan_sweep	2	{'cursor_advanced':0,'deleted':0,'list_budget_keys':1000,'listed':2,'retained_hold':0,'retained_no_coverage':0,'retained_tail_removal':0,'retained_unconsumed_seal':0,'skipped':2,'suppressed':0}	{}
c54e53b5a55e6c4092123aa971d801f4	0	pending_deletes	3146379	{'absent':0,'deleted':5000,'graduated':5000,'outcome_logs_written':1,'redeleted':5000,'replaced':0,'spared':0}	{'CASBlobDelete':5000,'CASConditionalWriteAttempts':1,'CASConditionalWriteCommitted':1,'CASGCPut':1,'CASGCRetiredGraduated':5000,'CASGCRetiredRedeleted':5000,'ContextLock':15001,'ContextLockWaitMicroseconds':1,'DiskConnectionsCreated':45,'DiskConnectionsElapsedMicroseconds':3458,'DiskConnectionsExpired':49,'DiskConnectionsPreserved':4951,'DiskConnectionsReused':4955,'DiskS3DeleteObjects':5000,'DiskS3WriteMicroseconds':2654786,'DiskS3WriteRequestAttempts':5000,'DiskS3WriteRequestsCount':5000,'IOBufferAllocBytes':1048639,'IOBufferAllocs':1,'LocalThreadPoolJobs':5001,'LocalThreadPoolLockWaitMicroseconds':6,'LogTrace':3,'MemoryAllocatedWithoutCheck':9992,'MemoryAllocatedWithoutCheckBytes':10871296,'S3WriteMicroseconds':2654786,'S3WriteRequestAttempts':5000,'S3WriteRequestsCount':5000,'WriteBufferFromS3Bytes':183386}
c54e53b5a55e6c4092123aa971d801f4	0	ref_object_cleanup	2896	{'namespaces_planned':2,'suppressed':0,'trim_enabled':1}	{'CASRootGet':4,'ContextLock':16,'DiskConnectionsPreserved':8,'DiskConnectionsReused':8,'DiskS3GetObject':4,'DiskS3HeadObject':4,'DiskS3ReadMicroseconds':1708,'DiskS3ReadRequestsCount':8,'IOBufferAllocBytes':27888,'IOBufferAllocs':4,'MemoryAllocatedWithoutCheck':16,'MemoryAllocatedWithoutCheckBytes':17408,'ReadBufferFromS3Bytes':11252,'ReadBufferFromS3InitMicroseconds':1197,'ReadBufferFromS3Microseconds':1207,'S3GetObject':4,'S3HeadObject':4,'S3ReadMicroseconds':1708,'S3ReadRequestsCount':8}
c54e53b5a55e6c4092123aa971d801f4	0	round_commit	4885	{'generation':49,'generations_referenced':2,'generations_visited':1,'pruned_through':46,'round':49}	{'CASConditionalWriteAttempts':1,'CASConditionalWriteCommitted':1,'CASGCCompareSwap':1,'CASGCDelete':3,'CASGCEnumerationPages':1,'CASGCList':1,'ContextLock':4,'DiskConnectionsPreserved':3,'DiskConnectionsReused':3,'DiskS3DeleteObjects':3,'DiskS3WriteMicroseconds':2036,'DiskS3WriteRequestAttempts':3,'DiskS3WriteRequestsCount':3,'GlobalThreadPoolJobs':1,'IOBufferAllocBytes':1048639,'IOBufferAllocs':1,'LocalThreadPoolExpansions':1,'LocalThreadPoolJobs':2,'LocalThreadPoolShrinks':1,'LocalThreadPoolThreadCreationMicroseconds':5,'LogTrace':3,'MemoryAllocatedWithoutCheck':6,'MemoryAllocatedWithoutCheckBytes':6528,'S3WriteMicroseconds':2036,'S3WriteRequestAttempts':3,'S3WriteRequestsCount':3,'WriteBufferFromS3Bytes':141}
d334b5c24173b2078658d58050a2898d	0	manifest_deletes	0	{'attempted':0,'deleted':0,'suppressed':0}	{}
d334b5c24173b2078658d58050a2898d	0	namespace_cleanup	285997	{'evidence_rows':0,'janitor_deleted':0,'janitor_keys':186,'janitor_pages':1,'leaked':0}	{'CASConditionalWriteAttempts':1,'CASConditionalWriteCommitted':1,'CASGCCompareSwap':1,'CASGCGet':2,'CASOtherGet':1,'CASRootList':1,'ContextLock':13,'DiskConnectionsPreserved':6,'DiskConnectionsReused':6,'DiskS3GetObject':3,'DiskS3HeadObject':3,'DiskS3ReadMicroseconds':2963,'DiskS3ReadRequestsCount':6,'GlobalThreadPoolJobs':1,'IOBufferAllocBytes':1061623,'IOBufferAllocs':4,'LocalThreadPoolExpansions':1,'LocalThreadPoolJobs':2,'LocalThreadPoolShrinks':1,'LocalThreadPoolThreadCreationMicroseconds':4,'LogTrace':3,'MemoryAllocatedWithoutCheck':12,'MemoryAllocatedWithoutCheckBytes':13056,'ReadBufferFromS3Bytes':507,'ReadBufferFromS3InitMicroseconds':1785,'ReadBufferFromS3Microseconds':1804,'S3GetObject':3,'S3HeadObject':3,'S3ReadMicroseconds':2963,'S3ReadRequestsCount':6,'WriteBufferFromS3Bytes':53}
d334b5c24173b2078658d58050a2898d	0	orphan_sweep	3	{'cursor_advanced':0,'deleted':0,'list_budget_keys':1000,'listed':2,'retained_hold':0,'retained_no_coverage':0,'retained_tail_removal':0,'retained_unconsumed_seal':0,'skipped':2,'suppressed':0}	{}
d334b5c24173b2078658d58050a2898d	0	pending_deletes	6244284	{'absent':0,'deleted':5000,'graduated':958,'outcome_logs_written':1,'redeleted':5000,'replaced':0,'spared':0}	{'CASBlobDelete':5000,'CASConditionalWriteAttempts':1,'CASConditionalWriteCommitted':1,'CASGCPut':1,'CASGCRetiredGraduated':958,'CASGCRetiredRedeleted':5000,'ContextLock':10959,'ContextLockWaitMicroseconds':42,'DiskConnectionsCreated':39,'DiskConnectionsElapsedMicroseconds':4637,'DiskConnectionsExpired':54,'DiskConnectionsPreserved':4946,'DiskConnectionsReused':4961,'DiskS3DeleteObjects':5000,'DiskS3WriteMicroseconds':5470024,'DiskS3WriteRequestAttempts':5000,'DiskS3WriteRequestsCount':5000,'IOBufferAllocBytes':1048639,'IOBufferAllocs':1,'LocalThreadPoolJobs':5001,'LocalThreadPoolLockWaitMicroseconds':27,'LogTrace':3,'MemoryAllocatedWithoutCheck':9970,'MemoryAllocatedWithoutCheckBytes':10847360,'QueryProfilerRuns':1,'S3WriteMicroseconds':5470024,'S3WriteRequestAttempts':5000,'S3WriteRequestsCount':5000,'WriteBufferFromS3Bytes':183505}
d334b5c24173b2078658d58050a2898d	0	ref_object_cleanup	4160	{'namespaces_planned':2,'suppressed':0,'trim_enabled':1}	{'CASRootGet':4,'ContextLock':16,'DiskConnectionsPreserved':8,'DiskConnectionsReused':8,'DiskS3GetObject':4,'DiskS3HeadObject':4,'DiskS3ReadMicroseconds':2756,'DiskS3ReadRequestsCount':8,'IOBufferAllocBytes':27888,'IOBufferAllocs':4,'MemoryAllocatedWithoutCheck':16,'MemoryAllocatedWithoutCheckBytes':17408,'ReadBufferFromS3Bytes':11252,'ReadBufferFromS3InitMicroseconds':1950,'ReadBufferFromS3Microseconds':1970,'S3GetObject':4,'S3HeadObject':4,'S3ReadMicroseconds':2756,'S3ReadRequestsCount':8}
d334b5c24173b2078658d58050a2898d	0	round_commit	12504	{'generation':61,'generations_referenced':2,'generations_visited':1,'pruned_through':58,'round':61}	{'CASConditionalWriteAttempts':1,'CASConditionalWriteCommitted':1,'CASGCCompareSwap':1,'CASGCDelete':3,'CASGCEnumerationPages':1,'CASGCList':1,'ContextLock':4,'DiskConnectionsPreserved':3,'DiskConnectionsReused':3,'DiskS3DeleteObjects':3,'DiskS3WriteMicroseconds':5031,'DiskS3WriteRequestAttempts':3,'DiskS3WriteRequestsCount':3,'GlobalThreadPoolJobs':1,'IOBufferAllocBytes':1048639,'IOBufferAllocs':1,'LocalThreadPoolExpansions':1,'LocalThreadPoolJobs':2,'LocalThreadPoolShrinks':1,'LocalThreadPoolThreadCreationMicroseconds':7,'LogTrace':3,'MemoryAllocatedWithoutCheck':6,'MemoryAllocatedWithoutCheckBytes':6528,'S3WriteMicroseconds':5031,'S3WriteRequestAttempts':3,'S3WriteRequestsCount':3,'WriteBufferFromS3Bytes':141}
d49c9a143a01bd572be103d69d80c025	0	manifest_deletes	1	{'attempted':0,'deleted':0,'suppressed':0}	{}
d49c9a143a01bd572be103d69d80c025	0	namespace_cleanup	18980	{'evidence_rows':0,'janitor_deleted':0,'janitor_keys':186,'janitor_pages':1,'leaked':0}	{'CASConditionalWriteAttempts':1,'CASConditionalWriteCommitted':1,'CASGCCompareSwap':1,'CASGCGet':2,'CASOtherGet':1,'CASRootList':1,'ContextLock':13,'DiskConnectionsPreserved':6,'DiskConnectionsReused':6,'DiskS3GetObject':3,'DiskS3HeadObject':3,'DiskS3ReadMicroseconds':1330,'DiskS3ReadRequestsCount':6,'GlobalThreadPoolJobs':1,'IOBufferAllocBytes':1061623,'IOBufferAllocs':4,'LocalThreadPoolExpansions':1,'LocalThreadPoolJobs':2,'LocalThreadPoolShrinks':1,'LocalThreadPoolThreadCreationMicroseconds':2,'LogTrace':3,'MemoryAllocatedWithoutCheck':12,'MemoryAllocatedWithoutCheckBytes':13056,'ReadBufferFromS3Bytes':507,'ReadBufferFromS3InitMicroseconds':956,'ReadBufferFromS3Microseconds':966,'S3GetObject':3,'S3HeadObject':3,'S3ReadMicroseconds':1330,'S3ReadRequestsCount':6,'WriteBufferFromS3Bytes':53}
d49c9a143a01bd572be103d69d80c025	0	orphan_sweep	2	{'cursor_advanced':0,'deleted':0,'list_budget_keys':1000,'listed':2,'retained_hold':0,'retained_no_coverage':0,'retained_tail_removal':0,'retained_unconsumed_seal':0,'skipped':2,'suppressed':0}	{}
d49c9a143a01bd572be103d69d80c025	0	pending_deletes	3102020	{'absent':0,'deleted':5000,'graduated':5000,'outcome_logs_written':1,'redeleted':5000,'replaced':0,'spared':0}	{'CASBlobDelete':5000,'CASConditionalWriteAttempts':1,'CASConditionalWriteCommitted':1,'CASGCPut':1,'CASGCRetiredGraduated':5000,'CASGCRetiredRedeleted':5000,'ContextLock':15001,'ContextLockWaitMicroseconds':6,'DiskConnectionsCreated':40,'DiskConnectionsElapsedMicroseconds':3025,'DiskConnectionsExpired':51,'DiskConnectionsPreserved':4949,'DiskConnectionsReused':4960,'DiskS3DeleteObjects':5000,'DiskS3WriteMicroseconds':2668706,'DiskS3WriteRequestAttempts':5000,'DiskS3WriteRequestsCount':5000,'IOBufferAllocBytes':1048639,'IOBufferAllocs':1,'LocalThreadPoolJobs':5001,'LogTrace':3,'MemoryAllocatedWithoutCheck':9978,'MemoryAllocatedWithoutCheckBytes':10856064,'S3WriteMicroseconds':2668706,'S3WriteRequestAttempts':5000,'S3WriteRequestsCount':5000,'WriteBufferFromS3Bytes':183458}
d49c9a143a01bd572be103d69d80c025	0	ref_object_cleanup	2645	{'namespaces_planned':2,'suppressed':0,'trim_enabled':1}	{'CASRootGet':4,'ContextLock':16,'DiskConnectionsPreserved':8,'DiskConnectionsReused':8,'DiskS3GetObject':4,'DiskS3HeadObject':4,'DiskS3ReadMicroseconds':1466,'DiskS3ReadRequestsCount':8,'IOBufferAllocBytes':27888,'IOBufferAllocs':4,'MemoryAllocatedWithoutCheck':16,'MemoryAllocatedWithoutCheckBytes':17408,'ReadBufferFromS3Bytes':11252,'ReadBufferFromS3InitMicroseconds':1108,'ReadBufferFromS3Microseconds':1119,'S3GetObject':4,'S3HeadObject':4,'S3ReadMicroseconds':1466,'S3ReadRequestsCount':8}
d49c9a143a01bd572be103d69d80c025	0	round_commit	3720	{'generation':33,'generations_referenced':2,'generations_visited':1,'pruned_through':30,'round':33}	{'CASConditionalWriteAttempts':1,'CASConditionalWriteCommitted':1,'CASGCCompareSwap':1,'CASGCDelete':3,'CASGCEnumerationPages':1,'CASGCList':1,'ContextLock':4,'DiskConnectionsPreserved':3,'DiskConnectionsReused':3,'DiskS3DeleteObjects':3,'DiskS3WriteMicroseconds':1428,'DiskS3WriteRequestAttempts':3,'DiskS3WriteRequestsCount':3,'GlobalThreadPoolJobs':1,'IOBufferAllocBytes':1048639,'IOBufferAllocs':1,'LocalThreadPoolExpansions':1,'LocalThreadPoolJobs':2,'LocalThreadPoolShrinks':1,'LocalThreadPoolThreadCreationMicroseconds':4,'LogTrace':3,'MemoryAllocatedWithoutCheck':6,'MemoryAllocatedWithoutCheckBytes':6528,'S3WriteMicroseconds':1428,'S3WriteRequestAttempts':3,'S3WriteRequestsCount':3,'WriteBufferFromS3Bytes':141}
d58eec1cd394c2a0a1ae5a342f24e693	0	manifest_deletes	0	{'attempted':0,'deleted':0,'suppressed':0}	{}
d58eec1cd394c2a0a1ae5a342f24e693	0	namespace_cleanup	38439	{'evidence_rows':0,'janitor_deleted':0,'janitor_keys':186,'janitor_pages':1,'leaked':0}	{'CASConditionalWriteAttempts':1,'CASConditionalWriteCommitted':1,'CASGCCompareSwap':1,'CASGCGet':2,'CASOtherGet':1,'CASRootList':1,'ContextLock':13,'DiskConnectionsPreserved':6,'DiskConnectionsReused':6,'DiskS3GetObject':3,'DiskS3HeadObject':3,'DiskS3ReadMicroseconds':4675,'DiskS3ReadRequestsCount':6,'GlobalThreadPoolJobs':1,'IOBufferAllocBytes':1061623,'IOBufferAllocs':4,'LocalThreadPoolExpansions':1,'LocalThreadPoolJobs':2,'LocalThreadPoolShrinks':1,'LocalThreadPoolThreadCreationMicroseconds':4,'LogTrace':3,'MemoryAllocatedWithoutCheck':12,'MemoryAllocatedWithoutCheckBytes':13056,'ReadBufferFromS3Bytes':507,'ReadBufferFromS3InitMicroseconds':3179,'ReadBufferFromS3Microseconds':3209,'S3GetObject':3,'S3HeadObject':3,'S3ReadMicroseconds':4675,'S3ReadRequestsCount':6,'WriteBufferFromS3Bytes':53}
d58eec1cd394c2a0a1ae5a342f24e693	0	orphan_sweep	5	{'cursor_advanced':0,'deleted':0,'list_budget_keys':1000,'listed':2,'retained_hold':0,'retained_no_coverage':0,'retained_tail_removal':0,'retained_unconsumed_seal':0,'skipped':2,'suppressed':0}	{}
d58eec1cd394c2a0a1ae5a342f24e693	0	pending_deletes	1616099	{'absent':0,'deleted':958,'graduated':0,'outcome_logs_written':1,'redeleted':958,'replaced':0,'spared':0}	{'CASBlobDelete':958,'CASConditionalWriteAttempts':1,'CASConditionalWriteCommitted':1,'CASGCPut':1,'CASGCRetiredRedeleted':958,'ContextLock':1917,'ContextLockWaitMicroseconds':4,'DiskConnectionsCreated':4,'DiskConnectionsElapsedMicroseconds':351,'DiskConnectionsExpired':12,'DiskConnectionsPreserved':946,'DiskConnectionsReused':954,'DiskS3DeleteObjects':958,'DiskS3WriteMicroseconds':1459840,'DiskS3WriteRequestAttempts':958,'DiskS3WriteRequestsCount':958,'IOBufferAllocBytes':1048639,'IOBufferAllocs':1,'LocalThreadPoolJobs':959,'LocalThreadPoolLockWaitMicroseconds':1,'LogTrace':3,'MemoryAllocatedWithoutCheck':1900,'MemoryAllocatedWithoutCheckBytes':2067200,'QueryProfilerRuns':1,'S3WriteMicroseconds':1459840,'S3WriteRequestAttempts':958,'S3WriteRequestsCount':958,'WriteBufferFromS3Bytes':34034}
d58eec1cd394c2a0a1ae5a342f24e693	0	ref_object_cleanup	8528	{'namespaces_planned':2,'suppressed':0,'trim_enabled':1}	{'CASRootGet':4,'ContextLock':16,'DiskConnectionsPreserved':8,'DiskConnectionsReused':8,'DiskS3GetObject':4,'DiskS3HeadObject':4,'DiskS3ReadMicroseconds':5596,'DiskS3ReadRequestsCount':8,'IOBufferAllocBytes':27888,'IOBufferAllocs':4,'MemoryAllocatedWithoutCheck':16,'MemoryAllocatedWithoutCheckBytes':17408,'ReadBufferFromS3Bytes':11252,'ReadBufferFromS3InitMicroseconds':3781,'ReadBufferFromS3Microseconds':3826,'S3GetObject':4,'S3HeadObject':4,'S3ReadMicroseconds':5596,'S3ReadRequestsCount':8}
d58eec1cd394c2a0a1ae5a342f24e693	0	round_commit	7492	{'generation':62,'generations_referenced':2,'generations_visited':1,'pruned_through':59,'round':62}	{'CASConditionalWriteAttempts':1,'CASConditionalWriteCommitted':1,'CASGCCompareSwap':1,'CASGCDelete':3,'CASGCEnumerationPages':1,'CASGCList':1,'ContextLock':4,'DiskConnectionsPreserved':3,'DiskConnectionsReused':3,'DiskS3DeleteObjects':3,'DiskS3WriteMicroseconds':3223,'DiskS3WriteRequestAttempts':3,'DiskS3WriteRequestsCount':3,'GlobalThreadPoolJobs':1,'IOBufferAllocBytes':1048639,'IOBufferAllocs':1,'LocalThreadPoolExpansions':1,'LocalThreadPoolJobs':2,'LocalThreadPoolShrinks':1,'LocalThreadPoolThreadCreationMicroseconds':6,'LogTrace':3,'MemoryAllocatedWithoutCheck':6,'MemoryAllocatedWithoutCheckBytes':6528,'S3WriteMicroseconds':3223,'S3WriteRequestAttempts':3,'S3WriteRequestsCount':3,'WriteBufferFromS3Bytes':141}
d90631a3f4e072c14b165e4b07f142ec	0	manifest_deletes	1	{'attempted':0,'deleted':0,'suppressed':0}	{}
d90631a3f4e072c14b165e4b07f142ec	0	namespace_cleanup	331093	{'evidence_rows':0,'janitor_deleted':0,'janitor_keys':1000,'janitor_pages':1,'leaked':0}	{'CASConditionalWriteAttempts':1,'CASConditionalWriteCommitted':1,'CASGCCompareSwap':1,'CASGCGet':2,'CASOtherGet':1,'CASRootList':1,'ContextLock':13,'DiskConnectionsPreserved':6,'DiskConnectionsReused':6,'DiskS3GetObject':3,'DiskS3HeadObject':3,'DiskS3ReadMicroseconds':1682,'DiskS3ReadRequestsCount':6,'GlobalThreadPoolJobs':1,'IOBufferAllocBytes':1061722,'IOBufferAllocs':4,'LocalThreadPoolExpansions':1,'LocalThreadPoolJobs':4,'LocalThreadPoolShrinks':1,'LocalThreadPoolThreadCreationMicroseconds':2,'LogTrace':3,'MemoryAllocatedWithoutCheck':12,'MemoryAllocatedWithoutCheckBytes':13056,'ReadBufferFromS3Bytes':606,'ReadBufferFromS3InitMicroseconds':1130,'ReadBufferFromS3Microseconds':1143,'S3GetObject':3,'S3HeadObject':3,'S3ReadMicroseconds':1682,'S3ReadRequestsCount':6,'WriteBufferFromS3Bytes':152}
d90631a3f4e072c14b165e4b07f142ec	0	orphan_sweep	2	{'cursor_advanced':0,'deleted':0,'list_budget_keys':1000,'listed':2,'retained_hold':0,'retained_no_coverage':0,'retained_tail_removal':0,'retained_unconsumed_seal':0,'skipped':2,'suppressed':0}	{}
d90631a3f4e072c14b165e4b07f142ec	0	pending_deletes	2918748	{'absent':0,'deleted':5000,'graduated':5000,'outcome_logs_written':1,'redeleted':5000,'replaced':0,'spared':0}	{'CASBlobDelete':5000,'CASConditionalWriteAttempts':1,'CASConditionalWriteCommitted':1,'CASGCPut':1,'CASGCRetiredGraduated':5000,'CASGCRetiredRedeleted':5000,'ContextLock':15001,'ContextLockWaitMicroseconds':7,'DiskConnectionsCreated':36,'DiskConnectionsElapsedMicroseconds':2523,'DiskConnectionsExpired':58,'DiskConnectionsPreserved':4942,'DiskConnectionsReused':4964,'DiskS3DeleteObjects':5000,'DiskS3WriteMicroseconds':2502887,'DiskS3WriteRequestAttempts':5000,'DiskS3WriteRequestsCount':5000,'IOBufferAllocBytes':1048639,'IOBufferAllocs':1,'LocalThreadPoolJobs':5001,'LogTrace':3,'MemoryAllocatedWithoutCheck':9957,'MemoryAllocatedWithoutCheckBytes':12470528,'S3WriteMicroseconds':2502887,'S3WriteRequestAttempts':5000,'S3WriteRequestsCount':5000,'WriteBufferFromS3Bytes':183468}
d90631a3f4e072c14b165e4b07f142ec	0	ref_object_cleanup	7221573	{'namespaces_planned':2,'suppressed':0,'trim_enabled':1}	{'CASGCGet':5000,'CASOtherGet':5000,'CASRefCleanupObjectsDeleted':5000,'CASRootDelete':5000,'CASRootGet':4,'CASRootHead':5000,'ContextLock':45016,'DiskConnectionsCreated':296,'DiskConnectionsElapsedMicroseconds':16152,'DiskConnectionsExpired':301,'DiskConnectionsPreserved':29707,'DiskConnectionsReused':29712,'DiskS3DeleteObjects':5000,'DiskS3GetObject':10004,'DiskS3HeadObject':15004,'DiskS3ReadMicroseconds':3535029,'DiskS3ReadRequestsCount':25008,'DiskS3WriteMicroseconds':2060368,'DiskS3WriteRequestAttempts':5000,'DiskS3WriteRequestsCount':5000,'IOBufferAllocBytes':43887888,'IOBufferAllocs':10004,'MemoryAllocatedWithoutCheck':60008,'MemoryAllocatedWithoutCheckBytes':74814170,'QueryProfilerRuns':2,'ReadBufferFromS3Bytes':2281252,'ReadBufferFromS3InitMicroseconds':2121301,'ReadBufferFromS3Microseconds':2135840,'S3GetObject':10004,'S3HeadObject':15004,'S3ReadMicroseconds':3535029,'S3ReadRequestsCount':25008,'S3WriteMicroseconds':2060368,'S3WriteRequestAttempts':5000,'S3WriteRequestsCount':5000}
d90631a3f4e072c14b165e4b07f142ec	0	round_commit	4697	{'generation':22,'generations_referenced':2,'generations_visited':1,'pruned_through':19,'round':22}	{'CASConditionalWriteAttempts':1,'CASConditionalWriteCommitted':1,'CASGCCompareSwap':1,'CASGCDelete':3,'CASGCEnumerationPages':1,'CASGCList':1,'ContextLock':4,'DiskConnectionsPreserved':3,'DiskConnectionsReused':3,'DiskS3DeleteObjects':3,'DiskS3WriteMicroseconds':1878,'DiskS3WriteRequestAttempts':3,'DiskS3WriteRequestsCount':3,'GlobalThreadPoolJobs':1,'IOBufferAllocBytes':1048639,'IOBufferAllocs':1,'LocalThreadPoolExpansions':1,'LocalThreadPoolJobs':2,'LocalThreadPoolShrinks':1,'LocalThreadPoolThreadCreationMicroseconds':3,'LogTrace':3,'MemoryAllocatedWithoutCheck':6,'MemoryAllocatedWithoutCheckBytes':6528,'S3WriteMicroseconds':1878,'S3WriteRequestAttempts':3,'S3WriteRequestsCount':3,'WriteBufferFromS3Bytes':141}
de78586d83d5a70506b4b8989b5a6496	0	manifest_deletes	0	{'attempted':0,'deleted':0,'suppressed':0}	{}
de78586d83d5a70506b4b8989b5a6496	0	namespace_cleanup	25269	{'evidence_rows':0,'janitor_deleted':0,'janitor_keys':186,'janitor_pages':1,'leaked':0}	{'CASConditionalWriteAttempts':1,'CASConditionalWriteCommitted':1,'CASGCCompareSwap':1,'CASGCGet':2,'CASOtherGet':1,'CASRootList':1,'ContextLock':13,'DiskConnectionsExpired':1,'DiskConnectionsPreserved':5,'DiskConnectionsReused':6,'DiskS3GetObject':3,'DiskS3HeadObject':3,'DiskS3ReadMicroseconds':1236,'DiskS3ReadRequestsCount':6,'GlobalThreadPoolJobs':1,'IOBufferAllocBytes':1061623,'IOBufferAllocs':4,'LocalThreadPoolExpansions':1,'LocalThreadPoolJobs':2,'LocalThreadPoolShrinks':1,'LocalThreadPoolThreadCreationMicroseconds':2,'LogTrace':3,'MemoryAllocatedWithoutCheck':10,'MemoryAllocatedWithoutCheckBytes':10880,'ReadBufferFromS3Bytes':507,'ReadBufferFromS3InitMicroseconds':1048,'ReadBufferFromS3Microseconds':1063,'S3GetObject':3,'S3HeadObject':3,'S3ReadMicroseconds':1236,'S3ReadRequestsCount':6,'WriteBufferFromS3Bytes':53}
de78586d83d5a70506b4b8989b5a6496	0	orphan_sweep	2	{'cursor_advanced':0,'deleted':0,'list_budget_keys':1000,'listed':2,'retained_hold':0,'retained_no_coverage':0,'retained_tail_removal':0,'retained_unconsumed_seal':0,'skipped':2,'suppressed':0}	{}
de78586d83d5a70506b4b8989b5a6496	0	pending_deletes	3384098	{'absent':0,'deleted':5000,'graduated':5000,'outcome_logs_written':1,'redeleted':5000,'replaced':0,'spared':0}	{'CASBlobDelete':5000,'CASConditionalWriteAttempts':1,'CASConditionalWriteCommitted':1,'CASGCPut':1,'CASGCRetiredGraduated':5000,'CASGCRetiredRedeleted':5000,'ContextLock':15001,'DiskConnectionsCreated':43,'DiskConnectionsElapsedMicroseconds':3288,'DiskConnectionsExpired':59,'DiskConnectionsPreserved':4941,'DiskConnectionsReused':4957,'DiskS3DeleteObjects':5000,'DiskS3WriteMicroseconds':2877126,'DiskS3WriteRequestAttempts':5000,'DiskS3WriteRequestsCount':5000,'IOBufferAllocBytes':1048639,'IOBufferAllocs':1,'LocalThreadPoolJobs':5001,'LocalThreadPoolLockWaitMicroseconds':4,'LogTrace':3,'MemoryAllocatedWithoutCheck':9968,'MemoryAllocatedWithoutCheckBytes':10845184,'QueryProfilerRuns':1,'S3WriteMicroseconds':2877126,'S3WriteRequestAttempts':5000,'S3WriteRequestsCount':5000,'WriteBufferFromS3Bytes':183450}
de78586d83d5a70506b4b8989b5a6496	0	ref_object_cleanup	3052	{'namespaces_planned':2,'suppressed':0,'trim_enabled':1}	{'CASRootGet':4,'ContextLock':16,'DiskConnectionsPreserved':8,'DiskConnectionsReused':8,'DiskS3GetObject':4,'DiskS3HeadObject':4,'DiskS3ReadMicroseconds':1872,'DiskS3ReadRequestsCount':8,'IOBufferAllocBytes':27888,'IOBufferAllocs':4,'MemoryAllocatedWithoutCheck':16,'MemoryAllocatedWithoutCheckBytes':17408,'ReadBufferFromS3Bytes':11252,'ReadBufferFromS3InitMicroseconds':1254,'ReadBufferFromS3Microseconds':1268,'S3GetObject':4,'S3HeadObject':4,'S3ReadMicroseconds':1872,'S3ReadRequestsCount':8}
de78586d83d5a70506b4b8989b5a6496	0	round_commit	4943	{'generation':50,'generations_referenced':2,'generations_visited':1,'pruned_through':47,'round':50}	{'CASConditionalWriteAttempts':1,'CASConditionalWriteCommitted':1,'CASGCCompareSwap':1,'CASGCDelete':3,'CASGCEnumerationPages':1,'CASGCList':1,'ContextLock':4,'DiskConnectionsPreserved':3,'DiskConnectionsReused':3,'DiskS3DeleteObjects':3,'DiskS3WriteMicroseconds':1969,'DiskS3WriteRequestAttempts':3,'DiskS3WriteRequestsCount':3,'GlobalThreadPoolJobs':1,'IOBufferAllocBytes':1048639,'IOBufferAllocs':1,'LocalThreadPoolExpansions':1,'LocalThreadPoolJobs':2,'LocalThreadPoolShrinks':1,'LocalThreadPoolThreadCreationMicroseconds':5,'LogTrace':3,'MemoryAllocatedWithoutCheck':6,'MemoryAllocatedWithoutCheckBytes':6528,'S3WriteMicroseconds':1969,'S3WriteRequestAttempts':3,'S3WriteRequestsCount':3,'WriteBufferFromS3Bytes':141}
e1b72dc6a74e7724d7f742422cfcdfff	0	manifest_deletes	1	{'attempted':0,'deleted':0,'suppressed':0}	{}
e1b72dc6a74e7724d7f742422cfcdfff	0	namespace_cleanup	419142	{'evidence_rows':0,'janitor_deleted':0,'janitor_keys':1000,'janitor_pages':1,'leaked':0}	{'CASConditionalWriteAttempts':1,'CASConditionalWriteCommitted':1,'CASGCCompareSwap':1,'CASGCGet':2,'CASOtherGet':1,'CASRootList':1,'ContextLock':13,'DiskConnectionsPreserved':6,'DiskConnectionsReused':6,'DiskS3GetObject':3,'DiskS3HeadObject':3,'DiskS3ReadMicroseconds':1593,'DiskS3ReadRequestsCount':6,'GlobalThreadPoolJobs':1,'IOBufferAllocBytes':1061722,'IOBufferAllocs':4,'LocalThreadPoolExpansions':1,'LocalThreadPoolJobs':4,'LocalThreadPoolShrinks':1,'LocalThreadPoolThreadCreationMicroseconds':2,'LogTrace':3,'MemoryAllocatedWithoutCheck':12,'MemoryAllocatedWithoutCheckBytes':13056,'ReadBufferFromS3Bytes':606,'ReadBufferFromS3InitMicroseconds':1055,'ReadBufferFromS3Microseconds':1067,'S3GetObject':3,'S3HeadObject':3,'S3ReadMicroseconds':1593,'S3ReadRequestsCount':6,'WriteBufferFromS3Bytes':152}
e1b72dc6a74e7724d7f742422cfcdfff	0	orphan_sweep	2	{'cursor_advanced':0,'deleted':0,'list_budget_keys':1000,'listed':2,'retained_hold':0,'retained_no_coverage':0,'retained_tail_removal':0,'retained_unconsumed_seal':0,'skipped':2,'suppressed':0}	{}
e1b72dc6a74e7724d7f742422cfcdfff	0	pending_deletes	3230090	{'absent':0,'deleted':5000,'graduated':5000,'outcome_logs_written':1,'redeleted':5000,'replaced':0,'spared':0}	{'CASBlobDelete':5000,'CASConditionalWriteAttempts':1,'CASConditionalWriteCommitted':1,'CASGCPut':1,'CASGCRetiredGraduated':5000,'CASGCRetiredRedeleted':5000,'ContextLock':15001,'ContextLockWaitMicroseconds':4,'DiskConnectionsCreated':39,'DiskConnectionsElapsedMicroseconds':2561,'DiskConnectionsExpired':48,'DiskConnectionsPreserved':4952,'DiskConnectionsReused':4961,'DiskS3DeleteObjects':5000,'DiskS3WriteMicroseconds':2806654,'DiskS3WriteRequestAttempts':5000,'DiskS3WriteRequestsCount':5000,'IOBufferAllocBytes':1048639,'IOBufferAllocs':1,'LocalThreadPoolJobs':5001,'LocalThreadPoolLockWaitMicroseconds':1,'LogTrace':3,'MemoryAllocatedWithoutCheck':9983,'MemoryAllocatedWithoutCheckBytes':12498816,'S3WriteMicroseconds':2806654,'S3WriteRequestAttempts':5000,'S3WriteRequestsCount':5000,'WriteBufferFromS3Bytes':183338}
e1b72dc6a74e7724d7f742422cfcdfff	0	ref_object_cleanup	7263821	{'namespaces_planned':2,'suppressed':0,'trim_enabled':1}	{'CASGCGet':5000,'CASOtherGet':5000,'CASRefCleanupObjectsDeleted':5000,'CASRootDelete':5000,'CASRootGet':4,'CASRootHead':5000,'ContextLock':45016,'ContextLockWaitMicroseconds':4,'DiskConnectionsCreated':297,'DiskConnectionsElapsedMicroseconds':15371,'DiskConnectionsExpired':301,'DiskConnectionsPreserved':29707,'DiskConnectionsReused':29711,'DiskS3DeleteObjects':5000,'DiskS3GetObject':10004,'DiskS3HeadObject':15004,'DiskS3ReadMicroseconds':3564063,'DiskS3ReadRequestsCount':25008,'DiskS3WriteMicroseconds':2061677,'DiskS3WriteRequestAttempts':5000,'DiskS3WriteRequestsCount':5000,'IOBufferAllocBytes':43887888,'IOBufferAllocs':10004,'MemoryAllocatedWithoutCheck':60008,'MemoryAllocatedWithoutCheckBytes':65288704,'QueryProfilerRuns':1,'ReadBufferFromS3Bytes':2281252,'ReadBufferFromS3InitMicroseconds':2100831,'ReadBufferFromS3Microseconds':2115384,'S3GetObject':10004,'S3HeadObject':15004,'S3ReadMicroseconds':3564063,'S3ReadRequestsCount':25008,'S3WriteMicroseconds':2061677,'S3WriteRequestAttempts':5000,'S3WriteRequestsCount':5000}
e1b72dc6a74e7724d7f742422cfcdfff	0	round_commit	5154	{'generation':15,'generations_referenced':2,'generations_visited':1,'pruned_through':12,'round':15}	{'CASConditionalWriteAttempts':1,'CASConditionalWriteCommitted':1,'CASGCCompareSwap':1,'CASGCDelete':3,'CASGCEnumerationPages':1,'CASGCList':1,'ContextLock':4,'DiskConnectionsPreserved':3,'DiskConnectionsReused':3,'DiskS3DeleteObjects':3,'DiskS3WriteMicroseconds':1670,'DiskS3WriteRequestAttempts':3,'DiskS3WriteRequestsCount':3,'GlobalThreadPoolJobs':1,'IOBufferAllocBytes':1048639,'IOBufferAllocs':1,'LocalThreadPoolExpansions':1,'LocalThreadPoolJobs':2,'LocalThreadPoolShrinks':1,'LocalThreadPoolThreadCreationMicroseconds':4,'LogTrace':3,'MemoryAllocatedWithoutCheck':6,'MemoryAllocatedWithoutCheckBytes':6528,'S3WriteMicroseconds':1670,'S3WriteRequestAttempts':3,'S3WriteRequestsCount':3,'WriteBufferFromS3Bytes':141}
e2731984ce2210da5b50d4cf82e0d52e	0	manifest_deletes	1	{'attempted':0,'deleted':0,'suppressed':0}	{}
e2731984ce2210da5b50d4cf82e0d52e	0	namespace_cleanup	361382	{'evidence_rows':0,'janitor_deleted':0,'janitor_keys':1000,'janitor_pages':1,'leaked':0}	{'CASConditionalWriteAttempts':1,'CASConditionalWriteCommitted':1,'CASGCCompareSwap':1,'CASGCGet':2,'CASOtherGet':1,'CASRootList':1,'ContextLock':13,'DiskConnectionsPreserved':6,'DiskConnectionsReused':6,'DiskS3GetObject':3,'DiskS3HeadObject':3,'DiskS3ReadMicroseconds':1556,'DiskS3ReadRequestsCount':6,'GlobalThreadPoolJobs':1,'IOBufferAllocBytes':1061722,'IOBufferAllocs':4,'LocalThreadPoolExpansions':1,'LocalThreadPoolJobs':4,'LocalThreadPoolShrinks':1,'LocalThreadPoolThreadCreationMicroseconds':2,'LogTrace':3,'MemoryAllocatedWithoutCheck':12,'MemoryAllocatedWithoutCheckBytes':13056,'ReadBufferFromS3Bytes':606,'ReadBufferFromS3InitMicroseconds':950,'ReadBufferFromS3Microseconds':960,'S3GetObject':3,'S3HeadObject':3,'S3ReadMicroseconds':1556,'S3ReadRequestsCount':6,'WriteBufferFromS3Bytes':152}
e2731984ce2210da5b50d4cf82e0d52e	0	orphan_sweep	2	{'cursor_advanced':0,'deleted':0,'list_budget_keys':1000,'listed':2,'retained_hold':0,'retained_no_coverage':0,'retained_tail_removal':0,'retained_unconsumed_seal':0,'skipped':2,'suppressed':0}	{}
e2731984ce2210da5b50d4cf82e0d52e	0	pending_deletes	2768241	{'absent':0,'deleted':5000,'graduated':5000,'outcome_logs_written':1,'redeleted':5000,'replaced':0,'spared':0}	{'CASBlobDelete':5000,'CASConditionalWriteAttempts':1,'CASConditionalWriteCommitted':1,'CASGCPut':1,'CASGCRetiredGraduated':5000,'CASGCRetiredRedeleted':5000,'ContextLock':15001,'DiskConnectionsCreated':44,'DiskConnectionsElapsedMicroseconds':2870,'DiskConnectionsExpired':54,'DiskConnectionsPreserved':4946,'DiskConnectionsReused':4956,'DiskS3DeleteObjects':5000,'DiskS3WriteMicroseconds':2370593,'DiskS3WriteRequestAttempts':5000,'DiskS3WriteRequestsCount':5000,'IOBufferAllocBytes':1048639,'IOBufferAllocs':1,'LocalThreadPoolJobs':5001,'LocalThreadPoolLockWaitMicroseconds':1,'LogTrace':3,'MemoryAllocatedWithoutCheck':9980,'MemoryAllocatedWithoutCheckBytes':10858240,'S3WriteMicroseconds':2370593,'S3WriteRequestAttempts':5000,'S3WriteRequestsCount':5000,'WriteBufferFromS3Bytes':183354}
e2731984ce2210da5b50d4cf82e0d52e	0	ref_object_cleanup	7093573	{'namespaces_planned':2,'suppressed':0,'trim_enabled':1}	{'CASGCGet':5000,'CASOtherGet':5000,'CASRefCleanupObjectsDeleted':5000,'CASRootDelete':5000,'CASRootGet':4,'CASRootHead':5000,'ContextLock':45016,'ContextLockWaitMicroseconds':10,'DiskConnectionsCreated':294,'DiskConnectionsElapsedMicroseconds':16706,'DiskConnectionsExpired':300,'DiskConnectionsPreserved':29708,'DiskConnectionsReused':29714,'DiskS3DeleteObjects':5000,'DiskS3GetObject':10004,'DiskS3HeadObject':15004,'DiskS3ReadMicroseconds':3470436,'DiskS3ReadRequestsCount':25008,'DiskS3WriteMicroseconds':1947774,'DiskS3WriteRequestAttempts':5000,'DiskS3WriteRequestsCount':5000,'IOBufferAllocBytes':43887888,'IOBufferAllocs':10004,'MemoryAllocatedWithoutCheck':60007,'MemoryAllocatedWithoutCheckBytes':66930136,'QueryProfilerRuns':1,'ReadBufferFromS3Bytes':2281252,'ReadBufferFromS3InitMicroseconds':2094142,'ReadBufferFromS3Microseconds':2108959,'S3GetObject':10004,'S3HeadObject':15004,'S3ReadMicroseconds':3470436,'S3ReadRequestsCount':25008,'S3WriteMicroseconds':1947774,'S3WriteRequestAttempts':5000,'S3WriteRequestsCount':5000}
e2731984ce2210da5b50d4cf82e0d52e	0	round_commit	3827	{'generation':17,'generations_referenced':2,'generations_visited':1,'pruned_through':14,'round':17}	{'CASConditionalWriteAttempts':1,'CASConditionalWriteCommitted':1,'CASGCCompareSwap':1,'CASGCDelete':3,'CASGCEnumerationPages':1,'CASGCList':1,'ContextLock':4,'DiskConnectionsPreserved':3,'DiskConnectionsReused':3,'DiskS3DeleteObjects':3,'DiskS3WriteMicroseconds':1392,'DiskS3WriteRequestAttempts':3,'DiskS3WriteRequestsCount':3,'GlobalThreadPoolJobs':1,'IOBufferAllocBytes':1048639,'IOBufferAllocs':1,'LocalThreadPoolExpansions':1,'LocalThreadPoolJobs':2,'LocalThreadPoolShrinks':1,'LocalThreadPoolThreadCreationMicroseconds':3,'LogTrace':3,'MemoryAllocatedWithoutCheck':6,'MemoryAllocatedWithoutCheckBytes':6528,'S3WriteMicroseconds':1392,'S3WriteRequestAttempts':3,'S3WriteRequestsCount':3,'WriteBufferFromS3Bytes':141}
e5bda3ac9c13e7656220f89b740e6bbe	0	manifest_deletes	15477227	{'attempted':3528,'deleted':3528,'suppressed':0}	{'CASManifestDelete':3528,'ContextLock':7050,'ContextLockWaitMicroseconds':6,'DiskConnectionsExpired':37,'DiskConnectionsPreserved':3491,'DiskConnectionsReused':3528,'DiskS3DeleteObjects':3528,'DiskS3WriteMicroseconds':14960980,'DiskS3WriteRequestAttempts':3528,'DiskS3WriteRequestsCount':3528,'MemoryAllocatedWithoutCheck':6982,'MemoryAllocatedWithoutCheckBytes':7596416,'QueryProfilerRuns':1,'S3WriteMicroseconds':14960980,'S3WriteRequestAttempts':3528,'S3WriteRequestsCount':3528}
e5bda3ac9c13e7656220f89b740e6bbe	0	namespace_cleanup	1113928	{'evidence_rows':0,'janitor_deleted':0,'janitor_keys':1000,'janitor_pages':1,'leaked':0}	{'AsyncLoggingFileLogTotalMessages':1,'AsyncLoggingTextLogTotalMessages':1,'CASConditionalWriteAttempts':1,'CASConditionalWriteCommitted':1,'CASGCCompareSwap':1,'CASGCGet':2,'CASOtherGet':1,'CASRootList':1,'ContextLock':9,'DiskConnectionsPreserved':5,'DiskConnectionsReused':5,'DiskS3GetObject':2,'DiskS3HeadObject':3,'DiskS3ReadMicroseconds':2211,'DiskS3ReadRequestsCount':5,'DiskS3ReadRequestsErrors':1,'GlobalThreadPoolJobs':1,'IOBufferAllocBytes':1057538,'IOBufferAllocs':3,'LocalThreadPoolExpansions':1,'LocalThreadPoolJobs':4,'LocalThreadPoolShrinks':1,'LocalThreadPoolThreadCreationMicroseconds':3,'LogDebug':1,'LogTrace':3,'LoggerElapsedNanoseconds':4020,'MemoryAllocatedWithoutCheck':10,'MemoryAllocatedWithoutCheckBytes':10880,'ReadBufferFromS3Bytes':581,'ReadBufferFromS3InitMicroseconds':1344,'ReadBufferFromS3Microseconds':1350,'S3GetObject':2,'S3HeadObject':3,'S3ReadMicroseconds':2211,'S3ReadRequestsCount':5,'S3ReadRequestsErrors':1,'WriteBufferFromS3Bytes':152}
e5bda3ac9c13e7656220f89b740e6bbe	0	orphan_sweep	3	{'cursor_advanced':1,'deleted':0,'list_budget_keys':1000,'listed':1000,'retained_hold':0,'retained_no_coverage':0,'retained_tail_removal':0,'retained_unconsumed_seal':0,'skipped':1000,'suppressed':0}	{}
e5bda3ac9c13e7656220f89b740e6bbe	0	pending_deletes	2	{'absent':0,'deleted':0,'graduated':0,'outcome_logs_written':0,'redeleted':0,'replaced':0,'spared':0}	{}
e5bda3ac9c13e7656220f89b740e6bbe	0	ref_object_cleanup	15332927	{'namespaces_planned':2,'suppressed':0,'trim_enabled':1}	{'CASGCGet':2060,'CASOtherGet':2060,'CASRefCleanupObjectsDeleted':2060,'CASRootDelete':2060,'CASRootGet':4,'CASRootHead':2060,'ContextLock':18556,'ContextLockWaitMicroseconds':19,'DiskConnectionsCreated':1,'DiskConnectionsElapsedMicroseconds':47,'DiskConnectionsExpired':106,'DiskConnectionsPreserved':12262,'DiskConnectionsReused':12367,'DiskS3DeleteObjects':2060,'DiskS3GetObject':4124,'DiskS3HeadObject':6184,'DiskS3ReadMicroseconds':7135703,'DiskS3ReadRequestsCount':10308,'DiskS3WriteMicroseconds':6631984,'DiskS3WriteRequestAttempts':2060,'DiskS3WriteRequestsCount':2060,'IOBufferAllocBytes':18360446,'IOBufferAllocs':4124,'MemoryAllocatedWithoutCheck':24526,'MemoryAllocatedWithoutCheckBytes':26684288,'QueryProfilerRuns':2,'ReadBufferFromS3Bytes':1208730,'ReadBufferFromS3InitMicroseconds':3893828,'ReadBufferFromS3Microseconds':3908657,'S3GetObject':4124,'S3HeadObject':6184,'S3ReadMicroseconds':7135703,'S3ReadRequestsCount':10308,'S3WriteMicroseconds':6631984,'S3WriteRequestAttempts':2060,'S3WriteRequestsCount':2060}
e5bda3ac9c13e7656220f89b740e6bbe	0	round_commit	1329	{'generation':1,'generations_referenced':1,'generations_visited':0,'pruned_through':0,'round':1}	{'CASConditionalWriteAttempts':1,'CASConditionalWriteCommitted':1,'CASGCCompareSwap':1,'ContextLock':1,'IOBufferAllocBytes':1048639,'IOBufferAllocs':1,'LocalThreadPoolJobs':1,'LogTrace':3,'WriteBufferFromS3Bytes':268}
e77fea047f99022e6836a6caf0f68f25	0	manifest_deletes	0	{'attempted':0,'deleted':0,'suppressed':0}	{}
e77fea047f99022e6836a6caf0f68f25	0	namespace_cleanup	297744	{'evidence_rows':0,'janitor_deleted':0,'janitor_keys':1000,'janitor_pages':1,'leaked':0}	{'CASConditionalWriteAttempts':1,'CASConditionalWriteCommitted':1,'CASGCCompareSwap':1,'CASGCGet':2,'CASOtherGet':1,'CASRootList':1,'ContextLock':13,'DiskConnectionsPreserved':6,'DiskConnectionsReused':6,'DiskS3GetObject':3,'DiskS3HeadObject':3,'DiskS3ReadMicroseconds':1350,'DiskS3ReadRequestsCount':6,'GlobalThreadPoolJobs':1,'IOBufferAllocBytes':1061722,'IOBufferAllocs':4,'LocalThreadPoolExpansions':1,'LocalThreadPoolJobs':4,'LocalThreadPoolShrinks':1,'LocalThreadPoolThreadCreationMicroseconds':2,'LogTrace':3,'MemoryAllocatedWithoutCheck':12,'MemoryAllocatedWithoutCheckBytes':13056,'ReadBufferFromS3Bytes':606,'ReadBufferFromS3InitMicroseconds':820,'ReadBufferFromS3Microseconds':830,'S3GetObject':3,'S3HeadObject':3,'S3ReadMicroseconds':1350,'S3ReadRequestsCount':6,'WriteBufferFromS3Bytes':152}
e77fea047f99022e6836a6caf0f68f25	0	orphan_sweep	2	{'cursor_advanced':0,'deleted':0,'list_budget_keys':1000,'listed':2,'retained_hold':0,'retained_no_coverage':0,'retained_tail_removal':0,'retained_unconsumed_seal':0,'skipped':2,'suppressed':0}	{}
e77fea047f99022e6836a6caf0f68f25	0	pending_deletes	3028822	{'absent':0,'deleted':5000,'graduated':5000,'outcome_logs_written':1,'redeleted':5000,'replaced':0,'spared':0}	{'CASBlobDelete':5000,'CASConditionalWriteAttempts':1,'CASConditionalWriteCommitted':1,'CASGCPut':1,'CASGCRetiredGraduated':5000,'CASGCRetiredRedeleted':5000,'ContextLock':15001,'ContextLockWaitMicroseconds':6,'DiskConnectionsCreated':45,'DiskConnectionsElapsedMicroseconds':2781,'DiskConnectionsExpired':51,'DiskConnectionsPreserved':4949,'DiskConnectionsReused':4955,'DiskS3DeleteObjects':5000,'DiskS3WriteMicroseconds':2611765,'DiskS3WriteRequestAttempts':5000,'DiskS3WriteRequestsCount':5000,'IOBufferAllocBytes':1048639,'IOBufferAllocs':1,'LocalThreadPoolJobs':5001,'LocalThreadPoolLockWaitMicroseconds':6,'LogTrace':3,'MemoryAllocatedWithoutCheck':9989,'MemoryAllocatedWithoutCheckBytes':12505344,'S3WriteMicroseconds':2611765,'S3WriteRequestAttempts':5000,'S3WriteRequestsCount':5000,'WriteBufferFromS3Bytes':183559}
e77fea047f99022e6836a6caf0f68f25	0	ref_object_cleanup	7392233	{'namespaces_planned':2,'suppressed':0,'trim_enabled':1}	{'CASGCGet':5000,'CASOtherGet':5000,'CASRefCleanupObjectsDeleted':5000,'CASRootDelete':5000,'CASRootGet':4,'CASRootHead':5000,'ContextLock':45016,'ContextLockWaitMicroseconds':5,'DiskConnectionsCreated':295,'DiskConnectionsElapsedMicroseconds':15880,'DiskConnectionsExpired':301,'DiskConnectionsPreserved':29707,'DiskConnectionsReused':29713,'DiskS3DeleteObjects':5000,'DiskS3GetObject':10004,'DiskS3HeadObject':15004,'DiskS3ReadMicroseconds':3588007,'DiskS3ReadRequestsCount':25008,'DiskS3WriteMicroseconds':2099581,'DiskS3WriteRequestAttempts':5000,'DiskS3WriteRequestsCount':5000,'IOBufferAllocBytes':43887888,'IOBufferAllocs':10004,'MemoryAllocatedWithoutCheck':60004,'MemoryAllocatedWithoutCheckBytes':65284352,'QueryProfilerRuns':1,'ReadBufferFromS3Bytes':2281252,'ReadBufferFromS3InitMicroseconds':2156528,'ReadBufferFromS3Microseconds':2171881,'S3GetObject':10004,'S3HeadObject':15004,'S3ReadMicroseconds':3588007,'S3ReadRequestsCount':25008,'S3WriteMicroseconds':2099581,'S3WriteRequestAttempts':5000,'S3WriteRequestsCount':5000}
e77fea047f99022e6836a6caf0f68f25	0	round_commit	3799	{'generation':23,'generations_referenced':2,'generations_visited':1,'pruned_through':20,'round':23}	{'CASConditionalWriteAttempts':1,'CASConditionalWriteCommitted':1,'CASGCCompareSwap':1,'CASGCDelete':3,'CASGCEnumerationPages':1,'CASGCList':1,'ContextLock':4,'DiskConnectionsPreserved':3,'DiskConnectionsReused':3,'DiskS3DeleteObjects':3,'DiskS3WriteMicroseconds':1442,'DiskS3WriteRequestAttempts':3,'DiskS3WriteRequestsCount':3,'GlobalThreadPoolJobs':1,'IOBufferAllocBytes':1048639,'IOBufferAllocs':1,'LocalThreadPoolExpansions':1,'LocalThreadPoolJobs':2,'LocalThreadPoolShrinks':1,'LocalThreadPoolThreadCreationMicroseconds':3,'LogTrace':3,'MemoryAllocatedWithoutCheck':6,'MemoryAllocatedWithoutCheckBytes':6528,'S3WriteMicroseconds':1442,'S3WriteRequestAttempts':3,'S3WriteRequestsCount':3,'WriteBufferFromS3Bytes':141}
eb42aca7bdc661ff5b3045943a66c00f	0	manifest_deletes	17452355	{'attempted':34452,'deleted':34452,'suppressed':0}	{'CASManifestDelete':34452,'ContextLock':68904,'ContextLockWaitMicroseconds':17,'DiskConnectionsCreated':335,'DiskConnectionsElapsedMicroseconds':23373,'DiskConnectionsExpired':348,'DiskConnectionsPreserved':34104,'DiskConnectionsReused':34117,'DiskS3DeleteObjects':34452,'DiskS3WriteMicroseconds':15231185,'DiskS3WriteRequestAttempts':34452,'DiskS3WriteRequestsCount':34452,'MemoryAllocatedWithoutCheck':68884,'MemoryAllocatedWithoutCheckBytes':94205116,'QueryProfilerRuns':2,'S3WriteMicroseconds':15231185,'S3WriteRequestAttempts':34452,'S3WriteRequestsCount':34452}
eb42aca7bdc661ff5b3045943a66c00f	0	namespace_cleanup	404673	{'evidence_rows':0,'janitor_deleted':0,'janitor_keys':1000,'janitor_pages':1,'leaked':0}	{'AsyncLoggingFileLogTotalMessages':3,'AsyncLoggingTextLogTotalMessages':3,'CASConditionalWriteAttempts':1,'CASConditionalWriteCommitted':1,'CASGCCompareSwap':1,'CASGCGet':2,'CASOtherGet':1,'CASRootList':1,'ContextLock':13,'DiskConnectionsPreserved':6,'DiskConnectionsReused':6,'DiskS3GetObject':3,'DiskS3HeadObject':3,'DiskS3ReadMicroseconds':1674,'DiskS3ReadRequestsCount':6,'GlobalThreadPoolJobs':1,'IOBufferAllocBytes':1061849,'IOBufferAllocs':4,'LocalThreadPoolExpansions':1,'LocalThreadPoolJobs':4,'LocalThreadPoolShrinks':1,'LocalThreadPoolThreadCreationMicroseconds':18,'LogTrace':3,'LoggerElapsedNanoseconds':18500,'MemoryAllocatedWithoutCheck':14,'MemoryAllocatedWithoutCheckBytes':26288,'ReadBufferFromS3Bytes':733,'ReadBufferFromS3InitMicroseconds':1087,'ReadBufferFromS3Microseconds':1103,'S3GetObject':3,'S3HeadObject':3,'S3ReadMicroseconds':1674,'S3ReadRequestsCount':6,'WriteBufferFromS3Bytes':152}
eb42aca7bdc661ff5b3045943a66c00f	0	orphan_sweep	6	{'cursor_advanced':1,'deleted':0,'list_budget_keys':1000,'listed':1000,'retained_hold':0,'retained_no_coverage':0,'retained_tail_removal':0,'retained_unconsumed_seal':0,'skipped':1000,'suppressed':0}	{}
eb42aca7bdc661ff5b3045943a66c00f	0	pending_deletes	2165	{'absent':0,'deleted':0,'graduated':5000,'outcome_logs_written':0,'redeleted':0,'replaced':0,'spared':0}	{'CASGCRetiredGraduated':5000,'ContextLock':5000,'ContextLockWaitMicroseconds':3}
eb42aca7bdc661ff5b3045943a66c00f	0	ref_object_cleanup	7282999	{'namespaces_planned':2,'suppressed':0,'trim_enabled':1}	{'CASGCGet':5000,'CASOtherGet':5000,'CASRefCleanupObjectsDeleted':5000,'CASRootDelete':5000,'CASRootGet':2,'CASRootHead':5000,'ContextLock':45008,'DiskConnectionsCreated':296,'DiskConnectionsElapsedMicroseconds':17246,'DiskConnectionsExpired':300,'DiskConnectionsPreserved':29704,'DiskConnectionsReused':29708,'DiskS3DeleteObjects':5000,'DiskS3GetObject':10002,'DiskS3HeadObject':15002,'DiskS3ReadMicroseconds':3555482,'DiskS3ReadRequestsCount':25004,'DiskS3WriteMicroseconds':2028840,'DiskS3WriteRequestAttempts':5000,'DiskS3WriteRequestsCount':5000,'IOBufferAllocBytes':44533601,'IOBufferAllocs':10002,'MemoryAllocatedWithoutCheck':60000,'MemoryAllocatedWithoutCheckBytes':65280000,'QueryProfilerRuns':1,'ReadBufferFromS3Bytes':2935283,'ReadBufferFromS3InitMicroseconds':2138441,'ReadBufferFromS3Microseconds':2153440,'S3GetObject':10002,'S3HeadObject':15002,'S3ReadMicroseconds':3555482,'S3ReadRequestsCount':25004,'S3WriteMicroseconds':2028840,'S3WriteRequestAttempts':5000,'S3WriteRequestsCount':5000}
eb42aca7bdc661ff5b3045943a66c00f	0	round_commit	7809	{'generation':5,'generations_referenced':2,'generations_visited':1,'pruned_through':2,'round':5}	{'CASConditionalWriteAttempts':1,'CASConditionalWriteCommitted':1,'CASGCCompareSwap':1,'CASGCDelete':2,'CASGCEnumerationPages':1,'CASGCList':1,'ContextLock':3,'DiskConnectionsPreserved':2,'DiskConnectionsReused':2,'DiskS3DeleteObjects':2,'DiskS3WriteMicroseconds':2013,'DiskS3WriteRequestAttempts':2,'DiskS3WriteRequestsCount':2,'GlobalThreadPoolJobs':1,'IOBufferAllocBytes':1048639,'IOBufferAllocs':1,'LocalThreadPoolExpansions':1,'LocalThreadPoolJobs':2,'LocalThreadPoolShrinks':1,'LocalThreadPoolThreadCreationMicroseconds':5,'LogTrace':3,'MemoryAllocatedWithoutCheck':4,'MemoryAllocatedWithoutCheckBytes':4352,'S3WriteMicroseconds':2013,'S3WriteRequestAttempts':2,'S3WriteRequestsCount':2,'WriteBufferFromS3Bytes':268}
ec6c6bcc19a7c60cff613d592f27665d	0	manifest_deletes	16236	{'attempted':30,'deleted':30,'suppressed':0}	{'CASManifestDelete':30,'ContextLock':60,'DiskConnectionsPreserved':30,'DiskConnectionsReused':30,'DiskS3DeleteObjects':30,'DiskS3WriteMicroseconds':14514,'DiskS3WriteRequestAttempts':30,'DiskS3WriteRequestsCount':30,'MemoryAllocatedWithoutCheck':60,'MemoryAllocatedWithoutCheckBytes':65280,'S3WriteMicroseconds':14514,'S3WriteRequestAttempts':30,'S3WriteRequestsCount':30}
ec6c6bcc19a7c60cff613d592f27665d	0	namespace_cleanup	426633	{'evidence_rows':0,'janitor_deleted':0,'janitor_keys':1000,'janitor_pages':1,'leaked':0}	{'CASConditionalWriteAttempts':1,'CASConditionalWriteCommitted':1,'CASGCCompareSwap':1,'CASGCGet':2,'CASOtherGet':1,'CASRootList':1,'ContextLock':13,'DiskConnectionsPreserved':6,'DiskConnectionsReused':6,'DiskS3GetObject':3,'DiskS3HeadObject':3,'DiskS3ReadMicroseconds':1656,'DiskS3ReadRequestsCount':6,'GlobalThreadPoolJobs':1,'IOBufferAllocBytes':1061719,'IOBufferAllocs':4,'LocalThreadPoolExpansions':1,'LocalThreadPoolJobs':4,'LocalThreadPoolShrinks':1,'LocalThreadPoolThreadCreationMicroseconds':4,'LogTrace':3,'MemoryAllocatedWithoutCheck':12,'MemoryAllocatedWithoutCheckBytes':13056,'ReadBufferFromS3Bytes':603,'ReadBufferFromS3InitMicroseconds':1076,'ReadBufferFromS3Microseconds':1085,'S3GetObject':3,'S3HeadObject':3,'S3ReadMicroseconds':1656,'S3ReadRequestsCount':6,'WriteBufferFromS3Bytes':152}
ec6c6bcc19a7c60cff613d592f27665d	0	orphan_sweep	1	{'cursor_advanced':0,'deleted':0,'list_budget_keys':1000,'listed':32,'retained_hold':0,'retained_no_coverage':0,'retained_tail_removal':0,'retained_unconsumed_seal':0,'skipped':32,'suppressed':0}	{}
ec6c6bcc19a7c60cff613d592f27665d	0	pending_deletes	2473002	{'absent':0,'deleted':5000,'graduated':5000,'outcome_logs_written':1,'redeleted':5000,'replaced':0,'spared':0}	{'CASBlobDelete':5000,'CASConditionalWriteAttempts':1,'CASConditionalWriteCommitted':1,'CASGCPut':1,'CASGCRetiredGraduated':5000,'CASGCRetiredRedeleted':5000,'ContextLock':15001,'ContextLockWaitMicroseconds':5,'DiskConnectionsCreated':34,'DiskConnectionsElapsedMicroseconds':2044,'DiskConnectionsExpired':55,'DiskConnectionsPreserved':4945,'DiskConnectionsReused':4966,'DiskS3DeleteObjects':5000,'DiskS3WriteMicroseconds':2072565,'DiskS3WriteRequestAttempts':5000,'DiskS3WriteRequestsCount':5000,'IOBufferAllocBytes':1048639,'IOBufferAllocs':1,'LocalThreadPoolJobs':5001,'LocalThreadPoolLockWaitMicroseconds':5,'LogTrace':3,'MemoryAllocatedWithoutCheck':9959,'MemoryAllocatedWithoutCheckBytes':15946112,'S3WriteMicroseconds':2072565,'S3WriteRequestAttempts':5000,'S3WriteRequestsCount':5000,'WriteBufferFromS3Bytes':183399}
ec6c6bcc19a7c60cff613d592f27665d	0	ref_object_cleanup	7203762	{'namespaces_planned':2,'suppressed':0,'trim_enabled':1}	{'CASGCGet':5000,'CASOtherGet':5000,'CASRefCleanupObjectsDeleted':5000,'CASRootDelete':5000,'CASRootGet':2,'CASRootHead':5000,'ContextLock':45008,'ContextLockWaitMicroseconds':6,'DiskConnectionsCreated':295,'DiskConnectionsElapsedMicroseconds':16357,'DiskConnectionsExpired':301,'DiskConnectionsPreserved':29703,'DiskConnectionsReused':29709,'DiskS3DeleteObjects':5000,'DiskS3GetObject':10002,'DiskS3HeadObject':15002,'DiskS3ReadMicroseconds':3521867,'DiskS3ReadRequestsCount':25004,'DiskS3WriteMicroseconds':1981814,'DiskS3WriteRequestAttempts':5000,'DiskS3WriteRequestsCount':5000,'IOBufferAllocBytes':43853915,'IOBufferAllocs':10002,'MemoryAllocatedWithoutCheck':59996,'MemoryAllocatedWithoutCheckBytes':65275648,'QueryProfilerRuns':1,'ReadBufferFromS3Bytes':2255597,'ReadBufferFromS3InitMicroseconds':2122117,'ReadBufferFromS3Microseconds':2137074,'S3GetObject':10002,'S3HeadObject':15002,'S3ReadMicroseconds':3521867,'S3ReadRequestsCount':25004,'S3WriteMicroseconds':1981814,'S3WriteRequestAttempts':5000,'S3WriteRequestsCount':5000}
ec6c6bcc19a7c60cff613d592f27665d	0	round_commit	3470	{'generation':8,'generations_referenced':2,'generations_visited':1,'pruned_through':5,'round':8}	{'CASConditionalWriteAttempts':1,'CASConditionalWriteCommitted':1,'CASGCCompareSwap':1,'CASGCDelete':2,'CASGCEnumerationPages':1,'CASGCList':1,'ContextLock':3,'DiskConnectionsPreserved':2,'DiskConnectionsReused':2,'DiskS3DeleteObjects':2,'DiskS3WriteMicroseconds':1124,'DiskS3WriteRequestAttempts':2,'DiskS3WriteRequestsCount':2,'GlobalThreadPoolJobs':1,'IOBufferAllocBytes':1048639,'IOBufferAllocs':1,'LocalThreadPoolExpansions':1,'LocalThreadPoolJobs':2,'LocalThreadPoolShrinks':1,'LocalThreadPoolThreadCreationMicroseconds':4,'LogTrace':3,'MemoryAllocatedWithoutCheck':4,'MemoryAllocatedWithoutCheckBytes':4352,'S3WriteMicroseconds':1124,'S3WriteRequestAttempts':2,'S3WriteRequestsCount':2,'WriteBufferFromS3Bytes':138}
f1031574d2f2f4da71b4c09ca22faca2	0	manifest_deletes	1	{'attempted':0,'deleted':0,'suppressed':0}	{}
f1031574d2f2f4da71b4c09ca22faca2	0	namespace_cleanup	28185	{'evidence_rows':0,'janitor_deleted':0,'janitor_keys':186,'janitor_pages':1,'leaked':0}	{'CASConditionalWriteAttempts':1,'CASConditionalWriteCommitted':1,'CASGCCompareSwap':1,'CASGCGet':2,'CASOtherGet':1,'CASRootList':1,'ContextLock':13,'DiskConnectionsPreserved':6,'DiskConnectionsReused':6,'DiskS3GetObject':3,'DiskS3HeadObject':3,'DiskS3ReadMicroseconds':2522,'DiskS3ReadRequestsCount':6,'GlobalThreadPoolJobs':1,'IOBufferAllocBytes':1061623,'IOBufferAllocs':4,'LocalThreadPoolExpansions':1,'LocalThreadPoolJobs':2,'LocalThreadPoolShrinks':1,'LocalThreadPoolThreadCreationMicroseconds':4,'LogTrace':3,'MemoryAllocatedWithoutCheck':12,'MemoryAllocatedWithoutCheckBytes':13056,'ReadBufferFromS3Bytes':507,'ReadBufferFromS3InitMicroseconds':1724,'ReadBufferFromS3Microseconds':1746,'S3GetObject':3,'S3HeadObject':3,'S3ReadMicroseconds':2522,'S3ReadRequestsCount':6,'WriteBufferFromS3Bytes':53}
f1031574d2f2f4da71b4c09ca22faca2	0	orphan_sweep	2	{'cursor_advanced':0,'deleted':0,'list_budget_keys':1000,'listed':2,'retained_hold':0,'retained_no_coverage':0,'retained_tail_removal':0,'retained_unconsumed_seal':0,'skipped':2,'suppressed':0}	{}
f1031574d2f2f4da71b4c09ca22faca2	0	pending_deletes	3392760	{'absent':0,'deleted':5000,'graduated':5000,'outcome_logs_written':1,'redeleted':5000,'replaced':0,'spared':0}	{'CASBlobDelete':5000,'CASConditionalWriteAttempts':1,'CASConditionalWriteCommitted':1,'CASGCPut':1,'CASGCRetiredGraduated':5000,'CASGCRetiredRedeleted':5000,'ContextLock':15001,'ContextLockWaitMicroseconds':1,'DiskConnectionsCreated':25,'DiskConnectionsElapsedMicroseconds':1934,'DiskConnectionsExpired':55,'DiskConnectionsPreserved':4945,'DiskConnectionsReused':4975,'DiskS3DeleteObjects':5000,'DiskS3WriteMicroseconds':2938234,'DiskS3WriteRequestAttempts':5000,'DiskS3WriteRequestsCount':5000,'IOBufferAllocBytes':1048639,'IOBufferAllocs':1,'LocalThreadPoolJobs':5001,'LocalThreadPoolLockWaitMicroseconds':1,'LogTrace':3,'MemoryAllocatedWithoutCheck':9940,'MemoryAllocatedWithoutCheckBytes':10814720,'QueryProfilerRuns':1,'S3WriteMicroseconds':2938234,'S3WriteRequestAttempts':5000,'S3WriteRequestsCount':5000,'WriteBufferFromS3Bytes':183350}
f1031574d2f2f4da71b4c09ca22faca2	0	ref_object_cleanup	2951	{'namespaces_planned':2,'suppressed':0,'trim_enabled':1}	{'CASRootGet':4,'ContextLock':16,'DiskConnectionsPreserved':8,'DiskConnectionsReused':8,'DiskS3GetObject':4,'DiskS3HeadObject':4,'DiskS3ReadMicroseconds':1812,'DiskS3ReadRequestsCount':8,'IOBufferAllocBytes':27888,'IOBufferAllocs':4,'MemoryAllocatedWithoutCheck':16,'MemoryAllocatedWithoutCheckBytes':17408,'ReadBufferFromS3Bytes':11252,'ReadBufferFromS3InitMicroseconds':1294,'ReadBufferFromS3Microseconds':1319,'S3GetObject':4,'S3HeadObject':4,'S3ReadMicroseconds':1812,'S3ReadRequestsCount':8}
f1031574d2f2f4da71b4c09ca22faca2	0	round_commit	6641	{'generation':32,'generations_referenced':2,'generations_visited':1,'pruned_through':29,'round':32}	{'CASConditionalWriteAttempts':1,'CASConditionalWriteCommitted':1,'CASGCCompareSwap':1,'CASGCDelete':3,'CASGCEnumerationPages':1,'CASGCList':1,'ContextLock':4,'DiskConnectionsPreserved':3,'DiskConnectionsReused':3,'DiskS3DeleteObjects':3,'DiskS3WriteMicroseconds':2452,'DiskS3WriteRequestAttempts':3,'DiskS3WriteRequestsCount':3,'GlobalThreadPoolJobs':1,'IOBufferAllocBytes':1048639,'IOBufferAllocs':1,'LocalThreadPoolExpansions':1,'LocalThreadPoolJobs':2,'LocalThreadPoolShrinks':1,'LocalThreadPoolThreadCreationMicroseconds':5,'LogTrace':3,'MemoryAllocatedWithoutCheck':6,'MemoryAllocatedWithoutCheckBytes':6528,'S3WriteMicroseconds':2452,'S3WriteRequestAttempts':3,'S3WriteRequestsCount':3,'WriteBufferFromS3Bytes':141}
f4ddb0bb02cf8b9e303dd8346b3f8df5	0	manifest_deletes	0	{'attempted':0,'deleted':0,'suppressed':0}	{}
f4ddb0bb02cf8b9e303dd8346b3f8df5	0	namespace_cleanup	22772	{'evidence_rows':0,'janitor_deleted':0,'janitor_keys':186,'janitor_pages':1,'leaked':0}	{'CASConditionalWriteAttempts':1,'CASConditionalWriteCommitted':1,'CASGCCompareSwap':1,'CASGCGet':2,'CASOtherGet':1,'CASRootList':1,'ContextLock':13,'DiskConnectionsPreserved':6,'DiskConnectionsReused':6,'DiskS3GetObject':3,'DiskS3HeadObject':3,'DiskS3ReadMicroseconds':1900,'DiskS3ReadRequestsCount':6,'GlobalThreadPoolJobs':1,'IOBufferAllocBytes':1061623,'IOBufferAllocs':4,'LocalThreadPoolExpansions':1,'LocalThreadPoolJobs':2,'LocalThreadPoolShrinks':1,'LocalThreadPoolThreadCreationMicroseconds':4,'LogTrace':3,'MemoryAllocatedWithoutCheck':12,'MemoryAllocatedWithoutCheckBytes':13056,'ReadBufferFromS3Bytes':507,'ReadBufferFromS3InitMicroseconds':1341,'ReadBufferFromS3Microseconds':1357,'S3GetObject':3,'S3HeadObject':3,'S3ReadMicroseconds':1900,'S3ReadRequestsCount':6,'WriteBufferFromS3Bytes':53}
f4ddb0bb02cf8b9e303dd8346b3f8df5	0	orphan_sweep	3	{'cursor_advanced':0,'deleted':0,'list_budget_keys':1000,'listed':2,'retained_hold':0,'retained_no_coverage':0,'retained_tail_removal':0,'retained_unconsumed_seal':0,'skipped':2,'suppressed':0}	{}
f4ddb0bb02cf8b9e303dd8346b3f8df5	0	pending_deletes	3493122	{'absent':0,'deleted':5000,'graduated':5000,'outcome_logs_written':1,'redeleted':5000,'replaced':0,'spared':0}	{'CASBlobDelete':5000,'CASConditionalWriteAttempts':1,'CASConditionalWriteCommitted':1,'CASGCPut':1,'CASGCRetiredGraduated':5000,'CASGCRetiredRedeleted':5000,'ContextLock':15001,'ContextLockWaitMicroseconds':12,'DiskConnectionsCreated':41,'DiskConnectionsElapsedMicroseconds':3382,'DiskConnectionsExpired':51,'DiskConnectionsPreserved':4949,'DiskConnectionsReused':4959,'DiskS3DeleteObjects':5000,'DiskS3WriteMicroseconds':3011824,'DiskS3WriteRequestAttempts':5000,'DiskS3WriteRequestsCount':5000,'IOBufferAllocBytes':1048639,'IOBufferAllocs':1,'LocalThreadPoolJobs':5001,'LocalThreadPoolLockWaitMicroseconds':9,'LogTrace':3,'MemoryAllocatedWithoutCheck':9980,'MemoryAllocatedWithoutCheckBytes':10858240,'S3WriteMicroseconds':3011824,'S3WriteRequestAttempts':5000,'S3WriteRequestsCount':5000,'WriteBufferFromS3Bytes':183738}
f4ddb0bb02cf8b9e303dd8346b3f8df5	0	ref_object_cleanup	3464	{'namespaces_planned':2,'suppressed':0,'trim_enabled':1}	{'CASRootGet':4,'ContextLock':16,'DiskConnectionsPreserved':8,'DiskConnectionsReused':8,'DiskS3GetObject':4,'DiskS3HeadObject':4,'DiskS3ReadMicroseconds':2141,'DiskS3ReadRequestsCount':8,'IOBufferAllocBytes':27888,'IOBufferAllocs':4,'MemoryAllocatedWithoutCheck':16,'MemoryAllocatedWithoutCheckBytes':17408,'ReadBufferFromS3Bytes':11252,'ReadBufferFromS3InitMicroseconds':1514,'ReadBufferFromS3Microseconds':1531,'S3GetObject':4,'S3HeadObject':4,'S3ReadMicroseconds':2141,'S3ReadRequestsCount':8}
f4ddb0bb02cf8b9e303dd8346b3f8df5	0	round_commit	4574	{'generation':58,'generations_referenced':2,'generations_visited':1,'pruned_through':55,'round':58}	{'CASConditionalWriteAttempts':1,'CASConditionalWriteCommitted':1,'CASGCCompareSwap':1,'CASGCDelete':3,'CASGCEnumerationPages':1,'CASGCList':1,'ContextLock':4,'DiskConnectionsPreserved':3,'DiskConnectionsReused':3,'DiskS3DeleteObjects':3,'DiskS3WriteMicroseconds':1802,'DiskS3WriteRequestAttempts':3,'DiskS3WriteRequestsCount':3,'GlobalThreadPoolJobs':1,'IOBufferAllocBytes':1048639,'IOBufferAllocs':1,'LocalThreadPoolExpansions':1,'LocalThreadPoolJobs':2,'LocalThreadPoolShrinks':1,'LocalThreadPoolThreadCreationMicroseconds':5,'LogTrace':3,'MemoryAllocatedWithoutCheck':6,'MemoryAllocatedWithoutCheckBytes':6528,'S3WriteMicroseconds':1802,'S3WriteRequestAttempts':3,'S3WriteRequestsCount':3,'WriteBufferFromS3Bytes':141}
f9f62b53bde2a14a2b567af4a1e07c8b	0	manifest_deletes	0	{'attempted':0,'deleted':0,'suppressed':0}	{}
f9f62b53bde2a14a2b567af4a1e07c8b	0	namespace_cleanup	344125	{'evidence_rows':0,'janitor_deleted':0,'janitor_keys':1000,'janitor_pages':1,'leaked':0}	{'CASConditionalWriteAttempts':1,'CASConditionalWriteCommitted':1,'CASGCCompareSwap':1,'CASGCGet':2,'CASOtherGet':1,'CASRootList':1,'ContextLock':13,'DiskConnectionsPreserved':6,'DiskConnectionsReused':6,'DiskS3GetObject':3,'DiskS3HeadObject':3,'DiskS3ReadMicroseconds':1566,'DiskS3ReadRequestsCount':6,'GlobalThreadPoolJobs':1,'IOBufferAllocBytes':1061722,'IOBufferAllocs':4,'LocalThreadPoolExpansions':1,'LocalThreadPoolJobs':4,'LocalThreadPoolShrinks':1,'LocalThreadPoolThreadCreationMicroseconds':2,'LogTrace':3,'MemoryAllocatedWithoutCheck':12,'MemoryAllocatedWithoutCheckBytes':13056,'ReadBufferFromS3Bytes':606,'ReadBufferFromS3InitMicroseconds':977,'ReadBufferFromS3Microseconds':988,'S3GetObject':3,'S3HeadObject':3,'S3ReadMicroseconds':1566,'S3ReadRequestsCount':6,'WriteBufferFromS3Bytes':152}
f9f62b53bde2a14a2b567af4a1e07c8b	0	orphan_sweep	2	{'cursor_advanced':0,'deleted':0,'list_budget_keys':1000,'listed':2,'retained_hold':0,'retained_no_coverage':0,'retained_tail_removal':0,'retained_unconsumed_seal':0,'skipped':2,'suppressed':0}	{}
f9f62b53bde2a14a2b567af4a1e07c8b	0	pending_deletes	2750631	{'absent':0,'deleted':5000,'graduated':5000,'outcome_logs_written':1,'redeleted':5000,'replaced':0,'spared':0}	{'AsyncLoggingFileLogTotalMessages':3,'AsyncLoggingTextLogTotalMessages':3,'CASBlobDelete':5000,'CASConditionalWriteAttempts':1,'CASConditionalWriteCommitted':1,'CASGCPut':1,'CASGCRetiredGraduated':5000,'CASGCRetiredRedeleted':5000,'ContextLock':15001,'DiskConnectionsCreated':50,'DiskConnectionsElapsedMicroseconds':3170,'DiskConnectionsExpired':56,'DiskConnectionsPreserved':4944,'DiskConnectionsReused':4950,'DiskS3DeleteObjects':5000,'DiskS3WriteMicroseconds':2345588,'DiskS3WriteRequestAttempts':5000,'DiskS3WriteRequestsCount':5000,'IOBufferAllocBytes':1048639,'IOBufferAllocs':1,'LocalThreadPoolJobs':5001,'LocalThreadPoolLockWaitMicroseconds':5,'LogTrace':3,'LoggerElapsedNanoseconds':14040,'MemoryAllocatedWithoutCheck':9992,'MemoryAllocatedWithoutCheckBytes':12567340,'QueryProfilerRuns':1,'S3WriteMicroseconds':2345588,'S3WriteRequestAttempts':5000,'S3WriteRequestsCount':5000,'WriteBufferFromS3Bytes':183426}
f9f62b53bde2a14a2b567af4a1e07c8b	0	ref_object_cleanup	7079057	{'namespaces_planned':2,'suppressed':0,'trim_enabled':1}	{'CASGCGet':5000,'CASOtherGet':5000,'CASRefCleanupObjectsDeleted':5000,'CASRootDelete':5000,'CASRootGet':4,'CASRootHead':5000,'ContextLock':45016,'DiskConnectionsCreated':296,'DiskConnectionsElapsedMicroseconds':15507,'DiskConnectionsExpired':302,'DiskConnectionsPreserved':29706,'DiskConnectionsReused':29712,'DiskS3DeleteObjects':5000,'DiskS3GetObject':10004,'DiskS3HeadObject':15004,'DiskS3ReadMicroseconds':3450243,'DiskS3ReadRequestsCount':25008,'DiskS3WriteMicroseconds':1975011,'DiskS3WriteRequestAttempts':5000,'DiskS3WriteRequestsCount':5000,'IOBufferAllocBytes':43887888,'IOBufferAllocs':10004,'MemoryAllocatedWithoutCheck':60004,'MemoryAllocatedWithoutCheckBytes':65284352,'QueryProfilerRuns':1,'ReadBufferFromS3Bytes':2281252,'ReadBufferFromS3InitMicroseconds':2076078,'ReadBufferFromS3Microseconds':2090579,'S3GetObject':10004,'S3HeadObject':15004,'S3ReadMicroseconds':3450243,'S3ReadRequestsCount':25008,'S3WriteMicroseconds':1975011,'S3WriteRequestAttempts':5000,'S3WriteRequestsCount':5000}
f9f62b53bde2a14a2b567af4a1e07c8b	0	round_commit	4018	{'generation':19,'generations_referenced':2,'generations_visited':1,'pruned_through':16,'round':19}	{'CASConditionalWriteAttempts':1,'CASConditionalWriteCommitted':1,'CASGCCompareSwap':1,'CASGCDelete':3,'CASGCEnumerationPages':1,'CASGCList':1,'ContextLock':4,'DiskConnectionsPreserved':3,'DiskConnectionsReused':3,'DiskS3DeleteObjects':3,'DiskS3WriteMicroseconds':1606,'DiskS3WriteRequestAttempts':3,'DiskS3WriteRequestsCount':3,'GlobalThreadPoolJobs':1,'IOBufferAllocBytes':1048639,'IOBufferAllocs':1,'LocalThreadPoolExpansions':1,'LocalThreadPoolJobs':2,'LocalThreadPoolShrinks':1,'LocalThreadPoolThreadCreationMicroseconds':4,'LogTrace':3,'MemoryAllocatedWithoutCheck':6,'MemoryAllocatedWithoutCheckBytes':6528,'S3WriteMicroseconds':1606,'S3WriteRequestAttempts':3,'S3WriteRequestsCount':3,'WriteBufferFromS3Bytes':141}
fe12007c75a0f4f9862f9db6703f82ed	0	manifest_deletes	0	{'attempted':0,'deleted':0,'suppressed':0}	{}
fe12007c75a0f4f9862f9db6703f82ed	0	namespace_cleanup	26681	{'evidence_rows':0,'janitor_deleted':0,'janitor_keys':186,'janitor_pages':1,'leaked':0}	{'CASConditionalWriteAttempts':1,'CASConditionalWriteCommitted':1,'CASGCCompareSwap':1,'CASGCGet':2,'CASOtherGet':1,'CASRootList':1,'ContextLock':13,'DiskConnectionsPreserved':6,'DiskConnectionsReused':6,'DiskS3GetObject':3,'DiskS3HeadObject':3,'DiskS3ReadMicroseconds':2154,'DiskS3ReadRequestsCount':6,'GlobalThreadPoolJobs':1,'IOBufferAllocBytes':1061623,'IOBufferAllocs':4,'LocalThreadPoolExpansions':1,'LocalThreadPoolJobs':2,'LocalThreadPoolShrinks':1,'LocalThreadPoolThreadCreationMicroseconds':3,'LogTrace':3,'MemoryAllocatedWithoutCheck':12,'MemoryAllocatedWithoutCheckBytes':13056,'ReadBufferFromS3Bytes':507,'ReadBufferFromS3InitMicroseconds':1518,'ReadBufferFromS3Microseconds':1533,'S3GetObject':3,'S3HeadObject':3,'S3ReadMicroseconds':2154,'S3ReadRequestsCount':6,'WriteBufferFromS3Bytes':53}
fe12007c75a0f4f9862f9db6703f82ed	0	orphan_sweep	2	{'cursor_advanced':0,'deleted':0,'list_budget_keys':1000,'listed':2,'retained_hold':0,'retained_no_coverage':0,'retained_tail_removal':0,'retained_unconsumed_seal':0,'skipped':2,'suppressed':0}	{}
fe12007c75a0f4f9862f9db6703f82ed	0	pending_deletes	3304322	{'absent':0,'deleted':5000,'graduated':5000,'outcome_logs_written':1,'redeleted':5000,'replaced':0,'spared':0}	{'CASBlobDelete':5000,'CASConditionalWriteAttempts':1,'CASConditionalWriteCommitted':1,'CASGCPut':1,'CASGCRetiredGraduated':5000,'CASGCRetiredRedeleted':5000,'ContextLock':15001,'ContextLockWaitMicroseconds':3,'DiskConnectionsCreated':41,'DiskConnectionsElapsedMicroseconds':3205,'DiskConnectionsExpired':55,'DiskConnectionsPreserved':4945,'DiskConnectionsReused':4959,'DiskS3DeleteObjects':5000,'DiskS3WriteMicroseconds':2850960,'DiskS3WriteRequestAttempts':5000,'DiskS3WriteRequestsCount':5000,'IOBufferAllocBytes':1048639,'IOBufferAllocs':1,'LocalThreadPoolJobs':5001,'LocalThreadPoolLockWaitMicroseconds':7,'LogTrace':3,'MemoryAllocatedWithoutCheck':9972,'MemoryAllocatedWithoutCheckBytes':10849536,'S3WriteMicroseconds':2850960,'S3WriteRequestAttempts':5000,'S3WriteRequestsCount':5000,'WriteBufferFromS3Bytes':183647}
fe12007c75a0f4f9862f9db6703f82ed	0	ref_object_cleanup	3271	{'namespaces_planned':2,'suppressed':0,'trim_enabled':1}	{'CASRootGet':4,'ContextLock':16,'DiskConnectionsPreserved':8,'DiskConnectionsReused':8,'DiskS3GetObject':4,'DiskS3HeadObject':4,'DiskS3ReadMicroseconds':1963,'DiskS3ReadRequestsCount':8,'IOBufferAllocBytes':27888,'IOBufferAllocs':4,'MemoryAllocatedWithoutCheck':16,'MemoryAllocatedWithoutCheckBytes':17408,'ReadBufferFromS3Bytes':11252,'ReadBufferFromS3InitMicroseconds':1476,'ReadBufferFromS3Microseconds':1489,'S3GetObject':4,'S3HeadObject':4,'S3ReadMicroseconds':1963,'S3ReadRequestsCount':8}
fe12007c75a0f4f9862f9db6703f82ed	0	round_commit	4962	{'generation':44,'generations_referenced':2,'generations_visited':1,'pruned_through':41,'round':44}	{'CASConditionalWriteAttempts':1,'CASConditionalWriteCommitted':1,'CASGCCompareSwap':1,'CASGCDelete':3,'CASGCEnumerationPages':1,'CASGCList':1,'ContextLock':4,'DiskConnectionsPreserved':3,'DiskConnectionsReused':3,'DiskS3DeleteObjects':3,'DiskS3WriteMicroseconds':1998,'DiskS3WriteRequestAttempts':3,'DiskS3WriteRequestsCount':3,'GlobalThreadPoolJobs':1,'IOBufferAllocBytes':1048639,'IOBufferAllocs':1,'LocalThreadPoolExpansions':1,'LocalThreadPoolJobs':2,'LocalThreadPoolShrinks':1,'LocalThreadPoolThreadCreationMicroseconds':3,'LogTrace':3,'MemoryAllocatedWithoutCheck':6,'MemoryAllocatedWithoutCheckBytes':6528,'S3WriteMicroseconds':1998,'S3WriteRequestAttempts':3,'S3WriteRequestsCount':3,'WriteBufferFromS3Bytes':141}
fe7f5f42b65fcf8c549bf6f9279d240c	0	manifest_deletes	1	{'attempted':0,'deleted':0,'suppressed':0}	{}
fe7f5f42b65fcf8c549bf6f9279d240c	0	namespace_cleanup	450582	{'evidence_rows':0,'janitor_deleted':0,'janitor_keys':1000,'janitor_pages':1,'leaked':0}	{'CASConditionalWriteAttempts':1,'CASConditionalWriteCommitted':1,'CASGCCompareSwap':1,'CASGCGet':2,'CASOtherGet':1,'CASRootList':1,'ContextLock':13,'DiskConnectionsPreserved':6,'DiskConnectionsReused':6,'DiskS3GetObject':3,'DiskS3HeadObject':3,'DiskS3ReadMicroseconds':1915,'DiskS3ReadRequestsCount':6,'GlobalThreadPoolJobs':1,'IOBufferAllocBytes':1061722,'IOBufferAllocs':4,'LocalThreadPoolExpansions':1,'LocalThreadPoolJobs':4,'LocalThreadPoolLockWaitMicroseconds':2,'LocalThreadPoolShrinks':1,'LocalThreadPoolThreadCreationMicroseconds':2,'LogTrace':3,'MemoryAllocatedWithoutCheck':12,'MemoryAllocatedWithoutCheckBytes':13056,'ReadBufferFromS3Bytes':606,'ReadBufferFromS3InitMicroseconds':1172,'ReadBufferFromS3Microseconds':1183,'S3GetObject':3,'S3HeadObject':3,'S3ReadMicroseconds':1915,'S3ReadRequestsCount':6,'WriteBufferFromS3Bytes':152}
fe7f5f42b65fcf8c549bf6f9279d240c	0	orphan_sweep	2	{'cursor_advanced':0,'deleted':0,'list_budget_keys':1000,'listed':2,'retained_hold':0,'retained_no_coverage':0,'retained_tail_removal':0,'retained_unconsumed_seal':0,'skipped':2,'suppressed':0}	{}
fe7f5f42b65fcf8c549bf6f9279d240c	0	pending_deletes	2594542	{'absent':0,'deleted':5000,'graduated':5000,'outcome_logs_written':1,'redeleted':5000,'replaced':0,'spared':0}	{'CASBlobDelete':5000,'CASConditionalWriteAttempts':1,'CASConditionalWriteCommitted':1,'CASGCPut':1,'CASGCRetiredGraduated':5000,'CASGCRetiredRedeleted':5000,'ContextLock':15001,'DiskConnectionsCreated':42,'DiskConnectionsElapsedMicroseconds':2476,'DiskConnectionsExpired':44,'DiskConnectionsPreserved':4956,'DiskConnectionsReused':4958,'DiskS3DeleteObjects':5000,'DiskS3WriteMicroseconds':2189825,'DiskS3WriteRequestAttempts':5000,'DiskS3WriteRequestsCount':5000,'IOBufferAllocBytes':1048639,'IOBufferAllocs':1,'LocalThreadPoolJobs':5001,'LocalThreadPoolLockWaitMicroseconds':1,'LogTrace':3,'MemoryAllocatedWithoutCheck':9997,'MemoryAllocatedWithoutCheckBytes':12514048,'S3WriteMicroseconds':2189825,'S3WriteRequestAttempts':5000,'S3WriteRequestsCount':5000,'WriteBufferFromS3Bytes':183629}
fe7f5f42b65fcf8c549bf6f9279d240c	0	ref_object_cleanup	7522205	{'namespaces_planned':2,'suppressed':0,'trim_enabled':1}	{'CASGCGet':5000,'CASOtherGet':5000,'CASRefCleanupObjectsDeleted':5000,'CASRootDelete':5000,'CASRootGet':2,'CASRootHead':5000,'ContextLock':45008,'ContextLockWaitMicroseconds':3,'DiskConnectionsCreated':296,'DiskConnectionsElapsedMicroseconds':17342,'DiskConnectionsExpired':302,'DiskConnectionsPreserved':29702,'DiskConnectionsReused':29708,'DiskS3DeleteObjects':5000,'DiskS3GetObject':10002,'DiskS3HeadObject':15002,'DiskS3ReadMicroseconds':3693230,'DiskS3ReadRequestsCount':25004,'DiskS3WriteMicroseconds':2062381,'DiskS3WriteRequestAttempts':5000,'DiskS3WriteRequestsCount':5000,'IOBufferAllocBytes':43868915,'IOBufferAllocs':10002,'MemoryAllocatedWithoutCheck':59996,'MemoryAllocatedWithoutCheckBytes':65275648,'QueryProfilerRuns':1,'ReadBufferFromS3Bytes':2270597,'ReadBufferFromS3InitMicroseconds':2216272,'ReadBufferFromS3Microseconds':2231946,'S3GetObject':10002,'S3HeadObject':15002,'S3ReadMicroseconds':3693230,'S3ReadRequestsCount':25004,'S3WriteMicroseconds':2062381,'S3WriteRequestAttempts':5000,'S3WriteRequestsCount':5000}
fe7f5f42b65fcf8c549bf6f9279d240c	0	round_commit	3618	{'generation':13,'generations_referenced':2,'generations_visited':1,'pruned_through':10,'round':13}	{'CASConditionalWriteAttempts':1,'CASConditionalWriteCommitted':1,'CASGCCompareSwap':1,'CASGCDelete':3,'CASGCEnumerationPages':1,'CASGCList':1,'ContextLock':4,'DiskConnectionsPreserved':3,'DiskConnectionsReused':3,'DiskS3DeleteObjects':3,'DiskS3WriteMicroseconds':1305,'DiskS3WriteRequestAttempts':3,'DiskS3WriteRequestsCount':3,'GlobalThreadPoolJobs':1,'IOBufferAllocBytes':1048639,'IOBufferAllocs':1,'LocalThreadPoolExpansions':1,'LocalThreadPoolJobs':2,'LocalThreadPoolShrinks':1,'LocalThreadPoolThreadCreationMicroseconds':4,'LogTrace':3,'MemoryAllocatedWithoutCheck':6,'MemoryAllocatedWithoutCheckBytes':6528,'S3WriteMicroseconds':1305,'S3WriteRequestAttempts':3,'S3WriteRequestsCount':3,'WriteBufferFromS3Bytes':141}
