round_id	round	phase	phase_duration_microseconds	phase_metrics	ProfileEvents
040e051dddc44fc035a49c873b18e733	0	namespace_cleanup	23338	{'evidence_rows':0,'janitor_deleted':0,'janitor_keys':239,'janitor_pages':1,'leaked':0}	{'CASGCGet':1,'CASOtherGet':1,'CASRootList':1,'ContextLock':8,'DiskConnectionsExpired':1,'DiskConnectionsPreserved':3,'DiskConnectionsReused':4,'DiskS3GetObject':2,'DiskS3HeadObject':2,'DiskS3ReadMicroseconds':985,'DiskS3ReadRequestsCount':4,'GlobalThreadPoolJobs':1,'IOBufferAllocBytes':8684,'IOBufferAllocs':2,'LocalThreadPoolExpansions':1,'LocalThreadPoolJobs':1,'LocalThreadPoolShrinks':1,'LocalThreadPoolThreadCreationMicroseconds':2,'MemoryAllocatedWithoutCheck':6,'MemoryAllocatedWithoutCheckBytes':6528,'ReadBufferFromS3Bytes':366,'ReadBufferFromS3InitMicroseconds':626,'ReadBufferFromS3Microseconds':630,'S3GetObject':2,'S3HeadObject':2,'S3ReadMicroseconds':985,'S3ReadRequestsCount':4}
06ca75fbdf10c3c8463fa185459c96c4	0	manifest_deletes	1	{'attempted':0,'deleted':0,'suppressed':0}	{}
06ca75fbdf10c3c8463fa185459c96c4	0	namespace_cleanup	49661	{'evidence_rows':0,'janitor_deleted':0,'janitor_keys':167,'janitor_pages':1,'leaked':0}	{'CASConditionalWriteAttempts':1,'CASConditionalWriteCommitted':1,'CASGCCompareSwap':1,'CASGCGet':2,'CASOtherGet':1,'CASRootList':1,'ContextLock':13,'DiskConnectionsPreserved':6,'DiskConnectionsReused':6,'DiskS3GetObject':3,'DiskS3HeadObject':3,'DiskS3ReadMicroseconds':6194,'DiskS3ReadRequestsCount':6,'GlobalThreadPoolJobs':1,'IOBufferAllocBytes':1061628,'IOBufferAllocs':4,'LocalThreadPoolExpansions':1,'LocalThreadPoolJobs':2,'LocalThreadPoolShrinks':1,'LocalThreadPoolThreadCreationMicroseconds':9,'LogTrace':3,'MemoryAllocatedWithoutCheck':12,'MemoryAllocatedWithoutCheckBytes':13056,'ReadBufferFromS3Bytes':512,'ReadBufferFromS3InitMicroseconds':4592,'ReadBufferFromS3Microseconds':4628,'S3GetObject':3,'S3HeadObject':3,'S3ReadMicroseconds':6194,'S3ReadRequestsCount':6,'WriteBufferFromS3Bytes':53}
06ca75fbdf10c3c8463fa185459c96c4	0	orphan_sweep	4	{'cursor_advanced':0,'deleted':0,'list_budget_keys':1000,'listed':179,'retained_hold':0,'retained_no_coverage':0,'retained_tail_removal':0,'retained_unconsumed_seal':0,'skipped':179,'suppressed':0}	{}
06ca75fbdf10c3c8463fa185459c96c4	0	pending_deletes	37	{'absent':0,'deleted':0,'graduated':34,'outcome_logs_written':0,'redeleted':0,'replaced':0,'spared':0}	{'CASGCRetiredGraduated':34,'ContextLock':34}
06ca75fbdf10c3c8463fa185459c96c4	0	ref_object_cleanup	10205	{'namespaces_planned':2,'suppressed':0,'trim_enabled':1}	{'CASRootGet':4,'ContextLock':16,'DiskConnectionsPreserved':8,'DiskConnectionsReused':8,'DiskS3GetObject':4,'DiskS3HeadObject':4,'DiskS3ReadMicroseconds':6932,'DiskS3ReadRequestsCount':8,'IOBufferAllocBytes':19158,'IOBufferAllocs':4,'MemoryAllocatedWithoutCheck':16,'MemoryAllocatedWithoutCheckBytes':17408,'ReadBufferFromS3Bytes':2522,'ReadBufferFromS3InitMicroseconds':4749,'ReadBufferFromS3Microseconds':4820,'S3GetObject':4,'S3HeadObject':4,'S3ReadMicroseconds':6932,'S3ReadRequestsCount':8}
06ca75fbdf10c3c8463fa185459c96c4	0	round_commit	11681	{'generation':103,'generations_referenced':2,'generations_visited':1,'pruned_through':100,'round':103}	{'CASConditionalWriteAttempts':1,'CASConditionalWriteCommitted':1,'CASGCCompareSwap':1,'CASGCDelete':3,'CASGCEnumerationPages':1,'CASGCList':1,'ContextLock':4,'DiskConnectionsPreserved':3,'DiskConnectionsReused':3,'DiskS3DeleteObjects':3,'DiskS3WriteMicroseconds':4383,'DiskS3WriteRequestAttempts':3,'DiskS3WriteRequestsCount':3,'GlobalThreadPoolJobs':1,'IOBufferAllocBytes':1048639,'IOBufferAllocs':1,'LocalThreadPoolExpansions':1,'LocalThreadPoolJobs':2,'LocalThreadPoolShrinks':1,'LocalThreadPoolThreadCreationMicroseconds':5,'LogTrace':3,'MemoryAllocatedWithoutCheck':6,'MemoryAllocatedWithoutCheckBytes':6528,'S3WriteMicroseconds':4383,'S3WriteRequestAttempts':3,'S3WriteRequestsCount':3,'WriteBufferFromS3Bytes':146}
09776b661da0618dd4a2b9f10bfe989a	0	manifest_deletes	0	{'attempted':0,'deleted':0,'suppressed':0}	{}
09776b661da0618dd4a2b9f10bfe989a	0	namespace_cleanup	33601	{'evidence_rows':0,'janitor_deleted':0,'janitor_keys':352,'janitor_pages':1,'leaked':0}	{'CASConditionalWriteAttempts':1,'CASConditionalWriteCommitted':1,'CASGCCompareSwap':1,'CASGCGet':2,'CASOtherGet':1,'CASRootList':1,'ContextLock':13,'DiskConnectionsPreserved':6,'DiskConnectionsReused':6,'DiskS3GetObject':3,'DiskS3HeadObject':3,'DiskS3ReadMicroseconds':1320,'DiskS3ReadRequestsCount':6,'GlobalThreadPoolJobs':1,'IOBufferAllocBytes':1061625,'IOBufferAllocs':4,'LocalThreadPoolExpansions':1,'LocalThreadPoolJobs':2,'LocalThreadPoolShrinks':1,'LocalThreadPoolThreadCreationMicroseconds':2,'LogTrace':3,'MemoryAllocatedWithoutCheck':12,'MemoryAllocatedWithoutCheckBytes':13056,'ReadBufferFromS3Bytes':509,'ReadBufferFromS3InitMicroseconds':863,'ReadBufferFromS3Microseconds':871,'S3GetObject':3,'S3HeadObject':3,'S3ReadMicroseconds':1320,'S3ReadRequestsCount':6,'WriteBufferFromS3Bytes':53}
09776b661da0618dd4a2b9f10bfe989a	0	orphan_sweep	1	{'cursor_advanced':0,'deleted':0,'list_budget_keys':1000,'listed':241,'retained_hold':0,'retained_no_coverage':0,'retained_tail_removal':0,'retained_unconsumed_seal':0,'skipped':241,'suppressed':0}	{}
09776b661da0618dd4a2b9f10bfe989a	0	pending_deletes	1	{'absent':0,'deleted':0,'graduated':0,'outcome_logs_written':0,'redeleted':0,'replaced':0,'spared':0}	{}
09776b661da0618dd4a2b9f10bfe989a	0	ref_object_cleanup	2321	{'namespaces_planned':2,'suppressed':0,'trim_enabled':1}	{'CASRootGet':4,'ContextLock':16,'DiskConnectionsPreserved':8,'DiskConnectionsReused':8,'DiskS3GetObject':4,'DiskS3HeadObject':4,'DiskS3ReadMicroseconds':1614,'DiskS3ReadRequestsCount':8,'IOBufferAllocBytes':18855,'IOBufferAllocs':4,'MemoryAllocatedWithoutCheck':16,'MemoryAllocatedWithoutCheckBytes':17408,'ReadBufferFromS3Bytes':2219,'ReadBufferFromS3InitMicroseconds':1109,'ReadBufferFromS3Microseconds':1117,'S3GetObject':4,'S3HeadObject':4,'S3ReadMicroseconds':1614,'S3ReadRequestsCount':8}
09776b661da0618dd4a2b9f10bfe989a	0	round_commit	3433	{'generation':94,'generations_referenced':2,'generations_visited':1,'pruned_through':91,'round':94}	{'CASConditionalWriteAttempts':1,'CASConditionalWriteCommitted':1,'CASGCCompareSwap':1,'CASGCDelete':2,'CASGCEnumerationPages':1,'CASGCList':1,'ContextLock':3,'DiskConnectionsPreserved':2,'DiskConnectionsReused':2,'DiskS3DeleteObjects':2,'DiskS3WriteMicroseconds':1256,'DiskS3WriteRequestAttempts':2,'DiskS3WriteRequestsCount':2,'GlobalThreadPoolJobs':1,'IOBufferAllocBytes':1048639,'IOBufferAllocs':1,'LocalThreadPoolExpansions':1,'LocalThreadPoolJobs':2,'LocalThreadPoolShrinks':1,'LocalThreadPoolThreadCreationMicroseconds':3,'LogTrace':3,'MemoryAllocatedWithoutCheck':4,'MemoryAllocatedWithoutCheckBytes':4352,'S3WriteMicroseconds':1256,'S3WriteRequestAttempts':2,'S3WriteRequestsCount':2,'WriteBufferFromS3Bytes':143}
0a64e309efc78301efe6696329612933	0	namespace_cleanup	26630	{'evidence_rows':0,'janitor_deleted':0,'janitor_keys':412,'janitor_pages':1,'leaked':0}	{'CASGCGet':1,'CASOtherGet':1,'CASRootList':1,'ContextLock':8,'DiskConnectionsPreserved':4,'DiskConnectionsReused':4,'DiskS3GetObject':2,'DiskS3HeadObject':2,'DiskS3ReadMicroseconds':873,'DiskS3ReadRequestsCount':4,'GlobalThreadPoolJobs':1,'IOBufferAllocBytes':8684,'IOBufferAllocs':2,'LocalThreadPoolExpansions':1,'LocalThreadPoolJobs':1,'LocalThreadPoolShrinks':1,'LocalThreadPoolThreadCreationMicroseconds':3,'MemoryAllocatedWithoutCheck':8,'MemoryAllocatedWithoutCheckBytes':8704,'ReadBufferFromS3Bytes':366,'ReadBufferFromS3InitMicroseconds':625,'ReadBufferFromS3Microseconds':631,'S3GetObject':2,'S3HeadObject':2,'S3ReadMicroseconds':873,'S3ReadRequestsCount':4}
0af5a4b2b6bf8998a1c37d73e1801296	0	manifest_deletes	2	{'attempted':0,'deleted':0,'suppressed':0}	{}
0af5a4b2b6bf8998a1c37d73e1801296	0	namespace_cleanup	20651	{'evidence_rows':0,'janitor_deleted':0,'janitor_keys':217,'janitor_pages':1,'leaked':0}	{'CASConditionalWriteAttempts':1,'CASConditionalWriteCommitted':1,'CASGCCompareSwap':1,'CASGCGet':2,'CASOtherGet':1,'CASRootList':1,'ContextLock':13,'DiskConnectionsPreserved':6,'DiskConnectionsReused':6,'DiskS3GetObject':3,'DiskS3HeadObject':3,'DiskS3ReadMicroseconds':1102,'DiskS3ReadRequestsCount':6,'GlobalThreadPoolJobs':1,'IOBufferAllocBytes':1061623,'IOBufferAllocs':4,'LocalThreadPoolExpansions':1,'LocalThreadPoolJobs':2,'LocalThreadPoolShrinks':1,'LocalThreadPoolThreadCreationMicroseconds':2,'LogTrace':3,'MemoryAllocatedWithoutCheck':12,'MemoryAllocatedWithoutCheckBytes':13056,'ReadBufferFromS3Bytes':507,'ReadBufferFromS3InitMicroseconds':740,'ReadBufferFromS3Microseconds':745,'S3GetObject':3,'S3HeadObject':3,'S3ReadMicroseconds':1102,'S3ReadRequestsCount':6,'WriteBufferFromS3Bytes':53}
0af5a4b2b6bf8998a1c37d73e1801296	0	orphan_sweep	1	{'cursor_advanced':0,'deleted':0,'list_budget_keys':1000,'listed':117,'retained_hold':0,'retained_no_coverage':0,'retained_tail_removal':0,'retained_unconsumed_seal':0,'skipped':117,'suppressed':0}	{}
0af5a4b2b6bf8998a1c37d73e1801296	0	pending_deletes	2	{'absent':0,'deleted':0,'graduated':0,'outcome_logs_written':0,'redeleted':0,'replaced':0,'spared':0}	{}
0af5a4b2b6bf8998a1c37d73e1801296	0	ref_object_cleanup	1532	{'namespaces_planned':2,'suppressed':0,'trim_enabled':1}	{'CASRootGet':4,'ContextLock':16,'DiskConnectionsPreserved':8,'DiskConnectionsReused':8,'DiskS3GetObject':4,'DiskS3HeadObject':4,'DiskS3ReadMicroseconds':1034,'DiskS3ReadRequestsCount':8,'IOBufferAllocBytes':18132,'IOBufferAllocs':4,'MemoryAllocatedWithoutCheck':16,'MemoryAllocatedWithoutCheckBytes':17408,'ReadBufferFromS3Bytes':1496,'ReadBufferFromS3InitMicroseconds':744,'ReadBufferFromS3Microseconds':749,'S3GetObject':4,'S3HeadObject':4,'S3ReadMicroseconds':1034,'S3ReadRequestsCount':8}
0af5a4b2b6bf8998a1c37d73e1801296	0	round_commit	13453	{'generation':64,'generations_referenced':2,'generations_visited':1,'pruned_through':61,'round':64}	{'CASConditionalWriteAttempts':1,'CASConditionalWriteCommitted':1,'CASGCCompareSwap':1,'CASGCDelete':3,'CASGCEnumerationPages':1,'CASGCList':1,'ContextLock':4,'DiskConnectionsPreserved':3,'DiskConnectionsReused':3,'DiskS3DeleteObjects':3,'DiskS3WriteMicroseconds':1718,'DiskS3WriteRequestAttempts':3,'DiskS3WriteRequestsCount':3,'GlobalThreadPoolJobs':1,'IOBufferAllocBytes':1048639,'IOBufferAllocs':1,'LocalThreadPoolExpansions':1,'LocalThreadPoolJobs':2,'LocalThreadPoolShrinks':1,'LocalThreadPoolThreadCreationMicroseconds':4,'LogTrace':3,'MemoryAllocatedWithoutCheck':6,'MemoryAllocatedWithoutCheckBytes':6528,'S3WriteMicroseconds':1718,'S3WriteRequestAttempts':3,'S3WriteRequestsCount':3,'WriteBufferFromS3Bytes':141}
0c2bc395c95213cd3a4e7df03c8c1f2d	0	namespace_cleanup	17818	{'evidence_rows':0,'janitor_deleted':0,'janitor_keys':167,'janitor_pages':1,'leaked':0}	{'CASGCGet':1,'CASOtherGet':1,'CASRootList':1,'ContextLock':8,'DiskConnectionsPreserved':4,'DiskConnectionsReused':4,'DiskS3GetObject':2,'DiskS3HeadObject':2,'DiskS3ReadMicroseconds':1027,'DiskS3ReadRequestsCount':4,'GlobalThreadPoolJobs':1,'IOBufferAllocBytes':8684,'IOBufferAllocs':2,'LocalThreadPoolExpansions':1,'LocalThreadPoolJobs':1,'LocalThreadPoolShrinks':1,'LocalThreadPoolThreadCreationMicroseconds':4,'MemoryAllocatedWithoutCheck':8,'MemoryAllocatedWithoutCheckBytes':8704,'ReadBufferFromS3Bytes':366,'ReadBufferFromS3InitMicroseconds':742,'ReadBufferFromS3Microseconds':748,'S3GetObject':2,'S3HeadObject':2,'S3ReadMicroseconds':1027,'S3ReadRequestsCount':4}
0cf7f8b0cc549696db077991c4ac676b	0	namespace_cleanup	30695	{'evidence_rows':0,'janitor_deleted':0,'janitor_keys':412,'janitor_pages':1,'leaked':0}	{'CASGCGet':1,'CASOtherGet':1,'CASRootList':1,'ContextLock':8,'DiskConnectionsPreserved':4,'DiskConnectionsReused':4,'DiskS3GetObject':2,'DiskS3HeadObject':2,'DiskS3ReadMicroseconds':1150,'DiskS3ReadRequestsCount':4,'GlobalThreadPoolJobs':1,'IOBufferAllocBytes':8684,'IOBufferAllocs':2,'LocalThreadPoolExpansions':1,'LocalThreadPoolJobs':1,'LocalThreadPoolShrinks':1,'LocalThreadPoolThreadCreationMicroseconds':3,'MemoryAllocatedWithoutCheck':8,'MemoryAllocatedWithoutCheckBytes':8704,'ReadBufferFromS3Bytes':366,'ReadBufferFromS3InitMicroseconds':754,'ReadBufferFromS3Microseconds':763,'S3GetObject':2,'S3HeadObject':2,'S3ReadMicroseconds':1150,'S3ReadRequestsCount':4}
0da48357cf14645401d82aa2c906bae8	0	manifest_deletes	33451	{'attempted':63,'deleted':63,'suppressed':0}	{'CASManifestDelete':63,'ContextLock':126,'DiskConnectionsPreserved':63,'DiskConnectionsReused':63,'DiskS3DeleteObjects':63,'DiskS3WriteMicroseconds':28925,'DiskS3WriteRequestAttempts':63,'DiskS3WriteRequestsCount':63,'MemoryAllocatedWithoutCheck':126,'MemoryAllocatedWithoutCheckBytes':137088,'S3WriteMicroseconds':28925,'S3WriteRequestAttempts':63,'S3WriteRequestsCount':63}
0da48357cf14645401d82aa2c906bae8	0	namespace_cleanup	39249	{'evidence_rows':0,'janitor_deleted':0,'janitor_keys':425,'janitor_pages':1,'leaked':0}	{'CASConditionalWriteAttempts':1,'CASConditionalWriteCommitted':1,'CASGCCompareSwap':1,'CASGCGet':2,'CASOtherGet':1,'CASRootList':1,'ContextLock':13,'DiskConnectionsPreserved':6,'DiskConnectionsReused':6,'DiskS3GetObject':3,'DiskS3HeadObject':3,'DiskS3ReadMicroseconds':1676,'DiskS3ReadRequestsCount':6,'GlobalThreadPoolJobs':1,'IOBufferAllocBytes':1061627,'IOBufferAllocs':4,'LocalThreadPoolExpansions':1,'LocalThreadPoolJobs':2,'LocalThreadPoolShrinks':1,'LocalThreadPoolThreadCreationMicroseconds':5,'LogTrace':3,'MemoryAllocatedWithoutCheck':12,'MemoryAllocatedWithoutCheckBytes':13056,'ReadBufferFromS3Bytes':511,'ReadBufferFromS3InitMicroseconds':1141,'ReadBufferFromS3Microseconds':1155,'S3GetObject':3,'S3HeadObject':3,'S3ReadMicroseconds':1676,'S3ReadRequestsCount':6,'WriteBufferFromS3Bytes':53}
0da48357cf14645401d82aa2c906bae8	0	orphan_sweep	2	{'cursor_advanced':0,'deleted':0,'list_budget_keys':1000,'listed':242,'retained_hold':0,'retained_no_coverage':0,'retained_tail_removal':0,'retained_unconsumed_seal':0,'skipped':242,'suppressed':0}	{}
0da48357cf14645401d82aa2c906bae8	0	pending_deletes	2	{'absent':0,'deleted':0,'graduated':0,'outcome_logs_written':0,'redeleted':0,'replaced':0,'spared':0}	{}
0da48357cf14645401d82aa2c906bae8	0	ref_object_cleanup	405694	{'namespaces_planned':2,'suppressed':0,'trim_enabled':1}	{'CASGCGet':258,'CASOtherGet':258,'CASRefCleanupObjectsDeleted':258,'CASRootDelete':258,'CASRootGet':4,'CASRootHead':258,'ContextLock':2338,'DiskConnectionsCreated':11,'DiskConnectionsElapsedMicroseconds':750,'DiskConnectionsExpired':17,'DiskConnectionsPreserved':1539,'DiskConnectionsReused':1545,'DiskS3DeleteObjects':258,'DiskS3GetObject':520,'DiskS3HeadObject':778,'DiskS3ReadMicroseconds':202867,'DiskS3ReadRequestsCount':1298,'DiskS3WriteMicroseconds':115627,'DiskS3WriteRequestAttempts':258,'DiskS3WriteRequestsCount':258,'IOBufferAllocBytes':2283366,'IOBufferAllocs':520,'MemoryAllocatedWithoutCheck':3100,'MemoryAllocatedWithoutCheckBytes':3372800,'ReadBufferFromS3Bytes':120686,'ReadBufferFromS3InitMicroseconds':117964,'ReadBufferFromS3Microseconds':118741,'S3GetObject':520,'S3HeadObject':778,'S3ReadMicroseconds':202867,'S3ReadRequestsCount':1298,'S3WriteMicroseconds':115627,'S3WriteRequestAttempts':258,'S3WriteRequestsCount':258}
0da48357cf14645401d82aa2c906bae8	0	round_commit	3856	{'generation':102,'generations_referenced':2,'generations_visited':1,'pruned_through':99,'round':102}	{'CASConditionalWriteAttempts':1,'CASConditionalWriteCommitted':1,'CASGCCompareSwap':1,'CASGCDelete':2,'CASGCEnumerationPages':1,'CASGCList':1,'ContextLock':3,'DiskConnectionsPreserved':2,'DiskConnectionsReused':2,'DiskS3DeleteObjects':2,'DiskS3WriteMicroseconds':1439,'DiskS3WriteRequestAttempts':2,'DiskS3WriteRequestsCount':2,'GlobalThreadPoolJobs':1,'IOBufferAllocBytes':1048639,'IOBufferAllocs':1,'LocalThreadPoolExpansions':1,'LocalThreadPoolJobs':2,'LocalThreadPoolShrinks':1,'LocalThreadPoolThreadCreationMicroseconds':4,'LogTrace':3,'MemoryAllocatedWithoutCheck':4,'MemoryAllocatedWithoutCheckBytes':4352,'S3WriteMicroseconds':1439,'S3WriteRequestAttempts':2,'S3WriteRequestsCount':2,'WriteBufferFromS3Bytes':145}
0dd7964410b09e42e7cc5b005b0cbe2d	0	manifest_deletes	0	{'attempted':0,'deleted':0,'suppressed':0}	{}
0dd7964410b09e42e7cc5b005b0cbe2d	0	namespace_cleanup	27382	{'evidence_rows':0,'janitor_deleted':0,'janitor_keys':258,'janitor_pages':1,'leaked':0}	{'CASConditionalWriteAttempts':1,'CASConditionalWriteCommitted':1,'CASGCCompareSwap':1,'CASGCGet':2,'CASOtherGet':1,'CASRootList':1,'ContextLock':13,'DiskConnectionsPreserved':6,'DiskConnectionsReused':6,'DiskS3GetObject':3,'DiskS3HeadObject':3,'DiskS3ReadMicroseconds':1432,'DiskS3ReadRequestsCount':6,'GlobalThreadPoolJobs':1,'IOBufferAllocBytes':1061623,'IOBufferAllocs':4,'LocalThreadPoolExpansions':1,'LocalThreadPoolJobs':2,'LocalThreadPoolShrinks':1,'LocalThreadPoolThreadCreationMicroseconds':2,'LogTrace':3,'MemoryAllocatedWithoutCheck':12,'MemoryAllocatedWithoutCheckBytes':13056,'ReadBufferFromS3Bytes':507,'ReadBufferFromS3InitMicroseconds':945,'ReadBufferFromS3Microseconds':953,'S3GetObject':3,'S3HeadObject':3,'S3ReadMicroseconds':1432,'S3ReadRequestsCount':6,'WriteBufferFromS3Bytes':53}
0dd7964410b09e42e7cc5b005b0cbe2d	0	orphan_sweep	2	{'cursor_advanced':0,'deleted':0,'list_budget_keys':1000,'listed':134,'retained_hold':0,'retained_no_coverage':0,'retained_tail_removal':0,'retained_unconsumed_seal':0,'skipped':134,'suppressed':0}	{}
0dd7964410b09e42e7cc5b005b0cbe2d	0	pending_deletes	1	{'absent':0,'deleted':0,'graduated':0,'outcome_logs_written':0,'redeleted':0,'replaced':0,'spared':0}	{}
0dd7964410b09e42e7cc5b005b0cbe2d	0	ref_object_cleanup	1889	{'namespaces_planned':2,'suppressed':0,'trim_enabled':1}	{'CASRootGet':4,'ContextLock':16,'DiskConnectionsPreserved':8,'DiskConnectionsReused':8,'DiskS3GetObject':4,'DiskS3HeadObject':4,'DiskS3ReadMicroseconds':1292,'DiskS3ReadRequestsCount':8,'IOBufferAllocBytes':18132,'IOBufferAllocs':4,'MemoryAllocatedWithoutCheck':16,'MemoryAllocatedWithoutCheckBytes':17408,'ReadBufferFromS3Bytes':1496,'ReadBufferFromS3InitMicroseconds':891,'ReadBufferFromS3Microseconds':898,'S3GetObject':4,'S3HeadObject':4,'S3ReadMicroseconds':1292,'S3ReadRequestsCount':8}
0dd7964410b09e42e7cc5b005b0cbe2d	0	round_commit	3214	{'generation':68,'generations_referenced':2,'generations_visited':1,'pruned_through':65,'round':68}	{'CASConditionalWriteAttempts':1,'CASConditionalWriteCommitted':1,'CASGCCompareSwap':1,'CASGCDelete':2,'CASGCEnumerationPages':1,'CASGCList':1,'ContextLock':3,'DiskConnectionsPreserved':2,'DiskConnectionsReused':2,'DiskS3DeleteObjects':2,'DiskS3WriteMicroseconds':1143,'DiskS3WriteRequestAttempts':2,'DiskS3WriteRequestsCount':2,'GlobalThreadPoolJobs':1,'IOBufferAllocBytes':1048639,'IOBufferAllocs':1,'LocalThreadPoolExpansions':1,'LocalThreadPoolJobs':2,'LocalThreadPoolShrinks':1,'LocalThreadPoolThreadCreationMicroseconds':4,'LogTrace':3,'MemoryAllocatedWithoutCheck':4,'MemoryAllocatedWithoutCheckBytes':4352,'S3WriteMicroseconds':1143,'S3WriteRequestAttempts':2,'S3WriteRequestsCount':2,'WriteBufferFromS3Bytes':141}
0ebc43b3e8d3369760bef855268efc9a	0	namespace_cleanup	17749	{'evidence_rows':0,'janitor_deleted':0,'janitor_keys':167,'janitor_pages':1,'leaked':0}	{'CASGCGet':1,'CASOtherGet':1,'CASRootList':1,'ContextLock':8,'DiskConnectionsPreserved':4,'DiskConnectionsReused':4,'DiskS3GetObject':2,'DiskS3HeadObject':2,'DiskS3ReadMicroseconds':1094,'DiskS3ReadRequestsCount':4,'GlobalThreadPoolJobs':1,'IOBufferAllocBytes':8684,'IOBufferAllocs':2,'LocalThreadPoolExpansions':1,'LocalThreadPoolJobs':1,'LocalThreadPoolShrinks':1,'LocalThreadPoolThreadCreationMicroseconds':4,'MemoryAllocatedWithoutCheck':8,'MemoryAllocatedWithoutCheckBytes':8704,'ReadBufferFromS3Bytes':366,'ReadBufferFromS3InitMicroseconds':741,'ReadBufferFromS3Microseconds':748,'S3GetObject':2,'S3HeadObject':2,'S3ReadMicroseconds':1094,'S3ReadRequestsCount':4}
0eeff0b40f0fe6bf01d710c8324f7214	0	namespace_cleanup	20175	{'evidence_rows':0,'janitor_deleted':0,'janitor_keys':167,'janitor_pages':1,'leaked':0}	{'CASGCGet':1,'CASOtherGet':1,'CASRootList':1,'ContextLock':8,'DiskConnectionsPreserved':4,'DiskConnectionsReused':4,'DiskS3GetObject':2,'DiskS3HeadObject':2,'DiskS3ReadMicroseconds':1178,'DiskS3ReadRequestsCount':4,'GlobalThreadPoolJobs':1,'IOBufferAllocBytes':8684,'IOBufferAllocs':2,'LocalThreadPoolExpansions':1,'LocalThreadPoolJobs':1,'LocalThreadPoolShrinks':1,'LocalThreadPoolThreadCreationMicroseconds':3,'MemoryAllocatedWithoutCheck':8,'MemoryAllocatedWithoutCheckBytes':8704,'ReadBufferFromS3Bytes':366,'ReadBufferFromS3InitMicroseconds':876,'ReadBufferFromS3Microseconds':883,'S3GetObject':2,'S3HeadObject':2,'S3ReadMicroseconds':1178,'S3ReadRequestsCount':4}
13a546f4a0a977514317031258c313cb	0	namespace_cleanup	19265	{'evidence_rows':0,'janitor_deleted':0,'janitor_keys':179,'janitor_pages':1,'leaked':0}	{'CASGCGet':1,'CASOtherGet':1,'CASRootList':1,'ContextLock':8,'DiskConnectionsPreserved':4,'DiskConnectionsReused':4,'DiskS3GetObject':2,'DiskS3HeadObject':2,'DiskS3ReadMicroseconds':1108,'DiskS3ReadRequestsCount':4,'GlobalThreadPoolJobs':1,'IOBufferAllocBytes':8684,'IOBufferAllocs':2,'LocalThreadPoolExpansions':1,'LocalThreadPoolJobs':1,'LocalThreadPoolShrinks':1,'LocalThreadPoolThreadCreationMicroseconds':3,'MemoryAllocatedWithoutCheck':8,'MemoryAllocatedWithoutCheckBytes':8704,'ReadBufferFromS3Bytes':366,'ReadBufferFromS3InitMicroseconds':741,'ReadBufferFromS3Microseconds':747,'S3GetObject':2,'S3HeadObject':2,'S3ReadMicroseconds':1108,'S3ReadRequestsCount':4}
1522d93b54faadf5a2757c52b005a154	0	namespace_cleanup	65440	{'evidence_rows':0,'janitor_deleted':0,'janitor_keys':412,'janitor_pages':1,'leaked':0}	{'CASGCGet':1,'CASOtherGet':1,'CASRootList':1,'ContextLock':8,'DiskConnectionsExpired':1,'DiskConnectionsPreserved':3,'DiskConnectionsReused':4,'DiskS3GetObject':2,'DiskS3HeadObject':2,'DiskS3ReadMicroseconds':3053,'DiskS3ReadRequestsCount':4,'GlobalThreadPoolJobs':1,'IOBufferAllocBytes':8684,'IOBufferAllocs':2,'LocalThreadPoolExpansions':1,'LocalThreadPoolJobs':1,'LocalThreadPoolShrinks':1,'LocalThreadPoolThreadCreationMicroseconds':7,'MemoryAllocatedWithoutCheck':6,'MemoryAllocatedWithoutCheckBytes':6528,'ReadBufferFromS3Bytes':366,'ReadBufferFromS3InitMicroseconds':1943,'ReadBufferFromS3Microseconds':1960,'S3GetObject':2,'S3HeadObject':2,'S3ReadMicroseconds':3053,'S3ReadRequestsCount':4}
15746558ee640f589c4b5290c96c993a	0	namespace_cleanup	15024	{'evidence_rows':0,'janitor_deleted':0,'janitor_keys':167,'janitor_pages':1,'leaked':0}	{'CASGCGet':1,'CASOtherGet':1,'CASRootList':1,'ContextLock':8,'DiskConnectionsPreserved':4,'DiskConnectionsReused':4,'DiskS3GetObject':2,'DiskS3HeadObject':2,'DiskS3ReadMicroseconds':687,'DiskS3ReadRequestsCount':4,'GlobalThreadPoolJobs':1,'IOBufferAllocBytes':8684,'IOBufferAllocs':2,'LocalThreadPoolExpansions':1,'LocalThreadPoolJobs':1,'LocalThreadPoolShrinks':1,'LocalThreadPoolThreadCreationMicroseconds':2,'MemoryAllocatedWithoutCheck':8,'MemoryAllocatedWithoutCheckBytes':8704,'ReadBufferFromS3Bytes':366,'ReadBufferFromS3InitMicroseconds':466,'ReadBufferFromS3Microseconds':469,'S3GetObject':2,'S3HeadObject':2,'S3ReadMicroseconds':687,'S3ReadRequestsCount':4}
1c5d86d37e0521d91dfe2c33cebd0aa1	0	namespace_cleanup	24263	{'evidence_rows':0,'janitor_deleted':0,'janitor_keys':179,'janitor_pages':1,'leaked':0}	{'CASGCGet':1,'CASOtherGet':1,'CASRootList':1,'ContextLock':8,'DiskConnectionsPreserved':4,'DiskConnectionsReused':4,'DiskS3GetObject':2,'DiskS3HeadObject':2,'DiskS3ReadMicroseconds':1309,'DiskS3ReadRequestsCount':4,'GlobalThreadPoolJobs':1,'IOBufferAllocBytes':8684,'IOBufferAllocs':2,'LocalThreadPoolExpansions':1,'LocalThreadPoolJobs':1,'LocalThreadPoolShrinks':1,'LocalThreadPoolThreadCreationMicroseconds':4,'MemoryAllocatedWithoutCheck':8,'MemoryAllocatedWithoutCheckBytes':8704,'ReadBufferFromS3Bytes':366,'ReadBufferFromS3InitMicroseconds':871,'ReadBufferFromS3Microseconds':878,'S3GetObject':2,'S3HeadObject':2,'S3ReadMicroseconds':1309,'S3ReadRequestsCount':4}
1d7c579db742fef7645e3540bac17339	0	manifest_deletes	0	{'attempted':0,'deleted':0,'suppressed':0}	{}
1d7c579db742fef7645e3540bac17339	0	namespace_cleanup	34109	{'evidence_rows':0,'janitor_deleted':0,'janitor_keys':354,'janitor_pages':1,'leaked':0}	{'CASConditionalWriteAttempts':1,'CASConditionalWriteCommitted':1,'CASGCCompareSwap':1,'CASGCGet':2,'CASOtherGet':1,'CASRootList':1,'ContextLock':13,'DiskConnectionsPreserved':6,'DiskConnectionsReused':6,'DiskS3GetObject':3,'DiskS3HeadObject':3,'DiskS3ReadMicroseconds':1886,'DiskS3ReadRequestsCount':6,'GlobalThreadPoolJobs':1,'IOBufferAllocBytes':1061625,'IOBufferAllocs':4,'LocalThreadPoolExpansions':1,'LocalThreadPoolJobs':2,'LocalThreadPoolShrinks':1,'LocalThreadPoolThreadCreationMicroseconds':3,'LogTrace':3,'MemoryAllocatedWithoutCheck':12,'MemoryAllocatedWithoutCheckBytes':13056,'ReadBufferFromS3Bytes':509,'ReadBufferFromS3InitMicroseconds':1253,'ReadBufferFromS3Microseconds':1266,'S3GetObject':3,'S3HeadObject':3,'S3ReadMicroseconds':1886,'S3ReadRequestsCount':6,'WriteBufferFromS3Bytes':53}
1d7c579db742fef7645e3540bac17339	0	orphan_sweep	2	{'cursor_advanced':0,'deleted':0,'list_budget_keys':1000,'listed':175,'retained_hold':0,'retained_no_coverage':0,'retained_tail_removal':0,'retained_unconsumed_seal':0,'skipped':175,'suppressed':0}	{}
1d7c579db742fef7645e3540bac17339	0	pending_deletes	1	{'absent':0,'deleted':0,'graduated':0,'outcome_logs_written':0,'redeleted':0,'replaced':0,'spared':0}	{}
1d7c579db742fef7645e3540bac17339	0	ref_object_cleanup	2565	{'namespaces_planned':2,'suppressed':0,'trim_enabled':1}	{'CASRootGet':4,'ContextLock':16,'DiskConnectionsPreserved':8,'DiskConnectionsReused':8,'DiskS3GetObject':4,'DiskS3HeadObject':4,'DiskS3ReadMicroseconds':1771,'DiskS3ReadRequestsCount':8,'IOBufferAllocBytes':18132,'IOBufferAllocs':4,'MemoryAllocatedWithoutCheck':16,'MemoryAllocatedWithoutCheckBytes':17408,'ReadBufferFromS3Bytes':1496,'ReadBufferFromS3InitMicroseconds':1274,'ReadBufferFromS3Microseconds':1289,'S3GetObject':4,'S3HeadObject':4,'S3ReadMicroseconds':1771,'S3ReadRequestsCount':8}
1d7c579db742fef7645e3540bac17339	0	round_commit	3538	{'generation':76,'generations_referenced':2,'generations_visited':1,'pruned_through':73,'round':76}	{'CASConditionalWriteAttempts':1,'CASConditionalWriteCommitted':1,'CASGCCompareSwap':1,'CASGCDelete':2,'CASGCEnumerationPages':1,'CASGCList':1,'ContextLock':3,'DiskConnectionsPreserved':2,'DiskConnectionsReused':2,'DiskS3DeleteObjects':2,'DiskS3WriteMicroseconds':1172,'DiskS3WriteRequestAttempts':2,'DiskS3WriteRequestsCount':2,'GlobalThreadPoolJobs':1,'IOBufferAllocBytes':1048639,'IOBufferAllocs':1,'LocalThreadPoolExpansions':1,'LocalThreadPoolJobs':2,'LocalThreadPoolShrinks':1,'LocalThreadPoolThreadCreationMicroseconds':3,'LogTrace':3,'MemoryAllocatedWithoutCheck':4,'MemoryAllocatedWithoutCheckBytes':4352,'S3WriteMicroseconds':1172,'S3WriteRequestAttempts':2,'S3WriteRequestsCount':2,'WriteBufferFromS3Bytes':143}
1def726e848abe6ab583746af47cbf1c	0	namespace_cleanup	26507	{'evidence_rows':0,'janitor_deleted':0,'janitor_keys':412,'janitor_pages':1,'leaked':0}	{'CASGCGet':1,'CASOtherGet':1,'CASRootList':1,'ContextLock':8,'DiskConnectionsPreserved':4,'DiskConnectionsReused':4,'DiskS3GetObject':2,'DiskS3HeadObject':2,'DiskS3ReadMicroseconds':780,'DiskS3ReadRequestsCount':4,'GlobalThreadPoolJobs':1,'IOBufferAllocBytes':8684,'IOBufferAllocs':2,'LocalThreadPoolExpansions':1,'LocalThreadPoolJobs':1,'LocalThreadPoolShrinks':1,'LocalThreadPoolThreadCreationMicroseconds':3,'MemoryAllocatedWithoutCheck':8,'MemoryAllocatedWithoutCheckBytes':8704,'ReadBufferFromS3Bytes':366,'ReadBufferFromS3InitMicroseconds':513,'ReadBufferFromS3Microseconds':517,'S3GetObject':2,'S3HeadObject':2,'S3ReadMicroseconds':780,'S3ReadRequestsCount':4}
1eeb0f5223a57d655193f863524df8e5	0	namespace_cleanup	16964	{'evidence_rows':0,'janitor_deleted':0,'janitor_keys':280,'janitor_pages':1,'leaked':0}	{'CASGCGet':1,'CASOtherGet':1,'CASRootList':1,'ContextLock':8,'DiskConnectionsPreserved':4,'DiskConnectionsReused':4,'DiskS3GetObject':2,'DiskS3HeadObject':2,'DiskS3ReadMicroseconds':757,'DiskS3ReadRequestsCount':4,'GlobalThreadPoolJobs':1,'IOBufferAllocBytes':8684,'IOBufferAllocs':2,'LocalThreadPoolExpansions':1,'LocalThreadPoolJobs':1,'LocalThreadPoolShrinks':1,'LocalThreadPoolThreadCreationMicroseconds':1,'MemoryAllocatedWithoutCheck':8,'MemoryAllocatedWithoutCheckBytes':8704,'ReadBufferFromS3Bytes':366,'ReadBufferFromS3InitMicroseconds':518,'ReadBufferFromS3Microseconds':523,'S3GetObject':2,'S3HeadObject':2,'S3ReadMicroseconds':757,'S3ReadRequestsCount':4}
20c1eaf00947d632541450a94f9b4808	0	manifest_deletes	1	{'attempted':0,'deleted':0,'suppressed':0}	{}
20c1eaf00947d632541450a94f9b4808	0	namespace_cleanup	20002	{'evidence_rows':0,'janitor_deleted':0,'janitor_keys':179,'janitor_pages':1,'leaked':0}	{'CASConditionalWriteAttempts':1,'CASConditionalWriteCommitted':1,'CASGCCompareSwap':1,'CASGCGet':2,'CASOtherGet':1,'CASRootList':1,'ContextLock':13,'DiskConnectionsPreserved':6,'DiskConnectionsReused':6,'DiskS3GetObject':3,'DiskS3HeadObject':3,'DiskS3ReadMicroseconds':1426,'DiskS3ReadRequestsCount':6,'GlobalThreadPoolJobs':1,'IOBufferAllocBytes':1061628,'IOBufferAllocs':4,'LocalThreadPoolExpansions':1,'LocalThreadPoolJobs':2,'LocalThreadPoolShrinks':1,'LocalThreadPoolThreadCreationMicroseconds':3,'LogTrace':3,'MemoryAllocatedWithoutCheck':12,'MemoryAllocatedWithoutCheckBytes':13056,'ReadBufferFromS3Bytes':512,'ReadBufferFromS3InitMicroseconds':962,'ReadBufferFromS3Microseconds':973,'S3GetObject':3,'S3HeadObject':3,'S3ReadMicroseconds':1426,'S3ReadRequestsCount':6,'WriteBufferFromS3Bytes':53}
20c1eaf00947d632541450a94f9b4808	0	orphan_sweep	1	{'cursor_advanced':0,'deleted':0,'list_budget_keys':1000,'listed':135,'retained_hold':0,'retained_no_coverage':0,'retained_tail_removal':0,'retained_unconsumed_seal':0,'skipped':135,'suppressed':0}	{}
20c1eaf00947d632541450a94f9b4808	0	pending_deletes	106752	{'absent':0,'deleted':168,'graduated':0,'outcome_logs_written':1,'redeleted':168,'replaced':0,'spared':0}	{'CASBlobDelete':168,'CASConditionalWriteAttempts':1,'CASConditionalWriteCommitted':1,'CASGCPut':1,'CASGCRetiredRedeleted':168,'ContextLock':337,'DiskConnectionsCreated':3,'DiskConnectionsElapsedMicroseconds':205,'DiskConnectionsExpired':1,'DiskConnectionsPreserved':167,'DiskConnectionsReused':165,'DiskS3DeleteObjects':168,'DiskS3WriteMicroseconds':89209,'DiskS3WriteRequestAttempts':168,'DiskS3WriteRequestsCount':168,'IOBufferAllocBytes':1048639,'IOBufferAllocs':1,'LocalThreadPoolJobs':169,'LogTrace':3,'MemoryAllocatedWithoutCheck':340,'MemoryAllocatedWithoutCheckBytes':369920,'S3WriteMicroseconds':89209,'S3WriteRequestAttempts':168,'S3WriteRequestsCount':168,'WriteBufferFromS3Bytes':6095}
20c1eaf00947d632541450a94f9b4808	0	ref_object_cleanup	3578	{'namespaces_planned':2,'suppressed':0,'trim_enabled':1}	{'CASRootGet':4,'ContextLock':16,'DiskConnectionsPreserved':8,'DiskConnectionsReused':8,'DiskS3GetObject':4,'DiskS3HeadObject':4,'DiskS3ReadMicroseconds':2624,'DiskS3ReadRequestsCount':8,'IOBufferAllocBytes':19158,'IOBufferAllocs':4,'MemoryAllocatedWithoutCheck':16,'MemoryAllocatedWithoutCheckBytes':17408,'ReadBufferFromS3Bytes':2522,'ReadBufferFromS3InitMicroseconds':2099,'ReadBufferFromS3Microseconds':2111,'S3GetObject':4,'S3HeadObject':4,'S3ReadMicroseconds':2624,'S3ReadRequestsCount':8}
20c1eaf00947d632541450a94f9b4808	0	round_commit	3904	{'generation':107,'generations_referenced':2,'generations_visited':1,'pruned_through':104,'round':107}	{'CASConditionalWriteAttempts':1,'CASConditionalWriteCommitted':1,'CASGCCompareSwap':1,'CASGCDelete':3,'CASGCEnumerationPages':1,'CASGCList':1,'ContextLock':4,'DiskConnectionsPreserved':3,'DiskConnectionsReused':3,'DiskS3DeleteObjects':3,'DiskS3WriteMicroseconds':1510,'DiskS3WriteRequestAttempts':3,'DiskS3WriteRequestsCount':3,'GlobalThreadPoolJobs':1,'IOBufferAllocBytes':1048639,'IOBufferAllocs':1,'LocalThreadPoolExpansions':1,'LocalThreadPoolJobs':2,'LocalThreadPoolShrinks':1,'LocalThreadPoolThreadCreationMicroseconds':3,'LogTrace':3,'MemoryAllocatedWithoutCheck':6,'MemoryAllocatedWithoutCheckBytes':6528,'S3WriteMicroseconds':1510,'S3WriteRequestAttempts':3,'S3WriteRequestsCount':3,'WriteBufferFromS3Bytes':146}
21065fa9ebd8012b30c98ce5bc83c26f	0	namespace_cleanup	13648	{'evidence_rows':0,'janitor_deleted':0,'janitor_keys':179,'janitor_pages':1,'leaked':0}	{'CASGCGet':1,'CASOtherGet':1,'CASRootList':1,'ContextLock':8,'DiskConnectionsPreserved':4,'DiskConnectionsReused':4,'DiskS3GetObject':2,'DiskS3HeadObject':2,'DiskS3ReadMicroseconds':706,'DiskS3ReadRequestsCount':4,'GlobalThreadPoolJobs':1,'IOBufferAllocBytes':8684,'IOBufferAllocs':2,'LocalThreadPoolExpansions':1,'LocalThreadPoolJobs':1,'LocalThreadPoolShrinks':1,'LocalThreadPoolThreadCreationMicroseconds':2,'MemoryAllocatedWithoutCheck':8,'MemoryAllocatedWithoutCheckBytes':8704,'ReadBufferFromS3Bytes':366,'ReadBufferFromS3InitMicroseconds':510,'ReadBufferFromS3Microseconds':513,'S3GetObject':2,'S3HeadObject':2,'S3ReadMicroseconds':706,'S3ReadRequestsCount':4}
243a6270ceaf3172907b8149a57ee6e2	0	manifest_deletes	0	{'attempted':0,'deleted':0,'suppressed':0}	{}
243a6270ceaf3172907b8149a57ee6e2	0	namespace_cleanup	27324	{'evidence_rows':0,'janitor_deleted':0,'janitor_keys':350,'janitor_pages':1,'leaked':0}	{'CASConditionalWriteAttempts':1,'CASConditionalWriteCommitted':1,'CASGCCompareSwap':1,'CASGCGet':2,'CASOtherGet':1,'CASRootList':1,'ContextLock':13,'DiskConnectionsPreserved':6,'DiskConnectionsReused':6,'DiskS3GetObject':3,'DiskS3HeadObject':3,'DiskS3ReadMicroseconds':1598,'DiskS3ReadRequestsCount':6,'GlobalThreadPoolJobs':1,'IOBufferAllocBytes':1061625,'IOBufferAllocs':4,'LocalThreadPoolExpansions':1,'LocalThreadPoolJobs':2,'LocalThreadPoolShrinks':1,'LocalThreadPoolThreadCreationMicroseconds':2,'LogTrace':3,'MemoryAllocatedWithoutCheck':12,'MemoryAllocatedWithoutCheckBytes':13056,'ReadBufferFromS3Bytes':509,'ReadBufferFromS3InitMicroseconds':1045,'ReadBufferFromS3Microseconds':1054,'S3GetObject':3,'S3HeadObject':3,'S3ReadMicroseconds':1598,'S3ReadRequestsCount':6,'WriteBufferFromS3Bytes':53}
243a6270ceaf3172907b8149a57ee6e2	0	orphan_sweep	2	{'cursor_advanced':0,'deleted':0,'list_budget_keys':1000,'listed':173,'retained_hold':0,'retained_no_coverage':0,'retained_tail_removal':0,'retained_unconsumed_seal':0,'skipped':173,'suppressed':0}	{}
243a6270ceaf3172907b8149a57ee6e2	0	pending_deletes	1	{'absent':0,'deleted':0,'graduated':0,'outcome_logs_written':0,'redeleted':0,'replaced':0,'spared':0}	{}
243a6270ceaf3172907b8149a57ee6e2	0	ref_object_cleanup	2418	{'namespaces_planned':2,'suppressed':0,'trim_enabled':1}	{'CASRootGet':4,'ContextLock':16,'DiskConnectionsPreserved':8,'DiskConnectionsReused':8,'DiskS3GetObject':4,'DiskS3HeadObject':4,'DiskS3ReadMicroseconds':1564,'DiskS3ReadRequestsCount':8,'IOBufferAllocBytes':18132,'IOBufferAllocs':4,'MemoryAllocatedWithoutCheck':16,'MemoryAllocatedWithoutCheckBytes':17408,'ReadBufferFromS3Bytes':1496,'ReadBufferFromS3InitMicroseconds':1201,'ReadBufferFromS3Microseconds':1210,'S3GetObject':4,'S3HeadObject':4,'S3ReadMicroseconds':1564,'S3ReadRequestsCount':8}
243a6270ceaf3172907b8149a57ee6e2	0	round_commit	3288	{'generation':75,'generations_referenced':2,'generations_visited':1,'pruned_through':72,'round':75}	{'CASConditionalWriteAttempts':1,'CASConditionalWriteCommitted':1,'CASGCCompareSwap':1,'CASGCDelete':2,'CASGCEnumerationPages':1,'CASGCList':1,'ContextLock':3,'DiskConnectionsPreserved':2,'DiskConnectionsReused':2,'DiskS3DeleteObjects':2,'DiskS3WriteMicroseconds':1097,'DiskS3WriteRequestAttempts':2,'DiskS3WriteRequestsCount':2,'GlobalThreadPoolJobs':1,'IOBufferAllocBytes':1048639,'IOBufferAllocs':1,'LocalThreadPoolExpansions':1,'LocalThreadPoolJobs':2,'LocalThreadPoolShrinks':1,'LocalThreadPoolThreadCreationMicroseconds':3,'LogTrace':3,'MemoryAllocatedWithoutCheck':4,'MemoryAllocatedWithoutCheckBytes':4352,'S3WriteMicroseconds':1097,'S3WriteRequestAttempts':2,'S3WriteRequestsCount':2,'WriteBufferFromS3Bytes':143}
26cf3acb9b52c38a051d35b66eed35ea	0	manifest_deletes	0	{'attempted':0,'deleted':0,'suppressed':0}	{}
26cf3acb9b52c38a051d35b66eed35ea	0	namespace_cleanup	17769	{'evidence_rows':0,'janitor_deleted':0,'janitor_keys':179,'janitor_pages':1,'leaked':0}	{'CASConditionalWriteAttempts':1,'CASConditionalWriteCommitted':1,'CASGCCompareSwap':1,'CASGCGet':2,'CASOtherGet':1,'CASRootList':1,'ContextLock':13,'DiskConnectionsPreserved':6,'DiskConnectionsReused':6,'DiskS3GetObject':3,'DiskS3HeadObject':3,'DiskS3ReadMicroseconds':1260,'DiskS3ReadRequestsCount':6,'GlobalThreadPoolJobs':1,'IOBufferAllocBytes':1061628,'IOBufferAllocs':4,'LocalThreadPoolExpansions':1,'LocalThreadPoolJobs':2,'LocalThreadPoolShrinks':1,'LocalThreadPoolThreadCreationMicroseconds':2,'LogTrace':3,'MemoryAllocatedWithoutCheck':12,'MemoryAllocatedWithoutCheckBytes':13056,'ReadBufferFromS3Bytes':512,'ReadBufferFromS3InitMicroseconds':878,'ReadBufferFromS3Microseconds':885,'S3GetObject':3,'S3HeadObject':3,'S3ReadMicroseconds':1260,'S3ReadRequestsCount':6,'WriteBufferFromS3Bytes':53}
26cf3acb9b52c38a051d35b66eed35ea	0	orphan_sweep	2	{'cursor_advanced':0,'deleted':0,'list_budget_keys':1000,'listed':135,'retained_hold':0,'retained_no_coverage':0,'retained_tail_removal':0,'retained_unconsumed_seal':0,'skipped':135,'suppressed':0}	{}
26cf3acb9b52c38a051d35b66eed35ea	0	pending_deletes	1	{'absent':0,'deleted':0,'graduated':0,'outcome_logs_written':0,'redeleted':0,'replaced':0,'spared':0}	{}
26cf3acb9b52c38a051d35b66eed35ea	0	ref_object_cleanup	1969	{'namespaces_planned':2,'suppressed':0,'trim_enabled':1}	{'CASRootGet':4,'ContextLock':16,'DiskConnectionsCreated':1,'DiskConnectionsElapsedMicroseconds':69,'DiskConnectionsExpired':1,'DiskConnectionsPreserved':7,'DiskConnectionsReused':7,'DiskS3GetObject':4,'DiskS3HeadObject':4,'DiskS3ReadMicroseconds':1267,'DiskS3ReadRequestsCount':8,'IOBufferAllocBytes':19158,'IOBufferAllocs':4,'MemoryAllocatedWithoutCheck':16,'MemoryAllocatedWithoutCheckBytes':17408,'ReadBufferFromS3Bytes':2522,'ReadBufferFromS3InitMicroseconds':980,'ReadBufferFromS3Microseconds':985,'S3GetObject':4,'S3HeadObject':4,'S3ReadMicroseconds':1267,'S3ReadRequestsCount':8}
26cf3acb9b52c38a051d35b66eed35ea	0	round_commit	3401	{'generation':108,'generations_referenced':1,'generations_visited':1,'pruned_through':105,'round':108}	{'CASConditionalWriteAttempts':1,'CASConditionalWriteCommitted':1,'CASGCCompareSwap':1,'CASGCDelete':2,'CASGCEnumerationPages':1,'CASGCList':1,'ContextLock':3,'DiskConnectionsPreserved':2,'DiskConnectionsReused':2,'DiskS3DeleteObjects':2,'DiskS3WriteMicroseconds':1218,'DiskS3WriteRequestAttempts':2,'DiskS3WriteRequestsCount':2,'GlobalThreadPoolJobs':1,'IOBufferAllocBytes':1048639,'IOBufferAllocs':1,'LocalThreadPoolExpansions':1,'LocalThreadPoolJobs':2,'LocalThreadPoolShrinks':1,'LocalThreadPoolThreadCreationMicroseconds':4,'LogTrace':3,'MemoryAllocatedWithoutCheck':4,'MemoryAllocatedWithoutCheckBytes':4352,'S3WriteMicroseconds':1218,'S3WriteRequestAttempts':2,'S3WriteRequestsCount':2,'WriteBufferFromS3Bytes':146}
26e332690f200213447e2b8a3ef801fa	0	manifest_deletes	1039	{'attempted':1,'deleted':1,'suppressed':0}	{'CASManifestDelete':1,'ContextLock':2,'DiskConnectionsPreserved':1,'DiskConnectionsReused':1,'DiskS3DeleteObjects':1,'DiskS3WriteMicroseconds':904,'DiskS3WriteRequestAttempts':1,'DiskS3WriteRequestsCount':1,'MemoryAllocatedWithoutCheck':2,'MemoryAllocatedWithoutCheckBytes':2176,'S3WriteMicroseconds':904,'S3WriteRequestAttempts':1,'S3WriteRequestsCount':1}
26e332690f200213447e2b8a3ef801fa	0	namespace_cleanup	25320	{'evidence_rows':0,'janitor_deleted':0,'janitor_keys':168,'janitor_pages':1,'leaked':0}	{'CASConditionalWriteAttempts':1,'CASConditionalWriteCommitted':1,'CASGCCompareSwap':1,'CASGCGet':2,'CASOtherGet':1,'CASRootList':1,'ContextLock':13,'DiskConnectionsPreserved':6,'DiskConnectionsReused':6,'DiskS3GetObject':3,'DiskS3HeadObject':3,'DiskS3ReadMicroseconds':2421,'DiskS3ReadRequestsCount':6,'GlobalThreadPoolJobs':1,'IOBufferAllocBytes':1061625,'IOBufferAllocs':4,'LocalThreadPoolExpansions':1,'LocalThreadPoolJobs':2,'LocalThreadPoolShrinks':1,'LocalThreadPoolThreadCreationMicroseconds':4,'LogTrace':3,'MemoryAllocatedWithoutCheck':12,'MemoryAllocatedWithoutCheckBytes':13056,'ReadBufferFromS3Bytes':509,'ReadBufferFromS3InitMicroseconds':1473,'ReadBufferFromS3Microseconds':1488,'S3GetObject':3,'S3HeadObject':3,'S3ReadMicroseconds':2421,'S3ReadRequestsCount':6,'WriteBufferFromS3Bytes':53}
26e332690f200213447e2b8a3ef801fa	0	orphan_sweep	2	{'cursor_advanced':0,'deleted':0,'list_budget_keys':1000,'listed':210,'retained_hold':0,'retained_no_coverage':0,'retained_tail_removal':0,'retained_unconsumed_seal':0,'skipped':210,'suppressed':0}	{}
26e332690f200213447e2b8a3ef801fa	0	pending_deletes	2	{'absent':0,'deleted':0,'graduated':0,'outcome_logs_written':0,'redeleted':0,'replaced':0,'spared':0}	{}
26e332690f200213447e2b8a3ef801fa	0	ref_object_cleanup	3000	{'namespaces_planned':2,'suppressed':0,'trim_enabled':1}	{'CASRootGet':4,'ContextLock':16,'DiskConnectionsCreated':1,'DiskConnectionsElapsedMicroseconds':82,'DiskConnectionsExpired':1,'DiskConnectionsPreserved':7,'DiskConnectionsReused':7,'DiskS3GetObject':4,'DiskS3HeadObject':4,'DiskS3ReadMicroseconds':2021,'DiskS3ReadRequestsCount':8,'IOBufferAllocBytes':18855,'IOBufferAllocs':4,'MemoryAllocatedWithoutCheck':16,'MemoryAllocatedWithoutCheckBytes':17408,'ReadBufferFromS3Bytes':2219,'ReadBufferFromS3InitMicroseconds':1426,'ReadBufferFromS3Microseconds':1437,'S3GetObject':4,'S3HeadObject':4,'S3ReadMicroseconds':2021,'S3ReadRequestsCount':8}
26e332690f200213447e2b8a3ef801fa	0	round_commit	4576	{'generation':81,'generations_referenced':2,'generations_visited':1,'pruned_through':78,'round':81}	{'CASConditionalWriteAttempts':1,'CASConditionalWriteCommitted':1,'CASGCCompareSwap':1,'CASGCDelete':2,'CASGCEnumerationPages':1,'CASGCList':1,'ContextLock':3,'DiskConnectionsPreserved':2,'DiskConnectionsReused':2,'DiskS3DeleteObjects':2,'DiskS3WriteMicroseconds':1617,'DiskS3WriteRequestAttempts':2,'DiskS3WriteRequestsCount':2,'GlobalThreadPoolJobs':1,'IOBufferAllocBytes':1048639,'IOBufferAllocs':1,'LocalThreadPoolExpansions':1,'LocalThreadPoolJobs':2,'LocalThreadPoolShrinks':1,'LocalThreadPoolThreadCreationMicroseconds':4,'LogTrace':3,'MemoryAllocatedWithoutCheck':4,'MemoryAllocatedWithoutCheckBytes':4352,'S3WriteMicroseconds':1617,'S3WriteRequestAttempts':2,'S3WriteRequestsCount':2,'WriteBufferFromS3Bytes':143}
26ff95120ac4e13c012e793661f50d25	0	manifest_deletes	0	{'attempted':0,'deleted':0,'suppressed':0}	{}
26ff95120ac4e13c012e793661f50d25	0	namespace_cleanup	24020	{'evidence_rows':0,'janitor_deleted':0,'janitor_keys':276,'janitor_pages':1,'leaked':0}	{'CASConditionalWriteAttempts':1,'CASConditionalWriteCommitted':1,'CASGCCompareSwap':1,'CASGCGet':2,'CASOtherGet':1,'CASRootList':1,'ContextLock':13,'DiskConnectionsPreserved':6,'DiskConnectionsReused':6,'DiskS3GetObject':3,'DiskS3HeadObject':3,'DiskS3ReadMicroseconds':1647,'DiskS3ReadRequestsCount':6,'GlobalThreadPoolJobs':1,'IOBufferAllocBytes':1061625,'IOBufferAllocs':4,'LocalThreadPoolExpansions':1,'LocalThreadPoolJobs':2,'LocalThreadPoolShrinks':1,'LocalThreadPoolThreadCreationMicroseconds':2,'LogTrace':3,'MemoryAllocatedWithoutCheck':12,'MemoryAllocatedWithoutCheckBytes':13056,'ReadBufferFromS3Bytes':509,'ReadBufferFromS3InitMicroseconds':1133,'ReadBufferFromS3Microseconds':1148,'S3GetObject':3,'S3HeadObject':3,'S3ReadMicroseconds':1647,'S3ReadRequestsCount':6,'WriteBufferFromS3Bytes':53}
26ff95120ac4e13c012e793661f50d25	0	orphan_sweep	2	{'cursor_advanced':0,'deleted':0,'list_budget_keys':1000,'listed':263,'retained_hold':0,'retained_no_coverage':0,'retained_tail_removal':0,'retained_unconsumed_seal':0,'skipped':263,'suppressed':0}	{}
26ff95120ac4e13c012e793661f50d25	0	pending_deletes	2	{'absent':0,'deleted':0,'graduated':0,'outcome_logs_written':0,'redeleted':0,'replaced':0,'spared':0}	{}
26ff95120ac4e13c012e793661f50d25	0	ref_object_cleanup	2486	{'namespaces_planned':2,'suppressed':0,'trim_enabled':1}	{'CASRootGet':4,'ContextLock':16,'DiskConnectionsPreserved':8,'DiskConnectionsReused':8,'DiskS3GetObject':4,'DiskS3HeadObject':4,'DiskS3ReadMicroseconds':1595,'DiskS3ReadRequestsCount':8,'IOBufferAllocBytes':18855,'IOBufferAllocs':4,'MemoryAllocatedWithoutCheck':16,'MemoryAllocatedWithoutCheckBytes':17408,'ReadBufferFromS3Bytes':2219,'ReadBufferFromS3InitMicroseconds':1179,'ReadBufferFromS3Microseconds':1189,'S3GetObject':4,'S3HeadObject':4,'S3ReadMicroseconds':1595,'S3ReadRequestsCount':8}
26ff95120ac4e13c012e793661f50d25	0	round_commit	3758	{'generation':89,'generations_referenced':2,'generations_visited':1,'pruned_through':86,'round':89}	{'CASConditionalWriteAttempts':1,'CASConditionalWriteCommitted':1,'CASGCCompareSwap':1,'CASGCDelete':2,'CASGCEnumerationPages':1,'CASGCList':1,'ContextLock':3,'DiskConnectionsPreserved':2,'DiskConnectionsReused':2,'DiskS3DeleteObjects':2,'DiskS3WriteMicroseconds':1300,'DiskS3WriteRequestAttempts':2,'DiskS3WriteRequestsCount':2,'GlobalThreadPoolJobs':1,'IOBufferAllocBytes':1048639,'IOBufferAllocs':1,'LocalThreadPoolExpansions':1,'LocalThreadPoolJobs':2,'LocalThreadPoolShrinks':1,'LocalThreadPoolThreadCreationMicroseconds':3,'LogTrace':3,'MemoryAllocatedWithoutCheck':4,'MemoryAllocatedWithoutCheckBytes':4352,'S3WriteMicroseconds':1300,'S3WriteRequestAttempts':2,'S3WriteRequestsCount':2,'WriteBufferFromS3Bytes':143}
273efef0ab7bdfff370f3a54d07ff8cc	0	namespace_cleanup	16912	{'evidence_rows':0,'janitor_deleted':0,'janitor_keys':179,'janitor_pages':1,'leaked':0}	{'CASGCGet':1,'CASOtherGet':1,'CASRootList':1,'ContextLock':8,'DiskConnectionsPreserved':4,'DiskConnectionsReused':4,'DiskS3GetObject':2,'DiskS3HeadObject':2,'DiskS3ReadMicroseconds':905,'DiskS3ReadRequestsCount':4,'GlobalThreadPoolJobs':1,'IOBufferAllocBytes':8684,'IOBufferAllocs':2,'LocalThreadPoolExpansions':1,'LocalThreadPoolJobs':1,'LocalThreadPoolShrinks':1,'LocalThreadPoolThreadCreationMicroseconds':2,'MemoryAllocatedWithoutCheck':8,'MemoryAllocatedWithoutCheckBytes':8704,'ReadBufferFromS3Bytes':366,'ReadBufferFromS3InitMicroseconds':610,'ReadBufferFromS3Microseconds':614,'S3GetObject':2,'S3HeadObject':2,'S3ReadMicroseconds':905,'S3ReadRequestsCount':4}
2d326973c3aa7853c9220533c6b519ff	0	manifest_deletes	0	{'attempted':0,'deleted':0,'suppressed':0}	{}
2d326973c3aa7853c9220533c6b519ff	0	namespace_cleanup	17984	{'evidence_rows':0,'janitor_deleted':0,'janitor_keys':167,'janitor_pages':1,'leaked':0}	{'CASConditionalWriteAttempts':1,'CASConditionalWriteCommitted':1,'CASGCCompareSwap':1,'CASGCGet':2,'CASOtherGet':1,'CASRootList':1,'ContextLock':13,'DiskConnectionsPreserved':6,'DiskConnectionsReused':6,'DiskS3GetObject':3,'DiskS3HeadObject':3,'DiskS3ReadMicroseconds':1274,'DiskS3ReadRequestsCount':6,'GlobalThreadPoolJobs':1,'IOBufferAllocBytes':1061628,'IOBufferAllocs':4,'LocalThreadPoolExpansions':1,'LocalThreadPoolJobs':2,'LocalThreadPoolShrinks':1,'LocalThreadPoolThreadCreationMicroseconds':3,'LogTrace':3,'MemoryAllocatedWithoutCheck':12,'MemoryAllocatedWithoutCheckBytes':13056,'ReadBufferFromS3Bytes':512,'ReadBufferFromS3InitMicroseconds':942,'ReadBufferFromS3Microseconds':954,'S3GetObject':3,'S3HeadObject':3,'S3ReadMicroseconds':1274,'S3ReadRequestsCount':6,'WriteBufferFromS3Bytes':53}
2d326973c3aa7853c9220533c6b519ff	0	orphan_sweep	1	{'cursor_advanced':0,'deleted':0,'list_budget_keys':1000,'listed':179,'retained_hold':0,'retained_no_coverage':0,'retained_tail_removal':0,'retained_unconsumed_seal':0,'skipped':179,'suppressed':0}	{}
2d326973c3aa7853c9220533c6b519ff	0	pending_deletes	22683	{'absent':0,'deleted':34,'graduated':0,'outcome_logs_written':1,'redeleted':34,'replaced':0,'spared':0}	{'CASBlobDelete':34,'CASConditionalWriteAttempts':1,'CASConditionalWriteCommitted':1,'CASGCPut':1,'CASGCRetiredRedeleted':34,'ContextLock':69,'DiskConnectionsPreserved':34,'DiskConnectionsReused':34,'DiskS3DeleteObjects':34,'DiskS3WriteMicroseconds':17927,'DiskS3WriteRequestAttempts':34,'DiskS3WriteRequestsCount':34,'IOBufferAllocBytes':1048639,'IOBufferAllocs':1,'LocalThreadPoolJobs':35,'LogTrace':3,'MemoryAllocatedWithoutCheck':68,'MemoryAllocatedWithoutCheckBytes':73984,'S3WriteMicroseconds':17927,'S3WriteRequestAttempts':34,'S3WriteRequestsCount':34,'WriteBufferFromS3Bytes':1407}
2d326973c3aa7853c9220533c6b519ff	0	ref_object_cleanup	2310	{'namespaces_planned':2,'suppressed':0,'trim_enabled':1}	{'CASRootGet':4,'ContextLock':16,'DiskConnectionsPreserved':8,'DiskConnectionsReused':8,'DiskS3GetObject':4,'DiskS3HeadObject':4,'DiskS3ReadMicroseconds':1553,'DiskS3ReadRequestsCount':8,'IOBufferAllocBytes':19158,'IOBufferAllocs':4,'MemoryAllocatedWithoutCheck':16,'MemoryAllocatedWithoutCheckBytes':17408,'ReadBufferFromS3Bytes':2522,'ReadBufferFromS3InitMicroseconds':1141,'ReadBufferFromS3Microseconds':1149,'S3GetObject':4,'S3HeadObject':4,'S3ReadMicroseconds':1553,'S3ReadRequestsCount':8}
2d326973c3aa7853c9220533c6b519ff	0	round_commit	2635	{'generation':104,'generations_referenced':2,'generations_visited':1,'pruned_through':101,'round':104}	{'CASConditionalWriteAttempts':1,'CASConditionalWriteCommitted':1,'CASGCCompareSwap':1,'CASGCDelete':1,'CASGCEnumerationPages':1,'CASGCList':1,'ContextLock':2,'DiskConnectionsPreserved':1,'DiskConnectionsReused':1,'DiskS3DeleteObjects':1,'DiskS3WriteMicroseconds':661,'DiskS3WriteRequestAttempts':1,'DiskS3WriteRequestsCount':1,'GlobalThreadPoolJobs':1,'IOBufferAllocBytes':1048639,'IOBufferAllocs':1,'LocalThreadPoolExpansions':1,'LocalThreadPoolJobs':2,'LocalThreadPoolShrinks':1,'LocalThreadPoolThreadCreationMicroseconds':3,'LogTrace':3,'MemoryAllocatedWithoutCheck':2,'MemoryAllocatedWithoutCheckBytes':2176,'S3WriteMicroseconds':661,'S3WriteRequestAttempts':1,'S3WriteRequestsCount':1,'WriteBufferFromS3Bytes':146}
2d51ed4f0619f172da545e642c2fe7b3	0	manifest_deletes	0	{'attempted':0,'deleted':0,'suppressed':0}	{}
2d51ed4f0619f172da545e642c2fe7b3	0	namespace_cleanup	29868	{'evidence_rows':0,'janitor_deleted':0,'janitor_keys':336,'janitor_pages':1,'leaked':0}	{'CASConditionalWriteAttempts':1,'CASConditionalWriteCommitted':1,'CASGCCompareSwap':1,'CASGCGet':2,'CASOtherGet':1,'CASRootList':1,'ContextLock':13,'DiskConnectionsPreserved':6,'DiskConnectionsReused':6,'DiskS3GetObject':3,'DiskS3HeadObject':3,'DiskS3ReadMicroseconds':1343,'DiskS3ReadRequestsCount':6,'GlobalThreadPoolJobs':1,'IOBufferAllocBytes':1061625,'IOBufferAllocs':4,'LocalThreadPoolExpansions':1,'LocalThreadPoolJobs':2,'LocalThreadPoolShrinks':1,'LocalThreadPoolThreadCreationMicroseconds':2,'LogTrace':3,'MemoryAllocatedWithoutCheck':12,'MemoryAllocatedWithoutCheckBytes':13056,'ReadBufferFromS3Bytes':509,'ReadBufferFromS3InitMicroseconds':861,'ReadBufferFromS3Microseconds':868,'S3GetObject':3,'S3HeadObject':3,'S3ReadMicroseconds':1343,'S3ReadRequestsCount':6,'WriteBufferFromS3Bytes':53}
2d51ed4f0619f172da545e642c2fe7b3	0	orphan_sweep	2	{'cursor_advanced':0,'deleted':0,'list_budget_keys':1000,'listed':233,'retained_hold':0,'retained_no_coverage':0,'retained_tail_removal':0,'retained_unconsumed_seal':0,'skipped':233,'suppressed':0}	{}
2d51ed4f0619f172da545e642c2fe7b3	0	pending_deletes	1	{'absent':0,'deleted':0,'graduated':0,'outcome_logs_written':0,'redeleted':0,'replaced':0,'spared':0}	{}
2d51ed4f0619f172da545e642c2fe7b3	0	ref_object_cleanup	2428	{'namespaces_planned':2,'suppressed':0,'trim_enabled':1}	{'CASRootGet':4,'ContextLock':16,'DiskConnectionsCreated':1,'DiskConnectionsElapsedMicroseconds':71,'DiskConnectionsExpired':1,'DiskConnectionsPreserved':7,'DiskConnectionsReused':7,'DiskS3GetObject':4,'DiskS3HeadObject':4,'DiskS3ReadMicroseconds':1518,'DiskS3ReadRequestsCount':8,'IOBufferAllocBytes':18855,'IOBufferAllocs':4,'MemoryAllocatedWithoutCheck':16,'MemoryAllocatedWithoutCheckBytes':17408,'ReadBufferFromS3Bytes':2219,'ReadBufferFromS3InitMicroseconds':1127,'ReadBufferFromS3Microseconds':1136,'S3GetObject':4,'S3HeadObject':4,'S3ReadMicroseconds':1518,'S3ReadRequestsCount':8}
2d51ed4f0619f172da545e642c2fe7b3	0	round_commit	3078	{'generation':93,'generations_referenced':2,'generations_visited':1,'pruned_through':90,'round':93}	{'CASConditionalWriteAttempts':1,'CASConditionalWriteCommitted':1,'CASGCCompareSwap':1,'CASGCDelete':2,'CASGCEnumerationPages':1,'CASGCList':1,'ContextLock':3,'DiskConnectionsPreserved':2,'DiskConnectionsReused':2,'DiskS3DeleteObjects':2,'DiskS3WriteMicroseconds':1081,'DiskS3WriteRequestAttempts':2,'DiskS3WriteRequestsCount':2,'GlobalThreadPoolJobs':1,'IOBufferAllocBytes':1048639,'IOBufferAllocs':1,'LocalThreadPoolExpansions':1,'LocalThreadPoolJobs':2,'LocalThreadPoolShrinks':1,'LocalThreadPoolThreadCreationMicroseconds':3,'LogTrace':3,'MemoryAllocatedWithoutCheck':4,'MemoryAllocatedWithoutCheckBytes':4352,'S3WriteMicroseconds':1081,'S3WriteRequestAttempts':2,'S3WriteRequestsCount':2,'WriteBufferFromS3Bytes':143}
2dd537e80e78ecfd34be327620032de8	0	namespace_cleanup	15245	{'evidence_rows':0,'janitor_deleted':0,'janitor_keys':167,'janitor_pages':1,'leaked':0}	{'CASGCGet':1,'CASOtherGet':1,'CASRootList':1,'ContextLock':8,'DiskConnectionsPreserved':4,'DiskConnectionsReused':4,'DiskS3GetObject':2,'DiskS3HeadObject':2,'DiskS3ReadMicroseconds':763,'DiskS3ReadRequestsCount':4,'GlobalThreadPoolJobs':1,'IOBufferAllocBytes':8684,'IOBufferAllocs':2,'LocalThreadPoolExpansions':1,'LocalThreadPoolJobs':1,'LocalThreadPoolShrinks':1,'LocalThreadPoolThreadCreationMicroseconds':4,'MemoryAllocatedWithoutCheck':8,'MemoryAllocatedWithoutCheckBytes':8704,'ReadBufferFromS3Bytes':366,'ReadBufferFromS3InitMicroseconds':532,'ReadBufferFromS3Microseconds':535,'S3GetObject':2,'S3HeadObject':2,'S3ReadMicroseconds':763,'S3ReadRequestsCount':4}
2e2bd21ad36ccf09597583f572874069	0	manifest_deletes	0	{'attempted':0,'deleted':0,'suppressed':0}	{}
2e2bd21ad36ccf09597583f572874069	0	namespace_cleanup	26858	{'evidence_rows':0,'janitor_deleted':0,'janitor_keys':383,'janitor_pages':1,'leaked':0}	{'CASConditionalWriteAttempts':1,'CASConditionalWriteCommitted':1,'CASGCCompareSwap':1,'CASGCGet':2,'CASOtherGet':1,'CASRootList':1,'ContextLock':13,'DiskConnectionsPreserved':6,'DiskConnectionsReused':6,'DiskS3GetObject':3,'DiskS3HeadObject':3,'DiskS3ReadMicroseconds':1104,'DiskS3ReadRequestsCount':6,'GlobalThreadPoolJobs':1,'IOBufferAllocBytes':1061625,'IOBufferAllocs':4,'LocalThreadPoolExpansions':1,'LocalThreadPoolJobs':2,'LocalThreadPoolShrinks':1,'LocalThreadPoolThreadCreationMicroseconds':1,'LogTrace':3,'MemoryAllocatedWithoutCheck':12,'MemoryAllocatedWithoutCheckBytes':13056,'ReadBufferFromS3Bytes':509,'ReadBufferFromS3InitMicroseconds':768,'ReadBufferFromS3Microseconds':774,'S3GetObject':3,'S3HeadObject':3,'S3ReadMicroseconds':1104,'S3ReadRequestsCount':6,'WriteBufferFromS3Bytes':53}
2e2bd21ad36ccf09597583f572874069	0	orphan_sweep	2	{'cursor_advanced':0,'deleted':0,'list_budget_keys':1000,'listed':189,'retained_hold':0,'retained_no_coverage':0,'retained_tail_removal':0,'retained_unconsumed_seal':0,'skipped':189,'suppressed':0}	{}
2e2bd21ad36ccf09597583f572874069	0	pending_deletes	1	{'absent':0,'deleted':0,'graduated':0,'outcome_logs_written':0,'redeleted':0,'replaced':0,'spared':0}	{}
2e2bd21ad36ccf09597583f572874069	0	ref_object_cleanup	376432	{'namespaces_planned':2,'suppressed':0,'trim_enabled':1}	{'CASGCGet':258,'CASOtherGet':258,'CASRefCleanupObjectsDeleted':258,'CASRootDelete':258,'CASRootGet':4,'CASRootHead':258,'ContextLock':2338,'DiskConnectionsCreated':16,'DiskConnectionsElapsedMicroseconds':969,'DiskConnectionsExpired':16,'DiskConnectionsPreserved':1540,'DiskConnectionsReused':1540,'DiskS3DeleteObjects':258,'DiskS3GetObject':520,'DiskS3HeadObject':778,'DiskS3ReadMicroseconds':184177,'DiskS3ReadRequestsCount':1298,'DiskS3WriteMicroseconds':98253,'DiskS3WriteRequestAttempts':258,'DiskS3WriteRequestsCount':258,'IOBufferAllocBytes':2282547,'IOBufferAllocs':520,'MemoryAllocatedWithoutCheck':3112,'MemoryAllocatedWithoutCheckBytes':3385856,'ReadBufferFromS3Bytes':119867,'ReadBufferFromS3InitMicroseconds':114268,'ReadBufferFromS3Microseconds':115097,'S3GetObject':520,'S3HeadObject':778,'S3ReadMicroseconds':184177,'S3ReadRequestsCount':1298,'S3WriteMicroseconds':98253,'S3WriteRequestAttempts':258,'S3WriteRequestsCount':258}
2e2bd21ad36ccf09597583f572874069	0	round_commit	3008	{'generation':78,'generations_referenced':2,'generations_visited':1,'pruned_through':75,'round':78}	{'CASConditionalWriteAttempts':1,'CASConditionalWriteCommitted':1,'CASGCCompareSwap':1,'CASGCDelete':2,'CASGCEnumerationPages':1,'CASGCList':1,'ContextLock':3,'DiskConnectionsPreserved':2,'DiskConnectionsReused':2,'DiskS3DeleteObjects':2,'DiskS3WriteMicroseconds':956,'DiskS3WriteRequestAttempts':2,'DiskS3WriteRequestsCount':2,'GlobalThreadPoolJobs':1,'IOBufferAllocBytes':1048639,'IOBufferAllocs':1,'LocalThreadPoolExpansions':1,'LocalThreadPoolJobs':2,'LocalThreadPoolShrinks':1,'LocalThreadPoolThreadCreationMicroseconds':4,'LogTrace':3,'MemoryAllocatedWithoutCheck':4,'MemoryAllocatedWithoutCheckBytes':4352,'S3WriteMicroseconds':956,'S3WriteRequestAttempts':2,'S3WriteRequestsCount':2,'WriteBufferFromS3Bytes':143}
30c408f14d3691276d3965380cc2c94c	0	manifest_deletes	0	{'attempted':0,'deleted':0,'suppressed':0}	{}
30c408f14d3691276d3965380cc2c94c	0	namespace_cleanup	19059	{'evidence_rows':0,'janitor_deleted':0,'janitor_keys':280,'janitor_pages':1,'leaked':0}	{'CASConditionalWriteAttempts':1,'CASConditionalWriteCommitted':1,'CASGCCompareSwap':1,'CASGCGet':2,'CASOtherGet':1,'CASRootList':1,'ContextLock':13,'DiskConnectionsPreserved':6,'DiskConnectionsReused':6,'DiskS3GetObject':3,'DiskS3HeadObject':3,'DiskS3ReadMicroseconds':1219,'DiskS3ReadRequestsCount':6,'GlobalThreadPoolJobs':1,'IOBufferAllocBytes':1061623,'IOBufferAllocs':4,'LocalThreadPoolExpansions':1,'LocalThreadPoolJobs':2,'LocalThreadPoolShrinks':1,'LocalThreadPoolThreadCreationMicroseconds':2,'LogTrace':3,'MemoryAllocatedWithoutCheck':12,'MemoryAllocatedWithoutCheckBytes':13056,'ReadBufferFromS3Bytes':507,'ReadBufferFromS3InitMicroseconds':890,'ReadBufferFromS3Microseconds':897,'S3GetObject':3,'S3HeadObject':3,'S3ReadMicroseconds':1219,'S3ReadRequestsCount':6,'WriteBufferFromS3Bytes':53}
30c408f14d3691276d3965380cc2c94c	0	orphan_sweep	2	{'cursor_advanced':0,'deleted':0,'list_budget_keys':1000,'listed':144,'retained_hold':0,'retained_no_coverage':0,'retained_tail_removal':0,'retained_unconsumed_seal':0,'skipped':144,'suppressed':0}	{}
30c408f14d3691276d3965380cc2c94c	0	pending_deletes	1	{'absent':0,'deleted':0,'graduated':0,'outcome_logs_written':0,'redeleted':0,'replaced':0,'spared':0}	{}
30c408f14d3691276d3965380cc2c94c	0	ref_object_cleanup	1472	{'namespaces_planned':2,'suppressed':0,'trim_enabled':1}	{'CASRootGet':4,'ContextLock':16,'DiskConnectionsPreserved':8,'DiskConnectionsReused':8,'DiskS3GetObject':4,'DiskS3HeadObject':4,'DiskS3ReadMicroseconds':982,'DiskS3ReadRequestsCount':8,'IOBufferAllocBytes':18132,'IOBufferAllocs':4,'MemoryAllocatedWithoutCheck':16,'MemoryAllocatedWithoutCheckBytes':17408,'ReadBufferFromS3Bytes':1496,'ReadBufferFromS3InitMicroseconds':726,'ReadBufferFromS3Microseconds':730,'S3GetObject':4,'S3HeadObject':4,'S3ReadMicroseconds':982,'S3ReadRequestsCount':8}
30c408f14d3691276d3965380cc2c94c	0	round_commit	2468	{'generation':71,'generations_referenced':2,'generations_visited':1,'pruned_through':68,'round':71}	{'CASConditionalWriteAttempts':1,'CASConditionalWriteCommitted':1,'CASGCCompareSwap':1,'CASGCDelete':2,'CASGCEnumerationPages':1,'CASGCList':1,'ContextLock':3,'DiskConnectionsPreserved':2,'DiskConnectionsReused':2,'DiskS3DeleteObjects':2,'DiskS3WriteMicroseconds':798,'DiskS3WriteRequestAttempts':2,'DiskS3WriteRequestsCount':2,'GlobalThreadPoolJobs':1,'IOBufferAllocBytes':1048639,'IOBufferAllocs':1,'LocalThreadPoolExpansions':1,'LocalThreadPoolJobs':2,'LocalThreadPoolShrinks':1,'LocalThreadPoolThreadCreationMicroseconds':3,'LogTrace':3,'MemoryAllocatedWithoutCheck':4,'MemoryAllocatedWithoutCheckBytes':4352,'S3WriteMicroseconds':798,'S3WriteRequestAttempts':2,'S3WriteRequestsCount':2,'WriteBufferFromS3Bytes':141}
30c68facd6e8d1e277145583917d92d8	0	manifest_deletes	87771	{'attempted':132,'deleted':132,'suppressed':0}	{'CASManifestDelete':132,'ContextLock':264,'DiskConnectionsCreated':1,'DiskConnectionsElapsedMicroseconds':81,'DiskConnectionsExpired':7,'DiskConnectionsPreserved':125,'DiskConnectionsReused':131,'DiskS3DeleteObjects':132,'DiskS3WriteMicroseconds':76364,'DiskS3WriteRequestAttempts':132,'DiskS3WriteRequestsCount':132,'MemoryAllocatedWithoutCheck':252,'MemoryAllocatedWithoutCheckBytes':274176,'S3WriteMicroseconds':76364,'S3WriteRequestAttempts':132,'S3WriteRequestsCount':132}
30c68facd6e8d1e277145583917d92d8	0	namespace_cleanup	20765	{'evidence_rows':0,'janitor_deleted':0,'janitor_keys':179,'janitor_pages':1,'leaked':0}	{'CASConditionalWriteAttempts':1,'CASConditionalWriteCommitted':1,'CASGCCompareSwap':1,'CASGCGet':2,'CASOtherGet':1,'CASRootList':1,'ContextLock':13,'DiskConnectionsPreserved':6,'DiskConnectionsReused':6,'DiskS3GetObject':3,'DiskS3HeadObject':3,'DiskS3ReadMicroseconds':1158,'DiskS3ReadRequestsCount':6,'GlobalThreadPoolJobs':1,'IOBufferAllocBytes':1061628,'IOBufferAllocs':4,'LocalThreadPoolExpansions':1,'LocalThreadPoolJobs':2,'LocalThreadPoolShrinks':1,'LocalThreadPoolThreadCreationMicroseconds':4,'LogTrace':3,'MemoryAllocatedWithoutCheck':12,'MemoryAllocatedWithoutCheckBytes':13056,'ReadBufferFromS3Bytes':512,'ReadBufferFromS3InitMicroseconds':805,'ReadBufferFromS3Microseconds':816,'S3GetObject':3,'S3HeadObject':3,'S3ReadMicroseconds':1158,'S3ReadRequestsCount':6,'WriteBufferFromS3Bytes':53}
30c68facd6e8d1e277145583917d92d8	0	orphan_sweep	2	{'cursor_advanced':0,'deleted':0,'list_budget_keys':1000,'listed':267,'retained_hold':0,'retained_no_coverage':0,'retained_tail_removal':0,'retained_unconsumed_seal':0,'skipped':267,'suppressed':0}	{}
30c68facd6e8d1e277145583917d92d8	0	pending_deletes	1	{'absent':0,'deleted':0,'graduated':0,'outcome_logs_written':0,'redeleted':0,'replaced':0,'spared':0}	{}
30c68facd6e8d1e277145583917d92d8	0	ref_object_cleanup	1868	{'namespaces_planned':2,'suppressed':0,'trim_enabled':1}	{'CASRootGet':4,'ContextLock':16,'DiskConnectionsPreserved':8,'DiskConnectionsReused':8,'DiskS3GetObject':4,'DiskS3HeadObject':4,'DiskS3ReadMicroseconds':1251,'DiskS3ReadRequestsCount':8,'IOBufferAllocBytes':19158,'IOBufferAllocs':4,'MemoryAllocatedWithoutCheck':16,'MemoryAllocatedWithoutCheckBytes':17408,'ReadBufferFromS3Bytes':2522,'ReadBufferFromS3InitMicroseconds':876,'ReadBufferFromS3Microseconds':884,'S3GetObject':4,'S3HeadObject':4,'S3ReadMicroseconds':1251,'S3ReadRequestsCount':8}
30c68facd6e8d1e277145583917d92d8	0	round_commit	3362	{'generation':105,'generations_referenced':2,'generations_visited':1,'pruned_through':102,'round':105}	{'CASConditionalWriteAttempts':1,'CASConditionalWriteCommitted':1,'CASGCCompareSwap':1,'CASGCDelete':2,'CASGCEnumerationPages':1,'CASGCList':1,'ContextLock':3,'DiskConnectionsPreserved':2,'DiskConnectionsReused':2,'DiskS3DeleteObjects':2,'DiskS3WriteMicroseconds':1277,'DiskS3WriteRequestAttempts':2,'DiskS3WriteRequestsCount':2,'GlobalThreadPoolJobs':1,'IOBufferAllocBytes':1048639,'IOBufferAllocs':1,'LocalThreadPoolExpansions':1,'LocalThreadPoolJobs':2,'LocalThreadPoolShrinks':1,'LocalThreadPoolThreadCreationMicroseconds':3,'LogTrace':3,'MemoryAllocatedWithoutCheck':4,'MemoryAllocatedWithoutCheckBytes':4352,'S3WriteMicroseconds':1277,'S3WriteRequestAttempts':2,'S3WriteRequestsCount':2,'WriteBufferFromS3Bytes':146}
3100276a412ddfbb0caa1c03f049faa9	0	namespace_cleanup	13640	{'evidence_rows':0,'janitor_deleted':0,'janitor_keys':239,'janitor_pages':1,'leaked':0}	{'CASGCGet':1,'CASOtherGet':1,'CASRootList':1,'ContextLock':8,'DiskConnectionsPreserved':4,'DiskConnectionsReused':4,'DiskS3GetObject':2,'DiskS3HeadObject':2,'DiskS3ReadMicroseconds':653,'DiskS3ReadRequestsCount':4,'GlobalThreadPoolJobs':1,'IOBufferAllocBytes':8684,'IOBufferAllocs':2,'LocalThreadPoolExpansions':1,'LocalThreadPoolJobs':1,'LocalThreadPoolShrinks':1,'LocalThreadPoolThreadCreationMicroseconds':3,'MemoryAllocatedWithoutCheck':8,'MemoryAllocatedWithoutCheckBytes':8704,'ReadBufferFromS3Bytes':366,'ReadBufferFromS3InitMicroseconds':446,'ReadBufferFromS3Microseconds':450,'S3GetObject':2,'S3HeadObject':2,'S3ReadMicroseconds':653,'S3ReadRequestsCount':4}
312aee091e3b6c96bd1cdaddf2d7c47c	0	manifest_deletes	0	{'attempted':0,'deleted':0,'suppressed':0}	{}
312aee091e3b6c96bd1cdaddf2d7c47c	0	namespace_cleanup	29916	{'evidence_rows':0,'janitor_deleted':0,'janitor_keys':244,'janitor_pages':1,'leaked':0}	{'CASConditionalWriteAttempts':1,'CASConditionalWriteCommitted':1,'CASGCCompareSwap':1,'CASGCGet':2,'CASOtherGet':1,'CASRootList':1,'ContextLock':13,'DiskConnectionsPreserved':6,'DiskConnectionsReused':6,'DiskS3GetObject':3,'DiskS3HeadObject':3,'DiskS3ReadMicroseconds':2131,'DiskS3ReadRequestsCount':6,'GlobalThreadPoolJobs':1,'IOBufferAllocBytes':1061623,'IOBufferAllocs':4,'LocalThreadPoolExpansions':1,'LocalThreadPoolJobs':2,'LocalThreadPoolShrinks':1,'LocalThreadPoolThreadCreationMicroseconds':3,'LogTrace':3,'MemoryAllocatedWithoutCheck':12,'MemoryAllocatedWithoutCheckBytes':13056,'ReadBufferFromS3Bytes':507,'ReadBufferFromS3InitMicroseconds':1428,'ReadBufferFromS3Microseconds':1441,'S3GetObject':3,'S3HeadObject':3,'S3ReadMicroseconds':2131,'S3ReadRequestsCount':6,'WriteBufferFromS3Bytes':53}
312aee091e3b6c96bd1cdaddf2d7c47c	0	orphan_sweep	2	{'cursor_advanced':0,'deleted':0,'list_budget_keys':1000,'listed':128,'retained_hold':0,'retained_no_coverage':0,'retained_tail_removal':0,'retained_unconsumed_seal':0,'skipped':128,'suppressed':0}	{}
312aee091e3b6c96bd1cdaddf2d7c47c	0	pending_deletes	2	{'absent':0,'deleted':0,'graduated':0,'outcome_logs_written':0,'redeleted':0,'replaced':0,'spared':0}	{}
312aee091e3b6c96bd1cdaddf2d7c47c	0	ref_object_cleanup	2633	{'namespaces_planned':2,'suppressed':0,'trim_enabled':1}	{'CASRootGet':4,'ContextLock':16,'DiskConnectionsPreserved':8,'DiskConnectionsReused':8,'DiskS3GetObject':4,'DiskS3HeadObject':4,'DiskS3ReadMicroseconds':1734,'DiskS3ReadRequestsCount':8,'IOBufferAllocBytes':18132,'IOBufferAllocs':4,'MemoryAllocatedWithoutCheck':16,'MemoryAllocatedWithoutCheckBytes':17408,'ReadBufferFromS3Bytes':1496,'ReadBufferFromS3InitMicroseconds':1258,'ReadBufferFromS3Microseconds':1269,'S3GetObject':4,'S3HeadObject':4,'S3ReadMicroseconds':1734,'S3ReadRequestsCount':8}
312aee091e3b6c96bd1cdaddf2d7c47c	0	round_commit	4136	{'generation':67,'generations_referenced':2,'generations_visited':1,'pruned_through':64,'round':67}	{'CASConditionalWriteAttempts':1,'CASConditionalWriteCommitted':1,'CASGCCompareSwap':1,'CASGCDelete':2,'CASGCEnumerationPages':1,'CASGCList':1,'ContextLock':3,'DiskConnectionsPreserved':2,'DiskConnectionsReused':2,'DiskS3DeleteObjects':2,'DiskS3WriteMicroseconds':1470,'DiskS3WriteRequestAttempts':2,'DiskS3WriteRequestsCount':2,'GlobalThreadPoolJobs':1,'IOBufferAllocBytes':1048639,'IOBufferAllocs':1,'LocalThreadPoolExpansions':1,'LocalThreadPoolJobs':2,'LocalThreadPoolShrinks':1,'LocalThreadPoolThreadCreationMicroseconds':5,'LogTrace':3,'MemoryAllocatedWithoutCheck':4,'MemoryAllocatedWithoutCheckBytes':4352,'S3WriteMicroseconds':1470,'S3WriteRequestAttempts':2,'S3WriteRequestsCount':2,'WriteBufferFromS3Bytes':141}
31a545b2150b6148c602570ab3f6bf3b	0	namespace_cleanup	26690	{'evidence_rows':0,'janitor_deleted':0,'janitor_keys':239,'janitor_pages':1,'leaked':0}	{'CASGCGet':1,'CASOtherGet':1,'CASRootList':1,'ContextLock':8,'DiskConnectionsPreserved':4,'DiskConnectionsReused':4,'DiskS3GetObject':2,'DiskS3HeadObject':2,'DiskS3ReadMicroseconds':1257,'DiskS3ReadRequestsCount':4,'GlobalThreadPoolJobs':1,'IOBufferAllocBytes':8684,'IOBufferAllocs':2,'LocalThreadPoolExpansions':1,'LocalThreadPoolJobs':1,'LocalThreadPoolShrinks':1,'LocalThreadPoolThreadCreationMicroseconds':3,'MemoryAllocatedWithoutCheck':8,'MemoryAllocatedWithoutCheckBytes':8704,'ReadBufferFromS3Bytes':366,'ReadBufferFromS3InitMicroseconds':878,'ReadBufferFromS3Microseconds':884,'S3GetObject':2,'S3HeadObject':2,'S3ReadMicroseconds':1257,'S3ReadRequestsCount':4}
325075d1d8bd9a68de137d834c70a373	0	manifest_deletes	0	{'attempted':0,'deleted':0,'suppressed':0}	{}
325075d1d8bd9a68de137d834c70a373	0	namespace_cleanup	31015	{'evidence_rows':0,'janitor_deleted':0,'janitor_keys':412,'janitor_pages':1,'leaked':0}	{'CASConditionalWriteAttempts':1,'CASConditionalWriteCommitted':1,'CASGCCompareSwap':1,'CASGCGet':2,'CASOtherGet':1,'CASRootList':1,'ContextLock':13,'DiskConnectionsPreserved':6,'DiskConnectionsReused':6,'DiskS3GetObject':3,'DiskS3HeadObject':3,'DiskS3ReadMicroseconds':1237,'DiskS3ReadRequestsCount':6,'GlobalThreadPoolJobs':1,'IOBufferAllocBytes':1061627,'IOBufferAllocs':4,'LocalThreadPoolExpansions':1,'LocalThreadPoolJobs':2,'LocalThreadPoolShrinks':1,'LocalThreadPoolThreadCreationMicroseconds':9,'LogTrace':3,'MemoryAllocatedWithoutCheck':12,'MemoryAllocatedWithoutCheckBytes':13056,'ReadBufferFromS3Bytes':511,'ReadBufferFromS3InitMicroseconds':800,'ReadBufferFromS3Microseconds':809,'S3GetObject':3,'S3HeadObject':3,'S3ReadMicroseconds':1237,'S3ReadRequestsCount':6,'WriteBufferFromS3Bytes':53}
325075d1d8bd9a68de137d834c70a373	0	orphan_sweep	2	{'cursor_advanced':0,'deleted':0,'list_budget_keys':1000,'listed':200,'retained_hold':0,'retained_no_coverage':0,'retained_tail_removal':0,'retained_unconsumed_seal':0,'skipped':200,'suppressed':0}	{}
325075d1d8bd9a68de137d834c70a373	0	pending_deletes	1	{'absent':0,'deleted':0,'graduated':0,'outcome_logs_written':0,'redeleted':0,'replaced':0,'spared':0}	{}
325075d1d8bd9a68de137d834c70a373	0	ref_object_cleanup	1776	{'namespaces_planned':2,'suppressed':0,'trim_enabled':1}	{'CASRootGet':4,'ContextLock':16,'DiskConnectionsPreserved':8,'DiskConnectionsReused':8,'DiskS3GetObject':4,'DiskS3HeadObject':4,'DiskS3ReadMicroseconds':1171,'DiskS3ReadRequestsCount':8,'IOBufferAllocBytes':18855,'IOBufferAllocs':4,'MemoryAllocatedWithoutCheck':16,'MemoryAllocatedWithoutCheckBytes':17408,'ReadBufferFromS3Bytes':2219,'ReadBufferFromS3InitMicroseconds':876,'ReadBufferFromS3Microseconds':883,'S3GetObject':4,'S3HeadObject':4,'S3ReadMicroseconds':1171,'S3ReadRequestsCount':8}
325075d1d8bd9a68de137d834c70a373	0	round_commit	3206	{'generation':101,'generations_referenced':1,'generations_visited':1,'pruned_through':98,'round':101}	{'CASConditionalWriteAttempts':1,'CASConditionalWriteCommitted':1,'CASGCCompareSwap':1,'CASGCDelete':2,'CASGCEnumerationPages':1,'CASGCList':1,'ContextLock':3,'DiskConnectionsPreserved':2,'DiskConnectionsReused':2,'DiskS3DeleteObjects':2,'DiskS3WriteMicroseconds':988,'DiskS3WriteRequestAttempts':2,'DiskS3WriteRequestsCount':2,'GlobalThreadPoolJobs':1,'IOBufferAllocBytes':1048639,'IOBufferAllocs':1,'LocalThreadPoolExpansions':1,'LocalThreadPoolJobs':2,'LocalThreadPoolShrinks':1,'LocalThreadPoolThreadCreationMicroseconds':3,'LogTrace':3,'MemoryAllocatedWithoutCheck':4,'MemoryAllocatedWithoutCheckBytes':4352,'S3WriteMicroseconds':988,'S3WriteRequestAttempts':2,'S3WriteRequestsCount':2,'WriteBufferFromS3Bytes':145}
3318effcf93b7ede42ab63547e193f58	0	namespace_cleanup	27517	{'evidence_rows':0,'janitor_deleted':0,'janitor_keys':412,'janitor_pages':1,'leaked':0}	{'CASGCGet':1,'CASOtherGet':1,'CASRootList':1,'ContextLock':8,'DiskConnectionsPreserved':4,'DiskConnectionsReused':4,'DiskS3GetObject':2,'DiskS3HeadObject':2,'DiskS3ReadMicroseconds':950,'DiskS3ReadRequestsCount':4,'GlobalThreadPoolJobs':1,'IOBufferAllocBytes':8684,'IOBufferAllocs':2,'LocalThreadPoolExpansions':1,'LocalThreadPoolJobs':1,'LocalThreadPoolShrinks':1,'LocalThreadPoolThreadCreationMicroseconds':2,'MemoryAllocatedWithoutCheck':8,'MemoryAllocatedWithoutCheckBytes':8704,'ReadBufferFromS3Bytes':366,'ReadBufferFromS3InitMicroseconds':611,'ReadBufferFromS3Microseconds':614,'S3GetObject':2,'S3HeadObject':2,'S3ReadMicroseconds':950,'S3ReadRequestsCount':4}
3828233aff44727e359f0071ce1ea252	0	namespace_cleanup	20781	{'evidence_rows':0,'janitor_deleted':0,'janitor_keys':239,'janitor_pages':1,'leaked':0}	{'CASGCGet':1,'CASOtherGet':1,'CASRootList':1,'ContextLock':8,'DiskConnectionsPreserved':4,'DiskConnectionsReused':4,'DiskS3GetObject':2,'DiskS3HeadObject':2,'DiskS3ReadMicroseconds':1380,'DiskS3ReadRequestsCount':4,'GlobalThreadPoolJobs':1,'IOBufferAllocBytes':8684,'IOBufferAllocs':2,'LocalThreadPoolExpansions':1,'LocalThreadPoolJobs':1,'LocalThreadPoolShrinks':1,'LocalThreadPoolThreadCreationMicroseconds':4,'MemoryAllocatedWithoutCheck':8,'MemoryAllocatedWithoutCheckBytes':8704,'ReadBufferFromS3Bytes':366,'ReadBufferFromS3InitMicroseconds':962,'ReadBufferFromS3Microseconds':985,'S3GetObject':2,'S3HeadObject':2,'S3ReadMicroseconds':1380,'S3ReadRequestsCount':4}
3c14d377adfe47ea8e66ce4ffb2468ea	0	namespace_cleanup	28914	{'evidence_rows':0,'janitor_deleted':0,'janitor_keys':412,'janitor_pages':1,'leaked':0}	{'CASGCGet':1,'CASOtherGet':1,'CASRootList':1,'ContextLock':8,'DiskConnectionsPreserved':4,'DiskConnectionsReused':4,'DiskS3GetObject':2,'DiskS3HeadObject':2,'DiskS3ReadMicroseconds':1006,'DiskS3ReadRequestsCount':4,'GlobalThreadPoolJobs':1,'IOBufferAllocBytes':8684,'IOBufferAllocs':2,'LocalThreadPoolExpansions':1,'LocalThreadPoolJobs':1,'LocalThreadPoolShrinks':1,'LocalThreadPoolThreadCreationMicroseconds':3,'MemoryAllocatedWithoutCheck':8,'MemoryAllocatedWithoutCheckBytes':8704,'ReadBufferFromS3Bytes':366,'ReadBufferFromS3InitMicroseconds':670,'ReadBufferFromS3Microseconds':677,'S3GetObject':2,'S3HeadObject':2,'S3ReadMicroseconds':1006,'S3ReadRequestsCount':4}
3c3f574b3d1e63cd830d930568aa40b4	0	namespace_cleanup	29641	{'evidence_rows':0,'janitor_deleted':0,'janitor_keys':412,'janitor_pages':1,'leaked':0}	{'CASGCGet':1,'CASOtherGet':1,'CASRootList':1,'ContextLock':8,'DiskConnectionsPreserved':4,'DiskConnectionsReused':4,'DiskS3GetObject':2,'DiskS3HeadObject':2,'DiskS3ReadMicroseconds':1195,'DiskS3ReadRequestsCount':4,'GlobalThreadPoolJobs':1,'IOBufferAllocBytes':8684,'IOBufferAllocs':2,'LocalThreadPoolExpansions':1,'LocalThreadPoolJobs':1,'LocalThreadPoolShrinks':1,'LocalThreadPoolThreadCreationMicroseconds':4,'MemoryAllocatedWithoutCheck':8,'MemoryAllocatedWithoutCheckBytes':8704,'ReadBufferFromS3Bytes':366,'ReadBufferFromS3InitMicroseconds':827,'ReadBufferFromS3Microseconds':835,'S3GetObject':2,'S3HeadObject':2,'S3ReadMicroseconds':1195,'S3ReadRequestsCount':4}
3ebd73b24800ccffec8a3474bd10cd86	0	namespace_cleanup	26190	{'evidence_rows':0,'janitor_deleted':0,'janitor_keys':217,'janitor_pages':1,'leaked':0}	{'CASGCGet':1,'CASOtherGet':1,'CASRootList':1,'ContextLock':8,'DiskConnectionsPreserved':4,'DiskConnectionsReused':4,'DiskS3GetObject':2,'DiskS3HeadObject':2,'DiskS3ReadMicroseconds':1121,'DiskS3ReadRequestsCount':4,'GlobalThreadPoolJobs':1,'IOBufferAllocBytes':8684,'IOBufferAllocs':2,'LocalThreadPoolExpansions':1,'LocalThreadPoolJobs':1,'LocalThreadPoolShrinks':1,'LocalThreadPoolThreadCreationMicroseconds':4,'MemoryAllocatedWithoutCheck':8,'MemoryAllocatedWithoutCheckBytes':8704,'ReadBufferFromS3Bytes':366,'ReadBufferFromS3InitMicroseconds':778,'ReadBufferFromS3Microseconds':783,'S3GetObject':2,'S3HeadObject':2,'S3ReadMicroseconds':1121,'S3ReadRequestsCount':4}
3f0a09ba275e351873156d90a6573fd4	0	namespace_cleanup	21205	{'evidence_rows':0,'janitor_deleted':0,'janitor_keys':280,'janitor_pages':1,'leaked':0}	{'CASGCGet':1,'CASOtherGet':1,'CASRootList':1,'ContextLock':8,'DiskConnectionsPreserved':4,'DiskConnectionsReused':4,'DiskS3GetObject':2,'DiskS3HeadObject':2,'DiskS3ReadMicroseconds':1063,'DiskS3ReadRequestsCount':4,'GlobalThreadPoolJobs':1,'IOBufferAllocBytes':8684,'IOBufferAllocs':2,'LocalThreadPoolExpansions':1,'LocalThreadPoolJobs':1,'LocalThreadPoolShrinks':1,'LocalThreadPoolThreadCreationMicroseconds':2,'MemoryAllocatedWithoutCheck':8,'MemoryAllocatedWithoutCheckBytes':8704,'ReadBufferFromS3Bytes':366,'ReadBufferFromS3InitMicroseconds':744,'ReadBufferFromS3Microseconds':757,'S3GetObject':2,'S3HeadObject':2,'S3ReadMicroseconds':1063,'S3ReadRequestsCount':4}
42903931db2c49199c2177a24bc97e98	0	namespace_cleanup	29701	{'evidence_rows':0,'janitor_deleted':0,'janitor_keys':258,'janitor_pages':1,'leaked':0}	{'CASGCGet':1,'CASOtherGet':1,'CASRootList':1,'ContextLock':8,'DiskConnectionsExpired':1,'DiskConnectionsPreserved':3,'DiskConnectionsReused':4,'DiskS3GetObject':2,'DiskS3HeadObject':2,'DiskS3ReadMicroseconds':1584,'DiskS3ReadRequestsCount':4,'GlobalThreadPoolJobs':1,'IOBufferAllocBytes':8684,'IOBufferAllocs':2,'LocalThreadPoolExpansions':1,'LocalThreadPoolJobs':1,'LocalThreadPoolShrinks':1,'LocalThreadPoolThreadCreationMicroseconds':3,'MemoryAllocatedWithoutCheck':6,'MemoryAllocatedWithoutCheckBytes':6528,'ReadBufferFromS3Bytes':366,'ReadBufferFromS3InitMicroseconds':874,'ReadBufferFromS3Microseconds':883,'S3GetObject':2,'S3HeadObject':2,'S3ReadMicroseconds':1584,'S3ReadRequestsCount':4}
433942e20e195eac38223864703f20e6	0	namespace_cleanup	21603	{'evidence_rows':0,'janitor_deleted':0,'janitor_keys':276,'janitor_pages':1,'leaked':0}	{'CASGCGet':1,'CASOtherGet':1,'CASRootList':1,'ContextLock':8,'DiskConnectionsPreserved':4,'DiskConnectionsReused':4,'DiskS3GetObject':2,'DiskS3HeadObject':2,'DiskS3ReadMicroseconds':1176,'DiskS3ReadRequestsCount':4,'GlobalThreadPoolJobs':1,'IOBufferAllocBytes':8684,'IOBufferAllocs':2,'LocalThreadPoolExpansions':1,'LocalThreadPoolJobs':1,'LocalThreadPoolShrinks':1,'LocalThreadPoolThreadCreationMicroseconds':4,'MemoryAllocatedWithoutCheck':8,'MemoryAllocatedWithoutCheckBytes':8704,'ReadBufferFromS3Bytes':366,'ReadBufferFromS3InitMicroseconds':616,'ReadBufferFromS3Microseconds':623,'S3GetObject':2,'S3HeadObject':2,'S3ReadMicroseconds':1176,'S3ReadRequestsCount':4}
476b013ee345270872cdbe723686077c	0	namespace_cleanup	15932	{'evidence_rows':0,'janitor_deleted':0,'janitor_keys':167,'janitor_pages':1,'leaked':0}	{'CASGCGet':1,'CASOtherGet':1,'CASRootList':1,'ContextLock':8,'DiskConnectionsPreserved':4,'DiskConnectionsReused':4,'DiskS3GetObject':2,'DiskS3HeadObject':2,'DiskS3ReadMicroseconds':930,'DiskS3ReadRequestsCount':4,'GlobalThreadPoolJobs':1,'IOBufferAllocBytes':8684,'IOBufferAllocs':2,'LocalThreadPoolExpansions':1,'LocalThreadPoolJobs':1,'LocalThreadPoolShrinks':1,'LocalThreadPoolThreadCreationMicroseconds':3,'MemoryAllocatedWithoutCheck':8,'MemoryAllocatedWithoutCheckBytes':8704,'ReadBufferFromS3Bytes':366,'ReadBufferFromS3InitMicroseconds':593,'ReadBufferFromS3Microseconds':600,'S3GetObject':2,'S3HeadObject':2,'S3ReadMicroseconds':930,'S3ReadRequestsCount':4}
4942cb78791286275cca729e866021df	0	manifest_deletes	0	{'attempted':0,'deleted':0,'suppressed':0}	{}
4942cb78791286275cca729e866021df	0	namespace_cleanup	14995	{'evidence_rows':0,'janitor_deleted':0,'janitor_keys':141,'janitor_pages':1,'leaked':0}	{'CASConditionalWriteAttempts':1,'CASConditionalWriteCommitted':1,'CASGCCompareSwap':1,'CASGCGet':2,'CASOtherGet':1,'CASRootList':1,'ContextLock':13,'DiskConnectionsPreserved':6,'DiskConnectionsReused':6,'DiskS3GetObject':3,'DiskS3HeadObject':3,'DiskS3ReadMicroseconds':1383,'DiskS3ReadRequestsCount':6,'GlobalThreadPoolJobs':1,'IOBufferAllocBytes':1061625,'IOBufferAllocs':4,'LocalThreadPoolExpansions':1,'LocalThreadPoolJobs':2,'LocalThreadPoolShrinks':1,'LocalThreadPoolThreadCreationMicroseconds':2,'LogTrace':3,'MemoryAllocatedWithoutCheck':12,'MemoryAllocatedWithoutCheckBytes':13056,'ReadBufferFromS3Bytes':509,'ReadBufferFromS3InitMicroseconds':886,'ReadBufferFromS3Microseconds':896,'S3GetObject':3,'S3HeadObject':3,'S3ReadMicroseconds':1383,'S3ReadRequestsCount':6,'WriteBufferFromS3Bytes':53}
4942cb78791286275cca729e866021df	0	orphan_sweep	2	{'cursor_advanced':0,'deleted':0,'list_budget_keys':1000,'listed':197,'retained_hold':0,'retained_no_coverage':0,'retained_tail_removal':0,'retained_unconsumed_seal':0,'skipped':197,'suppressed':0}	{}
4942cb78791286275cca729e866021df	0	pending_deletes	2	{'absent':0,'deleted':0,'graduated':0,'outcome_logs_written':0,'redeleted':0,'replaced':0,'spared':0}	{}
4942cb78791286275cca729e866021df	0	ref_object_cleanup	2241	{'namespaces_planned':2,'suppressed':0,'trim_enabled':1}	{'CASRootGet':4,'ContextLock':16,'DiskConnectionsPreserved':8,'DiskConnectionsReused':8,'DiskS3GetObject':4,'DiskS3HeadObject':4,'DiskS3ReadMicroseconds':1399,'DiskS3ReadRequestsCount':8,'IOBufferAllocBytes':18855,'IOBufferAllocs':4,'MemoryAllocatedWithoutCheck':16,'MemoryAllocatedWithoutCheckBytes':17408,'ReadBufferFromS3Bytes':2219,'ReadBufferFromS3InitMicroseconds':1062,'ReadBufferFromS3Microseconds':1074,'S3GetObject':4,'S3HeadObject':4,'S3ReadMicroseconds':1399,'S3ReadRequestsCount':8}
4942cb78791286275cca729e866021df	0	round_commit	3151	{'generation':79,'generations_referenced':2,'generations_visited':1,'pruned_through':76,'round':79}	{'CASConditionalWriteAttempts':1,'CASConditionalWriteCommitted':1,'CASGCCompareSwap':1,'CASGCDelete':2,'CASGCEnumerationPages':1,'CASGCList':1,'ContextLock':3,'DiskConnectionsPreserved':2,'DiskConnectionsReused':2,'DiskS3DeleteObjects':2,'DiskS3WriteMicroseconds':1047,'DiskS3WriteRequestAttempts':2,'DiskS3WriteRequestsCount':2,'GlobalThreadPoolJobs':1,'IOBufferAllocBytes':1048639,'IOBufferAllocs':1,'LocalThreadPoolExpansions':1,'LocalThreadPoolJobs':2,'LocalThreadPoolShrinks':1,'LocalThreadPoolThreadCreationMicroseconds':5,'LogTrace':3,'MemoryAllocatedWithoutCheck':4,'MemoryAllocatedWithoutCheckBytes':4352,'S3WriteMicroseconds':1047,'S3WriteRequestAttempts':2,'S3WriteRequestsCount':2,'WriteBufferFromS3Bytes':143}
4d20e6ff56503fdb7a922bc62fcc3ba6	0	manifest_deletes	870	{'attempted':1,'deleted':1,'suppressed':0}	{'CASManifestDelete':1,'ContextLock':2,'DiskConnectionsPreserved':1,'DiskConnectionsReused':1,'DiskS3DeleteObjects':1,'DiskS3WriteMicroseconds':751,'DiskS3WriteRequestAttempts':1,'DiskS3WriteRequestsCount':1,'MemoryAllocatedWithoutCheck':2,'MemoryAllocatedWithoutCheckBytes':2176,'S3WriteMicroseconds':751,'S3WriteRequestAttempts':1,'S3WriteRequestsCount':1}
4d20e6ff56503fdb7a922bc62fcc3ba6	0	namespace_cleanup	29360	{'evidence_rows':0,'janitor_deleted':0,'janitor_keys':233,'janitor_pages':1,'leaked':0}	{'CASConditionalWriteAttempts':1,'CASConditionalWriteCommitted':1,'CASGCCompareSwap':1,'CASGCGet':2,'CASOtherGet':1,'CASRootList':1,'ContextLock':13,'DiskConnectionsPreserved':6,'DiskConnectionsReused':6,'DiskS3GetObject':3,'DiskS3HeadObject':3,'DiskS3ReadMicroseconds':1213,'DiskS3ReadRequestsCount':6,'GlobalThreadPoolJobs':1,'IOBufferAllocBytes':1061623,'IOBufferAllocs':4,'LocalThreadPoolExpansions':1,'LocalThreadPoolJobs':2,'LocalThreadPoolShrinks':1,'LocalThreadPoolThreadCreationMicroseconds':2,'LogTrace':3,'MemoryAllocatedWithoutCheck':12,'MemoryAllocatedWithoutCheckBytes':13056,'ReadBufferFromS3Bytes':507,'ReadBufferFromS3InitMicroseconds':804,'ReadBufferFromS3Microseconds':811,'S3GetObject':3,'S3HeadObject':3,'S3ReadMicroseconds':1213,'S3ReadRequestsCount':6,'WriteBufferFromS3Bytes':53}
4d20e6ff56503fdb7a922bc62fcc3ba6	0	orphan_sweep	2	{'cursor_advanced':0,'deleted':0,'list_budget_keys':1000,'listed':121,'retained_hold':0,'retained_no_coverage':0,'retained_tail_removal':0,'retained_unconsumed_seal':0,'skipped':121,'suppressed':0}	{}
4d20e6ff56503fdb7a922bc62fcc3ba6	0	pending_deletes	1	{'absent':0,'deleted':0,'graduated':0,'outcome_logs_written':0,'redeleted':0,'replaced':0,'spared':0}	{}
4d20e6ff56503fdb7a922bc62fcc3ba6	0	ref_object_cleanup	2001	{'namespaces_planned':2,'suppressed':0,'trim_enabled':1}	{'CASRootGet':4,'ContextLock':16,'DiskConnectionsPreserved':8,'DiskConnectionsReused':8,'DiskS3GetObject':4,'DiskS3HeadObject':4,'DiskS3ReadMicroseconds':1415,'DiskS3ReadRequestsCount':8,'IOBufferAllocBytes':18132,'IOBufferAllocs':4,'MemoryAllocatedWithoutCheck':16,'MemoryAllocatedWithoutCheckBytes':17408,'ReadBufferFromS3Bytes':1496,'ReadBufferFromS3InitMicroseconds':958,'ReadBufferFromS3Microseconds':964,'S3GetObject':4,'S3HeadObject':4,'S3ReadMicroseconds':1415,'S3ReadRequestsCount':8}
4d20e6ff56503fdb7a922bc62fcc3ba6	0	round_commit	5879	{'generation':65,'generations_referenced':2,'generations_visited':1,'pruned_through':62,'round':65}	{'CASConditionalWriteAttempts':1,'CASConditionalWriteCommitted':1,'CASGCCompareSwap':1,'CASGCDelete':3,'CASGCEnumerationPages':1,'CASGCList':1,'ContextLock':4,'DiskConnectionsPreserved':3,'DiskConnectionsReused':3,'DiskS3DeleteObjects':3,'DiskS3WriteMicroseconds':2458,'DiskS3WriteRequestAttempts':3,'DiskS3WriteRequestsCount':3,'GlobalThreadPoolJobs':1,'IOBufferAllocBytes':1048639,'IOBufferAllocs':1,'LocalThreadPoolExpansions':1,'LocalThreadPoolJobs':2,'LocalThreadPoolShrinks':1,'LocalThreadPoolThreadCreationMicroseconds':4,'LogTrace':3,'MemoryAllocatedWithoutCheck':6,'MemoryAllocatedWithoutCheckBytes':6528,'S3WriteMicroseconds':2458,'S3WriteRequestAttempts':3,'S3WriteRequestsCount':3,'WriteBufferFromS3Bytes':141}
5014bbb5efd67c2a917fd103bb329371	0	namespace_cleanup	40865	{'evidence_rows':0,'janitor_deleted':0,'janitor_keys':412,'janitor_pages':1,'leaked':0}	{'CASGCGet':1,'CASOtherGet':1,'CASRootList':1,'ContextLock':8,'DiskConnectionsPreserved':4,'DiskConnectionsReused':4,'DiskS3GetObject':2,'DiskS3HeadObject':2,'DiskS3ReadMicroseconds':1158,'DiskS3ReadRequestsCount':4,'GlobalThreadPoolJobs':1,'IOBufferAllocBytes':8684,'IOBufferAllocs':2,'LocalThreadPoolExpansions':1,'LocalThreadPoolJobs':1,'LocalThreadPoolShrinks':1,'LocalThreadPoolThreadCreationMicroseconds':5,'MemoryAllocatedWithoutCheck':8,'MemoryAllocatedWithoutCheckBytes':8704,'ReadBufferFromS3Bytes':366,'ReadBufferFromS3InitMicroseconds':932,'ReadBufferFromS3Microseconds':938,'S3GetObject':2,'S3HeadObject':2,'S3ReadMicroseconds':1158,'S3ReadRequestsCount':4}
5ac6014a798d847e9e6bd74d5ff975b0	0	manifest_deletes	1	{'attempted':0,'deleted':0,'suppressed':0}	{}
5ac6014a798d847e9e6bd74d5ff975b0	0	namespace_cleanup	26869	{'evidence_rows':0,'janitor_deleted':0,'janitor_keys':180,'janitor_pages':1,'leaked':0}	{'CASConditionalWriteAttempts':1,'CASConditionalWriteCommitted':1,'CASGCCompareSwap':1,'CASGCGet':2,'CASOtherGet':1,'CASRootList':1,'ContextLock':13,'DiskConnectionsPreserved':6,'DiskConnectionsReused':6,'DiskS3GetObject':3,'DiskS3HeadObject':3,'DiskS3ReadMicroseconds':2253,'DiskS3ReadRequestsCount':6,'GlobalThreadPoolJobs':1,'IOBufferAllocBytes':1061625,'IOBufferAllocs':4,'LocalThreadPoolExpansions':1,'LocalThreadPoolJobs':2,'LocalThreadPoolShrinks':1,'LocalThreadPoolThreadCreationMicroseconds':3,'LogTrace':3,'MemoryAllocatedWithoutCheck':12,'MemoryAllocatedWithoutCheckBytes':13056,'ReadBufferFromS3Bytes':509,'ReadBufferFromS3InitMicroseconds':1606,'ReadBufferFromS3Microseconds':1621,'S3GetObject':3,'S3HeadObject':3,'S3ReadMicroseconds':2253,'S3ReadRequestsCount':6,'WriteBufferFromS3Bytes':53}
5ac6014a798d847e9e6bd74d5ff975b0	0	orphan_sweep	3	{'cursor_advanced':0,'deleted':0,'list_budget_keys':1000,'listed':215,'retained_hold':0,'retained_no_coverage':0,'retained_tail_removal':0,'retained_unconsumed_seal':0,'skipped':215,'suppressed':0}	{}
5ac6014a798d847e9e6bd74d5ff975b0	0	pending_deletes	1	{'absent':0,'deleted':0,'graduated':0,'outcome_logs_written':0,'redeleted':0,'replaced':0,'spared':0}	{}
5ac6014a798d847e9e6bd74d5ff975b0	0	ref_object_cleanup	2792	{'namespaces_planned':2,'suppressed':0,'trim_enabled':1}	{'CASRootGet':4,'ContextLock':16,'DiskConnectionsPreserved':8,'DiskConnectionsReused':8,'DiskS3GetObject':4,'DiskS3HeadObject':4,'DiskS3ReadMicroseconds':1959,'DiskS3ReadRequestsCount':8,'IOBufferAllocBytes':18855,'IOBufferAllocs':4,'MemoryAllocatedWithoutCheck':16,'MemoryAllocatedWithoutCheckBytes':17408,'ReadBufferFromS3Bytes':2219,'ReadBufferFromS3InitMicroseconds':1368,'ReadBufferFromS3Microseconds':1378,'S3GetObject':4,'S3HeadObject':4,'S3ReadMicroseconds':1959,'S3ReadRequestsCount':8}
5ac6014a798d847e9e6bd74d5ff975b0	0	round_commit	4308	{'generation':82,'generations_referenced':2,'generations_visited':1,'pruned_through':79,'round':82}	{'CASConditionalWriteAttempts':1,'CASConditionalWriteCommitted':1,'CASGCCompareSwap':1,'CASGCDelete':2,'CASGCEnumerationPages':1,'CASGCList':1,'ContextLock':3,'DiskConnectionsPreserved':2,'DiskConnectionsReused':2,'DiskS3DeleteObjects':2,'DiskS3WriteMicroseconds':1647,'DiskS3WriteRequestAttempts':2,'DiskS3WriteRequestsCount':2,'GlobalThreadPoolJobs':1,'IOBufferAllocBytes':1048639,'IOBufferAllocs':1,'LocalThreadPoolExpansions':1,'LocalThreadPoolJobs':2,'LocalThreadPoolShrinks':1,'LocalThreadPoolThreadCreationMicroseconds':9,'LogTrace':3,'MemoryAllocatedWithoutCheck':4,'MemoryAllocatedWithoutCheckBytes':4352,'S3WriteMicroseconds':1647,'S3WriteRequestAttempts':2,'S3WriteRequestsCount':2,'WriteBufferFromS3Bytes':143}
5c7728c96a7b5a9b9627ffb732ec3a2b	0	namespace_cleanup	21124	{'evidence_rows':0,'janitor_deleted':0,'janitor_keys':258,'janitor_pages':1,'leaked':0}	{'CASGCGet':1,'CASOtherGet':1,'CASRootList':1,'ContextLock':8,'DiskConnectionsPreserved':4,'DiskConnectionsReused':4,'DiskS3GetObject':2,'DiskS3HeadObject':2,'DiskS3ReadMicroseconds':962,'DiskS3ReadRequestsCount':4,'GlobalThreadPoolJobs':1,'IOBufferAllocBytes':8684,'IOBufferAllocs':2,'LocalThreadPoolExpansions':1,'LocalThreadPoolJobs':1,'LocalThreadPoolShrinks':1,'LocalThreadPoolThreadCreationMicroseconds':3,'MemoryAllocatedWithoutCheck':8,'MemoryAllocatedWithoutCheckBytes':8704,'ReadBufferFromS3Bytes':366,'ReadBufferFromS3InitMicroseconds':652,'ReadBufferFromS3Microseconds':660,'S3GetObject':2,'S3HeadObject':2,'S3ReadMicroseconds':962,'S3ReadRequestsCount':4}
5fac265654f0bdb11e394c60c803fecc	0	manifest_deletes	0	{'attempted':0,'deleted':0,'suppressed':0}	{}
5fac265654f0bdb11e394c60c803fecc	0	namespace_cleanup	26520	{'evidence_rows':0,'janitor_deleted':0,'janitor_keys':208,'janitor_pages':1,'leaked':0}	{'CASConditionalWriteAttempts':1,'CASConditionalWriteCommitted':1,'CASGCCompareSwap':1,'CASGCGet':2,'CASOtherGet':1,'CASRootList':1,'ContextLock':13,'DiskConnectionsPreserved':6,'DiskConnectionsReused':6,'DiskS3GetObject':3,'DiskS3HeadObject':3,'DiskS3ReadMicroseconds':1796,'DiskS3ReadRequestsCount':6,'GlobalThreadPoolJobs':1,'IOBufferAllocBytes':1061625,'IOBufferAllocs':4,'LocalThreadPoolExpansions':1,'LocalThreadPoolJobs':2,'LocalThreadPoolShrinks':1,'LocalThreadPoolThreadCreationMicroseconds':3,'LogTrace':3,'MemoryAllocatedWithoutCheck':12,'MemoryAllocatedWithoutCheckBytes':13056,'ReadBufferFromS3Bytes':509,'ReadBufferFromS3InitMicroseconds':1102,'ReadBufferFromS3Microseconds':1113,'S3GetObject':3,'S3HeadObject':3,'S3ReadMicroseconds':1796,'S3ReadRequestsCount':6,'WriteBufferFromS3Bytes':53}
5fac265654f0bdb11e394c60c803fecc	0	orphan_sweep	2	{'cursor_advanced':0,'deleted':0,'list_budget_keys':1000,'listed':229,'retained_hold':0,'retained_no_coverage':0,'retained_tail_removal':0,'retained_unconsumed_seal':0,'skipped':229,'suppressed':0}	{}
5fac265654f0bdb11e394c60c803fecc	0	pending_deletes	2	{'absent':0,'deleted':0,'graduated':0,'outcome_logs_written':0,'redeleted':0,'replaced':0,'spared':0}	{}
5fac265654f0bdb11e394c60c803fecc	0	ref_object_cleanup	2734	{'namespaces_planned':2,'suppressed':0,'trim_enabled':1}	{'CASRootGet':4,'ContextLock':16,'DiskConnectionsPreserved':8,'DiskConnectionsReused':8,'DiskS3GetObject':4,'DiskS3HeadObject':4,'DiskS3ReadMicroseconds':1945,'DiskS3ReadRequestsCount':8,'IOBufferAllocBytes':18855,'IOBufferAllocs':4,'MemoryAllocatedWithoutCheck':16,'MemoryAllocatedWithoutCheckBytes':17408,'ReadBufferFromS3Bytes':2219,'ReadBufferFromS3InitMicroseconds':1289,'ReadBufferFromS3Microseconds':1301,'S3GetObject':4,'S3HeadObject':4,'S3ReadMicroseconds':1945,'S3ReadRequestsCount':8}
5fac265654f0bdb11e394c60c803fecc	0	round_commit	4189	{'generation':84,'generations_referenced':2,'generations_visited':1,'pruned_through':81,'round':84}	{'CASConditionalWriteAttempts':1,'CASConditionalWriteCommitted':1,'CASGCCompareSwap':1,'CASGCDelete':2,'CASGCEnumerationPages':1,'CASGCList':1,'ContextLock':3,'DiskConnectionsPreserved':2,'DiskConnectionsReused':2,'DiskS3DeleteObjects':2,'DiskS3WriteMicroseconds':1458,'DiskS3WriteRequestAttempts':2,'DiskS3WriteRequestsCount':2,'GlobalThreadPoolJobs':1,'IOBufferAllocBytes':1048639,'IOBufferAllocs':1,'LocalThreadPoolExpansions':1,'LocalThreadPoolJobs':2,'LocalThreadPoolShrinks':1,'LocalThreadPoolThreadCreationMicroseconds':4,'LogTrace':3,'MemoryAllocatedWithoutCheck':4,'MemoryAllocatedWithoutCheckBytes':4352,'S3WriteMicroseconds':1458,'S3WriteRequestAttempts':2,'S3WriteRequestsCount':2,'WriteBufferFromS3Bytes':143}
61b37d879aee110cc5e3f91e77e96d4a	0	namespace_cleanup	13306	{'evidence_rows':0,'janitor_deleted':0,'janitor_keys':141,'janitor_pages':1,'leaked':0}	{'CASGCGet':1,'CASOtherGet':1,'CASRootList':1,'ContextLock':8,'DiskConnectionsPreserved':4,'DiskConnectionsReused':4,'DiskS3GetObject':2,'DiskS3HeadObject':2,'DiskS3ReadMicroseconds':967,'DiskS3ReadRequestsCount':4,'GlobalThreadPoolJobs':1,'IOBufferAllocBytes':8684,'IOBufferAllocs':2,'LocalThreadPoolExpansions':1,'LocalThreadPoolJobs':1,'LocalThreadPoolShrinks':1,'LocalThreadPoolThreadCreationMicroseconds':3,'MemoryAllocatedWithoutCheck':8,'MemoryAllocatedWithoutCheckBytes':8704,'ReadBufferFromS3Bytes':366,'ReadBufferFromS3InitMicroseconds':661,'ReadBufferFromS3Microseconds':667,'S3GetObject':2,'S3HeadObject':2,'S3ReadMicroseconds':967,'S3ReadRequestsCount':4}
62757aee66ddfb8f00acc133ba290a2b	0	manifest_deletes	0	{'attempted':0,'deleted':0,'suppressed':0}	{}
62757aee66ddfb8f00acc133ba290a2b	0	namespace_cleanup	21429	{'evidence_rows':0,'janitor_deleted':0,'janitor_keys':260,'janitor_pages':1,'leaked':0}	{'CASConditionalWriteAttempts':1,'CASConditionalWriteCommitted':1,'CASGCCompareSwap':1,'CASGCGet':2,'CASOtherGet':1,'CASRootList':1,'ContextLock':13,'DiskConnectionsPreserved':6,'DiskConnectionsReused':6,'DiskS3GetObject':3,'DiskS3HeadObject':3,'DiskS3ReadMicroseconds':957,'DiskS3ReadRequestsCount':6,'GlobalThreadPoolJobs':1,'IOBufferAllocBytes':1061625,'IOBufferAllocs':4,'LocalThreadPoolExpansions':1,'LocalThreadPoolJobs':2,'LocalThreadPoolShrinks':1,'LocalThreadPoolThreadCreationMicroseconds':2,'LogTrace':3,'MemoryAllocatedWithoutCheck':12,'MemoryAllocatedWithoutCheckBytes':13056,'ReadBufferFromS3Bytes':509,'ReadBufferFromS3InitMicroseconds':695,'ReadBufferFromS3Microseconds':702,'S3GetObject':3,'S3HeadObject':3,'S3ReadMicroseconds':957,'S3ReadRequestsCount':6,'WriteBufferFromS3Bytes':53}
62757aee66ddfb8f00acc133ba290a2b	0	orphan_sweep	1	{'cursor_advanced':0,'deleted':0,'list_budget_keys':1000,'listed':255,'retained_hold':0,'retained_no_coverage':0,'retained_tail_removal':0,'retained_unconsumed_seal':0,'skipped':255,'suppressed':0}	{}
62757aee66ddfb8f00acc133ba290a2b	0	pending_deletes	1	{'absent':0,'deleted':0,'graduated':0,'outcome_logs_written':0,'redeleted':0,'replaced':0,'spared':0}	{}
62757aee66ddfb8f00acc133ba290a2b	0	ref_object_cleanup	2215	{'namespaces_planned':2,'suppressed':0,'trim_enabled':1}	{'CASRootGet':4,'ContextLock':16,'DiskConnectionsPreserved':8,'DiskConnectionsReused':8,'DiskS3GetObject':4,'DiskS3HeadObject':4,'DiskS3ReadMicroseconds':1431,'DiskS3ReadRequestsCount':8,'IOBufferAllocBytes':18855,'IOBufferAllocs':4,'MemoryAllocatedWithoutCheck':16,'MemoryAllocatedWithoutCheckBytes':17408,'ReadBufferFromS3Bytes':2219,'ReadBufferFromS3InitMicroseconds':1052,'ReadBufferFromS3Microseconds':1061,'S3GetObject':4,'S3HeadObject':4,'S3ReadMicroseconds':1431,'S3ReadRequestsCount':8}
62757aee66ddfb8f00acc133ba290a2b	0	round_commit	3553	{'generation':88,'generations_referenced':2,'generations_visited':1,'pruned_through':85,'round':88}	{'CASConditionalWriteAttempts':1,'CASConditionalWriteCommitted':1,'CASGCCompareSwap':1,'CASGCDelete':2,'CASGCEnumerationPages':1,'CASGCList':1,'ContextLock':3,'DiskConnectionsPreserved':2,'DiskConnectionsReused':2,'DiskS3DeleteObjects':2,'DiskS3WriteMicroseconds':1232,'DiskS3WriteRequestAttempts':2,'DiskS3WriteRequestsCount':2,'GlobalThreadPoolJobs':1,'IOBufferAllocBytes':1048639,'IOBufferAllocs':1,'LocalThreadPoolExpansions':1,'LocalThreadPoolJobs':2,'LocalThreadPoolShrinks':1,'LocalThreadPoolThreadCreationMicroseconds':4,'LogTrace':3,'MemoryAllocatedWithoutCheck':4,'MemoryAllocatedWithoutCheckBytes':4352,'S3WriteMicroseconds':1232,'S3WriteRequestAttempts':2,'S3WriteRequestsCount':2,'WriteBufferFromS3Bytes':143}
69f8ce1fde9434976134ed26a449e093	0	manifest_deletes	0	{'attempted':0,'deleted':0,'suppressed':0}	{}
69f8ce1fde9434976134ed26a449e093	0	namespace_cleanup	37913	{'evidence_rows':0,'janitor_deleted':0,'janitor_keys':380,'janitor_pages':1,'leaked':0}	{'CASConditionalWriteAttempts':1,'CASConditionalWriteCommitted':1,'CASGCCompareSwap':1,'CASGCGet':2,'CASOtherGet':1,'CASRootList':1,'ContextLock':13,'DiskConnectionsPreserved':6,'DiskConnectionsReused':6,'DiskS3GetObject':3,'DiskS3HeadObject':3,'DiskS3ReadMicroseconds':2043,'DiskS3ReadRequestsCount':6,'GlobalThreadPoolJobs':1,'IOBufferAllocBytes':1061625,'IOBufferAllocs':4,'LocalThreadPoolExpansions':1,'LocalThreadPoolJobs':2,'LocalThreadPoolShrinks':1,'LocalThreadPoolThreadCreationMicroseconds':3,'LogTrace':3,'MemoryAllocatedWithoutCheck':12,'MemoryAllocatedWithoutCheckBytes':13056,'ReadBufferFromS3Bytes':509,'ReadBufferFromS3InitMicroseconds':1398,'ReadBufferFromS3Microseconds':1413,'S3GetObject':3,'S3HeadObject':3,'S3ReadMicroseconds':2043,'S3ReadRequestsCount':6,'WriteBufferFromS3Bytes':53}
69f8ce1fde9434976134ed26a449e093	0	orphan_sweep	2	{'cursor_advanced':0,'deleted':0,'list_budget_keys':1000,'listed':253,'retained_hold':0,'retained_no_coverage':0,'retained_tail_removal':0,'retained_unconsumed_seal':0,'skipped':253,'suppressed':0}	{}
69f8ce1fde9434976134ed26a449e093	0	pending_deletes	2	{'absent':0,'deleted':0,'graduated':0,'outcome_logs_written':0,'redeleted':0,'replaced':0,'spared':0}	{}
69f8ce1fde9434976134ed26a449e093	0	ref_object_cleanup	2373	{'namespaces_planned':2,'suppressed':0,'trim_enabled':1}	{'CASRootGet':4,'ContextLock':16,'DiskConnectionsPreserved':8,'DiskConnectionsReused':8,'DiskS3GetObject':4,'DiskS3HeadObject':4,'DiskS3ReadMicroseconds':1716,'DiskS3ReadRequestsCount':8,'IOBufferAllocBytes':18855,'IOBufferAllocs':4,'MemoryAllocatedWithoutCheck':16,'MemoryAllocatedWithoutCheckBytes':17408,'ReadBufferFromS3Bytes':2219,'ReadBufferFromS3InitMicroseconds':1176,'ReadBufferFromS3Microseconds':1182,'S3GetObject':4,'S3HeadObject':4,'S3ReadMicroseconds':1716,'S3ReadRequestsCount':8}
69f8ce1fde9434976134ed26a449e093	0	round_commit	5053	{'generation':96,'generations_referenced':2,'generations_visited':1,'pruned_through':93,'round':96}	{'CASConditionalWriteAttempts':1,'CASConditionalWriteCommitted':1,'CASGCCompareSwap':1,'CASGCDelete':2,'CASGCEnumerationPages':1,'CASGCList':1,'ContextLock':3,'DiskConnectionsPreserved':2,'DiskConnectionsReused':2,'DiskS3DeleteObjects':2,'DiskS3WriteMicroseconds':1782,'DiskS3WriteRequestAttempts':2,'DiskS3WriteRequestsCount':2,'GlobalThreadPoolJobs':1,'IOBufferAllocBytes':1048639,'IOBufferAllocs':1,'LocalThreadPoolExpansions':1,'LocalThreadPoolJobs':2,'LocalThreadPoolShrinks':1,'LocalThreadPoolThreadCreationMicroseconds':5,'LogTrace':3,'MemoryAllocatedWithoutCheck':4,'MemoryAllocatedWithoutCheckBytes':4352,'S3WriteMicroseconds':1782,'S3WriteRequestAttempts':2,'S3WriteRequestsCount':2,'WriteBufferFromS3Bytes':143}
6fc7eae9f213d1f0ce6661cde60fa7d6	0	namespace_cleanup	17833	{'evidence_rows':0,'janitor_deleted':0,'janitor_keys':179,'janitor_pages':1,'leaked':0}	{'CASGCGet':1,'CASOtherGet':1,'CASRootList':1,'ContextLock':8,'DiskConnectionsPreserved':4,'DiskConnectionsReused':4,'DiskS3GetObject':2,'DiskS3HeadObject':2,'DiskS3ReadMicroseconds':1052,'DiskS3ReadRequestsCount':4,'GlobalThreadPoolJobs':1,'IOBufferAllocBytes':8684,'IOBufferAllocs':2,'LocalThreadPoolExpansions':1,'LocalThreadPoolJobs':1,'LocalThreadPoolShrinks':1,'LocalThreadPoolThreadCreationMicroseconds':2,'MemoryAllocatedWithoutCheck':8,'MemoryAllocatedWithoutCheckBytes':8704,'ReadBufferFromS3Bytes':366,'ReadBufferFromS3InitMicroseconds':705,'ReadBufferFromS3Microseconds':713,'S3GetObject':2,'S3HeadObject':2,'S3ReadMicroseconds':1052,'S3ReadRequestsCount':4}
73de7df1dfa3be66ee99a6c7abea0aa4	0	manifest_deletes	0	{'attempted':0,'deleted':0,'suppressed':0}	{}
73de7df1dfa3be66ee99a6c7abea0aa4	0	namespace_cleanup	24772	{'evidence_rows':0,'janitor_deleted':0,'janitor_keys':212,'janitor_pages':1,'leaked':0}	{'CASConditionalWriteAttempts':1,'CASConditionalWriteCommitted':1,'CASGCCompareSwap':1,'CASGCGet':2,'CASOtherGet':1,'CASRootList':1,'ContextLock':13,'DiskConnectionsPreserved':6,'DiskConnectionsReused':6,'DiskS3GetObject':3,'DiskS3HeadObject':3,'DiskS3ReadMicroseconds':1671,'DiskS3ReadRequestsCount':6,'GlobalThreadPoolJobs':1,'IOBufferAllocBytes':1061625,'IOBufferAllocs':4,'LocalThreadPoolExpansions':1,'LocalThreadPoolJobs':2,'LocalThreadPoolShrinks':1,'LocalThreadPoolThreadCreationMicroseconds':2,'LogTrace':3,'MemoryAllocatedWithoutCheck':12,'MemoryAllocatedWithoutCheckBytes':13056,'ReadBufferFromS3Bytes':509,'ReadBufferFromS3InitMicroseconds':1149,'ReadBufferFromS3Microseconds':1164,'S3GetObject':3,'S3HeadObject':3,'S3ReadMicroseconds':1671,'S3ReadRequestsCount':6,'WriteBufferFromS3Bytes':53}
73de7df1dfa3be66ee99a6c7abea0aa4	0	orphan_sweep	2	{'cursor_advanced':0,'deleted':0,'list_budget_keys':1000,'listed':231,'retained_hold':0,'retained_no_coverage':0,'retained_tail_removal':0,'retained_unconsumed_seal':0,'skipped':231,'suppressed':0}	{}
73de7df1dfa3be66ee99a6c7abea0aa4	0	pending_deletes	1	{'absent':0,'deleted':0,'graduated':0,'outcome_logs_written':0,'redeleted':0,'replaced':0,'spared':0}	{}
73de7df1dfa3be66ee99a6c7abea0aa4	0	ref_object_cleanup	2214	{'namespaces_planned':2,'suppressed':0,'trim_enabled':1}	{'CASRootGet':4,'ContextLock':16,'DiskConnectionsPreserved':8,'DiskConnectionsReused':8,'DiskS3GetObject':4,'DiskS3HeadObject':4,'DiskS3ReadMicroseconds':1423,'DiskS3ReadRequestsCount':8,'IOBufferAllocBytes':18855,'IOBufferAllocs':4,'MemoryAllocatedWithoutCheck':16,'MemoryAllocatedWithoutCheckBytes':17408,'ReadBufferFromS3Bytes':2219,'ReadBufferFromS3InitMicroseconds':1100,'ReadBufferFromS3Microseconds':1110,'S3GetObject':4,'S3HeadObject':4,'S3ReadMicroseconds':1423,'S3ReadRequestsCount':8}
73de7df1dfa3be66ee99a6c7abea0aa4	0	round_commit	3904	{'generation':85,'generations_referenced':2,'generations_visited':1,'pruned_through':82,'round':85}	{'CASConditionalWriteAttempts':1,'CASConditionalWriteCommitted':1,'CASGCCompareSwap':1,'CASGCDelete':2,'CASGCEnumerationPages':1,'CASGCList':1,'ContextLock':3,'DiskConnectionsPreserved':2,'DiskConnectionsReused':2,'DiskS3DeleteObjects':2,'DiskS3WriteMicroseconds':1540,'DiskS3WriteRequestAttempts':2,'DiskS3WriteRequestsCount':2,'GlobalThreadPoolJobs':1,'IOBufferAllocBytes':1048639,'IOBufferAllocs':1,'LocalThreadPoolExpansions':1,'LocalThreadPoolJobs':2,'LocalThreadPoolShrinks':1,'LocalThreadPoolThreadCreationMicroseconds':3,'LogTrace':3,'MemoryAllocatedWithoutCheck':4,'MemoryAllocatedWithoutCheckBytes':4352,'S3WriteMicroseconds':1540,'S3WriteRequestAttempts':2,'S3WriteRequestsCount':2,'WriteBufferFromS3Bytes':143}
7439913b3f02e58667accac9cf518e5d	0	namespace_cleanup	26827	{'evidence_rows':0,'janitor_deleted':0,'janitor_keys':258,'janitor_pages':1,'leaked':0}	{'CASGCGet':1,'CASOtherGet':1,'CASRootList':1,'ContextLock':8,'DiskConnectionsPreserved':4,'DiskConnectionsReused':4,'DiskS3GetObject':2,'DiskS3HeadObject':2,'DiskS3ReadMicroseconds':963,'DiskS3ReadRequestsCount':4,'GlobalThreadPoolJobs':1,'IOBufferAllocBytes':8684,'IOBufferAllocs':2,'LocalThreadPoolExpansions':1,'LocalThreadPoolJobs':1,'LocalThreadPoolShrinks':1,'LocalThreadPoolThreadCreationMicroseconds':2,'MemoryAllocatedWithoutCheck':8,'MemoryAllocatedWithoutCheckBytes':8704,'ReadBufferFromS3Bytes':366,'ReadBufferFromS3InitMicroseconds':695,'ReadBufferFromS3Microseconds':699,'S3GetObject':2,'S3HeadObject':2,'S3ReadMicroseconds':963,'S3ReadRequestsCount':4}
756712e16985483c24f3f844c8936796	0	namespace_cleanup	22919	{'evidence_rows':0,'janitor_deleted':0,'janitor_keys':167,'janitor_pages':1,'leaked':0}	{'CASGCGet':1,'CASOtherGet':1,'CASRootList':1,'ContextLock':8,'DiskConnectionsPreserved':4,'DiskConnectionsReused':4,'DiskS3GetObject':2,'DiskS3HeadObject':2,'DiskS3ReadMicroseconds':1204,'DiskS3ReadRequestsCount':4,'GlobalThreadPoolJobs':1,'IOBufferAllocBytes':8684,'IOBufferAllocs':2,'LocalThreadPoolExpansions':1,'LocalThreadPoolJobs':1,'LocalThreadPoolShrinks':1,'LocalThreadPoolThreadCreationMicroseconds':3,'MemoryAllocatedWithoutCheck':8,'MemoryAllocatedWithoutCheckBytes':8704,'ReadBufferFromS3Bytes':366,'ReadBufferFromS3InitMicroseconds':796,'ReadBufferFromS3Microseconds':803,'S3GetObject':2,'S3HeadObject':2,'S3ReadMicroseconds':1204,'S3ReadRequestsCount':4}
764f9a00cc37785d07a3698a57485657	0	namespace_cleanup	25617	{'evidence_rows':0,'janitor_deleted':0,'janitor_keys':280,'janitor_pages':1,'leaked':0}	{'CASGCGet':1,'CASOtherGet':1,'CASRootList':1,'ContextLock':8,'DiskConnectionsPreserved':4,'DiskConnectionsReused':4,'DiskS3GetObject':2,'DiskS3HeadObject':2,'DiskS3ReadMicroseconds':1535,'DiskS3ReadRequestsCount':4,'GlobalThreadPoolJobs':1,'IOBufferAllocBytes':8684,'IOBufferAllocs':2,'LocalThreadPoolExpansions':1,'LocalThreadPoolJobs':1,'LocalThreadPoolShrinks':1,'LocalThreadPoolThreadCreationMicroseconds':4,'MemoryAllocatedWithoutCheck':8,'MemoryAllocatedWithoutCheckBytes':8704,'ReadBufferFromS3Bytes':366,'ReadBufferFromS3InitMicroseconds':1098,'ReadBufferFromS3Microseconds':1107,'S3GetObject':2,'S3HeadObject':2,'S3ReadMicroseconds':1535,'S3ReadRequestsCount':4}
78af7b23bd497156096542120c35510e	0	manifest_deletes	0	{'attempted':0,'deleted':0,'suppressed':0}	{}
78af7b23bd497156096542120c35510e	0	namespace_cleanup	22646	{'evidence_rows':0,'janitor_deleted':0,'janitor_keys':258,'janitor_pages':1,'leaked':0}	{'CASConditionalWriteAttempts':1,'CASConditionalWriteCommitted':1,'CASGCCompareSwap':1,'CASGCGet':2,'CASOtherGet':1,'CASRootList':1,'ContextLock':13,'DiskConnectionsCreated':1,'DiskConnectionsElapsedMicroseconds':72,'DiskConnectionsPreserved':6,'DiskConnectionsReused':5,'DiskS3GetObject':3,'DiskS3HeadObject':3,'DiskS3ReadMicroseconds':1239,'DiskS3ReadRequestsCount':6,'GlobalThreadPoolJobs':1,'IOBufferAllocBytes':1061623,'IOBufferAllocs':4,'LocalThreadPoolExpansions':1,'LocalThreadPoolJobs':2,'LocalThreadPoolShrinks':1,'LocalThreadPoolThreadCreationMicroseconds':2,'LogTrace':3,'MemoryAllocatedWithoutCheck':14,'MemoryAllocatedWithoutCheckBytes':15232,'ReadBufferFromS3Bytes':507,'ReadBufferFromS3InitMicroseconds':848,'ReadBufferFromS3Microseconds':856,'S3GetObject':3,'S3HeadObject':3,'S3ReadMicroseconds':1239,'S3ReadRequestsCount':6,'WriteBufferFromS3Bytes':53}
78af7b23bd497156096542120c35510e	0	orphan_sweep	2	{'cursor_advanced':0,'deleted':0,'list_budget_keys':1000,'listed':135,'retained_hold':0,'retained_no_coverage':0,'retained_tail_removal':0,'retained_unconsumed_seal':0,'skipped':135,'suppressed':0}	{}
78af7b23bd497156096542120c35510e	0	pending_deletes	1	{'absent':0,'deleted':0,'graduated':0,'outcome_logs_written':0,'redeleted':0,'replaced':0,'spared':0}	{}
78af7b23bd497156096542120c35510e	0	ref_object_cleanup	2133	{'namespaces_planned':2,'suppressed':0,'trim_enabled':1}	{'CASRootGet':4,'ContextLock':16,'DiskConnectionsPreserved':8,'DiskConnectionsReused':8,'DiskS3GetObject':4,'DiskS3HeadObject':4,'DiskS3ReadMicroseconds':1360,'DiskS3ReadRequestsCount':8,'IOBufferAllocBytes':18132,'IOBufferAllocs':4,'MemoryAllocatedWithoutCheck':16,'MemoryAllocatedWithoutCheckBytes':17408,'ReadBufferFromS3Bytes':1496,'ReadBufferFromS3InitMicroseconds':1030,'ReadBufferFromS3Microseconds':1040,'S3GetObject':4,'S3HeadObject':4,'S3ReadMicroseconds':1360,'S3ReadRequestsCount':8}
78af7b23bd497156096542120c35510e	0	round_commit	3126	{'generation':69,'generations_referenced':2,'generations_visited':1,'pruned_through':66,'round':69}	{'CASConditionalWriteAttempts':1,'CASConditionalWriteCommitted':1,'CASGCCompareSwap':1,'CASGCDelete':2,'CASGCEnumerationPages':1,'CASGCList':1,'ContextLock':3,'DiskConnectionsPreserved':2,'DiskConnectionsReused':2,'DiskS3DeleteObjects':2,'DiskS3WriteMicroseconds':1165,'DiskS3WriteRequestAttempts':2,'DiskS3WriteRequestsCount':2,'GlobalThreadPoolJobs':1,'IOBufferAllocBytes':1048639,'IOBufferAllocs':1,'LocalThreadPoolExpansions':1,'LocalThreadPoolJobs':2,'LocalThreadPoolShrinks':1,'LocalThreadPoolThreadCreationMicroseconds':3,'LogTrace':3,'MemoryAllocatedWithoutCheck':4,'MemoryAllocatedWithoutCheckBytes':4352,'S3WriteMicroseconds':1165,'S3WriteRequestAttempts':2,'S3WriteRequestsCount':2,'WriteBufferFromS3Bytes':141}
78b6d9bf737c6dccc414c228ee04ed86	0	manifest_deletes	0	{'attempted':0,'deleted':0,'suppressed':0}	{}
78b6d9bf737c6dccc414c228ee04ed86	0	namespace_cleanup	33922	{'evidence_rows':0,'janitor_deleted':0,'janitor_keys':320,'janitor_pages':1,'leaked':0}	{'CASConditionalWriteAttempts':1,'CASConditionalWriteCommitted':1,'CASGCCompareSwap':1,'CASGCGet':2,'CASOtherGet':1,'CASRootList':1,'ContextLock':13,'DiskConnectionsPreserved':6,'DiskConnectionsReused':6,'DiskS3GetObject':3,'DiskS3HeadObject':3,'DiskS3ReadMicroseconds':1562,'DiskS3ReadRequestsCount':6,'GlobalThreadPoolJobs':1,'IOBufferAllocBytes':1061625,'IOBufferAllocs':4,'LocalThreadPoolExpansions':1,'LocalThreadPoolJobs':2,'LocalThreadPoolShrinks':1,'LocalThreadPoolThreadCreationMicroseconds':3,'LogTrace':3,'MemoryAllocatedWithoutCheck':12,'MemoryAllocatedWithoutCheckBytes':13056,'ReadBufferFromS3Bytes':509,'ReadBufferFromS3InitMicroseconds':952,'ReadBufferFromS3Microseconds':964,'S3GetObject':3,'S3HeadObject':3,'S3ReadMicroseconds':1562,'S3ReadRequestsCount':6,'WriteBufferFromS3Bytes':53}
78b6d9bf737c6dccc414c228ee04ed86	0	orphan_sweep	2	{'cursor_advanced':0,'deleted':0,'list_budget_keys':1000,'listed':225,'retained_hold':0,'retained_no_coverage':0,'retained_tail_removal':0,'retained_unconsumed_seal':0,'skipped':225,'suppressed':0}	{}
78b6d9bf737c6dccc414c228ee04ed86	0	pending_deletes	18	{'absent':0,'deleted':0,'graduated':27,'outcome_logs_written':0,'redeleted':0,'replaced':0,'spared':0}	{'CASGCRetiredGraduated':27,'ContextLock':27}
78b6d9bf737c6dccc414c228ee04ed86	0	ref_object_cleanup	2012	{'namespaces_planned':2,'suppressed':0,'trim_enabled':1}	{'CASRootGet':4,'ContextLock':16,'DiskConnectionsPreserved':8,'DiskConnectionsReused':8,'DiskS3GetObject':4,'DiskS3HeadObject':4,'DiskS3ReadMicroseconds':1380,'DiskS3ReadRequestsCount':8,'IOBufferAllocBytes':18855,'IOBufferAllocs':4,'MemoryAllocatedWithoutCheck':16,'MemoryAllocatedWithoutCheckBytes':17408,'ReadBufferFromS3Bytes':2219,'ReadBufferFromS3InitMicroseconds':977,'ReadBufferFromS3Microseconds':987,'S3GetObject':4,'S3HeadObject':4,'S3ReadMicroseconds':1380,'S3ReadRequestsCount':8}
78b6d9bf737c6dccc414c228ee04ed86	0	round_commit	3294	{'generation':91,'generations_referenced':2,'generations_visited':1,'pruned_through':88,'round':91}	{'CASConditionalWriteAttempts':1,'CASConditionalWriteCommitted':1,'CASGCCompareSwap':1,'CASGCDelete':2,'CASGCEnumerationPages':1,'CASGCList':1,'ContextLock':3,'DiskConnectionsPreserved':2,'DiskConnectionsReused':2,'DiskS3DeleteObjects':2,'DiskS3WriteMicroseconds':1223,'DiskS3WriteRequestAttempts':2,'DiskS3WriteRequestsCount':2,'GlobalThreadPoolJobs':1,'IOBufferAllocBytes':1048639,'IOBufferAllocs':1,'LocalThreadPoolExpansions':1,'LocalThreadPoolJobs':2,'LocalThreadPoolShrinks':1,'LocalThreadPoolThreadCreationMicroseconds':3,'LogTrace':3,'MemoryAllocatedWithoutCheck':4,'MemoryAllocatedWithoutCheckBytes':4352,'S3WriteMicroseconds':1223,'S3WriteRequestAttempts':2,'S3WriteRequestsCount':2,'WriteBufferFromS3Bytes':143}
7924d953d0ba41d30621872745471238	0	namespace_cleanup	19327	{'evidence_rows':0,'janitor_deleted':0,'janitor_keys':280,'janitor_pages':1,'leaked':0}	{'CASGCGet':1,'CASOtherGet':1,'CASRootList':1,'ContextLock':8,'DiskConnectionsPreserved':4,'DiskConnectionsReused':4,'DiskS3GetObject':2,'DiskS3HeadObject':2,'DiskS3ReadMicroseconds':1212,'DiskS3ReadRequestsCount':4,'GlobalThreadPoolJobs':1,'IOBufferAllocBytes':8684,'IOBufferAllocs':2,'LocalThreadPoolExpansions':1,'LocalThreadPoolJobs':1,'LocalThreadPoolShrinks':1,'LocalThreadPoolThreadCreationMicroseconds':3,'MemoryAllocatedWithoutCheck':8,'MemoryAllocatedWithoutCheckBytes':8704,'ReadBufferFromS3Bytes':366,'ReadBufferFromS3InitMicroseconds':804,'ReadBufferFromS3Microseconds':812,'S3GetObject':2,'S3HeadObject':2,'S3ReadMicroseconds':1212,'S3ReadRequestsCount':4}
7a16c45f250c8b5e4efe4859f79a78bf	0	namespace_cleanup	18347	{'evidence_rows':0,'janitor_deleted':0,'janitor_keys':179,'janitor_pages':1,'leaked':0}	{'CASGCGet':1,'CASOtherGet':1,'CASRootList':1,'ContextLock':8,'DiskConnectionsPreserved':4,'DiskConnectionsReused':4,'DiskS3GetObject':2,'DiskS3HeadObject':2,'DiskS3ReadMicroseconds':1184,'DiskS3ReadRequestsCount':4,'GlobalThreadPoolJobs':1,'IOBufferAllocBytes':8684,'IOBufferAllocs':2,'LocalThreadPoolExpansions':1,'LocalThreadPoolJobs':1,'LocalThreadPoolShrinks':1,'LocalThreadPoolThreadCreationMicroseconds':4,'MemoryAllocatedWithoutCheck':8,'MemoryAllocatedWithoutCheckBytes':8704,'ReadBufferFromS3Bytes':366,'ReadBufferFromS3InitMicroseconds':761,'ReadBufferFromS3Microseconds':770,'S3GetObject':2,'S3HeadObject':2,'S3ReadMicroseconds':1184,'S3ReadRequestsCount':4}
80ea23b5d3795b246e2e52f9156dca2b	0	manifest_deletes	1	{'attempted':0,'deleted':0,'suppressed':0}	{}
80ea23b5d3795b246e2e52f9156dca2b	0	namespace_cleanup	39448	{'evidence_rows':0,'janitor_deleted':0,'janitor_keys':366,'janitor_pages':1,'leaked':0}	{'CASConditionalWriteAttempts':1,'CASConditionalWriteCommitted':1,'CASGCCompareSwap':1,'CASGCGet':2,'CASOtherGet':1,'CASRootList':1,'ContextLock':13,'DiskConnectionsPreserved':6,'DiskConnectionsReused':6,'DiskS3GetObject':3,'DiskS3HeadObject':3,'DiskS3ReadMicroseconds':2386,'DiskS3ReadRequestsCount':6,'GlobalThreadPoolJobs':1,'IOBufferAllocBytes':1061625,'IOBufferAllocs':4,'LocalThreadPoolExpansions':1,'LocalThreadPoolJobs':2,'LocalThreadPoolShrinks':1,'LocalThreadPoolThreadCreationMicroseconds':5,'LogTrace':3,'MemoryAllocatedWithoutCheck':12,'MemoryAllocatedWithoutCheckBytes':13056,'ReadBufferFromS3Bytes':509,'ReadBufferFromS3InitMicroseconds':1748,'ReadBufferFromS3Microseconds':1762,'S3GetObject':3,'S3HeadObject':3,'S3ReadMicroseconds':2386,'S3ReadRequestsCount':6,'WriteBufferFromS3Bytes':53}
80ea23b5d3795b246e2e52f9156dca2b	0	orphan_sweep	2	{'cursor_advanced':0,'deleted':0,'list_budget_keys':1000,'listed':181,'retained_hold':0,'retained_no_coverage':0,'retained_tail_removal':0,'retained_unconsumed_seal':0,'skipped':181,'suppressed':0}	{}
80ea23b5d3795b246e2e52f9156dca2b	0	pending_deletes	2	{'absent':0,'deleted':0,'graduated':0,'outcome_logs_written':0,'redeleted':0,'replaced':0,'spared':0}	{}
80ea23b5d3795b246e2e52f9156dca2b	0	ref_object_cleanup	2136	{'namespaces_planned':2,'suppressed':0,'trim_enabled':1}	{'CASRootGet':4,'ContextLock':16,'DiskConnectionsCreated':1,'DiskConnectionsElapsedMicroseconds':75,'DiskConnectionsExpired':1,'DiskConnectionsPreserved':7,'DiskConnectionsReused':7,'DiskS3GetObject':4,'DiskS3HeadObject':4,'DiskS3ReadMicroseconds':1402,'DiskS3ReadRequestsCount':8,'IOBufferAllocBytes':18132,'IOBufferAllocs':4,'MemoryAllocatedWithoutCheck':16,'MemoryAllocatedWithoutCheckBytes':17408,'ReadBufferFromS3Bytes':1496,'ReadBufferFromS3InitMicroseconds':1077,'ReadBufferFromS3Microseconds':1086,'S3GetObject':4,'S3HeadObject':4,'S3ReadMicroseconds':1402,'S3ReadRequestsCount':8}
80ea23b5d3795b246e2e52f9156dca2b	0	round_commit	4007	{'generation':77,'generations_referenced':2,'generations_visited':1,'pruned_through':74,'round':77}	{'CASConditionalWriteAttempts':1,'CASConditionalWriteCommitted':1,'CASGCCompareSwap':1,'CASGCDelete':2,'CASGCEnumerationPages':1,'CASGCList':1,'ContextLock':3,'DiskConnectionsPreserved':2,'DiskConnectionsReused':2,'DiskS3DeleteObjects':2,'DiskS3WriteMicroseconds':1434,'DiskS3WriteRequestAttempts':2,'DiskS3WriteRequestsCount':2,'GlobalThreadPoolJobs':1,'IOBufferAllocBytes':1048639,'IOBufferAllocs':1,'LocalThreadPoolExpansions':1,'LocalThreadPoolJobs':2,'LocalThreadPoolShrinks':1,'LocalThreadPoolThreadCreationMicroseconds':4,'LogTrace':3,'MemoryAllocatedWithoutCheck':4,'MemoryAllocatedWithoutCheckBytes':4352,'S3WriteMicroseconds':1434,'S3WriteRequestAttempts':2,'S3WriteRequestsCount':2,'WriteBufferFromS3Bytes':143}
86582369e24828251809b83cba71e29c	0	namespace_cleanup	21750	{'evidence_rows':0,'janitor_deleted':0,'janitor_keys':217,'janitor_pages':1,'leaked':0}	{'CASGCGet':1,'CASOtherGet':1,'CASRootList':1,'ContextLock':8,'DiskConnectionsPreserved':4,'DiskConnectionsReused':4,'DiskS3GetObject':2,'DiskS3HeadObject':2,'DiskS3ReadMicroseconds':1121,'DiskS3ReadRequestsCount':4,'GlobalThreadPoolJobs':1,'IOBufferAllocBytes':8684,'IOBufferAllocs':2,'LocalThreadPoolExpansions':1,'LocalThreadPoolJobs':1,'LocalThreadPoolShrinks':1,'LocalThreadPoolThreadCreationMicroseconds':3,'MemoryAllocatedWithoutCheck':8,'MemoryAllocatedWithoutCheckBytes':8704,'ReadBufferFromS3Bytes':366,'ReadBufferFromS3InitMicroseconds':835,'ReadBufferFromS3Microseconds':840,'S3GetObject':2,'S3HeadObject':2,'S3ReadMicroseconds':1121,'S3ReadRequestsCount':4}
8bfa4e878af01414834c600ffbceaf5d	0	manifest_deletes	0	{'attempted':0,'deleted':0,'suppressed':0}	{}
8bfa4e878af01414834c600ffbceaf5d	0	namespace_cleanup	17309	{'evidence_rows':0,'janitor_deleted':0,'janitor_keys':179,'janitor_pages':1,'leaked':0}	{'CASConditionalWriteAttempts':1,'CASConditionalWriteCommitted':1,'CASGCCompareSwap':1,'CASGCGet':2,'CASOtherGet':1,'CASRootList':1,'ContextLock':13,'DiskConnectionsPreserved':6,'DiskConnectionsReused':6,'DiskS3GetObject':3,'DiskS3HeadObject':3,'DiskS3ReadMicroseconds':1168,'DiskS3ReadRequestsCount':6,'GlobalThreadPoolJobs':1,'IOBufferAllocBytes':1061628,'IOBufferAllocs':4,'LocalThreadPoolExpansions':1,'LocalThreadPoolJobs':2,'LocalThreadPoolShrinks':1,'LocalThreadPoolThreadCreationMicroseconds':2,'LogTrace':3,'MemoryAllocatedWithoutCheck':12,'MemoryAllocatedWithoutCheckBytes':13056,'ReadBufferFromS3Bytes':512,'ReadBufferFromS3InitMicroseconds':797,'ReadBufferFromS3Microseconds':804,'S3GetObject':3,'S3HeadObject':3,'S3ReadMicroseconds':1168,'S3ReadRequestsCount':6,'WriteBufferFromS3Bytes':53}
8bfa4e878af01414834c600ffbceaf5d	0	orphan_sweep	2	{'cursor_advanced':0,'deleted':0,'list_budget_keys':1000,'listed':135,'retained_hold':0,'retained_no_coverage':0,'retained_tail_removal':0,'retained_unconsumed_seal':0,'skipped':135,'suppressed':0}	{}
8bfa4e878af01414834c600ffbceaf5d	0	pending_deletes	57	{'absent':0,'deleted':0,'graduated':168,'outcome_logs_written':0,'redeleted':0,'replaced':0,'spared':0}	{'CASGCRetiredGraduated':168,'ContextLock':168}
8bfa4e878af01414834c600ffbceaf5d	0	ref_object_cleanup	1677	{'namespaces_planned':2,'suppressed':0,'trim_enabled':1}	{'CASRootGet':4,'ContextLock':16,'DiskConnectionsPreserved':8,'DiskConnectionsReused':8,'DiskS3GetObject':4,'DiskS3HeadObject':4,'DiskS3ReadMicroseconds':1084,'DiskS3ReadRequestsCount':8,'IOBufferAllocBytes':19158,'IOBufferAllocs':4,'MemoryAllocatedWithoutCheck':16,'MemoryAllocatedWithoutCheckBytes':17408,'ReadBufferFromS3Bytes':2522,'ReadBufferFromS3InitMicroseconds':785,'ReadBufferFromS3Microseconds':790,'S3GetObject':4,'S3HeadObject':4,'S3ReadMicroseconds':1084,'S3ReadRequestsCount':8}
8bfa4e878af01414834c600ffbceaf5d	0	round_commit	3145	{'generation':106,'generations_referenced':2,'generations_visited':1,'pruned_through':103,'round':106}	{'CASConditionalWriteAttempts':1,'CASConditionalWriteCommitted':1,'CASGCCompareSwap':1,'CASGCDelete':2,'CASGCEnumerationPages':1,'CASGCList':1,'ContextLock':3,'DiskConnectionsPreserved':2,'DiskConnectionsReused':2,'DiskS3DeleteObjects':2,'DiskS3WriteMicroseconds':1142,'DiskS3WriteRequestAttempts':2,'DiskS3WriteRequestsCount':2,'GlobalThreadPoolJobs':1,'IOBufferAllocBytes':1048639,'IOBufferAllocs':1,'LocalThreadPoolExpansions':1,'LocalThreadPoolJobs':2,'LocalThreadPoolShrinks':1,'LocalThreadPoolThreadCreationMicroseconds':3,'LogTrace':3,'MemoryAllocatedWithoutCheck':4,'MemoryAllocatedWithoutCheckBytes':4352,'S3WriteMicroseconds':1142,'S3WriteRequestAttempts':2,'S3WriteRequestsCount':2,'WriteBufferFromS3Bytes':146}
9721535da98facba5d5802002d152115	0	namespace_cleanup	17755	{'evidence_rows':0,'janitor_deleted':0,'janitor_keys':217,'janitor_pages':1,'leaked':0}	{'CASGCGet':1,'CASOtherGet':1,'CASRootList':1,'ContextLock':8,'DiskConnectionsCreated':1,'DiskConnectionsElapsedMicroseconds':72,'DiskConnectionsPreserved':4,'DiskConnectionsReused':3,'DiskS3GetObject':2,'DiskS3HeadObject':2,'DiskS3ReadMicroseconds':932,'DiskS3ReadRequestsCount':4,'GlobalThreadPoolJobs':1,'IOBufferAllocBytes':8684,'IOBufferAllocs':2,'LocalThreadPoolExpansions':1,'LocalThreadPoolJobs':1,'LocalThreadPoolShrinks':1,'LocalThreadPoolThreadCreationMicroseconds':2,'MemoryAllocatedWithoutCheck':10,'MemoryAllocatedWithoutCheckBytes':10880,'ReadBufferFromS3Bytes':366,'ReadBufferFromS3InitMicroseconds':598,'ReadBufferFromS3Microseconds':603,'S3GetObject':2,'S3HeadObject':2,'S3ReadMicroseconds':932,'S3ReadRequestsCount':4}
985a1df7f2373fb473cf41a39c1a9ecb	0	manifest_deletes	0	{'attempted':0,'deleted':0,'suppressed':0}	{}
985a1df7f2373fb473cf41a39c1a9ecb	0	namespace_cleanup	31324	{'evidence_rows':0,'janitor_deleted':0,'janitor_keys':318,'janitor_pages':1,'leaked':0}	{'CASConditionalWriteAttempts':1,'CASConditionalWriteCommitted':1,'CASGCCompareSwap':1,'CASGCGet':2,'CASOtherGet':1,'CASRootList':1,'ContextLock':13,'DiskConnectionsPreserved':6,'DiskConnectionsReused':6,'DiskS3GetObject':3,'DiskS3HeadObject':3,'DiskS3ReadMicroseconds':1525,'DiskS3ReadRequestsCount':6,'GlobalThreadPoolJobs':1,'IOBufferAllocBytes':1061625,'IOBufferAllocs':4,'LocalThreadPoolExpansions':1,'LocalThreadPoolJobs':2,'LocalThreadPoolShrinks':1,'LocalThreadPoolThreadCreationMicroseconds':3,'LogTrace':3,'MemoryAllocatedWithoutCheck':12,'MemoryAllocatedWithoutCheckBytes':13056,'ReadBufferFromS3Bytes':509,'ReadBufferFromS3InitMicroseconds':1064,'ReadBufferFromS3Microseconds':1074,'S3GetObject':3,'S3HeadObject':3,'S3ReadMicroseconds':1525,'S3ReadRequestsCount':6,'WriteBufferFromS3Bytes':53}
985a1df7f2373fb473cf41a39c1a9ecb	0	orphan_sweep	3	{'cursor_advanced':0,'deleted':0,'list_budget_keys':1000,'listed':157,'retained_hold':0,'retained_no_coverage':0,'retained_tail_removal':0,'retained_unconsumed_seal':0,'skipped':157,'suppressed':0}	{}
985a1df7f2373fb473cf41a39c1a9ecb	0	pending_deletes	1	{'absent':0,'deleted':0,'graduated':0,'outcome_logs_written':0,'redeleted':0,'replaced':0,'spared':0}	{}
985a1df7f2373fb473cf41a39c1a9ecb	0	ref_object_cleanup	2467	{'namespaces_planned':2,'suppressed':0,'trim_enabled':1}	{'CASRootGet':4,'ContextLock':16,'DiskConnectionsPreserved':8,'DiskConnectionsReused':8,'DiskS3GetObject':4,'DiskS3HeadObject':4,'DiskS3ReadMicroseconds':1589,'DiskS3ReadRequestsCount':8,'IOBufferAllocBytes':18132,'IOBufferAllocs':4,'MemoryAllocatedWithoutCheck':16,'MemoryAllocatedWithoutCheckBytes':17408,'ReadBufferFromS3Bytes':1496,'ReadBufferFromS3InitMicroseconds':1204,'ReadBufferFromS3Microseconds':1215,'S3GetObject':4,'S3HeadObject':4,'S3ReadMicroseconds':1589,'S3ReadRequestsCount':8}
985a1df7f2373fb473cf41a39c1a9ecb	0	round_commit	2806	{'generation':73,'generations_referenced':2,'generations_visited':1,'pruned_through':70,'round':73}	{'CASConditionalWriteAttempts':1,'CASConditionalWriteCommitted':1,'CASGCCompareSwap':1,'CASGCDelete':2,'CASGCEnumerationPages':1,'CASGCList':1,'ContextLock':3,'DiskConnectionsPreserved':2,'DiskConnectionsReused':2,'DiskS3DeleteObjects':2,'DiskS3WriteMicroseconds':918,'DiskS3WriteRequestAttempts':2,'DiskS3WriteRequestsCount':2,'GlobalThreadPoolJobs':1,'IOBufferAllocBytes':1048639,'IOBufferAllocs':1,'LocalThreadPoolExpansions':1,'LocalThreadPoolJobs':2,'LocalThreadPoolShrinks':1,'LocalThreadPoolThreadCreationMicroseconds':4,'LogTrace':3,'MemoryAllocatedWithoutCheck':4,'MemoryAllocatedWithoutCheckBytes':4352,'S3WriteMicroseconds':918,'S3WriteRequestAttempts':2,'S3WriteRequestsCount':2,'WriteBufferFromS3Bytes':143}
9c2860a7727403773b3d009dba88c042	0	namespace_cleanup	28409	{'evidence_rows':0,'janitor_deleted':0,'janitor_keys':412,'janitor_pages':1,'leaked':0}	{'CASGCGet':1,'CASOtherGet':1,'CASRootList':1,'ContextLock':8,'DiskConnectionsPreserved':4,'DiskConnectionsReused':4,'DiskS3GetObject':2,'DiskS3HeadObject':2,'DiskS3ReadMicroseconds':926,'DiskS3ReadRequestsCount':4,'GlobalThreadPoolJobs':1,'IOBufferAllocBytes':8684,'IOBufferAllocs':2,'LocalThreadPoolExpansions':1,'LocalThreadPoolJobs':1,'LocalThreadPoolShrinks':1,'LocalThreadPoolThreadCreationMicroseconds':4,'MemoryAllocatedWithoutCheck':8,'MemoryAllocatedWithoutCheckBytes':8704,'ReadBufferFromS3Bytes':366,'ReadBufferFromS3InitMicroseconds':619,'ReadBufferFromS3Microseconds':629,'S3GetObject':2,'S3HeadObject':2,'S3ReadMicroseconds':926,'S3ReadRequestsCount':4}
a25a19a6135828e51d039c5015653d0f	0	manifest_deletes	0	{'attempted':0,'deleted':0,'suppressed':0}	{}
a25a19a6135828e51d039c5015653d0f	0	namespace_cleanup	19070	{'evidence_rows':0,'janitor_deleted':0,'janitor_keys':239,'janitor_pages':1,'leaked':0}	{'CASConditionalWriteAttempts':1,'CASConditionalWriteCommitted':1,'CASGCCompareSwap':1,'CASGCGet':2,'CASOtherGet':1,'CASRootList':1,'ContextLock':13,'DiskConnectionsCreated':1,'DiskConnectionsElapsedMicroseconds':56,'DiskConnectionsPreserved':6,'DiskConnectionsReused':5,'DiskS3GetObject':3,'DiskS3HeadObject':3,'DiskS3ReadMicroseconds':1093,'DiskS3ReadRequestsCount':6,'GlobalThreadPoolJobs':1,'IOBufferAllocBytes':1061623,'IOBufferAllocs':4,'LocalThreadPoolExpansions':1,'LocalThreadPoolJobs':2,'LocalThreadPoolShrinks':1,'LocalThreadPoolThreadCreationMicroseconds':2,'LogTrace':3,'MemoryAllocatedWithoutCheck':14,'MemoryAllocatedWithoutCheckBytes':15232,'ReadBufferFromS3Bytes':507,'ReadBufferFromS3InitMicroseconds':724,'ReadBufferFromS3Microseconds':732,'S3GetObject':3,'S3HeadObject':3,'S3ReadMicroseconds':1093,'S3ReadRequestsCount':6,'WriteBufferFromS3Bytes':53}
a25a19a6135828e51d039c5015653d0f	0	orphan_sweep	2	{'cursor_advanced':0,'deleted':0,'list_budget_keys':1000,'listed':126,'retained_hold':0,'retained_no_coverage':0,'retained_tail_removal':0,'retained_unconsumed_seal':0,'skipped':126,'suppressed':0}	{}
a25a19a6135828e51d039c5015653d0f	0	pending_deletes	2	{'absent':0,'deleted':0,'graduated':0,'outcome_logs_written':0,'redeleted':0,'replaced':0,'spared':0}	{}
a25a19a6135828e51d039c5015653d0f	0	ref_object_cleanup	1732	{'namespaces_planned':2,'suppressed':0,'trim_enabled':1}	{'CASRootGet':4,'ContextLock':16,'DiskConnectionsPreserved':8,'DiskConnectionsReused':8,'DiskS3GetObject':4,'DiskS3HeadObject':4,'DiskS3ReadMicroseconds':1161,'DiskS3ReadRequestsCount':8,'IOBufferAllocBytes':18132,'IOBufferAllocs':4,'MemoryAllocatedWithoutCheck':16,'MemoryAllocatedWithoutCheckBytes':17408,'ReadBufferFromS3Bytes':1496,'ReadBufferFromS3InitMicroseconds':817,'ReadBufferFromS3Microseconds':824,'S3GetObject':4,'S3HeadObject':4,'S3ReadMicroseconds':1161,'S3ReadRequestsCount':8}
a25a19a6135828e51d039c5015653d0f	0	round_commit	2555	{'generation':66,'generations_referenced':2,'generations_visited':1,'pruned_through':63,'round':66}	{'CASConditionalWriteAttempts':1,'CASConditionalWriteCommitted':1,'CASGCCompareSwap':1,'CASGCDelete':2,'CASGCEnumerationPages':1,'CASGCList':1,'ContextLock':3,'DiskConnectionsPreserved':2,'DiskConnectionsReused':2,'DiskS3DeleteObjects':2,'DiskS3WriteMicroseconds':855,'DiskS3WriteRequestAttempts':2,'DiskS3WriteRequestsCount':2,'GlobalThreadPoolJobs':1,'IOBufferAllocBytes':1048639,'IOBufferAllocs':1,'LocalThreadPoolExpansions':1,'LocalThreadPoolJobs':2,'LocalThreadPoolShrinks':1,'LocalThreadPoolThreadCreationMicroseconds':3,'LogTrace':3,'MemoryAllocatedWithoutCheck':4,'MemoryAllocatedWithoutCheckBytes':4352,'S3WriteMicroseconds':855,'S3WriteRequestAttempts':2,'S3WriteRequestsCount':2,'WriteBufferFromS3Bytes':141}
a26cb51563229b33a1e00ae0a04f1bee	0	manifest_deletes	0	{'attempted':0,'deleted':0,'suppressed':0}	{}
a26cb51563229b33a1e00ae0a04f1bee	0	namespace_cleanup	32328	{'evidence_rows':0,'janitor_deleted':0,'janitor_keys':384,'janitor_pages':1,'leaked':0}	{'CASConditionalWriteAttempts':1,'CASConditionalWriteCommitted':1,'CASGCCompareSwap':1,'CASGCGet':2,'CASOtherGet':1,'CASRootList':1,'ContextLock':13,'DiskConnectionsPreserved':6,'DiskConnectionsReused':6,'DiskS3GetObject':3,'DiskS3HeadObject':3,'DiskS3ReadMicroseconds':1200,'DiskS3ReadRequestsCount':6,'GlobalThreadPoolJobs':1,'IOBufferAllocBytes':1061625,'IOBufferAllocs':4,'LocalThreadPoolExpansions':1,'LocalThreadPoolJobs':2,'LocalThreadPoolShrinks':1,'LocalThreadPoolThreadCreationMicroseconds':2,'LogTrace':3,'MemoryAllocatedWithoutCheck':12,'MemoryAllocatedWithoutCheckBytes':13056,'ReadBufferFromS3Bytes':509,'ReadBufferFromS3InitMicroseconds':889,'ReadBufferFromS3Microseconds':898,'S3GetObject':3,'S3HeadObject':3,'S3ReadMicroseconds':1200,'S3ReadRequestsCount':6,'WriteBufferFromS3Bytes':53}
a26cb51563229b33a1e00ae0a04f1bee	0	orphan_sweep	2	{'cursor_advanced':0,'deleted':0,'list_budget_keys':1000,'listed':257,'retained_hold':0,'retained_no_coverage':0,'retained_tail_removal':0,'retained_unconsumed_seal':0,'skipped':257,'suppressed':0}	{}
a26cb51563229b33a1e00ae0a04f1bee	0	pending_deletes	1	{'absent':0,'deleted':0,'graduated':0,'outcome_logs_written':0,'redeleted':0,'replaced':0,'spared':0}	{}
a26cb51563229b33a1e00ae0a04f1bee	0	ref_object_cleanup	2164	{'namespaces_planned':2,'suppressed':0,'trim_enabled':1}	{'CASRootGet':4,'ContextLock':16,'DiskConnectionsPreserved':8,'DiskConnectionsReused':8,'DiskS3GetObject':4,'DiskS3HeadObject':4,'DiskS3ReadMicroseconds':1362,'DiskS3ReadRequestsCount':8,'IOBufferAllocBytes':18855,'IOBufferAllocs':4,'MemoryAllocatedWithoutCheck':16,'MemoryAllocatedWithoutCheckBytes':17408,'ReadBufferFromS3Bytes':2219,'ReadBufferFromS3InitMicroseconds':1025,'ReadBufferFromS3Microseconds':1033,'S3GetObject':4,'S3HeadObject':4,'S3ReadMicroseconds':1362,'S3ReadRequestsCount':8}
a26cb51563229b33a1e00ae0a04f1bee	0	round_commit	3464	{'generation':97,'generations_referenced':2,'generations_visited':1,'pruned_through':94,'round':97}	{'CASConditionalWriteAttempts':1,'CASConditionalWriteCommitted':1,'CASGCCompareSwap':1,'CASGCDelete':2,'CASGCEnumerationPages':1,'CASGCList':1,'ContextLock':3,'DiskConnectionsPreserved':2,'DiskConnectionsReused':2,'DiskS3DeleteObjects':2,'DiskS3WriteMicroseconds':1200,'DiskS3WriteRequestAttempts':2,'DiskS3WriteRequestsCount':2,'GlobalThreadPoolJobs':1,'IOBufferAllocBytes':1048639,'IOBufferAllocs':1,'LocalThreadPoolExpansions':1,'LocalThreadPoolJobs':2,'LocalThreadPoolShrinks':1,'LocalThreadPoolThreadCreationMicroseconds':3,'LogTrace':3,'MemoryAllocatedWithoutCheck':4,'MemoryAllocatedWithoutCheckBytes':4352,'S3WriteMicroseconds':1200,'S3WriteRequestAttempts':2,'S3WriteRequestsCount':2,'WriteBufferFromS3Bytes':143}
a6e2292250f507b7a1f08da5e59cef82	0	namespace_cleanup	192563	{'evidence_rows':0,'janitor_deleted':0,'janitor_keys':412,'janitor_pages':1,'leaked':0}	{'CASGCGet':1,'CASOtherGet':1,'CASRootList':1,'ContextLock':8,'DiskConnectionsPreserved':4,'DiskConnectionsReused':4,'DiskS3GetObject':2,'DiskS3HeadObject':2,'DiskS3ReadMicroseconds':4077,'DiskS3ReadRequestsCount':4,'GlobalThreadPoolJobs':1,'IOBufferAllocBytes':8684,'IOBufferAllocs':2,'LocalThreadPoolExpansions':1,'LocalThreadPoolJobs':1,'LocalThreadPoolShrinks':1,'LocalThreadPoolThreadCreationMicroseconds':192,'MemoryAllocatedWithoutCheck':8,'MemoryAllocatedWithoutCheckBytes':8704,'ReadBufferFromS3Bytes':366,'ReadBufferFromS3InitMicroseconds':2622,'ReadBufferFromS3Microseconds':2643,'S3GetObject':2,'S3HeadObject':2,'S3ReadMicroseconds':4077,'S3ReadRequestsCount':4}
aafaffd84188580ed6818a2422cce622	0	manifest_deletes	0	{'attempted':0,'deleted':0,'suppressed':0}	{}
aafaffd84188580ed6818a2422cce622	0	namespace_cleanup	25655	{'evidence_rows':0,'janitor_deleted':0,'janitor_keys':334,'janitor_pages':1,'leaked':0}	{'CASConditionalWriteAttempts':1,'CASConditionalWriteCommitted':1,'CASGCCompareSwap':1,'CASGCGet':2,'CASOtherGet':1,'CASRootList':1,'ContextLock':13,'DiskConnectionsPreserved':6,'DiskConnectionsReused':6,'DiskS3GetObject':3,'DiskS3HeadObject':3,'DiskS3ReadMicroseconds':1571,'DiskS3ReadRequestsCount':6,'GlobalThreadPoolJobs':1,'IOBufferAllocBytes':1061625,'IOBufferAllocs':4,'LocalThreadPoolExpansions':1,'LocalThreadPoolJobs':2,'LocalThreadPoolShrinks':1,'LocalThreadPoolThreadCreationMicroseconds':3,'LogTrace':3,'MemoryAllocatedWithoutCheck':12,'MemoryAllocatedWithoutCheckBytes':13056,'ReadBufferFromS3Bytes':509,'ReadBufferFromS3InitMicroseconds':1070,'ReadBufferFromS3Microseconds':1081,'S3GetObject':3,'S3HeadObject':3,'S3ReadMicroseconds':1571,'S3ReadRequestsCount':6,'WriteBufferFromS3Bytes':53}
aafaffd84188580ed6818a2422cce622	0	orphan_sweep	2	{'cursor_advanced':0,'deleted':0,'list_budget_keys':1000,'listed':165,'retained_hold':0,'retained_no_coverage':0,'retained_tail_removal':0,'retained_unconsumed_seal':0,'skipped':165,'suppressed':0}	{}
aafaffd84188580ed6818a2422cce622	0	pending_deletes	1	{'absent':0,'deleted':0,'graduated':0,'outcome_logs_written':0,'redeleted':0,'replaced':0,'spared':0}	{}
aafaffd84188580ed6818a2422cce622	0	ref_object_cleanup	2266	{'namespaces_planned':2,'suppressed':0,'trim_enabled':1}	{'CASRootGet':4,'ContextLock':16,'DiskConnectionsPreserved':8,'DiskConnectionsReused':8,'DiskS3GetObject':4,'DiskS3HeadObject':4,'DiskS3ReadMicroseconds':1476,'DiskS3ReadRequestsCount':8,'IOBufferAllocBytes':18132,'IOBufferAllocs':4,'MemoryAllocatedWithoutCheck':16,'MemoryAllocatedWithoutCheckBytes':17408,'ReadBufferFromS3Bytes':1496,'ReadBufferFromS3InitMicroseconds':1107,'ReadBufferFromS3Microseconds':1117,'S3GetObject':4,'S3HeadObject':4,'S3ReadMicroseconds':1476,'S3ReadRequestsCount':8}
aafaffd84188580ed6818a2422cce622	0	round_commit	3241	{'generation':74,'generations_referenced':2,'generations_visited':1,'pruned_through':71,'round':74}	{'CASConditionalWriteAttempts':1,'CASConditionalWriteCommitted':1,'CASGCCompareSwap':1,'CASGCDelete':2,'CASGCEnumerationPages':1,'CASGCList':1,'ContextLock':3,'DiskConnectionsPreserved':2,'DiskConnectionsReused':2,'DiskS3DeleteObjects':2,'DiskS3WriteMicroseconds':1004,'DiskS3WriteRequestAttempts':2,'DiskS3WriteRequestsCount':2,'GlobalThreadPoolJobs':1,'IOBufferAllocBytes':1048639,'IOBufferAllocs':1,'LocalThreadPoolExpansions':1,'LocalThreadPoolJobs':2,'LocalThreadPoolShrinks':1,'LocalThreadPoolThreadCreationMicroseconds':4,'LogTrace':3,'MemoryAllocatedWithoutCheck':4,'MemoryAllocatedWithoutCheckBytes':4352,'S3WriteMicroseconds':1004,'S3WriteRequestAttempts':2,'S3WriteRequestsCount':2,'WriteBufferFromS3Bytes':143}
ab39d3f62d56b063c89caa1bd52ccd36	0	namespace_cleanup	24266	{'evidence_rows':0,'janitor_deleted':0,'janitor_keys':258,'janitor_pages':1,'leaked':0}	{'CASGCGet':1,'CASOtherGet':1,'CASRootList':1,'ContextLock':8,'DiskConnectionsPreserved':4,'DiskConnectionsReused':4,'DiskS3GetObject':2,'DiskS3HeadObject':2,'DiskS3ReadMicroseconds':1054,'DiskS3ReadRequestsCount':4,'GlobalThreadPoolJobs':1,'IOBufferAllocBytes':8684,'IOBufferAllocs':2,'LocalThreadPoolExpansions':1,'LocalThreadPoolJobs':1,'LocalThreadPoolShrinks':1,'LocalThreadPoolThreadCreationMicroseconds':4,'MemoryAllocatedWithoutCheck':8,'MemoryAllocatedWithoutCheckBytes':8704,'ReadBufferFromS3Bytes':366,'ReadBufferFromS3InitMicroseconds':738,'ReadBufferFromS3Microseconds':747,'S3GetObject':2,'S3HeadObject':2,'S3ReadMicroseconds':1054,'S3ReadRequestsCount':4}
ad2b7621ce8eb7225688ea8a70cf2a8c	0	manifest_deletes	1	{'attempted':0,'deleted':0,'suppressed':0}	{}
ad2b7621ce8eb7225688ea8a70cf2a8c	0	namespace_cleanup	41581	{'evidence_rows':0,'janitor_deleted':0,'janitor_keys':328,'janitor_pages':1,'leaked':0}	{'CASConditionalWriteAttempts':1,'CASConditionalWriteCommitted':1,'CASGCCompareSwap':1,'CASGCGet':2,'CASOtherGet':1,'CASRootList':1,'ContextLock':13,'DiskConnectionsPreserved':6,'DiskConnectionsReused':6,'DiskS3GetObject':3,'DiskS3HeadObject':3,'DiskS3ReadMicroseconds':2899,'DiskS3ReadRequestsCount':6,'GlobalThreadPoolJobs':1,'IOBufferAllocBytes':1061625,'IOBufferAllocs':4,'LocalThreadPoolExpansions':1,'LocalThreadPoolJobs':2,'LocalThreadPoolShrinks':1,'LocalThreadPoolThreadCreationMicroseconds':5,'LogTrace':3,'MemoryAllocatedWithoutCheck':12,'MemoryAllocatedWithoutCheckBytes':13056,'ReadBufferFromS3Bytes':509,'ReadBufferFromS3InitMicroseconds':1981,'ReadBufferFromS3Microseconds':2000,'S3GetObject':3,'S3HeadObject':3,'S3ReadMicroseconds':2899,'S3ReadRequestsCount':6,'WriteBufferFromS3Bytes':53}
ad2b7621ce8eb7225688ea8a70cf2a8c	0	orphan_sweep	2	{'cursor_advanced':0,'deleted':0,'list_budget_keys':1000,'listed':227,'retained_hold':0,'retained_no_coverage':0,'retained_tail_removal':0,'retained_unconsumed_seal':0,'skipped':227,'suppressed':0}	{}
ad2b7621ce8eb7225688ea8a70cf2a8c	0	pending_deletes	33934	{'absent':0,'deleted':27,'graduated':0,'outcome_logs_written':1,'redeleted':27,'replaced':0,'spared':0}	{'CASBlobDelete':27,'CASConditionalWriteAttempts':1,'CASConditionalWriteCommitted':1,'CASGCPut':1,'CASGCRetiredRedeleted':27,'ContextLock':55,'DiskConnectionsCreated':1,'DiskConnectionsElapsedMicroseconds':101,'DiskConnectionsPreserved':27,'DiskConnectionsReused':26,'DiskS3DeleteObjects':27,'DiskS3WriteMicroseconds':29380,'DiskS3WriteRequestAttempts':27,'DiskS3WriteRequestsCount':27,'IOBufferAllocBytes':1048639,'IOBufferAllocs':1,'LocalThreadPoolJobs':28,'LogTrace':3,'MemoryAllocatedWithoutCheck':56,'MemoryAllocatedWithoutCheckBytes':60928,'S3WriteMicroseconds':29380,'S3WriteRequestAttempts':27,'S3WriteRequestsCount':27,'WriteBufferFromS3Bytes':1147}
ad2b7621ce8eb7225688ea8a70cf2a8c	0	ref_object_cleanup	3011	{'namespaces_planned':2,'suppressed':0,'trim_enabled':1}	{'CASRootGet':4,'ContextLock':16,'DiskConnectionsPreserved':8,'DiskConnectionsReused':8,'DiskS3GetObject':4,'DiskS3HeadObject':4,'DiskS3ReadMicroseconds':2228,'DiskS3ReadRequestsCount':8,'IOBufferAllocBytes':18855,'IOBufferAllocs':4,'MemoryAllocatedWithoutCheck':16,'MemoryAllocatedWithoutCheckBytes':17408,'ReadBufferFromS3Bytes':2219,'ReadBufferFromS3InitMicroseconds':1198,'ReadBufferFromS3Microseconds':1207,'S3GetObject':4,'S3HeadObject':4,'S3ReadMicroseconds':2228,'S3ReadRequestsCount':8}
ad2b7621ce8eb7225688ea8a70cf2a8c	0	round_commit	6432	{'generation':92,'generations_referenced':2,'generations_visited':1,'pruned_through':89,'round':92}	{'CASConditionalWriteAttempts':1,'CASConditionalWriteCommitted':1,'CASGCCompareSwap':1,'CASGCDelete':2,'CASGCEnumerationPages':1,'CASGCList':1,'ContextLock':3,'DiskConnectionsPreserved':2,'DiskConnectionsReused':2,'DiskS3DeleteObjects':2,'DiskS3WriteMicroseconds':2350,'DiskS3WriteRequestAttempts':2,'DiskS3WriteRequestsCount':2,'GlobalThreadPoolJobs':1,'IOBufferAllocBytes':1048639,'IOBufferAllocs':1,'LocalThreadPoolExpansions':1,'LocalThreadPoolJobs':2,'LocalThreadPoolShrinks':1,'LocalThreadPoolThreadCreationMicroseconds':5,'LogTrace':3,'MemoryAllocatedWithoutCheck':4,'MemoryAllocatedWithoutCheckBytes':4352,'S3WriteMicroseconds':2350,'S3WriteRequestAttempts':2,'S3WriteRequestsCount':2,'WriteBufferFromS3Bytes':143}
b375643576108aa408b76da33f39a2bf	0	namespace_cleanup	20842	{'evidence_rows':0,'janitor_deleted':0,'janitor_keys':280,'janitor_pages':1,'leaked':0}	{'CASGCGet':1,'CASOtherGet':1,'CASRootList':1,'ContextLock':8,'DiskConnectionsPreserved':4,'DiskConnectionsReused':4,'DiskS3GetObject':2,'DiskS3HeadObject':2,'DiskS3ReadMicroseconds':869,'DiskS3ReadRequestsCount':4,'GlobalThreadPoolJobs':1,'IOBufferAllocBytes':8684,'IOBufferAllocs':2,'LocalThreadPoolExpansions':1,'LocalThreadPoolJobs':1,'LocalThreadPoolShrinks':1,'LocalThreadPoolThreadCreationMicroseconds':3,'MemoryAllocatedWithoutCheck':8,'MemoryAllocatedWithoutCheckBytes':8704,'ReadBufferFromS3Bytes':366,'ReadBufferFromS3InitMicroseconds':572,'ReadBufferFromS3Microseconds':577,'S3GetObject':2,'S3HeadObject':2,'S3ReadMicroseconds':869,'S3ReadRequestsCount':4}
b50478f62321b1c14c42c757d314daa9	0	manifest_deletes	0	{'attempted':0,'deleted':0,'suppressed':0}	{}
b50478f62321b1c14c42c757d314daa9	0	namespace_cleanup	22595	{'evidence_rows':0,'janitor_deleted':0,'janitor_keys':244,'janitor_pages':1,'leaked':0}	{'CASConditionalWriteAttempts':1,'CASConditionalWriteCommitted':1,'CASGCCompareSwap':1,'CASGCGet':2,'CASOtherGet':1,'CASRootList':1,'ContextLock':13,'DiskConnectionsPreserved':6,'DiskConnectionsReused':6,'DiskS3GetObject':3,'DiskS3HeadObject':3,'DiskS3ReadMicroseconds':1131,'DiskS3ReadRequestsCount':6,'GlobalThreadPoolJobs':1,'IOBufferAllocBytes':1061625,'IOBufferAllocs':4,'LocalThreadPoolExpansions':1,'LocalThreadPoolJobs':2,'LocalThreadPoolShrinks':1,'LocalThreadPoolThreadCreationMicroseconds':3,'LogTrace':3,'MemoryAllocatedWithoutCheck':12,'MemoryAllocatedWithoutCheckBytes':13056,'ReadBufferFromS3Bytes':509,'ReadBufferFromS3InitMicroseconds':783,'ReadBufferFromS3Microseconds':789,'S3GetObject':3,'S3HeadObject':3,'S3ReadMicroseconds':1131,'S3ReadRequestsCount':6,'WriteBufferFromS3Bytes':53}
b50478f62321b1c14c42c757d314daa9	0	orphan_sweep	2	{'cursor_advanced':0,'deleted':0,'list_budget_keys':1000,'listed':247,'retained_hold':0,'retained_no_coverage':0,'retained_tail_removal':0,'retained_unconsumed_seal':0,'skipped':247,'suppressed':0}	{}
b50478f62321b1c14c42c757d314daa9	0	pending_deletes	1	{'absent':0,'deleted':0,'graduated':0,'outcome_logs_written':0,'redeleted':0,'replaced':0,'spared':0}	{}
b50478f62321b1c14c42c757d314daa9	0	ref_object_cleanup	1749	{'namespaces_planned':2,'suppressed':0,'trim_enabled':1}	{'CASRootGet':4,'ContextLock':16,'DiskConnectionsPreserved':8,'DiskConnectionsReused':8,'DiskS3GetObject':4,'DiskS3HeadObject':4,'DiskS3ReadMicroseconds':1154,'DiskS3ReadRequestsCount':8,'IOBufferAllocBytes':18855,'IOBufferAllocs':4,'MemoryAllocatedWithoutCheck':16,'MemoryAllocatedWithoutCheckBytes':17408,'ReadBufferFromS3Bytes':2219,'ReadBufferFromS3InitMicroseconds':821,'ReadBufferFromS3Microseconds':827,'S3GetObject':4,'S3HeadObject':4,'S3ReadMicroseconds':1154,'S3ReadRequestsCount':8}
b50478f62321b1c14c42c757d314daa9	0	round_commit	3034	{'generation':87,'generations_referenced':2,'generations_visited':1,'pruned_through':84,'round':87}	{'CASConditionalWriteAttempts':1,'CASConditionalWriteCommitted':1,'CASGCCompareSwap':1,'CASGCDelete':2,'CASGCEnumerationPages':1,'CASGCList':1,'ContextLock':3,'DiskConnectionsPreserved':2,'DiskConnectionsReused':2,'DiskS3DeleteObjects':2,'DiskS3WriteMicroseconds':1184,'DiskS3WriteRequestAttempts':2,'DiskS3WriteRequestsCount':2,'GlobalThreadPoolJobs':1,'IOBufferAllocBytes':1048639,'IOBufferAllocs':1,'LocalThreadPoolExpansions':1,'LocalThreadPoolJobs':2,'LocalThreadPoolShrinks':1,'LocalThreadPoolThreadCreationMicroseconds':3,'LogTrace':3,'MemoryAllocatedWithoutCheck':4,'MemoryAllocatedWithoutCheckBytes':4352,'S3WriteMicroseconds':1184,'S3WriteRequestAttempts':2,'S3WriteRequestsCount':2,'WriteBufferFromS3Bytes':143}
b707c05d95322066f6a5473c43e4f8d5	0	namespace_cleanup	28190	{'evidence_rows':0,'janitor_deleted':0,'janitor_keys':412,'janitor_pages':1,'leaked':0}	{'CASGCGet':1,'CASOtherGet':1,'CASRootList':1,'ContextLock':8,'DiskConnectionsPreserved':4,'DiskConnectionsReused':4,'DiskS3GetObject':2,'DiskS3HeadObject':2,'DiskS3ReadMicroseconds':976,'DiskS3ReadRequestsCount':4,'GlobalThreadPoolJobs':1,'IOBufferAllocBytes':8684,'IOBufferAllocs':2,'LocalThreadPoolExpansions':1,'LocalThreadPoolJobs':1,'LocalThreadPoolShrinks':1,'LocalThreadPoolThreadCreationMicroseconds':3,'MemoryAllocatedWithoutCheck':8,'MemoryAllocatedWithoutCheckBytes':8704,'ReadBufferFromS3Bytes':366,'ReadBufferFromS3InitMicroseconds':636,'ReadBufferFromS3Microseconds':651,'S3GetObject':2,'S3HeadObject':2,'S3ReadMicroseconds':976,'S3ReadRequestsCount':4}
b7c1620ab5161de5a1772af94e787fa8	0	manifest_deletes	10971	{'attempted':4,'deleted':4,'suppressed':0}	{'CASManifestDelete':4,'ContextLock':8,'DiskConnectionsPreserved':4,'DiskConnectionsReused':4,'DiskS3DeleteObjects':4,'DiskS3WriteMicroseconds':10697,'DiskS3WriteRequestAttempts':4,'DiskS3WriteRequestsCount':4,'MemoryAllocatedWithoutCheck':8,'MemoryAllocatedWithoutCheckBytes':8704,'S3WriteMicroseconds':10697,'S3WriteRequestAttempts':4,'S3WriteRequestsCount':4}
b7c1620ab5161de5a1772af94e787fa8	0	namespace_cleanup	26725	{'evidence_rows':0,'janitor_deleted':0,'janitor_keys':316,'janitor_pages':1,'leaked':0}	{'CASConditionalWriteAttempts':1,'CASConditionalWriteCommitted':1,'CASGCCompareSwap':1,'CASGCGet':2,'CASOtherGet':1,'CASRootList':1,'ContextLock':13,'DiskConnectionsPreserved':6,'DiskConnectionsReused':6,'DiskS3GetObject':3,'DiskS3HeadObject':3,'DiskS3ReadMicroseconds':1191,'DiskS3ReadRequestsCount':6,'GlobalThreadPoolJobs':1,'IOBufferAllocBytes':1061625,'IOBufferAllocs':4,'LocalThreadPoolExpansions':1,'LocalThreadPoolJobs':2,'LocalThreadPoolShrinks':1,'LocalThreadPoolThreadCreationMicroseconds':3,'LogTrace':3,'MemoryAllocatedWithoutCheck':12,'MemoryAllocatedWithoutCheckBytes':13056,'ReadBufferFromS3Bytes':509,'ReadBufferFromS3InitMicroseconds':797,'ReadBufferFromS3Microseconds':802,'S3GetObject':3,'S3HeadObject':3,'S3ReadMicroseconds':1191,'S3ReadRequestsCount':6,'WriteBufferFromS3Bytes':53}
b7c1620ab5161de5a1772af94e787fa8	0	orphan_sweep	2	{'cursor_advanced':0,'deleted':0,'list_budget_keys':1000,'listed':158,'retained_hold':0,'retained_no_coverage':0,'retained_tail_removal':0,'retained_unconsumed_seal':0,'skipped':158,'suppressed':0}	{}
b7c1620ab5161de5a1772af94e787fa8	0	pending_deletes	1	{'absent':0,'deleted':0,'graduated':0,'outcome_logs_written':0,'redeleted':0,'replaced':0,'spared':0}	{}
b7c1620ab5161de5a1772af94e787fa8	0	ref_object_cleanup	1700	{'namespaces_planned':2,'suppressed':0,'trim_enabled':1}	{'CASRootGet':4,'ContextLock':16,'DiskConnectionsPreserved':8,'DiskConnectionsReused':8,'DiskS3GetObject':4,'DiskS3HeadObject':4,'DiskS3ReadMicroseconds':1178,'DiskS3ReadRequestsCount':8,'IOBufferAllocBytes':18132,'IOBufferAllocs':4,'MemoryAllocatedWithoutCheck':16,'MemoryAllocatedWithoutCheckBytes':17408,'ReadBufferFromS3Bytes':1496,'ReadBufferFromS3InitMicroseconds':853,'ReadBufferFromS3Microseconds':857,'S3GetObject':4,'S3HeadObject':4,'S3ReadMicroseconds':1178,'S3ReadRequestsCount':8}
b7c1620ab5161de5a1772af94e787fa8	0	round_commit	3257	{'generation':72,'generations_referenced':2,'generations_visited':1,'pruned_through':69,'round':72}	{'CASConditionalWriteAttempts':1,'CASConditionalWriteCommitted':1,'CASGCCompareSwap':1,'CASGCDelete':2,'CASGCEnumerationPages':1,'CASGCList':1,'ContextLock':3,'DiskConnectionsPreserved':2,'DiskConnectionsReused':2,'DiskS3DeleteObjects':2,'DiskS3WriteMicroseconds':1117,'DiskS3WriteRequestAttempts':2,'DiskS3WriteRequestsCount':2,'GlobalThreadPoolJobs':1,'IOBufferAllocBytes':1048639,'IOBufferAllocs':1,'LocalThreadPoolExpansions':1,'LocalThreadPoolJobs':2,'LocalThreadPoolShrinks':1,'LocalThreadPoolThreadCreationMicroseconds':4,'LogTrace':3,'MemoryAllocatedWithoutCheck':4,'MemoryAllocatedWithoutCheckBytes':4352,'S3WriteMicroseconds':1117,'S3WriteRequestAttempts':2,'S3WriteRequestsCount':2,'WriteBufferFromS3Bytes':143}
c12cca3f775ab348e3ff74ea65c66a64	0	namespace_cleanup	17498	{'evidence_rows':0,'janitor_deleted':0,'janitor_keys':179,'janitor_pages':1,'leaked':0}	{'CASGCGet':1,'CASOtherGet':1,'CASRootList':1,'ContextLock':8,'DiskConnectionsPreserved':4,'DiskConnectionsReused':4,'DiskS3GetObject':2,'DiskS3HeadObject':2,'DiskS3ReadMicroseconds':1179,'DiskS3ReadRequestsCount':4,'GlobalThreadPoolJobs':1,'IOBufferAllocBytes':8684,'IOBufferAllocs':2,'LocalThreadPoolExpansions':1,'LocalThreadPoolJobs':1,'LocalThreadPoolShrinks':1,'LocalThreadPoolThreadCreationMicroseconds':3,'MemoryAllocatedWithoutCheck':8,'MemoryAllocatedWithoutCheckBytes':8704,'ReadBufferFromS3Bytes':366,'ReadBufferFromS3InitMicroseconds':785,'ReadBufferFromS3Microseconds':793,'S3GetObject':2,'S3HeadObject':2,'S3ReadMicroseconds':1179,'S3ReadRequestsCount':4}
c3eb27feab62864f5b946d1082a605b0	0	namespace_cleanup	29474	{'evidence_rows':0,'janitor_deleted':0,'janitor_keys':412,'janitor_pages':1,'leaked':0}	{'CASGCGet':1,'CASOtherGet':1,'CASRootList':1,'ContextLock':8,'DiskConnectionsPreserved':4,'DiskConnectionsReused':4,'DiskS3GetObject':2,'DiskS3HeadObject':2,'DiskS3ReadMicroseconds':894,'DiskS3ReadRequestsCount':4,'GlobalThreadPoolJobs':1,'IOBufferAllocBytes':8684,'IOBufferAllocs':2,'LocalThreadPoolExpansions':1,'LocalThreadPoolJobs':1,'LocalThreadPoolShrinks':1,'LocalThreadPoolThreadCreationMicroseconds':3,'MemoryAllocatedWithoutCheck':8,'MemoryAllocatedWithoutCheckBytes':8704,'ReadBufferFromS3Bytes':366,'ReadBufferFromS3InitMicroseconds':612,'ReadBufferFromS3Microseconds':619,'S3GetObject':2,'S3HeadObject':2,'S3ReadMicroseconds':894,'S3ReadRequestsCount':4}
c66335e715310aa2d971cd1ac9542694	0	manifest_deletes	0	{'attempted':0,'deleted':0,'suppressed':0}	{}
c66335e715310aa2d971cd1ac9542694	0	namespace_cleanup	28542	{'evidence_rows':0,'janitor_deleted':0,'janitor_keys':368,'janitor_pages':1,'leaked':0}	{'CASConditionalWriteAttempts':1,'CASConditionalWriteCommitted':1,'CASGCCompareSwap':1,'CASGCGet':2,'CASOtherGet':1,'CASRootList':1,'ContextLock':13,'DiskConnectionsPreserved':6,'DiskConnectionsReused':6,'DiskS3GetObject':3,'DiskS3HeadObject':3,'DiskS3ReadMicroseconds':1159,'DiskS3ReadRequestsCount':6,'GlobalThreadPoolJobs':1,'IOBufferAllocBytes':1061625,'IOBufferAllocs':4,'LocalThreadPoolExpansions':1,'LocalThreadPoolJobs':2,'LocalThreadPoolShrinks':1,'LocalThreadPoolThreadCreationMicroseconds':2,'LogTrace':3,'MemoryAllocatedWithoutCheck':12,'MemoryAllocatedWithoutCheckBytes':13056,'ReadBufferFromS3Bytes':509,'ReadBufferFromS3InitMicroseconds':776,'ReadBufferFromS3Microseconds':785,'S3GetObject':3,'S3HeadObject':3,'S3ReadMicroseconds':1159,'S3ReadRequestsCount':6,'WriteBufferFromS3Bytes':53}
c66335e715310aa2d971cd1ac9542694	0	orphan_sweep	2	{'cursor_advanced':0,'deleted':0,'list_budget_keys':1000,'listed':249,'retained_hold':0,'retained_no_coverage':0,'retained_tail_removal':0,'retained_unconsumed_seal':0,'skipped':249,'suppressed':0}	{}
c66335e715310aa2d971cd1ac9542694	0	pending_deletes	1	{'absent':0,'deleted':0,'graduated':0,'outcome_logs_written':0,'redeleted':0,'replaced':0,'spared':0}	{}
c66335e715310aa2d971cd1ac9542694	0	ref_object_cleanup	2326	{'namespaces_planned':2,'suppressed':0,'trim_enabled':1}	{'CASRootGet':4,'ContextLock':16,'DiskConnectionsCreated':1,'DiskConnectionsElapsedMicroseconds':70,'DiskConnectionsExpired':1,'DiskConnectionsPreserved':7,'DiskConnectionsReused':7,'DiskS3GetObject':4,'DiskS3HeadObject':4,'DiskS3ReadMicroseconds':1470,'DiskS3ReadRequestsCount':8,'IOBufferAllocBytes':18855,'IOBufferAllocs':4,'MemoryAllocatedWithoutCheck':16,'MemoryAllocatedWithoutCheckBytes':17408,'ReadBufferFromS3Bytes':2219,'ReadBufferFromS3InitMicroseconds':1166,'ReadBufferFromS3Microseconds':1176,'S3GetObject':4,'S3HeadObject':4,'S3ReadMicroseconds':1470,'S3ReadRequestsCount':8}
c66335e715310aa2d971cd1ac9542694	0	round_commit	3757	{'generation':95,'generations_referenced':2,'generations_visited':1,'pruned_through':92,'round':95}	{'CASConditionalWriteAttempts':1,'CASConditionalWriteCommitted':1,'CASGCCompareSwap':1,'CASGCDelete':3,'CASGCEnumerationPages':1,'CASGCList':1,'ContextLock':4,'DiskConnectionsPreserved':3,'DiskConnectionsReused':3,'DiskS3DeleteObjects':3,'DiskS3WriteMicroseconds':1562,'DiskS3WriteRequestAttempts':3,'DiskS3WriteRequestsCount':3,'GlobalThreadPoolJobs':1,'IOBufferAllocBytes':1048639,'IOBufferAllocs':1,'LocalThreadPoolExpansions':1,'LocalThreadPoolJobs':2,'LocalThreadPoolShrinks':1,'LocalThreadPoolThreadCreationMicroseconds':3,'LogTrace':3,'MemoryAllocatedWithoutCheck':6,'MemoryAllocatedWithoutCheckBytes':6528,'S3WriteMicroseconds':1562,'S3WriteRequestAttempts':3,'S3WriteRequestsCount':3,'WriteBufferFromS3Bytes':143}
c89a4481b7c292569c460a3372b4dbd7	0	namespace_cleanup	102987	{'evidence_rows':0,'janitor_deleted':0,'janitor_keys':412,'janitor_pages':1,'leaked':0}	{'CASGCGet':1,'CASOtherGet':1,'CASRootList':1,'ContextLock':8,'DiskConnectionsPreserved':4,'DiskConnectionsReused':4,'DiskS3GetObject':2,'DiskS3HeadObject':2,'DiskS3ReadMicroseconds':3896,'DiskS3ReadRequestsCount':4,'GlobalThreadPoolJobs':1,'IOBufferAllocBytes':8684,'IOBufferAllocs':2,'LocalThreadPoolExpansions':1,'LocalThreadPoolJobs':1,'LocalThreadPoolShrinks':1,'LocalThreadPoolThreadCreationMicroseconds':8,'MemoryAllocatedWithoutCheck':8,'MemoryAllocatedWithoutCheckBytes':8704,'ReadBufferFromS3Bytes':366,'ReadBufferFromS3InitMicroseconds':2458,'ReadBufferFromS3Microseconds':2482,'S3GetObject':2,'S3HeadObject':2,'S3ReadMicroseconds':3896,'S3ReadRequestsCount':4}
c8c1c0d397ef26054c84cc329260ceeb	0	manifest_deletes	0	{'attempted':0,'deleted':0,'suppressed':0}	{}
c8c1c0d397ef26054c84cc329260ceeb	0	namespace_cleanup	29559	{'evidence_rows':0,'janitor_deleted':0,'janitor_keys':412,'janitor_pages':1,'leaked':0}	{'CASConditionalWriteAttempts':1,'CASConditionalWriteCommitted':1,'CASGCCompareSwap':1,'CASGCGet':2,'CASOtherGet':1,'CASRootList':1,'ContextLock':13,'DiskConnectionsPreserved':6,'DiskConnectionsReused':6,'DiskS3GetObject':3,'DiskS3HeadObject':3,'DiskS3ReadMicroseconds':1117,'DiskS3ReadRequestsCount':6,'GlobalThreadPoolJobs':1,'IOBufferAllocBytes':1061625,'IOBufferAllocs':4,'LocalThreadPoolExpansions':1,'LocalThreadPoolJobs':2,'LocalThreadPoolShrinks':1,'LocalThreadPoolThreadCreationMicroseconds':2,'LogTrace':3,'MemoryAllocatedWithoutCheck':12,'MemoryAllocatedWithoutCheckBytes':13056,'ReadBufferFromS3Bytes':509,'ReadBufferFromS3InitMicroseconds':733,'ReadBufferFromS3Microseconds':741,'S3GetObject':3,'S3HeadObject':3,'S3ReadMicroseconds':1117,'S3ReadRequestsCount':6,'WriteBufferFromS3Bytes':53}
c8c1c0d397ef26054c84cc329260ceeb	0	orphan_sweep	1	{'cursor_advanced':0,'deleted':0,'list_budget_keys':1000,'listed':200,'retained_hold':0,'retained_no_coverage':0,'retained_tail_removal':0,'retained_unconsumed_seal':0,'skipped':200,'suppressed':0}	{}
c8c1c0d397ef26054c84cc329260ceeb	0	pending_deletes	250	{'absent':0,'deleted':0,'graduated':769,'outcome_logs_written':0,'redeleted':0,'replaced':0,'spared':0}	{'CASGCRetiredGraduated':769,'ContextLock':769}
c8c1c0d397ef26054c84cc329260ceeb	0	ref_object_cleanup	1797	{'namespaces_planned':2,'suppressed':0,'trim_enabled':1}	{'CASRootGet':4,'ContextLock':16,'DiskConnectionsPreserved':8,'DiskConnectionsReused':8,'DiskS3GetObject':4,'DiskS3HeadObject':4,'DiskS3ReadMicroseconds':1219,'DiskS3ReadRequestsCount':8,'IOBufferAllocBytes':18855,'IOBufferAllocs':4,'MemoryAllocatedWithoutCheck':16,'MemoryAllocatedWithoutCheckBytes':17408,'ReadBufferFromS3Bytes':2219,'ReadBufferFromS3InitMicroseconds':897,'ReadBufferFromS3Microseconds':903,'S3GetObject':4,'S3HeadObject':4,'S3ReadMicroseconds':1219,'S3ReadRequestsCount':8}
c8c1c0d397ef26054c84cc329260ceeb	0	round_commit	3137	{'generation':99,'generations_referenced':2,'generations_visited':1,'pruned_through':96,'round':99}	{'CASConditionalWriteAttempts':1,'CASConditionalWriteCommitted':1,'CASGCCompareSwap':1,'CASGCDelete':2,'CASGCEnumerationPages':1,'CASGCList':1,'ContextLock':3,'DiskConnectionsCreated':1,'DiskConnectionsElapsedMicroseconds':51,'DiskConnectionsExpired':1,'DiskConnectionsPreserved':1,'DiskConnectionsReused':1,'DiskS3DeleteObjects':2,'DiskS3WriteMicroseconds':1174,'DiskS3WriteRequestAttempts':2,'DiskS3WriteRequestsCount':2,'GlobalThreadPoolJobs':1,'IOBufferAllocBytes':1048639,'IOBufferAllocs':1,'LocalThreadPoolExpansions':1,'LocalThreadPoolJobs':2,'LocalThreadPoolShrinks':1,'LocalThreadPoolThreadCreationMicroseconds':4,'LogTrace':3,'MemoryAllocatedWithoutCheck':4,'MemoryAllocatedWithoutCheckBytes':4352,'S3WriteMicroseconds':1174,'S3WriteRequestAttempts':2,'S3WriteRequestsCount':2,'WriteBufferFromS3Bytes':143}
c97ee8ae89ea2a74a5f92411fc019213	0	namespace_cleanup	20578	{'evidence_rows':0,'janitor_deleted':0,'janitor_keys':167,'janitor_pages':1,'leaked':0}	{'CASGCGet':1,'CASOtherGet':1,'CASRootList':1,'ContextLock':8,'DiskConnectionsPreserved':4,'DiskConnectionsReused':4,'DiskS3GetObject':2,'DiskS3HeadObject':2,'DiskS3ReadMicroseconds':1129,'DiskS3ReadRequestsCount':4,'GlobalThreadPoolJobs':1,'IOBufferAllocBytes':8684,'IOBufferAllocs':2,'LocalThreadPoolExpansions':1,'LocalThreadPoolJobs':1,'LocalThreadPoolShrinks':1,'LocalThreadPoolThreadCreationMicroseconds':3,'MemoryAllocatedWithoutCheck':8,'MemoryAllocatedWithoutCheckBytes':8704,'ReadBufferFromS3Bytes':366,'ReadBufferFromS3InitMicroseconds':788,'ReadBufferFromS3Microseconds':793,'S3GetObject':2,'S3HeadObject':2,'S3ReadMicroseconds':1129,'S3ReadRequestsCount':4}
d7ac1ea1acedb4af91da9225c8d106ac	0	namespace_cleanup	16465	{'evidence_rows':0,'janitor_deleted':0,'janitor_keys':179,'janitor_pages':1,'leaked':0}	{'CASGCGet':1,'CASOtherGet':1,'CASRootList':1,'ContextLock':8,'DiskConnectionsPreserved':4,'DiskConnectionsReused':4,'DiskS3GetObject':2,'DiskS3HeadObject':2,'DiskS3ReadMicroseconds':960,'DiskS3ReadRequestsCount':4,'GlobalThreadPoolJobs':1,'IOBufferAllocBytes':8684,'IOBufferAllocs':2,'LocalThreadPoolExpansions':1,'LocalThreadPoolJobs':1,'LocalThreadPoolShrinks':1,'LocalThreadPoolThreadCreationMicroseconds':3,'MemoryAllocatedWithoutCheck':8,'MemoryAllocatedWithoutCheckBytes':8704,'ReadBufferFromS3Bytes':366,'ReadBufferFromS3InitMicroseconds':676,'ReadBufferFromS3Microseconds':682,'S3GetObject':2,'S3HeadObject':2,'S3ReadMicroseconds':960,'S3ReadRequestsCount':4}
dac615cc30324000efead6ab80b4a90b	0	namespace_cleanup	20545	{'evidence_rows':0,'janitor_deleted':0,'janitor_keys':217,'janitor_pages':1,'leaked':0}	{'CASGCGet':1,'CASOtherGet':1,'CASRootList':1,'ContextLock':8,'DiskConnectionsPreserved':4,'DiskConnectionsReused':4,'DiskS3GetObject':2,'DiskS3HeadObject':2,'DiskS3ReadMicroseconds':1115,'DiskS3ReadRequestsCount':4,'GlobalThreadPoolJobs':1,'IOBufferAllocBytes':8684,'IOBufferAllocs':2,'LocalThreadPoolExpansions':1,'LocalThreadPoolJobs':1,'LocalThreadPoolShrinks':1,'LocalThreadPoolThreadCreationMicroseconds':4,'MemoryAllocatedWithoutCheck':8,'MemoryAllocatedWithoutCheckBytes':8704,'ReadBufferFromS3Bytes':366,'ReadBufferFromS3InitMicroseconds':723,'ReadBufferFromS3Microseconds':732,'S3GetObject':2,'S3HeadObject':2,'S3ReadMicroseconds':1115,'S3ReadRequestsCount':4}
dbe2439027085b9887e9cd8ddce866f7	0	manifest_deletes	80083	{'attempted':162,'deleted':162,'suppressed':0}	{'CASManifestDelete':162,'ContextLock':324,'DiskConnectionsExpired':2,'DiskConnectionsPreserved':160,'DiskConnectionsReused':162,'DiskS3DeleteObjects':162,'DiskS3WriteMicroseconds':68688,'DiskS3WriteRequestAttempts':162,'DiskS3WriteRequestsCount':162,'MemoryAllocatedWithoutCheck':320,'MemoryAllocatedWithoutCheckBytes':348160,'S3WriteMicroseconds':68688,'S3WriteRequestAttempts':162,'S3WriteRequestsCount':162}
dbe2439027085b9887e9cd8ddce866f7	0	namespace_cleanup	27393	{'evidence_rows':0,'janitor_deleted':0,'janitor_keys':304,'janitor_pages':1,'leaked':0}	{'CASConditionalWriteAttempts':1,'CASConditionalWriteCommitted':1,'CASGCCompareSwap':1,'CASGCGet':2,'CASOtherGet':1,'CASRootList':1,'ContextLock':13,'DiskConnectionsPreserved':6,'DiskConnectionsReused':6,'DiskS3GetObject':3,'DiskS3HeadObject':3,'DiskS3ReadMicroseconds':1535,'DiskS3ReadRequestsCount':6,'GlobalThreadPoolJobs':1,'IOBufferAllocBytes':1061625,'IOBufferAllocs':4,'LocalThreadPoolExpansions':1,'LocalThreadPoolJobs':2,'LocalThreadPoolShrinks':1,'LocalThreadPoolThreadCreationMicroseconds':6,'LogTrace':3,'MemoryAllocatedWithoutCheck':12,'MemoryAllocatedWithoutCheckBytes':13056,'ReadBufferFromS3Bytes':509,'ReadBufferFromS3InitMicroseconds':1036,'ReadBufferFromS3Microseconds':1053,'S3GetObject':3,'S3HeadObject':3,'S3ReadMicroseconds':1535,'S3ReadRequestsCount':6,'WriteBufferFromS3Bytes':53}
dbe2439027085b9887e9cd8ddce866f7	0	orphan_sweep	1	{'cursor_advanced':0,'deleted':0,'list_budget_keys':1000,'listed':379,'retained_hold':0,'retained_no_coverage':0,'retained_tail_removal':0,'retained_unconsumed_seal':0,'skipped':379,'suppressed':0}	{}
dbe2439027085b9887e9cd8ddce866f7	0	pending_deletes	1	{'absent':0,'deleted':0,'graduated':0,'outcome_logs_written':0,'redeleted':0,'replaced':0,'spared':0}	{}
dbe2439027085b9887e9cd8ddce866f7	0	ref_object_cleanup	2161	{'namespaces_planned':2,'suppressed':0,'trim_enabled':1}	{'CASRootGet':4,'ContextLock':16,'DiskConnectionsPreserved':8,'DiskConnectionsReused':8,'DiskS3GetObject':4,'DiskS3HeadObject':4,'DiskS3ReadMicroseconds':1393,'DiskS3ReadRequestsCount':8,'IOBufferAllocBytes':18855,'IOBufferAllocs':4,'MemoryAllocatedWithoutCheck':16,'MemoryAllocatedWithoutCheckBytes':17408,'ReadBufferFromS3Bytes':2219,'ReadBufferFromS3InitMicroseconds':1057,'ReadBufferFromS3Microseconds':1069,'S3GetObject':4,'S3HeadObject':4,'S3ReadMicroseconds':1393,'S3ReadRequestsCount':8}
dbe2439027085b9887e9cd8ddce866f7	0	round_commit	4146	{'generation':90,'generations_referenced':2,'generations_visited':1,'pruned_through':87,'round':90}	{'CASConditionalWriteAttempts':1,'CASConditionalWriteCommitted':1,'CASGCCompareSwap':1,'CASGCDelete':2,'CASGCEnumerationPages':1,'CASGCList':1,'ContextLock':3,'DiskConnectionsPreserved':2,'DiskConnectionsReused':2,'DiskS3DeleteObjects':2,'DiskS3WriteMicroseconds':1302,'DiskS3WriteRequestAttempts':2,'DiskS3WriteRequestsCount':2,'GlobalThreadPoolJobs':1,'IOBufferAllocBytes':1048639,'IOBufferAllocs':1,'LocalThreadPoolExpansions':1,'LocalThreadPoolJobs':2,'LocalThreadPoolShrinks':1,'LocalThreadPoolThreadCreationMicroseconds':3,'LogTrace':3,'MemoryAllocatedWithoutCheck':4,'MemoryAllocatedWithoutCheckBytes':4352,'S3WriteMicroseconds':1302,'S3WriteRequestAttempts':2,'S3WriteRequestsCount':2,'WriteBufferFromS3Bytes':143}
dd04c1c66d26347cfc153faa8c62a044	0	namespace_cleanup	16305	{'evidence_rows':0,'janitor_deleted':0,'janitor_keys':179,'janitor_pages':1,'leaked':0}	{'CASGCGet':1,'CASOtherGet':1,'CASRootList':1,'ContextLock':8,'DiskConnectionsPreserved':4,'DiskConnectionsReused':4,'DiskS3GetObject':2,'DiskS3HeadObject':2,'DiskS3ReadMicroseconds':894,'DiskS3ReadRequestsCount':4,'GlobalThreadPoolJobs':1,'IOBufferAllocBytes':8684,'IOBufferAllocs':2,'LocalThreadPoolExpansions':1,'LocalThreadPoolJobs':1,'LocalThreadPoolShrinks':1,'LocalThreadPoolThreadCreationMicroseconds':3,'MemoryAllocatedWithoutCheck':8,'MemoryAllocatedWithoutCheckBytes':8704,'ReadBufferFromS3Bytes':366,'ReadBufferFromS3InitMicroseconds':606,'ReadBufferFromS3Microseconds':610,'S3GetObject':2,'S3HeadObject':2,'S3ReadMicroseconds':894,'S3ReadRequestsCount':4}
e4e0d1a77098bf525c67d1a3e89d199f	0	namespace_cleanup	23652	{'evidence_rows':0,'janitor_deleted':0,'janitor_keys':239,'janitor_pages':1,'leaked':0}	{'CASGCGet':1,'CASOtherGet':1,'CASRootList':1,'ContextLock':8,'DiskConnectionsPreserved':4,'DiskConnectionsReused':4,'DiskS3GetObject':2,'DiskS3HeadObject':2,'DiskS3ReadMicroseconds':1104,'DiskS3ReadRequestsCount':4,'GlobalThreadPoolJobs':1,'IOBufferAllocBytes':8684,'IOBufferAllocs':2,'LocalThreadPoolExpansions':1,'LocalThreadPoolJobs':1,'LocalThreadPoolShrinks':1,'LocalThreadPoolThreadCreationMicroseconds':4,'MemoryAllocatedWithoutCheck':8,'MemoryAllocatedWithoutCheckBytes':8704,'ReadBufferFromS3Bytes':366,'ReadBufferFromS3InitMicroseconds':654,'ReadBufferFromS3Microseconds':660,'S3GetObject':2,'S3HeadObject':2,'S3ReadMicroseconds':1104,'S3ReadRequestsCount':4}
e561ce0678d02ff9002cb69e3faa365a	0	manifest_deletes	121376	{'attempted':195,'deleted':195,'suppressed':0}	{'CASManifestDelete':195,'ContextLock':390,'DiskConnectionsCreated':2,'DiskConnectionsElapsedMicroseconds':167,'DiskConnectionsExpired':8,'DiskConnectionsPreserved':187,'DiskConnectionsReused':193,'DiskS3DeleteObjects':195,'DiskS3WriteMicroseconds':103779,'DiskS3WriteRequestAttempts':195,'DiskS3WriteRequestsCount':195,'MemoryAllocatedWithoutCheck':378,'MemoryAllocatedWithoutCheckBytes':411264,'S3WriteMicroseconds':103779,'S3WriteRequestAttempts':195,'S3WriteRequestsCount':195}
e561ce0678d02ff9002cb69e3faa365a	0	namespace_cleanup	35180	{'evidence_rows':0,'janitor_deleted':0,'janitor_keys':412,'janitor_pages':1,'leaked':0}	{'CASConditionalWriteAttempts':1,'CASConditionalWriteCommitted':1,'CASGCCompareSwap':1,'CASGCGet':2,'CASOtherGet':1,'CASRootList':1,'ContextLock':13,'DiskConnectionsPreserved':6,'DiskConnectionsReused':6,'DiskS3GetObject':3,'DiskS3HeadObject':3,'DiskS3ReadMicroseconds':1613,'DiskS3ReadRequestsCount':6,'GlobalThreadPoolJobs':1,'IOBufferAllocBytes':1061625,'IOBufferAllocs':4,'LocalThreadPoolExpansions':1,'LocalThreadPoolJobs':2,'LocalThreadPoolShrinks':1,'LocalThreadPoolThreadCreationMicroseconds':6,'LogTrace':3,'MemoryAllocatedWithoutCheck':12,'MemoryAllocatedWithoutCheckBytes':13056,'ReadBufferFromS3Bytes':509,'ReadBufferFromS3InitMicroseconds':1109,'ReadBufferFromS3Microseconds':1122,'S3GetObject':3,'S3HeadObject':3,'S3ReadMicroseconds':1613,'S3ReadRequestsCount':6,'WriteBufferFromS3Bytes':53}
e561ce0678d02ff9002cb69e3faa365a	0	orphan_sweep	2	{'cursor_advanced':0,'deleted':0,'list_budget_keys':1000,'listed':395,'retained_hold':0,'retained_no_coverage':0,'retained_tail_removal':0,'retained_unconsumed_seal':0,'skipped':395,'suppressed':0}	{}
e561ce0678d02ff9002cb69e3faa365a	0	pending_deletes	3	{'absent':0,'deleted':0,'graduated':0,'outcome_logs_written':0,'redeleted':0,'replaced':0,'spared':0}	{}
e561ce0678d02ff9002cb69e3faa365a	0	ref_object_cleanup	2869	{'namespaces_planned':2,'suppressed':0,'trim_enabled':1}	{'CASRootGet':4,'ContextLock':16,'DiskConnectionsPreserved':8,'DiskConnectionsReused':8,'DiskS3GetObject':4,'DiskS3HeadObject':4,'DiskS3ReadMicroseconds':1772,'DiskS3ReadRequestsCount':8,'IOBufferAllocBytes':18855,'IOBufferAllocs':4,'MemoryAllocatedWithoutCheck':16,'MemoryAllocatedWithoutCheckBytes':17408,'ReadBufferFromS3Bytes':2219,'ReadBufferFromS3InitMicroseconds':1346,'ReadBufferFromS3Microseconds':1360,'S3GetObject':4,'S3HeadObject':4,'S3ReadMicroseconds':1772,'S3ReadRequestsCount':8}
e561ce0678d02ff9002cb69e3faa365a	0	round_commit	3390	{'generation':98,'generations_referenced':2,'generations_visited':1,'pruned_through':95,'round':98}	{'CASConditionalWriteAttempts':1,'CASConditionalWriteCommitted':1,'CASGCCompareSwap':1,'CASGCDelete':2,'CASGCEnumerationPages':1,'CASGCList':1,'ContextLock':3,'DiskConnectionsPreserved':2,'DiskConnectionsReused':2,'DiskS3DeleteObjects':2,'DiskS3WriteMicroseconds':1265,'DiskS3WriteRequestAttempts':2,'DiskS3WriteRequestsCount':2,'GlobalThreadPoolJobs':1,'IOBufferAllocBytes':1048639,'IOBufferAllocs':1,'LocalThreadPoolExpansions':1,'LocalThreadPoolJobs':2,'LocalThreadPoolShrinks':1,'LocalThreadPoolThreadCreationMicroseconds':5,'LogTrace':3,'MemoryAllocatedWithoutCheck':4,'MemoryAllocatedWithoutCheckBytes':4352,'S3WriteMicroseconds':1265,'S3WriteRequestAttempts':2,'S3WriteRequestsCount':2,'WriteBufferFromS3Bytes':143}
e9d19e14c15632d2e162788537f9a945	0	manifest_deletes	0	{'attempted':0,'deleted':0,'suppressed':0}	{}
e9d19e14c15632d2e162788537f9a945	0	namespace_cleanup	22387	{'evidence_rows':0,'janitor_deleted':0,'janitor_keys':228,'janitor_pages':1,'leaked':0}	{'CASConditionalWriteAttempts':1,'CASConditionalWriteCommitted':1,'CASGCCompareSwap':1,'CASGCGet':2,'CASOtherGet':1,'CASRootList':1,'ContextLock':13,'DiskConnectionsPreserved':6,'DiskConnectionsReused':6,'DiskS3GetObject':3,'DiskS3HeadObject':3,'DiskS3ReadMicroseconds':1307,'DiskS3ReadRequestsCount':6,'GlobalThreadPoolJobs':1,'IOBufferAllocBytes':1061625,'IOBufferAllocs':4,'LocalThreadPoolExpansions':1,'LocalThreadPoolJobs':2,'LocalThreadPoolShrinks':1,'LocalThreadPoolThreadCreationMicroseconds':3,'LogTrace':3,'MemoryAllocatedWithoutCheck':12,'MemoryAllocatedWithoutCheckBytes':13056,'ReadBufferFromS3Bytes':509,'ReadBufferFromS3InitMicroseconds':902,'ReadBufferFromS3Microseconds':912,'S3GetObject':3,'S3HeadObject':3,'S3ReadMicroseconds':1307,'S3ReadRequestsCount':6,'WriteBufferFromS3Bytes':53}
e9d19e14c15632d2e162788537f9a945	0	orphan_sweep	1	{'cursor_advanced':0,'deleted':0,'list_budget_keys':1000,'listed':239,'retained_hold':0,'retained_no_coverage':0,'retained_tail_removal':0,'retained_unconsumed_seal':0,'skipped':239,'suppressed':0}	{}
e9d19e14c15632d2e162788537f9a945	0	pending_deletes	1	{'absent':0,'deleted':0,'graduated':0,'outcome_logs_written':0,'redeleted':0,'replaced':0,'spared':0}	{}
e9d19e14c15632d2e162788537f9a945	0	ref_object_cleanup	1892	{'namespaces_planned':2,'suppressed':0,'trim_enabled':1}	{'CASRootGet':4,'ContextLock':16,'DiskConnectionsPreserved':8,'DiskConnectionsReused':8,'DiskS3GetObject':4,'DiskS3HeadObject':4,'DiskS3ReadMicroseconds':1318,'DiskS3ReadRequestsCount':8,'IOBufferAllocBytes':18855,'IOBufferAllocs':4,'MemoryAllocatedWithoutCheck':16,'MemoryAllocatedWithoutCheckBytes':17408,'ReadBufferFromS3Bytes':2219,'ReadBufferFromS3InitMicroseconds':931,'ReadBufferFromS3Microseconds':935,'S3GetObject':4,'S3HeadObject':4,'S3ReadMicroseconds':1318,'S3ReadRequestsCount':8}
e9d19e14c15632d2e162788537f9a945	0	round_commit	3632	{'generation':86,'generations_referenced':2,'generations_visited':1,'pruned_through':83,'round':86}	{'CASConditionalWriteAttempts':1,'CASConditionalWriteCommitted':1,'CASGCCompareSwap':1,'CASGCDelete':2,'CASGCEnumerationPages':1,'CASGCList':1,'ContextLock':3,'DiskConnectionsPreserved':2,'DiskConnectionsReused':2,'DiskS3DeleteObjects':2,'DiskS3WriteMicroseconds':1261,'DiskS3WriteRequestAttempts':2,'DiskS3WriteRequestsCount':2,'GlobalThreadPoolJobs':1,'IOBufferAllocBytes':1048639,'IOBufferAllocs':1,'LocalThreadPoolExpansions':1,'LocalThreadPoolJobs':2,'LocalThreadPoolShrinks':1,'LocalThreadPoolThreadCreationMicroseconds':4,'LogTrace':3,'MemoryAllocatedWithoutCheck':4,'MemoryAllocatedWithoutCheckBytes':4352,'S3WriteMicroseconds':1261,'S3WriteRequestAttempts':2,'S3WriteRequestsCount':2,'WriteBufferFromS3Bytes':143}
eb322778ba101e12f75786521747e6fc	0	manifest_deletes	0	{'attempted':0,'deleted':0,'suppressed':0}	{}
eb322778ba101e12f75786521747e6fc	0	namespace_cleanup	29206	{'evidence_rows':0,'janitor_deleted':0,'janitor_keys':412,'janitor_pages':1,'leaked':0}	{'CASConditionalWriteAttempts':1,'CASConditionalWriteCommitted':1,'CASGCCompareSwap':1,'CASGCGet':2,'CASOtherGet':1,'CASRootList':1,'ContextLock':13,'DiskConnectionsPreserved':6,'DiskConnectionsReused':6,'DiskS3GetObject':3,'DiskS3HeadObject':3,'DiskS3ReadMicroseconds':1078,'DiskS3ReadRequestsCount':6,'GlobalThreadPoolJobs':1,'IOBufferAllocBytes':1061627,'IOBufferAllocs':4,'LocalThreadPoolExpansions':1,'LocalThreadPoolJobs':2,'LocalThreadPoolShrinks':1,'LocalThreadPoolThreadCreationMicroseconds':1,'LogTrace':3,'MemoryAllocatedWithoutCheck':12,'MemoryAllocatedWithoutCheckBytes':13056,'ReadBufferFromS3Bytes':511,'ReadBufferFromS3InitMicroseconds':747,'ReadBufferFromS3Microseconds':753,'S3GetObject':3,'S3HeadObject':3,'S3ReadMicroseconds':1078,'S3ReadRequestsCount':6,'WriteBufferFromS3Bytes':53}
eb322778ba101e12f75786521747e6fc	0	orphan_sweep	1	{'cursor_advanced':0,'deleted':0,'list_budget_keys':1000,'listed':200,'retained_hold':0,'retained_no_coverage':0,'retained_tail_removal':0,'retained_unconsumed_seal':0,'skipped':200,'suppressed':0}	{}
eb322778ba101e12f75786521747e6fc	0	pending_deletes	382260	{'absent':0,'deleted':769,'graduated':0,'outcome_logs_written':1,'redeleted':769,'replaced':0,'spared':0}	{'CASBlobDelete':769,'CASConditionalWriteAttempts':1,'CASConditionalWriteCommitted':1,'CASGCPut':1,'CASGCRetiredRedeleted':769,'ContextLock':1539,'DiskConnectionsCreated':8,'DiskConnectionsElapsedMicroseconds':483,'DiskConnectionsExpired':11,'DiskConnectionsPreserved':758,'DiskConnectionsReused':761,'DiskS3DeleteObjects':769,'DiskS3WriteMicroseconds':319203,'DiskS3WriteRequestAttempts':769,'DiskS3WriteRequestsCount':769,'IOBufferAllocBytes':1048639,'IOBufferAllocs':1,'LocalThreadPoolJobs':770,'LocalThreadPoolLockWaitMicroseconds':4,'LogTrace':3,'MemoryAllocatedWithoutCheck':1532,'MemoryAllocatedWithoutCheckBytes':1666816,'S3WriteMicroseconds':319203,'S3WriteRequestAttempts':769,'S3WriteRequestsCount':769,'WriteBufferFromS3Bytes':28118}
eb322778ba101e12f75786521747e6fc	0	ref_object_cleanup	1738	{'namespaces_planned':2,'suppressed':0,'trim_enabled':1}	{'CASRootGet':4,'ContextLock':16,'DiskConnectionsPreserved':8,'DiskConnectionsReused':8,'DiskS3GetObject':4,'DiskS3HeadObject':4,'DiskS3ReadMicroseconds':1186,'DiskS3ReadRequestsCount':8,'IOBufferAllocBytes':18855,'IOBufferAllocs':4,'MemoryAllocatedWithoutCheck':16,'MemoryAllocatedWithoutCheckBytes':17408,'ReadBufferFromS3Bytes':2219,'ReadBufferFromS3InitMicroseconds':853,'ReadBufferFromS3Microseconds':860,'S3GetObject':4,'S3HeadObject':4,'S3ReadMicroseconds':1186,'S3ReadRequestsCount':8}
eb322778ba101e12f75786521747e6fc	0	round_commit	2890	{'generation':100,'generations_referenced':2,'generations_visited':1,'pruned_through':97,'round':100}	{'CASConditionalWriteAttempts':1,'CASConditionalWriteCommitted':1,'CASGCCompareSwap':1,'CASGCDelete':2,'CASGCEnumerationPages':1,'CASGCList':1,'ContextLock':3,'DiskConnectionsPreserved':2,'DiskConnectionsReused':2,'DiskS3DeleteObjects':2,'DiskS3WriteMicroseconds':903,'DiskS3WriteRequestAttempts':2,'DiskS3WriteRequestsCount':2,'GlobalThreadPoolJobs':1,'IOBufferAllocBytes':1048639,'IOBufferAllocs':1,'LocalThreadPoolExpansions':1,'LocalThreadPoolJobs':2,'LocalThreadPoolShrinks':1,'LocalThreadPoolThreadCreationMicroseconds':3,'LogTrace':3,'MemoryAllocatedWithoutCheck':4,'MemoryAllocatedWithoutCheckBytes':4352,'S3WriteMicroseconds':903,'S3WriteRequestAttempts':2,'S3WriteRequestsCount':2,'WriteBufferFromS3Bytes':145}
ec9b5faca49cdeba4d3ef7e75249d394	0	namespace_cleanup	19055	{'evidence_rows':0,'janitor_deleted':0,'janitor_keys':179,'janitor_pages':1,'leaked':0}	{'CASGCGet':1,'CASOtherGet':1,'CASRootList':1,'ContextLock':8,'DiskConnectionsPreserved':4,'DiskConnectionsReused':4,'DiskS3GetObject':2,'DiskS3HeadObject':2,'DiskS3ReadMicroseconds':1512,'DiskS3ReadRequestsCount':4,'GlobalThreadPoolJobs':1,'IOBufferAllocBytes':8684,'IOBufferAllocs':2,'LocalThreadPoolExpansions':1,'LocalThreadPoolJobs':1,'LocalThreadPoolShrinks':1,'LocalThreadPoolThreadCreationMicroseconds':4,'MemoryAllocatedWithoutCheck':8,'MemoryAllocatedWithoutCheckBytes':8704,'ReadBufferFromS3Bytes':366,'ReadBufferFromS3InitMicroseconds':1056,'ReadBufferFromS3Microseconds':1066,'S3GetObject':2,'S3HeadObject':2,'S3ReadMicroseconds':1512,'S3ReadRequestsCount':4}
f47595f7015a7d2a755641a44a213faf	0	namespace_cleanup	28591	{'evidence_rows':0,'janitor_deleted':0,'janitor_keys':412,'janitor_pages':1,'leaked':0}	{'CASGCGet':1,'CASOtherGet':1,'CASRootList':1,'ContextLock':8,'DiskConnectionsPreserved':4,'DiskConnectionsReused':4,'DiskS3GetObject':2,'DiskS3HeadObject':2,'DiskS3ReadMicroseconds':1087,'DiskS3ReadRequestsCount':4,'GlobalThreadPoolJobs':1,'IOBufferAllocBytes':8684,'IOBufferAllocs':2,'LocalThreadPoolExpansions':1,'LocalThreadPoolJobs':1,'LocalThreadPoolShrinks':1,'LocalThreadPoolThreadCreationMicroseconds':3,'MemoryAllocatedWithoutCheck':8,'MemoryAllocatedWithoutCheckBytes':8704,'ReadBufferFromS3Bytes':366,'ReadBufferFromS3InitMicroseconds':689,'ReadBufferFromS3Microseconds':697,'S3GetObject':2,'S3HeadObject':2,'S3ReadMicroseconds':1087,'S3ReadRequestsCount':4}
f597be63e55c6e0425d227e7bf72646f	0	namespace_cleanup	25178	{'evidence_rows':0,'janitor_deleted':0,'janitor_keys':244,'janitor_pages':1,'leaked':0}	{'CASGCGet':1,'CASOtherGet':1,'CASRootList':1,'ContextLock':8,'DiskConnectionsPreserved':4,'DiskConnectionsReused':4,'DiskS3GetObject':2,'DiskS3HeadObject':2,'DiskS3ReadMicroseconds':1143,'DiskS3ReadRequestsCount':4,'GlobalThreadPoolJobs':1,'IOBufferAllocBytes':8684,'IOBufferAllocs':2,'LocalThreadPoolExpansions':1,'LocalThreadPoolJobs':1,'LocalThreadPoolShrinks':1,'LocalThreadPoolThreadCreationMicroseconds':4,'MemoryAllocatedWithoutCheck':8,'MemoryAllocatedWithoutCheckBytes':8704,'ReadBufferFromS3Bytes':366,'ReadBufferFromS3InitMicroseconds':689,'ReadBufferFromS3Microseconds':696,'S3GetObject':2,'S3HeadObject':2,'S3ReadMicroseconds':1143,'S3ReadRequestsCount':4}
f6991330a86dbd632bd7dce262b86067	0	namespace_cleanup	24014	{'evidence_rows':0,'janitor_deleted':0,'janitor_keys':280,'janitor_pages':1,'leaked':0}	{'CASGCGet':1,'CASOtherGet':1,'CASRootList':1,'ContextLock':8,'DiskConnectionsPreserved':4,'DiskConnectionsReused':4,'DiskS3GetObject':2,'DiskS3HeadObject':2,'DiskS3ReadMicroseconds':1348,'DiskS3ReadRequestsCount':4,'GlobalThreadPoolJobs':1,'IOBufferAllocBytes':8684,'IOBufferAllocs':2,'LocalThreadPoolExpansions':1,'LocalThreadPoolJobs':1,'LocalThreadPoolShrinks':1,'LocalThreadPoolThreadCreationMicroseconds':2,'MemoryAllocatedWithoutCheck':8,'MemoryAllocatedWithoutCheckBytes':8704,'ReadBufferFromS3Bytes':366,'ReadBufferFromS3InitMicroseconds':1002,'ReadBufferFromS3Microseconds':1009,'S3GetObject':2,'S3HeadObject':2,'S3ReadMicroseconds':1348,'S3ReadRequestsCount':4}
f6e2f09aec460b515df4a1d25f7dc534	0	namespace_cleanup	16739	{'evidence_rows':0,'janitor_deleted':0,'janitor_keys':280,'janitor_pages':1,'leaked':0}	{'CASGCGet':1,'CASOtherGet':1,'CASRootList':1,'ContextLock':8,'DiskConnectionsPreserved':4,'DiskConnectionsReused':4,'DiskS3GetObject':2,'DiskS3HeadObject':2,'DiskS3ReadMicroseconds':708,'DiskS3ReadRequestsCount':4,'GlobalThreadPoolJobs':1,'IOBufferAllocBytes':8684,'IOBufferAllocs':2,'LocalThreadPoolExpansions':1,'LocalThreadPoolJobs':1,'LocalThreadPoolShrinks':1,'LocalThreadPoolThreadCreationMicroseconds':2,'MemoryAllocatedWithoutCheck':8,'MemoryAllocatedWithoutCheckBytes':8704,'ReadBufferFromS3Bytes':366,'ReadBufferFromS3InitMicroseconds':499,'ReadBufferFromS3Microseconds':503,'S3GetObject':2,'S3HeadObject':2,'S3ReadMicroseconds':708,'S3ReadRequestsCount':4}
f922044fd2d6679fb6929c10d3d1d7b7	0	manifest_deletes	0	{'attempted':0,'deleted':0,'suppressed':0}	{}
f922044fd2d6679fb6929c10d3d1d7b7	0	namespace_cleanup	18756	{'evidence_rows':0,'janitor_deleted':0,'janitor_keys':196,'janitor_pages':1,'leaked':0}	{'CASConditionalWriteAttempts':1,'CASConditionalWriteCommitted':1,'CASGCCompareSwap':1,'CASGCGet':2,'CASOtherGet':1,'CASRootList':1,'ContextLock':13,'DiskConnectionsPreserved':6,'DiskConnectionsReused':6,'DiskS3GetObject':3,'DiskS3HeadObject':3,'DiskS3ReadMicroseconds':1318,'DiskS3ReadRequestsCount':6,'GlobalThreadPoolJobs':1,'IOBufferAllocBytes':1061625,'IOBufferAllocs':4,'LocalThreadPoolExpansions':1,'LocalThreadPoolJobs':2,'LocalThreadPoolShrinks':1,'LocalThreadPoolThreadCreationMicroseconds':1,'LogTrace':3,'MemoryAllocatedWithoutCheck':12,'MemoryAllocatedWithoutCheckBytes':13056,'ReadBufferFromS3Bytes':509,'ReadBufferFromS3InitMicroseconds':887,'ReadBufferFromS3Microseconds':898,'S3GetObject':3,'S3HeadObject':3,'S3ReadMicroseconds':1318,'S3ReadRequestsCount':6,'WriteBufferFromS3Bytes':53}
f922044fd2d6679fb6929c10d3d1d7b7	0	orphan_sweep	2	{'cursor_advanced':0,'deleted':0,'list_budget_keys':1000,'listed':223,'retained_hold':0,'retained_no_coverage':0,'retained_tail_removal':0,'retained_unconsumed_seal':0,'skipped':223,'suppressed':0}	{}
f922044fd2d6679fb6929c10d3d1d7b7	0	pending_deletes	1	{'absent':0,'deleted':0,'graduated':0,'outcome_logs_written':0,'redeleted':0,'replaced':0,'spared':0}	{}
f922044fd2d6679fb6929c10d3d1d7b7	0	ref_object_cleanup	1791	{'namespaces_planned':2,'suppressed':0,'trim_enabled':1}	{'CASRootGet':4,'ContextLock':16,'DiskConnectionsPreserved':8,'DiskConnectionsReused':8,'DiskS3GetObject':4,'DiskS3HeadObject':4,'DiskS3ReadMicroseconds':1215,'DiskS3ReadRequestsCount':8,'IOBufferAllocBytes':18855,'IOBufferAllocs':4,'MemoryAllocatedWithoutCheck':16,'MemoryAllocatedWithoutCheckBytes':17408,'ReadBufferFromS3Bytes':2219,'ReadBufferFromS3InitMicroseconds':898,'ReadBufferFromS3Microseconds':904,'S3GetObject':4,'S3HeadObject':4,'S3ReadMicroseconds':1215,'S3ReadRequestsCount':8}
f922044fd2d6679fb6929c10d3d1d7b7	0	round_commit	3438	{'generation':83,'generations_referenced':2,'generations_visited':1,'pruned_through':80,'round':83}	{'CASConditionalWriteAttempts':1,'CASConditionalWriteCommitted':1,'CASGCCompareSwap':1,'CASGCDelete':2,'CASGCEnumerationPages':1,'CASGCList':1,'ContextLock':3,'DiskConnectionsPreserved':2,'DiskConnectionsReused':2,'DiskS3DeleteObjects':2,'DiskS3WriteMicroseconds':1125,'DiskS3WriteRequestAttempts':2,'DiskS3WriteRequestsCount':2,'GlobalThreadPoolJobs':1,'IOBufferAllocBytes':1048639,'IOBufferAllocs':1,'LocalThreadPoolExpansions':1,'LocalThreadPoolJobs':2,'LocalThreadPoolShrinks':1,'LocalThreadPoolThreadCreationMicroseconds':3,'LogTrace':3,'MemoryAllocatedWithoutCheck':4,'MemoryAllocatedWithoutCheckBytes':4352,'S3WriteMicroseconds':1125,'S3WriteRequestAttempts':2,'S3WriteRequestsCount':2,'WriteBufferFromS3Bytes':143}
f9b9f8609020c11afe385b883f4127cd	0	namespace_cleanup	21077	{'evidence_rows':0,'janitor_deleted':0,'janitor_keys':217,'janitor_pages':1,'leaked':0}	{'CASGCGet':1,'CASOtherGet':1,'CASRootList':1,'ContextLock':8,'DiskConnectionsPreserved':4,'DiskConnectionsReused':4,'DiskS3GetObject':2,'DiskS3HeadObject':2,'DiskS3ReadMicroseconds':913,'DiskS3ReadRequestsCount':4,'GlobalThreadPoolJobs':1,'IOBufferAllocBytes':8684,'IOBufferAllocs':2,'LocalThreadPoolExpansions':1,'LocalThreadPoolJobs':1,'LocalThreadPoolShrinks':1,'LocalThreadPoolThreadCreationMicroseconds':3,'MemoryAllocatedWithoutCheck':8,'MemoryAllocatedWithoutCheckBytes':8704,'ReadBufferFromS3Bytes':366,'ReadBufferFromS3InitMicroseconds':650,'ReadBufferFromS3Microseconds':653,'S3GetObject':2,'S3HeadObject':2,'S3ReadMicroseconds':913,'S3ReadRequestsCount':4}
f9f2230144a882d40900778f1d6cef15	0	manifest_deletes	0	{'attempted':0,'deleted':0,'suppressed':0}	{}
f9f2230144a882d40900778f1d6cef15	0	namespace_cleanup	16579	{'evidence_rows':0,'janitor_deleted':0,'janitor_keys':157,'janitor_pages':1,'leaked':0}	{'CASConditionalWriteAttempts':1,'CASConditionalWriteCommitted':1,'CASGCCompareSwap':1,'CASGCGet':2,'CASOtherGet':1,'CASRootList':1,'ContextLock':13,'DiskConnectionsPreserved':6,'DiskConnectionsReused':6,'DiskS3GetObject':3,'DiskS3HeadObject':3,'DiskS3ReadMicroseconds':1327,'DiskS3ReadRequestsCount':6,'GlobalThreadPoolJobs':1,'IOBufferAllocBytes':1061625,'IOBufferAllocs':4,'LocalThreadPoolExpansions':1,'LocalThreadPoolJobs':2,'LocalThreadPoolShrinks':1,'LocalThreadPoolThreadCreationMicroseconds':1,'LogTrace':3,'MemoryAllocatedWithoutCheck':12,'MemoryAllocatedWithoutCheckBytes':13056,'ReadBufferFromS3Bytes':509,'ReadBufferFromS3InitMicroseconds':943,'ReadBufferFromS3Microseconds':950,'S3GetObject':3,'S3HeadObject':3,'S3ReadMicroseconds':1327,'S3ReadRequestsCount':6,'WriteBufferFromS3Bytes':53}
f9f2230144a882d40900778f1d6cef15	0	orphan_sweep	2	{'cursor_advanced':0,'deleted':0,'list_budget_keys':1000,'listed':205,'retained_hold':0,'retained_no_coverage':0,'retained_tail_removal':0,'retained_unconsumed_seal':0,'skipped':205,'suppressed':0}	{}
f9f2230144a882d40900778f1d6cef15	0	pending_deletes	1	{'absent':0,'deleted':0,'graduated':0,'outcome_logs_written':0,'redeleted':0,'replaced':0,'spared':0}	{}
f9f2230144a882d40900778f1d6cef15	0	ref_object_cleanup	2152	{'namespaces_planned':2,'suppressed':0,'trim_enabled':1}	{'CASRootGet':4,'ContextLock':16,'DiskConnectionsPreserved':8,'DiskConnectionsReused':8,'DiskS3GetObject':4,'DiskS3HeadObject':4,'DiskS3ReadMicroseconds':1417,'DiskS3ReadRequestsCount':8,'IOBufferAllocBytes':18855,'IOBufferAllocs':4,'MemoryAllocatedWithoutCheck':16,'MemoryAllocatedWithoutCheckBytes':17408,'ReadBufferFromS3Bytes':2219,'ReadBufferFromS3InitMicroseconds':1065,'ReadBufferFromS3Microseconds':1073,'S3GetObject':4,'S3HeadObject':4,'S3ReadMicroseconds':1417,'S3ReadRequestsCount':8}
f9f2230144a882d40900778f1d6cef15	0	round_commit	3201	{'generation':80,'generations_referenced':2,'generations_visited':1,'pruned_through':77,'round':80}	{'CASConditionalWriteAttempts':1,'CASConditionalWriteCommitted':1,'CASGCCompareSwap':1,'CASGCDelete':2,'CASGCEnumerationPages':1,'CASGCList':1,'ContextLock':3,'DiskConnectionsPreserved':2,'DiskConnectionsReused':2,'DiskS3DeleteObjects':2,'DiskS3WriteMicroseconds':1235,'DiskS3WriteRequestAttempts':2,'DiskS3WriteRequestsCount':2,'GlobalThreadPoolJobs':1,'IOBufferAllocBytes':1048639,'IOBufferAllocs':1,'LocalThreadPoolExpansions':1,'LocalThreadPoolJobs':2,'LocalThreadPoolShrinks':1,'LocalThreadPoolThreadCreationMicroseconds':3,'LogTrace':3,'MemoryAllocatedWithoutCheck':4,'MemoryAllocatedWithoutCheckBytes':4352,'S3WriteMicroseconds':1235,'S3WriteRequestAttempts':2,'S3WriteRequestsCount':2,'WriteBufferFromS3Bytes':143}
fa84d8fefca3cee405957c3d0b3e9edd	0	manifest_deletes	833	{'attempted':1,'deleted':1,'suppressed':0}	{'CASManifestDelete':1,'ContextLock':2,'DiskConnectionsPreserved':1,'DiskConnectionsReused':1,'DiskS3DeleteObjects':1,'DiskS3WriteMicroseconds':729,'DiskS3WriteRequestAttempts':1,'DiskS3WriteRequestsCount':1,'MemoryAllocatedWithoutCheck':2,'MemoryAllocatedWithoutCheckBytes':2176,'S3WriteMicroseconds':729,'S3WriteRequestAttempts':1,'S3WriteRequestsCount':1}
fa84d8fefca3cee405957c3d0b3e9edd	0	namespace_cleanup	27186	{'evidence_rows':0,'janitor_deleted':0,'janitor_keys':264,'janitor_pages':1,'leaked':0}	{'CASConditionalWriteAttempts':1,'CASConditionalWriteCommitted':1,'CASGCCompareSwap':1,'CASGCGet':2,'CASOtherGet':1,'CASRootList':1,'ContextLock':13,'DiskConnectionsPreserved':6,'DiskConnectionsReused':6,'DiskS3GetObject':3,'DiskS3HeadObject':3,'DiskS3ReadMicroseconds':1423,'DiskS3ReadRequestsCount':6,'GlobalThreadPoolJobs':1,'IOBufferAllocBytes':1061623,'IOBufferAllocs':4,'LocalThreadPoolExpansions':1,'LocalThreadPoolJobs':2,'LocalThreadPoolShrinks':1,'LocalThreadPoolThreadCreationMicroseconds':3,'LogTrace':3,'MemoryAllocatedWithoutCheck':12,'MemoryAllocatedWithoutCheckBytes':13056,'ReadBufferFromS3Bytes':507,'ReadBufferFromS3InitMicroseconds':838,'ReadBufferFromS3Microseconds':844,'S3GetObject':3,'S3HeadObject':3,'S3ReadMicroseconds':1423,'S3ReadRequestsCount':6,'WriteBufferFromS3Bytes':53}
fa84d8fefca3cee405957c3d0b3e9edd	0	orphan_sweep	1	{'cursor_advanced':0,'deleted':0,'list_budget_keys':1000,'listed':137,'retained_hold':0,'retained_no_coverage':0,'retained_tail_removal':0,'retained_unconsumed_seal':0,'skipped':137,'suppressed':0}	{}
fa84d8fefca3cee405957c3d0b3e9edd	0	pending_deletes	3	{'absent':0,'deleted':0,'graduated':0,'outcome_logs_written':0,'redeleted':0,'replaced':0,'spared':0}	{}
fa84d8fefca3cee405957c3d0b3e9edd	0	ref_object_cleanup	1774	{'namespaces_planned':2,'suppressed':0,'trim_enabled':1}	{'CASRootGet':4,'ContextLock':16,'DiskConnectionsPreserved':8,'DiskConnectionsReused':8,'DiskS3GetObject':4,'DiskS3HeadObject':4,'DiskS3ReadMicroseconds':1242,'DiskS3ReadRequestsCount':8,'IOBufferAllocBytes':18132,'IOBufferAllocs':4,'MemoryAllocatedWithoutCheck':16,'MemoryAllocatedWithoutCheckBytes':17408,'ReadBufferFromS3Bytes':1496,'ReadBufferFromS3InitMicroseconds':917,'ReadBufferFromS3Microseconds':923,'S3GetObject':4,'S3HeadObject':4,'S3ReadMicroseconds':1242,'S3ReadRequestsCount':8}
fa84d8fefca3cee405957c3d0b3e9edd	0	round_commit	3502	{'generation':70,'generations_referenced':2,'generations_visited':1,'pruned_through':67,'round':70}	{'CASConditionalWriteAttempts':1,'CASConditionalWriteCommitted':1,'CASGCCompareSwap':1,'CASGCDelete':2,'CASGCEnumerationPages':1,'CASGCList':1,'ContextLock':3,'DiskConnectionsPreserved':2,'DiskConnectionsReused':2,'DiskS3DeleteObjects':2,'DiskS3WriteMicroseconds':1361,'DiskS3WriteRequestAttempts':2,'DiskS3WriteRequestsCount':2,'GlobalThreadPoolJobs':1,'IOBufferAllocBytes':1048639,'IOBufferAllocs':1,'LocalThreadPoolExpansions':1,'LocalThreadPoolJobs':2,'LocalThreadPoolShrinks':1,'LocalThreadPoolThreadCreationMicroseconds':5,'LogTrace':3,'MemoryAllocatedWithoutCheck':4,'MemoryAllocatedWithoutCheckBytes':4352,'S3WriteMicroseconds':1361,'S3WriteRequestAttempts':2,'S3WriteRequestsCount':2,'WriteBufferFromS3Bytes':141}
fdf4c027c50a3878e65a103ad46fde1d	0	namespace_cleanup	19148	{'evidence_rows':0,'janitor_deleted':0,'janitor_keys':280,'janitor_pages':1,'leaked':0}	{'CASGCGet':1,'CASOtherGet':1,'CASRootList':1,'ContextLock':8,'DiskConnectionsPreserved':4,'DiskConnectionsReused':4,'DiskS3GetObject':2,'DiskS3HeadObject':2,'DiskS3ReadMicroseconds':810,'DiskS3ReadRequestsCount':4,'GlobalThreadPoolJobs':1,'IOBufferAllocBytes':8684,'IOBufferAllocs':2,'LocalThreadPoolExpansions':1,'LocalThreadPoolJobs':1,'LocalThreadPoolShrinks':1,'LocalThreadPoolThreadCreationMicroseconds':2,'MemoryAllocatedWithoutCheck':8,'MemoryAllocatedWithoutCheckBytes':8704,'ReadBufferFromS3Bytes':366,'ReadBufferFromS3InitMicroseconds':544,'ReadBufferFromS3Microseconds':547,'S3GetObject':2,'S3HeadObject':2,'S3ReadMicroseconds':810,'S3ReadRequestsCount':4}
